gem,version,ruby_method_name,ruby_receiver,c_function,arity,registration,registration_file,registration_line,definition_file,definition_line,status,function_expression,source_variants,entry_id,extension_groups
RedCloth,4.3.4,to,super_RedCloth,redcloth_to,1,rb_define_method,ext/redcloth_scan/redcloth_scan.c,24400,ext/redcloth_scan/redcloth_scan.c,24378,unresolved_arity_or_callback_signature,redcloth_to,4.3.4,RedCloth:ext/redcloth_scan/redcloth_scan.c:24400:to,['ext/redcloth_scan']
RedCloth,4.3.4,html_esc,super_RedCloth,redcloth_html_esc,-1,rb_define_method,ext/redcloth_scan/redcloth_scan.c,24403,ext/redcloth_scan/redcloth_scan.c,24256,resolved,redcloth_html_esc,4.3.4,RedCloth:ext/redcloth_scan/redcloth_scan.c:24403:html_esc,['ext/redcloth_scan']
RedCloth,4.3.4,latex_esc,super_RedCloth,redcloth_latex_esc,1,rb_define_method,ext/redcloth_scan/redcloth_scan.c,24404,ext/redcloth_scan/redcloth_scan.c,24319,resolved,redcloth_latex_esc,4.3.4,RedCloth:ext/redcloth_scan/redcloth_scan.c:24404:latex_esc,['ext/redcloth_scan']
aliyun-sdk,0.8.0,crc64,CrcX,crc64_wrapper,3,rb_define_module_function,ext/crcx/crcx.c,11,ext/crcx/crcx.c,26,resolved,crc64_wrapper,0.8.0,aliyun-sdk:ext/crcx/crcx.c:11:crc64,['ext/crcx']
aliyun-sdk,0.8.0,crc64_combine,CrcX,crc64_combine_wrapper,3,rb_define_module_function,ext/crcx/crcx.c,12,ext/crcx/crcx.c,37,resolved,crc64_combine_wrapper,0.8.0,aliyun-sdk:ext/crcx/crcx.c:12:crc64_combine,['ext/crcx']
amatch,0.4.2,<allocator>,rb_cLevenshtein,rb_Levenshtein_s_allocate,0,rb_define_alloc_func,ext/amatch_ext.c,1782,,,unresolved_function_binding,rb_Levenshtein_s_allocate,0.4.2,amatch:ext/amatch_ext.c:1782:<allocator>,['ext']
amatch,0.4.2,initialize,rb_cLevenshtein,rb_Levenshtein_initialize,1,rb_define_method,ext/amatch_ext.c,1783,ext/amatch_ext.c,918,resolved,rb_Levenshtein_initialize,0.4.2,amatch:ext/amatch_ext.c:1783:initialize,['ext']
amatch,0.4.2,pattern,rb_cLevenshtein,rb_General_pattern,0,rb_define_method,ext/amatch_ext.c,1784,,,unresolved_function_binding,rb_General_pattern,0.4.2,amatch:ext/amatch_ext.c:1784:pattern,['ext']
amatch,0.4.2,pattern=,rb_cLevenshtein,rb_General_pattern_set,1,rb_define_method,ext/amatch_ext.c,1785,,,unresolved_function_binding,rb_General_pattern_set,0.4.2,amatch:ext/amatch_ext.c:1785:pattern=,['ext']
amatch,0.4.2,match,rb_cLevenshtein,rb_Levenshtein_match,1,rb_define_method,ext/amatch_ext.c,1786,ext/amatch_ext.c,936,resolved,rb_Levenshtein_match,0.4.2,amatch:ext/amatch_ext.c:1786:match,['ext']
amatch,0.4.2,search,rb_cLevenshtein,rb_Levenshtein_search,1,rb_define_method,ext/amatch_ext.c,1787,ext/amatch_ext.c,983,resolved,rb_Levenshtein_search,0.4.2,amatch:ext/amatch_ext.c:1787:search,['ext']
amatch,0.4.2,similar,rb_cLevenshtein,rb_Levenshtein_similar,1,rb_define_method,ext/amatch_ext.c,1788,ext/amatch_ext.c,952,resolved,rb_Levenshtein_similar,0.4.2,amatch:ext/amatch_ext.c:1788:similar,['ext']
amatch,0.4.2,levenshtein_similar,rb_mAmatchStringMethods,rb_str_levenshtein_similar,1,rb_define_method,ext/amatch_ext.c,1789,ext/amatch_ext.c,968,resolved,rb_str_levenshtein_similar,0.4.2,amatch:ext/amatch_ext.c:1789:levenshtein_similar,['ext']
amatch,0.4.2,<allocator>,rb_cDamerauLevenshtein,rb_DamerauLevenshtein_s_allocate,0,rb_define_alloc_func,ext/amatch_ext.c,1793,,,unresolved_function_binding,rb_DamerauLevenshtein_s_allocate,0.4.2,amatch:ext/amatch_ext.c:1793:<allocator>,['ext']
amatch,0.4.2,initialize,rb_cDamerauLevenshtein,rb_DamerauLevenshtein_initialize,1,rb_define_method,ext/amatch_ext.c,1794,ext/amatch_ext.c,1011,resolved,rb_DamerauLevenshtein_initialize,0.4.2,amatch:ext/amatch_ext.c:1794:initialize,['ext']
amatch,0.4.2,pattern,rb_cDamerauLevenshtein,rb_General_pattern,0,rb_define_method,ext/amatch_ext.c,1795,,,unresolved_function_binding,rb_General_pattern,0.4.2,amatch:ext/amatch_ext.c:1795:pattern,['ext']
amatch,0.4.2,pattern=,rb_cDamerauLevenshtein,rb_General_pattern_set,1,rb_define_method,ext/amatch_ext.c,1796,,,unresolved_function_binding,rb_General_pattern_set,0.4.2,amatch:ext/amatch_ext.c:1796:pattern=,['ext']
amatch,0.4.2,match,rb_cDamerauLevenshtein,rb_DamerauLevenshtein_match,1,rb_define_method,ext/amatch_ext.c,1797,ext/amatch_ext.c,1029,resolved,rb_DamerauLevenshtein_match,0.4.2,amatch:ext/amatch_ext.c:1797:match,['ext']
amatch,0.4.2,search,rb_cDamerauLevenshtein,rb_DamerauLevenshtein_search,1,rb_define_method,ext/amatch_ext.c,1798,ext/amatch_ext.c,1076,resolved,rb_DamerauLevenshtein_search,0.4.2,amatch:ext/amatch_ext.c:1798:search,['ext']
amatch,0.4.2,similar,rb_cDamerauLevenshtein,rb_DamerauLevenshtein_similar,1,rb_define_method,ext/amatch_ext.c,1799,ext/amatch_ext.c,1045,resolved,rb_DamerauLevenshtein_similar,0.4.2,amatch:ext/amatch_ext.c:1799:similar,['ext']
amatch,0.4.2,damerau_levenshtein_similar,rb_mAmatchStringMethods,rb_str_damerau_levenshtein_similar,1,rb_define_method,ext/amatch_ext.c,1800,ext/amatch_ext.c,1061,resolved,rb_str_damerau_levenshtein_similar,0.4.2,amatch:ext/amatch_ext.c:1800:damerau_levenshtein_similar,['ext']
amatch,0.4.2,<allocator>,rb_cSellers,rb_Sellers_s_allocate,0,rb_define_alloc_func,ext/amatch_ext.c,1804,,,unresolved_function_binding,rb_Sellers_s_allocate,0.4.2,amatch:ext/amatch_ext.c:1804:<allocator>,['ext']
amatch,0.4.2,initialize,rb_cSellers,rb_Sellers_initialize,1,rb_define_method,ext/amatch_ext.c,1805,ext/amatch_ext.c,1179,resolved,rb_Sellers_initialize,0.4.2,amatch:ext/amatch_ext.c:1805:initialize,['ext']
amatch,0.4.2,pattern,rb_cSellers,rb_Sellers_pattern,0,rb_define_method,ext/amatch_ext.c,1806,,,unresolved_function_binding,rb_Sellers_pattern,0.4.2,amatch:ext/amatch_ext.c:1806:pattern,['ext']
amatch,0.4.2,pattern=,rb_cSellers,rb_Sellers_pattern_set,1,rb_define_method,ext/amatch_ext.c,1807,,,unresolved_function_binding,rb_Sellers_pattern_set,0.4.2,amatch:ext/amatch_ext.c:1807:pattern=,['ext']
amatch,0.4.2,substitution,rb_cSellers,rb_Sellers_substitution,0,rb_define_method,ext/amatch_ext.c,1808,,,unresolved_function_binding,rb_Sellers_substitution,0.4.2,amatch:ext/amatch_ext.c:1808:substitution,['ext']
amatch,0.4.2,substitution=,rb_cSellers,rb_Sellers_substitution_set,1,rb_define_method,ext/amatch_ext.c,1809,,,unresolved_function_binding,rb_Sellers_substitution_set,0.4.2,amatch:ext/amatch_ext.c:1809:substitution=,['ext']
amatch,0.4.2,deletion,rb_cSellers,rb_Sellers_deletion,0,rb_define_method,ext/amatch_ext.c,1810,,,unresolved_function_binding,rb_Sellers_deletion,0.4.2,amatch:ext/amatch_ext.c:1810:deletion,['ext']
amatch,0.4.2,deletion=,rb_cSellers,rb_Sellers_deletion_set,1,rb_define_method,ext/amatch_ext.c,1811,,,unresolved_function_binding,rb_Sellers_deletion_set,0.4.2,amatch:ext/amatch_ext.c:1811:deletion=,['ext']
amatch,0.4.2,insertion,rb_cSellers,rb_Sellers_insertion,0,rb_define_method,ext/amatch_ext.c,1812,,,unresolved_function_binding,rb_Sellers_insertion,0.4.2,amatch:ext/amatch_ext.c:1812:insertion,['ext']
amatch,0.4.2,insertion=,rb_cSellers,rb_Sellers_insertion_set,1,rb_define_method,ext/amatch_ext.c,1813,,,unresolved_function_binding,rb_Sellers_insertion_set,0.4.2,amatch:ext/amatch_ext.c:1813:insertion=,['ext']
amatch,0.4.2,reset_weights,rb_cSellers,rb_Sellers_reset_weights,0,rb_define_method,ext/amatch_ext.c,1814,ext/amatch_ext.c,1166,resolved,rb_Sellers_reset_weights,0.4.2,amatch:ext/amatch_ext.c:1814:reset_weights,['ext']
amatch,0.4.2,match,rb_cSellers,rb_Sellers_match,1,rb_define_method,ext/amatch_ext.c,1815,ext/amatch_ext.c,1216,resolved,rb_Sellers_match,0.4.2,amatch:ext/amatch_ext.c:1815:match,['ext']
amatch,0.4.2,search,rb_cSellers,rb_Sellers_search,1,rb_define_method,ext/amatch_ext.c,1816,ext/amatch_ext.c,1248,resolved,rb_Sellers_search,0.4.2,amatch:ext/amatch_ext.c:1816:search,['ext']
amatch,0.4.2,similar,rb_cSellers,rb_Sellers_similar,1,rb_define_method,ext/amatch_ext.c,1817,ext/amatch_ext.c,1233,resolved,rb_Sellers_similar,0.4.2,amatch:ext/amatch_ext.c:1817:similar,['ext']
amatch,0.4.2,<allocator>,rb_cHamming,rb_Hamming_s_allocate,0,rb_define_alloc_func,ext/amatch_ext.c,1821,,,unresolved_function_binding,rb_Hamming_s_allocate,0.4.2,amatch:ext/amatch_ext.c:1821:<allocator>,['ext']
amatch,0.4.2,initialize,rb_cHamming,rb_Hamming_initialize,1,rb_define_method,ext/amatch_ext.c,1822,ext/amatch_ext.c,1385,resolved,rb_Hamming_initialize,0.4.2,amatch:ext/amatch_ext.c:1822:initialize,['ext']
amatch,0.4.2,pattern,rb_cHamming,rb_General_pattern,0,rb_define_method,ext/amatch_ext.c,1823,,,unresolved_function_binding,rb_General_pattern,0.4.2,amatch:ext/amatch_ext.c:1823:pattern,['ext']
amatch,0.4.2,pattern=,rb_cHamming,rb_General_pattern_set,1,rb_define_method,ext/amatch_ext.c,1824,,,unresolved_function_binding,rb_General_pattern_set,0.4.2,amatch:ext/amatch_ext.c:1824:pattern=,['ext']
amatch,0.4.2,match,rb_cHamming,rb_Hamming_match,1,rb_define_method,ext/amatch_ext.c,1825,ext/amatch_ext.c,1403,resolved,rb_Hamming_match,0.4.2,amatch:ext/amatch_ext.c:1825:match,['ext']
amatch,0.4.2,similar,rb_cHamming,rb_Hamming_similar,1,rb_define_method,ext/amatch_ext.c,1826,ext/amatch_ext.c,1419,resolved,rb_Hamming_similar,0.4.2,amatch:ext/amatch_ext.c:1826:similar,['ext']
amatch,0.4.2,hamming_similar,rb_mAmatchStringMethods,rb_str_hamming_similar,1,rb_define_method,ext/amatch_ext.c,1827,ext/amatch_ext.c,1435,resolved,rb_str_hamming_similar,0.4.2,amatch:ext/amatch_ext.c:1827:hamming_similar,['ext']
amatch,0.4.2,<allocator>,rb_cPairDistance,rb_PairDistance_s_allocate,0,rb_define_alloc_func,ext/amatch_ext.c,1831,,,unresolved_function_binding,rb_PairDistance_s_allocate,0.4.2,amatch:ext/amatch_ext.c:1831:<allocator>,['ext']
amatch,0.4.2,initialize,rb_cPairDistance,rb_PairDistance_initialize,1,rb_define_method,ext/amatch_ext.c,1832,ext/amatch_ext.c,1281,resolved,rb_PairDistance_initialize,0.4.2,amatch:ext/amatch_ext.c:1832:initialize,['ext']
amatch,0.4.2,pattern,rb_cPairDistance,rb_PairDistance_pattern,0,rb_define_method,ext/amatch_ext.c,1833,,,unresolved_function_binding,rb_PairDistance_pattern,0.4.2,amatch:ext/amatch_ext.c:1833:pattern,['ext']
amatch,0.4.2,pattern=,rb_cPairDistance,rb_PairDistance_pattern_set,1,rb_define_method,ext/amatch_ext.c,1834,,,unresolved_function_binding,rb_PairDistance_pattern_set,0.4.2,amatch:ext/amatch_ext.c:1834:pattern=,['ext']
amatch,0.4.2,match,rb_cPairDistance,rb_PairDistance_match,-1,rb_define_method,ext/amatch_ext.c,1835,ext/amatch_ext.c,1307,resolved,rb_PairDistance_match,0.4.2,amatch:ext/amatch_ext.c:1835:match,['ext']
amatch,0.4.2,pair_distance_similar,rb_mAmatchStringMethods,rb_str_pair_distance_similar,-1,rb_define_method,ext/amatch_ext.c,1837,ext/amatch_ext.c,1351,resolved,rb_str_pair_distance_similar,0.4.2,amatch:ext/amatch_ext.c:1837:pair_distance_similar,['ext']
amatch,0.4.2,<allocator>,rb_cLongestSubsequence,rb_LongestSubsequence_s_allocate,0,rb_define_alloc_func,ext/amatch_ext.c,1841,,,unresolved_function_binding,rb_LongestSubsequence_s_allocate,0.4.2,amatch:ext/amatch_ext.c:1841:<allocator>,['ext']
amatch,0.4.2,initialize,rb_cLongestSubsequence,rb_LongestSubsequence_initialize,1,rb_define_method,ext/amatch_ext.c,1842,ext/amatch_ext.c,1461,resolved,rb_LongestSubsequence_initialize,0.4.2,amatch:ext/amatch_ext.c:1842:initialize,['ext']
amatch,0.4.2,pattern,rb_cLongestSubsequence,rb_General_pattern,0,rb_define_method,ext/amatch_ext.c,1843,,,unresolved_function_binding,rb_General_pattern,0.4.2,amatch:ext/amatch_ext.c:1843:pattern,['ext']
amatch,0.4.2,pattern=,rb_cLongestSubsequence,rb_General_pattern_set,1,rb_define_method,ext/amatch_ext.c,1844,,,unresolved_function_binding,rb_General_pattern_set,0.4.2,amatch:ext/amatch_ext.c:1844:pattern=,['ext']
amatch,0.4.2,match,rb_cLongestSubsequence,rb_LongestSubsequence_match,1,rb_define_method,ext/amatch_ext.c,1845,ext/amatch_ext.c,1479,resolved,rb_LongestSubsequence_match,0.4.2,amatch:ext/amatch_ext.c:1845:match,['ext']
amatch,0.4.2,similar,rb_cLongestSubsequence,rb_LongestSubsequence_similar,1,rb_define_method,ext/amatch_ext.c,1846,ext/amatch_ext.c,1495,resolved,rb_LongestSubsequence_similar,0.4.2,amatch:ext/amatch_ext.c:1846:similar,['ext']
amatch,0.4.2,longest_subsequence_similar,rb_mAmatchStringMethods,rb_str_longest_subsequence_similar,1,rb_define_method,ext/amatch_ext.c,1847,ext/amatch_ext.c,1511,resolved,rb_str_longest_subsequence_similar,0.4.2,amatch:ext/amatch_ext.c:1847:longest_subsequence_similar,['ext']
amatch,0.4.2,<allocator>,rb_cLongestSubstring,rb_LongestSubstring_s_allocate,0,rb_define_alloc_func,ext/amatch_ext.c,1851,,,unresolved_function_binding,rb_LongestSubstring_s_allocate,0.4.2,amatch:ext/amatch_ext.c:1851:<allocator>,['ext']
amatch,0.4.2,initialize,rb_cLongestSubstring,rb_LongestSubstring_initialize,1,rb_define_method,ext/amatch_ext.c,1852,ext/amatch_ext.c,1538,resolved,rb_LongestSubstring_initialize,0.4.2,amatch:ext/amatch_ext.c:1852:initialize,['ext']
amatch,0.4.2,pattern,rb_cLongestSubstring,rb_General_pattern,0,rb_define_method,ext/amatch_ext.c,1853,,,unresolved_function_binding,rb_General_pattern,0.4.2,amatch:ext/amatch_ext.c:1853:pattern,['ext']
amatch,0.4.2,pattern=,rb_cLongestSubstring,rb_General_pattern_set,1,rb_define_method,ext/amatch_ext.c,1854,,,unresolved_function_binding,rb_General_pattern_set,0.4.2,amatch:ext/amatch_ext.c:1854:pattern=,['ext']
amatch,0.4.2,match,rb_cLongestSubstring,rb_LongestSubstring_match,1,rb_define_method,ext/amatch_ext.c,1855,ext/amatch_ext.c,1556,resolved,rb_LongestSubstring_match,0.4.2,amatch:ext/amatch_ext.c:1855:match,['ext']
amatch,0.4.2,similar,rb_cLongestSubstring,rb_LongestSubstring_similar,1,rb_define_method,ext/amatch_ext.c,1856,ext/amatch_ext.c,1573,resolved,rb_LongestSubstring_similar,0.4.2,amatch:ext/amatch_ext.c:1856:similar,['ext']
amatch,0.4.2,longest_substring_similar,rb_mAmatchStringMethods,rb_str_longest_substring_similar,1,rb_define_method,ext/amatch_ext.c,1857,ext/amatch_ext.c,1589,resolved,rb_str_longest_substring_similar,0.4.2,amatch:ext/amatch_ext.c:1857:longest_substring_similar,['ext']
amatch,0.4.2,<allocator>,rb_cJaro,rb_Jaro_s_allocate,0,rb_define_alloc_func,ext/amatch_ext.c,1861,,,unresolved_function_binding,rb_Jaro_s_allocate,0.4.2,amatch:ext/amatch_ext.c:1861:<allocator>,['ext']
amatch,0.4.2,initialize,rb_cJaro,rb_Jaro_initialize,1,rb_define_method,ext/amatch_ext.c,1862,ext/amatch_ext.c,1628,resolved,rb_Jaro_initialize,0.4.2,amatch:ext/amatch_ext.c:1862:initialize,['ext']
amatch,0.4.2,pattern,rb_cJaro,rb_Jaro_pattern,0,rb_define_method,ext/amatch_ext.c,1863,,,unresolved_function_binding,rb_Jaro_pattern,0.4.2,amatch:ext/amatch_ext.c:1863:pattern,['ext']
amatch,0.4.2,pattern=,rb_cJaro,rb_Jaro_pattern_set,1,rb_define_method,ext/amatch_ext.c,1864,,,unresolved_function_binding,rb_Jaro_pattern_set,0.4.2,amatch:ext/amatch_ext.c:1864:pattern=,['ext']
amatch,0.4.2,ignore_case,rb_cJaro,rb_Jaro_ignore_case,0,rb_define_method,ext/amatch_ext.c,1865,,,unresolved_function_binding,rb_Jaro_ignore_case,0.4.2,amatch:ext/amatch_ext.c:1865:ignore_case,['ext']
amatch,0.4.2,ignore_case=,rb_cJaro,rb_Jaro_ignore_case_set,1,rb_define_method,ext/amatch_ext.c,1866,,,unresolved_function_binding,rb_Jaro_ignore_case_set,0.4.2,amatch:ext/amatch_ext.c:1866:ignore_case=,['ext']
amatch,0.4.2,match,rb_cJaro,rb_Jaro_match,1,rb_define_method,ext/amatch_ext.c,1867,ext/amatch_ext.c,1647,resolved,rb_Jaro_match,0.4.2,amatch:ext/amatch_ext.c:1867:match,['ext']
amatch,0.4.2,jaro_similar,rb_mAmatchStringMethods,rb_str_jaro_similar,1,rb_define_method,ext/amatch_ext.c,1869,ext/amatch_ext.c,1663,resolved,rb_str_jaro_similar,0.4.2,amatch:ext/amatch_ext.c:1869:jaro_similar,['ext']
amatch,0.4.2,<allocator>,rb_cJaroWinkler,rb_JaroWinkler_s_allocate,0,rb_define_alloc_func,ext/amatch_ext.c,1873,,,unresolved_function_binding,rb_JaroWinkler_s_allocate,0.4.2,amatch:ext/amatch_ext.c:1873:<allocator>,['ext']
amatch,0.4.2,initialize,rb_cJaroWinkler,rb_JaroWinkler_initialize,1,rb_define_method,ext/amatch_ext.c,1874,ext/amatch_ext.c,1726,resolved,rb_JaroWinkler_initialize,0.4.2,amatch:ext/amatch_ext.c:1874:initialize,['ext']
amatch,0.4.2,pattern,rb_cJaroWinkler,rb_JaroWinkler_pattern,0,rb_define_method,ext/amatch_ext.c,1875,,,unresolved_function_binding,rb_JaroWinkler_pattern,0.4.2,amatch:ext/amatch_ext.c:1875:pattern,['ext']
amatch,0.4.2,pattern=,rb_cJaroWinkler,rb_JaroWinkler_pattern_set,1,rb_define_method,ext/amatch_ext.c,1876,,,unresolved_function_binding,rb_JaroWinkler_pattern_set,0.4.2,amatch:ext/amatch_ext.c:1876:pattern=,['ext']
amatch,0.4.2,ignore_case,rb_cJaroWinkler,rb_JaroWinkler_ignore_case,0,rb_define_method,ext/amatch_ext.c,1877,,,unresolved_function_binding,rb_JaroWinkler_ignore_case,0.4.2,amatch:ext/amatch_ext.c:1877:ignore_case,['ext']
amatch,0.4.2,ignore_case=,rb_cJaroWinkler,rb_JaroWinkler_ignore_case_set,1,rb_define_method,ext/amatch_ext.c,1878,,,unresolved_function_binding,rb_JaroWinkler_ignore_case_set,0.4.2,amatch:ext/amatch_ext.c:1878:ignore_case=,['ext']
amatch,0.4.2,scaling_factor,rb_cJaroWinkler,rb_JaroWinkler_scaling_factor,0,rb_define_method,ext/amatch_ext.c,1879,,,unresolved_function_binding,rb_JaroWinkler_scaling_factor,0.4.2,amatch:ext/amatch_ext.c:1879:scaling_factor,['ext']
amatch,0.4.2,scaling_factor=,rb_cJaroWinkler,rb_JaroWinkler_scaling_factor_set,1,rb_define_method,ext/amatch_ext.c,1880,,,unresolved_function_binding,rb_JaroWinkler_scaling_factor_set,0.4.2,amatch:ext/amatch_ext.c:1880:scaling_factor=,['ext']
amatch,0.4.2,match,rb_cJaroWinkler,rb_JaroWinkler_match,1,rb_define_method,ext/amatch_ext.c,1881,ext/amatch_ext.c,1746,resolved,rb_JaroWinkler_match,0.4.2,amatch:ext/amatch_ext.c:1881:match,['ext']
amatch,0.4.2,jarowinkler_similar,rb_mAmatchStringMethods,rb_str_jarowinkler_similar,1,rb_define_method,ext/amatch_ext.c,1883,ext/amatch_ext.c,1762,resolved,rb_str_jarowinkler_similar,0.4.2,amatch:ext/amatch_ext.c:1883:jarowinkler_similar,['ext']
bcrypt,3.1.22,__bc_salt,cBCryptEngine,bc_salt,3,rb_define_singleton_method,ext/mri/bcrypt_ext.c,121,ext/mri/bcrypt_ext.c,26,resolved,bc_salt,3.1.22,bcrypt:ext/mri/bcrypt_ext.c:121:__bc_salt,['ext/mri']
bcrypt,3.1.22,__bc_crypt,cBCryptEngine,bc_crypt,2,rb_define_singleton_method,ext/mri/bcrypt_ext.c,122,ext/mri/bcrypt_ext.c,75,resolved,bc_crypt,3.1.22,bcrypt:ext/mri/bcrypt_ext.c:122:__bc_crypt,['ext/mri']
bcrypt,3.1.22,salt,mCrypt,crypt_salt,3,rb_define_singleton_method,ext/mri/crypt.c,55,ext/mri/crypt.c,6,resolved,crypt_salt,3.1.22,bcrypt:ext/mri/crypt.c:55:salt,['ext/mri']
bcrypt,3.1.22,crypt,mCrypt,ra,2,rb_define_singleton_method,ext/mri/crypt.c,56,ext/mri/crypt.c,25,resolved,ra,3.1.22,bcrypt:ext/mri/crypt.c:56:crypt,['ext/mri']
bigdecimal,3.3.1,interpret_loosely,rb_cBigDecimal,BigDecimal_s_interpret_loosely,1,rb_define_singleton_method,ext/bigdecimal/bigdecimal.c,3461,ext/bigdecimal/bigdecimal.c,3061,resolved,BigDecimal_s_interpret_loosely,3.3.1,bigdecimal:ext/bigdecimal/bigdecimal.c:3461:interpret_loosely,['ext/bigdecimal']
bigdecimal,3.3.1,mode,rb_cBigDecimal,BigDecimal_mode,-1,rb_define_singleton_method,ext/bigdecimal/bigdecimal.c,3462,ext/bigdecimal/bigdecimal.c,974,resolved,BigDecimal_mode,3.3.1,bigdecimal:ext/bigdecimal/bigdecimal.c:3462:mode,['ext/bigdecimal']
bigdecimal,3.3.1,limit,rb_cBigDecimal,BigDecimal_limit,-1,rb_define_singleton_method,ext/bigdecimal/bigdecimal.c,3463,ext/bigdecimal/bigdecimal.c,3085,resolved,BigDecimal_limit,3.3.1,bigdecimal:ext/bigdecimal/bigdecimal.c:3463:limit,['ext/bigdecimal']
bigdecimal,3.3.1,double_fig,rb_cBigDecimal,BigDecimal_double_fig,0,rb_define_singleton_method,ext/bigdecimal/bigdecimal.c,3464,ext/bigdecimal/bigdecimal.c,397,resolved,BigDecimal_double_fig,3.3.1,bigdecimal:ext/bigdecimal/bigdecimal.c:3464:double_fig,['ext/bigdecimal']
bigdecimal,3.3.1,_load,rb_cBigDecimal,BigDecimal_load,1,rb_define_singleton_method,ext/bigdecimal/bigdecimal.c,3465,ext/bigdecimal/bigdecimal.c,722,resolved,BigDecimal_load,3.3.1,bigdecimal:ext/bigdecimal/bigdecimal.c:3465:_load,['ext/bigdecimal']
bigdecimal,3.3.1,save_exception_mode,rb_cBigDecimal,BigDecimal_save_exception_mode,0,rb_define_singleton_method,ext/bigdecimal/bigdecimal.c,3467,ext/bigdecimal/bigdecimal.c,3146,resolved,BigDecimal_save_exception_mode,3.3.1,bigdecimal:ext/bigdecimal/bigdecimal.c:3467:save_exception_mode,['ext/bigdecimal']
bigdecimal,3.3.1,save_rounding_mode,rb_cBigDecimal,BigDecimal_save_rounding_mode,0,rb_define_singleton_method,ext/bigdecimal/bigdecimal.c,3468,ext/bigdecimal/bigdecimal.c,3171,resolved,BigDecimal_save_rounding_mode,3.3.1,bigdecimal:ext/bigdecimal/bigdecimal.c:3468:save_rounding_mode,['ext/bigdecimal']
bigdecimal,3.3.1,save_limit,rb_cBigDecimal,BigDecimal_save_limit,0,rb_define_singleton_method,ext/bigdecimal/bigdecimal.c,3469,ext/bigdecimal/bigdecimal.c,3196,resolved,BigDecimal_save_limit,3.3.1,bigdecimal:ext/bigdecimal/bigdecimal.c:3469:save_limit,['ext/bigdecimal']
bigdecimal,3.3.1,precs,rb_cBigDecimal,BigDecimal_prec,0,rb_define_method,ext/bigdecimal/bigdecimal.c,3596,ext/bigdecimal/bigdecimal.c,416,resolved,BigDecimal_prec,3.3.1,bigdecimal:ext/bigdecimal/bigdecimal.c:3596:precs,['ext/bigdecimal']
bigdecimal,3.3.1,precision,rb_cBigDecimal,BigDecimal_precision,0,rb_define_method,ext/bigdecimal/bigdecimal.c,3597,ext/bigdecimal/bigdecimal.c,567,resolved,BigDecimal_precision,3.3.1,bigdecimal:ext/bigdecimal/bigdecimal.c:3597:precision,['ext/bigdecimal']
bigdecimal,3.3.1,scale,rb_cBigDecimal,BigDecimal_scale,0,rb_define_method,ext/bigdecimal/bigdecimal.c,3598,ext/bigdecimal/bigdecimal.c,591,resolved,BigDecimal_scale,3.3.1,bigdecimal:ext/bigdecimal/bigdecimal.c:3598:scale,['ext/bigdecimal']
bigdecimal,3.3.1,precision_scale,rb_cBigDecimal,BigDecimal_precision_scale,0,rb_define_method,ext/bigdecimal/bigdecimal.c,3599,ext/bigdecimal/bigdecimal.c,609,resolved,BigDecimal_precision_scale,3.3.1,bigdecimal:ext/bigdecimal/bigdecimal.c:3599:precision_scale,['ext/bigdecimal']
bigdecimal,3.3.1,n_significant_digits,rb_cBigDecimal,BigDecimal_n_significant_digits,0,rb_define_method,ext/bigdecimal/bigdecimal.c,3600,ext/bigdecimal/bigdecimal.c,633,resolved,BigDecimal_n_significant_digits,3.3.1,bigdecimal:ext/bigdecimal/bigdecimal.c:3600:n_significant_digits,['ext/bigdecimal']
bigdecimal,3.3.1,add,rb_cBigDecimal,BigDecimal_add2,2,rb_define_method,ext/bigdecimal/bigdecimal.c,3602,ext/bigdecimal/bigdecimal.c,2002,resolved,BigDecimal_add2,3.3.1,bigdecimal:ext/bigdecimal/bigdecimal.c:3602:add,['ext/bigdecimal']
bigdecimal,3.3.1,sub,rb_cBigDecimal,BigDecimal_sub2,2,rb_define_method,ext/bigdecimal/bigdecimal.c,3603,ext/bigdecimal/bigdecimal.c,2021,resolved,BigDecimal_sub2,3.3.1,bigdecimal:ext/bigdecimal/bigdecimal.c:3603:sub,['ext/bigdecimal']
bigdecimal,3.3.1,mult,rb_cBigDecimal,BigDecimal_mult2,2,rb_define_method,ext/bigdecimal/bigdecimal.c,3604,ext/bigdecimal/bigdecimal.c,2053,resolved,BigDecimal_mult2,3.3.1,bigdecimal:ext/bigdecimal/bigdecimal.c:3604:mult,['ext/bigdecimal']
bigdecimal,3.3.1,div,rb_cBigDecimal,BigDecimal_div3,-1,rb_define_method,ext/bigdecimal/bigdecimal.c,3605,ext/bigdecimal/bigdecimal.c,1967,resolved,BigDecimal_div3,3.3.1,bigdecimal:ext/bigdecimal/bigdecimal.c:3605:div,['ext/bigdecimal']
bigdecimal,3.3.1,hash,rb_cBigDecimal,BigDecimal_hash,0,rb_define_method,ext/bigdecimal/bigdecimal.c,3606,ext/bigdecimal/bigdecimal.c,671,resolved,BigDecimal_hash,3.3.1,bigdecimal:ext/bigdecimal/bigdecimal.c:3606:hash,['ext/bigdecimal']
bigdecimal,3.3.1,to_s,rb_cBigDecimal,BigDecimal_to_s,-1,rb_define_method,ext/bigdecimal/bigdecimal.c,3607,ext/bigdecimal/bigdecimal.c,2316,resolved,BigDecimal_to_s,3.3.1,bigdecimal:ext/bigdecimal/bigdecimal.c:3607:to_s,['ext/bigdecimal']
bigdecimal,3.3.1,to_i,rb_cBigDecimal,BigDecimal_to_i,0,rb_define_method,ext/bigdecimal/bigdecimal.c,3608,ext/bigdecimal/bigdecimal.c,1122,resolved,BigDecimal_to_i,3.3.1,bigdecimal:ext/bigdecimal/bigdecimal.c:3608:to_i,['ext/bigdecimal']
bigdecimal,3.3.1,to_int,rb_cBigDecimal,BigDecimal_to_i,0,rb_define_method,ext/bigdecimal/bigdecimal.c,3609,ext/bigdecimal/bigdecimal.c,1122,resolved,BigDecimal_to_i,3.3.1,bigdecimal:ext/bigdecimal/bigdecimal.c:3609:to_int,['ext/bigdecimal']
bigdecimal,3.3.1,to_r,rb_cBigDecimal,BigDecimal_to_r,0,rb_define_method,ext/bigdecimal/bigdecimal.c,3610,ext/bigdecimal/bigdecimal.c,1210,resolved,BigDecimal_to_r,3.3.1,bigdecimal:ext/bigdecimal/bigdecimal.c:3610:to_r,['ext/bigdecimal']
bigdecimal,3.3.1,split,rb_cBigDecimal,BigDecimal_split,0,rb_define_method,ext/bigdecimal/bigdecimal.c,3611,ext/bigdecimal/bigdecimal.c,2412,resolved,BigDecimal_split,3.3.1,bigdecimal:ext/bigdecimal/bigdecimal.c:3611:split,['ext/bigdecimal']
bigdecimal,3.3.1,+,rb_cBigDecimal,BigDecimal_add,1,rb_define_method,ext/bigdecimal/bigdecimal.c,3612,ext/bigdecimal/bigdecimal.c,1315,resolved,BigDecimal_add,3.3.1,bigdecimal:ext/bigdecimal/bigdecimal.c:3612:+,['ext/bigdecimal']
bigdecimal,3.3.1,-,rb_cBigDecimal,BigDecimal_sub,1,rb_define_method,ext/bigdecimal/bigdecimal.c,3613,ext/bigdecimal/bigdecimal.c,1369,resolved,BigDecimal_sub,3.3.1,bigdecimal:ext/bigdecimal/bigdecimal.c:3613:-,['ext/bigdecimal']
bigdecimal,3.3.1,+@,rb_cBigDecimal,BigDecimal_uplus,0,rb_define_method,ext/bigdecimal/bigdecimal.c,3614,ext/bigdecimal/bigdecimal.c,1284,resolved,BigDecimal_uplus,3.3.1,bigdecimal:ext/bigdecimal/bigdecimal.c:3614:+@,['ext/bigdecimal']
bigdecimal,3.3.1,-@,rb_cBigDecimal,BigDecimal_neg,0,rb_define_method,ext/bigdecimal/bigdecimal.c,3615,ext/bigdecimal/bigdecimal.c,1587,resolved,BigDecimal_neg,3.3.1,bigdecimal:ext/bigdecimal/bigdecimal.c:3615:-@,['ext/bigdecimal']
bigdecimal,3.3.1,*,rb_cBigDecimal,BigDecimal_mult,1,rb_define_method,ext/bigdecimal/bigdecimal.c,3616,ext/bigdecimal/bigdecimal.c,1607,resolved,BigDecimal_mult,3.3.1,bigdecimal:ext/bigdecimal/bigdecimal.c:3616:*,['ext/bigdecimal']
bigdecimal,3.3.1,/,rb_cBigDecimal,BigDecimal_div,1,rb_define_method,ext/bigdecimal/bigdecimal.c,3617,ext/bigdecimal/bigdecimal.c,1649,resolved,BigDecimal_div,3.3.1,bigdecimal:ext/bigdecimal/bigdecimal.c:3617:/,['ext/bigdecimal']
bigdecimal,3.3.1,quo,rb_cBigDecimal,BigDecimal_quo,-1,rb_define_method,ext/bigdecimal/bigdecimal.c,3618,ext/bigdecimal/bigdecimal.c,1675,resolved,BigDecimal_quo,3.3.1,bigdecimal:ext/bigdecimal/bigdecimal.c:3618:quo,['ext/bigdecimal']
bigdecimal,3.3.1,%,rb_cBigDecimal,BigDecimal_mod,1,rb_define_method,ext/bigdecimal/bigdecimal.c,3619,ext/bigdecimal/bigdecimal.c,1813,resolved,BigDecimal_mod,3.3.1,bigdecimal:ext/bigdecimal/bigdecimal.c:3619:%,['ext/bigdecimal']
bigdecimal,3.3.1,modulo,rb_cBigDecimal,BigDecimal_mod,1,rb_define_method,ext/bigdecimal/bigdecimal.c,3620,ext/bigdecimal/bigdecimal.c,1813,resolved,BigDecimal_mod,3.3.1,bigdecimal:ext/bigdecimal/bigdecimal.c:3620:modulo,['ext/bigdecimal']
bigdecimal,3.3.1,remainder,rb_cBigDecimal,BigDecimal_remainder,1,rb_define_method,ext/bigdecimal/bigdecimal.c,3621,ext/bigdecimal/bigdecimal.c,1831,resolved,BigDecimal_remainder,3.3.1,bigdecimal:ext/bigdecimal/bigdecimal.c:3621:remainder,['ext/bigdecimal']
bigdecimal,3.3.1,divmod,rb_cBigDecimal,BigDecimal_divmod,1,rb_define_method,ext/bigdecimal/bigdecimal.c,3622,ext/bigdecimal/bigdecimal.c,1864,resolved,BigDecimal_divmod,3.3.1,bigdecimal:ext/bigdecimal/bigdecimal.c:3622:divmod,['ext/bigdecimal']
bigdecimal,3.3.1,clone,rb_cBigDecimal,BigDecimal_clone,0,rb_define_method,ext/bigdecimal/bigdecimal.c,3623,ext/bigdecimal/bigdecimal.c,2561,resolved,BigDecimal_clone,3.3.1,bigdecimal:ext/bigdecimal/bigdecimal.c:3623:clone,['ext/bigdecimal']
bigdecimal,3.3.1,dup,rb_cBigDecimal,BigDecimal_clone,0,rb_define_method,ext/bigdecimal/bigdecimal.c,3624,ext/bigdecimal/bigdecimal.c,2561,resolved,BigDecimal_clone,3.3.1,bigdecimal:ext/bigdecimal/bigdecimal.c:3624:dup,['ext/bigdecimal']
bigdecimal,3.3.1,to_f,rb_cBigDecimal,BigDecimal_to_f,0,rb_define_method,ext/bigdecimal/bigdecimal.c,3625,ext/bigdecimal/bigdecimal.c,1161,resolved,BigDecimal_to_f,3.3.1,bigdecimal:ext/bigdecimal/bigdecimal.c:3625:to_f,['ext/bigdecimal']
bigdecimal,3.3.1,abs,rb_cBigDecimal,BigDecimal_abs,0,rb_define_method,ext/bigdecimal/bigdecimal.c,3626,ext/bigdecimal/bigdecimal.c,2070,resolved,BigDecimal_abs,3.3.1,bigdecimal:ext/bigdecimal/bigdecimal.c:3626:abs,['ext/bigdecimal']
bigdecimal,3.3.1,fix,rb_cBigDecimal,BigDecimal_fix,0,rb_define_method,ext/bigdecimal/bigdecimal.c,3627,ext/bigdecimal/bigdecimal.c,2083,resolved,BigDecimal_fix,3.3.1,bigdecimal:ext/bigdecimal/bigdecimal.c:3627:fix,['ext/bigdecimal']
bigdecimal,3.3.1,round,rb_cBigDecimal,BigDecimal_round,-1,rb_define_method,ext/bigdecimal/bigdecimal.c,3628,ext/bigdecimal/bigdecimal.c,2119,resolved,BigDecimal_round,3.3.1,bigdecimal:ext/bigdecimal/bigdecimal.c:3628:round,['ext/bigdecimal']
bigdecimal,3.3.1,frac,rb_cBigDecimal,BigDecimal_frac,0,rb_define_method,ext/bigdecimal/bigdecimal.c,3629,ext/bigdecimal/bigdecimal.c,2227,resolved,BigDecimal_frac,3.3.1,bigdecimal:ext/bigdecimal/bigdecimal.c:3629:frac,['ext/bigdecimal']
bigdecimal,3.3.1,floor,rb_cBigDecimal,BigDecimal_floor,-1,rb_define_method,ext/bigdecimal/bigdecimal.c,3630,ext/bigdecimal/bigdecimal.c,2254,resolved,BigDecimal_floor,3.3.1,bigdecimal:ext/bigdecimal/bigdecimal.c:3630:floor,['ext/bigdecimal']
bigdecimal,3.3.1,ceil,rb_cBigDecimal,BigDecimal_ceil,-1,rb_define_method,ext/bigdecimal/bigdecimal.c,3631,ext/bigdecimal/bigdecimal.c,2277,resolved,BigDecimal_ceil,3.3.1,bigdecimal:ext/bigdecimal/bigdecimal.c:3631:ceil,['ext/bigdecimal']
bigdecimal,3.3.1,<=>,rb_cBigDecimal,BigDecimal_comp,1,rb_define_method,ext/bigdecimal/bigdecimal.c,3632,ext/bigdecimal/bigdecimal.c,1471,resolved,BigDecimal_comp,3.3.1,bigdecimal:ext/bigdecimal/bigdecimal.c:3632:<=>,['ext/bigdecimal']
bigdecimal,3.3.1,==,rb_cBigDecimal,BigDecimal_eq,1,rb_define_method,ext/bigdecimal/bigdecimal.c,3633,ext/bigdecimal/bigdecimal.c,1487,resolved,BigDecimal_eq,3.3.1,bigdecimal:ext/bigdecimal/bigdecimal.c:3633:==,['ext/bigdecimal']
bigdecimal,3.3.1,===,rb_cBigDecimal,BigDecimal_eq,1,rb_define_method,ext/bigdecimal/bigdecimal.c,3634,ext/bigdecimal/bigdecimal.c,1487,resolved,BigDecimal_eq,3.3.1,bigdecimal:ext/bigdecimal/bigdecimal.c:3634:===,['ext/bigdecimal']
bigdecimal,3.3.1,eql?,rb_cBigDecimal,BigDecimal_eq,1,rb_define_method,ext/bigdecimal/bigdecimal.c,3635,ext/bigdecimal/bigdecimal.c,1487,resolved,BigDecimal_eq,3.3.1,bigdecimal:ext/bigdecimal/bigdecimal.c:3635:eql?,['ext/bigdecimal']
bigdecimal,3.3.1,<,rb_cBigDecimal,BigDecimal_lt,1,rb_define_method,ext/bigdecimal/bigdecimal.c,3636,ext/bigdecimal/bigdecimal.c,1507,resolved,BigDecimal_lt,3.3.1,bigdecimal:ext/bigdecimal/bigdecimal.c:3636:<,['ext/bigdecimal']
bigdecimal,3.3.1,<=,rb_cBigDecimal,BigDecimal_le,1,rb_define_method,ext/bigdecimal/bigdecimal.c,3637,ext/bigdecimal/bigdecimal.c,1528,resolved,BigDecimal_le,3.3.1,bigdecimal:ext/bigdecimal/bigdecimal.c:3637:<=,['ext/bigdecimal']
bigdecimal,3.3.1,>,rb_cBigDecimal,BigDecimal_gt,1,rb_define_method,ext/bigdecimal/bigdecimal.c,3638,ext/bigdecimal/bigdecimal.c,1548,resolved,BigDecimal_gt,3.3.1,bigdecimal:ext/bigdecimal/bigdecimal.c:3638:>,['ext/bigdecimal']
bigdecimal,3.3.1,>=,rb_cBigDecimal,BigDecimal_ge,1,rb_define_method,ext/bigdecimal/bigdecimal.c,3639,ext/bigdecimal/bigdecimal.c,1569,resolved,BigDecimal_ge,3.3.1,bigdecimal:ext/bigdecimal/bigdecimal.c:3639:>=,['ext/bigdecimal']
bigdecimal,3.3.1,zero?,rb_cBigDecimal,BigDecimal_zero,0,rb_define_method,ext/bigdecimal/bigdecimal.c,3640,ext/bigdecimal/bigdecimal.c,1453,resolved,BigDecimal_zero,3.3.1,bigdecimal:ext/bigdecimal/bigdecimal.c:3640:zero?,['ext/bigdecimal']
bigdecimal,3.3.1,nonzero?,rb_cBigDecimal,BigDecimal_nonzero,0,rb_define_method,ext/bigdecimal/bigdecimal.c,3641,ext/bigdecimal/bigdecimal.c,1461,resolved,BigDecimal_nonzero,3.3.1,bigdecimal:ext/bigdecimal/bigdecimal.c:3641:nonzero?,['ext/bigdecimal']
bigdecimal,3.3.1,coerce,rb_cBigDecimal,BigDecimal_coerce,1,rb_define_method,ext/bigdecimal/bigdecimal.c,3642,ext/bigdecimal/bigdecimal.c,1265,resolved,BigDecimal_coerce,3.3.1,bigdecimal:ext/bigdecimal/bigdecimal.c:3642:coerce,['ext/bigdecimal']
bigdecimal,3.3.1,inspect,rb_cBigDecimal,BigDecimal_inspect,0,rb_define_method,ext/bigdecimal/bigdecimal.c,3643,ext/bigdecimal/bigdecimal.c,2462,resolved,BigDecimal_inspect,3.3.1,bigdecimal:ext/bigdecimal/bigdecimal.c:3643:inspect,['ext/bigdecimal']
bigdecimal,3.3.1,exponent,rb_cBigDecimal,BigDecimal_exponent,0,rb_define_method,ext/bigdecimal/bigdecimal.c,3644,ext/bigdecimal/bigdecimal.c,2450,resolved,BigDecimal_exponent,3.3.1,bigdecimal:ext/bigdecimal/bigdecimal.c:3644:exponent,['ext/bigdecimal']
bigdecimal,3.3.1,sign,rb_cBigDecimal,BigDecimal_sign,0,rb_define_method,ext/bigdecimal/bigdecimal.c,3645,ext/bigdecimal/bigdecimal.c,3121,resolved,BigDecimal_sign,3.3.1,bigdecimal:ext/bigdecimal/bigdecimal.c:3645:sign,['ext/bigdecimal']
bigdecimal,3.3.1,nan?,rb_cBigDecimal,BigDecimal_IsNaN,0,rb_define_method,ext/bigdecimal/bigdecimal.c,3646,ext/bigdecimal/bigdecimal.c,1079,resolved,BigDecimal_IsNaN,3.3.1,bigdecimal:ext/bigdecimal/bigdecimal.c:3646:nan?,['ext/bigdecimal']
bigdecimal,3.3.1,infinite?,rb_cBigDecimal,BigDecimal_IsInfinite,0,rb_define_method,ext/bigdecimal/bigdecimal.c,3647,ext/bigdecimal/bigdecimal.c,1090,resolved,BigDecimal_IsInfinite,3.3.1,bigdecimal:ext/bigdecimal/bigdecimal.c:3647:infinite?,['ext/bigdecimal']
bigdecimal,3.3.1,finite?,rb_cBigDecimal,BigDecimal_IsFinite,0,rb_define_method,ext/bigdecimal/bigdecimal.c,3648,ext/bigdecimal/bigdecimal.c,1100,resolved,BigDecimal_IsFinite,3.3.1,bigdecimal:ext/bigdecimal/bigdecimal.c:3648:finite?,['ext/bigdecimal']
bigdecimal,3.3.1,truncate,rb_cBigDecimal,BigDecimal_truncate,-1,rb_define_method,ext/bigdecimal/bigdecimal.c,3649,ext/bigdecimal/bigdecimal.c,2219,resolved,BigDecimal_truncate,3.3.1,bigdecimal:ext/bigdecimal/bigdecimal.c:3649:truncate,['ext/bigdecimal']
bigdecimal,3.3.1,_decimal_shift,rb_cBigDecimal,BigDecimal_decimal_shift,1,rb_define_method,ext/bigdecimal/bigdecimal.c,3650,ext/bigdecimal/bigdecimal.c,2486,resolved,BigDecimal_decimal_shift,3.3.1,bigdecimal:ext/bigdecimal/bigdecimal.c:3650:_decimal_shift,['ext/bigdecimal']
bigdecimal,3.3.1,_dump,rb_cBigDecimal,BigDecimal_dump,-1,rb_define_method,ext/bigdecimal/bigdecimal.c,3651,ext/bigdecimal/bigdecimal.c,697,resolved,BigDecimal_dump,3.3.1,bigdecimal:ext/bigdecimal/bigdecimal.c:3651:_dump,['ext/bigdecimal']
bigdecimal,3.3.1,vpdivd,rb_cBigDecimal,BigDecimal_vpdivd,2,rb_define_method,ext/bigdecimal/bigdecimal.c,3654,ext/bigdecimal/bigdecimal.c,3259,resolved,BigDecimal_vpdivd,3.3.1,bigdecimal:ext/bigdecimal/bigdecimal.c:3654:vpdivd,['ext/bigdecimal']
bigdecimal,3.3.1,vpmult,rb_cBigDecimal,BigDecimal_vpmult,1,rb_define_method,ext/bigdecimal/bigdecimal.c,3655,ext/bigdecimal/bigdecimal.c,3273,resolved,BigDecimal_vpmult,3.3.1,bigdecimal:ext/bigdecimal/bigdecimal.c:3655:vpmult,['ext/bigdecimal']
bootsnap,1.26.0,rb_get_path,rb_mBootsnap,bs_rb_get_path,1,rb_define_singleton_method,ext/bootsnap/bootsnap.c,276,ext/bootsnap/bootsnap.c,146,resolved,bs_rb_get_path,1.26.0,bootsnap:ext/bootsnap/bootsnap.c:276:rb_get_path,['ext/bootsnap']
bootsnap,1.26.0,scan_dir,rb_mBootsnap_LoadPathCache_Native,bs_rb_scan_dir,1,rb_define_singleton_method,ext/bootsnap/bootsnap.c,282,ext/bootsnap/bootsnap.c,168,resolved,bs_rb_scan_dir,1.26.0,bootsnap:ext/bootsnap/bootsnap.c:282:scan_dir,['ext/bootsnap']
bootsnap,1.26.0,instrumentation_enabled=,rb_mBootsnap,bs_instrumentation_enabled_set,1,rb_define_module_function,ext/bootsnap/bootsnap.c,299,ext/bootsnap/bootsnap.c,310,resolved,bs_instrumentation_enabled_set,1.26.0,bootsnap:ext/bootsnap/bootsnap.c:299:instrumentation_enabled=,['ext/bootsnap']
bootsnap,1.26.0,readonly=,rb_mBootsnap_CompileCache_Native,bs_readonly_set,1,rb_define_module_function,ext/bootsnap/bootsnap.c,300,ext/bootsnap/bootsnap.c,331,resolved,bs_readonly_set,1.26.0,bootsnap:ext/bootsnap/bootsnap.c:300:readonly=,['ext/bootsnap']
bootsnap,1.26.0,revalidation=,rb_mBootsnap_CompileCache_Native,bs_revalidation_set,1,rb_define_module_function,ext/bootsnap/bootsnap.c,301,ext/bootsnap/bootsnap.c,338,resolved,bs_revalidation_set,1.26.0,bootsnap:ext/bootsnap/bootsnap.c:301:revalidation=,['ext/bootsnap']
bootsnap,1.26.0,fetch,rb_mBootsnap_CompileCache_Native,bs_rb_fetch,5,rb_define_module_function,ext/bootsnap/bootsnap.c,302,ext/bootsnap/bootsnap.c,523,resolved,bs_rb_fetch,1.26.0,bootsnap:ext/bootsnap/bootsnap.c:302:fetch,['ext/bootsnap']
bootsnap,1.26.0,precompile,rb_mBootsnap_CompileCache_Native,bs_rb_precompile,4,rb_define_module_function,ext/bootsnap/bootsnap.c,303,ext/bootsnap/bootsnap.c,541,resolved,bs_rb_precompile,1.26.0,bootsnap:ext/bootsnap/bootsnap.c:303:precompile,['ext/bootsnap']
bootsnap,1.26.0,compile_option_crc32=,rb_mBootsnap_CompileCache_Native,bs_compile_option_crc32_set,1,rb_define_module_function,ext/bootsnap/bootsnap.c,304,ext/bootsnap/bootsnap.c,379,resolved,bs_compile_option_crc32_set,1.26.0,bootsnap:ext/bootsnap/bootsnap.c:304:compile_option_crc32=,['ext/bootsnap']
byebug,12.0.0,<allocator>,cBreakpoint,brkpt_create,0,rb_define_alloc_func,ext/byebug/breakpoint.c,504,ext/byebug/breakpoint.c,255,resolved,brkpt_create,12.0.0,byebug:ext/byebug/breakpoint.c:504:<allocator>,['ext/byebug']
byebug,12.0.0,initialize,cBreakpoint,brkpt_initialize,3,rb_define_method,ext/byebug/breakpoint.c,505,ext/byebug/breakpoint.c,263,resolved,brkpt_initialize,12.0.0,byebug:ext/byebug/breakpoint.c:505:initialize,['ext/byebug']
byebug,12.0.0,enabled?,cBreakpoint,brkpt_enabled,0,rb_define_method,ext/byebug/breakpoint.c,507,ext/byebug/breakpoint.c,30,resolved,brkpt_enabled,12.0.0,byebug:ext/byebug/breakpoint.c:507:enabled?,['ext/byebug']
byebug,12.0.0,enabled=,cBreakpoint,brkpt_set_enabled,1,rb_define_method,ext/byebug/breakpoint.c,508,ext/byebug/breakpoint.c,45,resolved,brkpt_set_enabled,12.0.0,byebug:ext/byebug/breakpoint.c:508:enabled=,['ext/byebug']
byebug,12.0.0,expr,cBreakpoint,brkpt_expr,0,rb_define_method,ext/byebug/breakpoint.c,509,ext/byebug/breakpoint.c,61,resolved,brkpt_expr,12.0.0,byebug:ext/byebug/breakpoint.c:509:expr,['ext/byebug']
byebug,12.0.0,expr=,cBreakpoint,brkpt_set_expr,1,rb_define_method,ext/byebug/breakpoint.c,510,ext/byebug/breakpoint.c,77,resolved,brkpt_set_expr,12.0.0,byebug:ext/byebug/breakpoint.c:510:expr=,['ext/byebug']
byebug,12.0.0,hit_count,cBreakpoint,brkpt_hit_count,0,rb_define_method,ext/byebug/breakpoint.c,511,ext/byebug/breakpoint.c,157,resolved,brkpt_hit_count,12.0.0,byebug:ext/byebug/breakpoint.c:511:hit_count,['ext/byebug']
byebug,12.0.0,hit_condition,cBreakpoint,brkpt_hit_condition,0,rb_define_method,ext/byebug/breakpoint.c,512,ext/byebug/breakpoint.c,94,resolved,brkpt_hit_condition,12.0.0,byebug:ext/byebug/breakpoint.c:512:hit_condition,['ext/byebug']
byebug,12.0.0,hit_condition=,cBreakpoint,brkpt_set_hit_condition,1,rb_define_method,ext/byebug/breakpoint.c,513,ext/byebug/breakpoint.c,124,resolved,brkpt_set_hit_condition,12.0.0,byebug:ext/byebug/breakpoint.c:513:hit_condition=,['ext/byebug']
byebug,12.0.0,hit_value,cBreakpoint,brkpt_hit_value,0,rb_define_method,ext/byebug/breakpoint.c,514,ext/byebug/breakpoint.c,173,resolved,brkpt_hit_value,12.0.0,byebug:ext/byebug/breakpoint.c:514:hit_value,['ext/byebug']
byebug,12.0.0,hit_value=,cBreakpoint,brkpt_set_hit_value,1,rb_define_method,ext/byebug/breakpoint.c,515,ext/byebug/breakpoint.c,189,resolved,brkpt_set_hit_value,12.0.0,byebug:ext/byebug/breakpoint.c:515:hit_value=,['ext/byebug']
byebug,12.0.0,id,cBreakpoint,brkpt_id,0,rb_define_method,ext/byebug/breakpoint.c,516,ext/byebug/breakpoint.c,205,resolved,brkpt_id,12.0.0,byebug:ext/byebug/breakpoint.c:516:id,['ext/byebug']
byebug,12.0.0,pos,cBreakpoint,brkpt_pos,0,rb_define_method,ext/byebug/breakpoint.c,517,ext/byebug/breakpoint.c,221,resolved,brkpt_pos,12.0.0,byebug:ext/byebug/breakpoint.c:517:pos,['ext/byebug']
byebug,12.0.0,source,cBreakpoint,brkpt_source,0,rb_define_method,ext/byebug/breakpoint.c,518,ext/byebug/breakpoint.c,239,resolved,brkpt_source,12.0.0,byebug:ext/byebug/breakpoint.c:518:source,['ext/byebug']
byebug,12.0.0,add_catchpoint,mByebug,Add_catchpoint,1,rb_define_module_function,ext/byebug/byebug.c,875,ext/byebug/byebug.c,850,resolved,Add_catchpoint,12.0.0,byebug:ext/byebug/byebug.c:875:add_catchpoint,['ext/byebug']
byebug,12.0.0,breakpoints,mByebug,Breakpoints,0,rb_define_module_function,ext/byebug/byebug.c,876,ext/byebug/byebug.c,27,resolved,Breakpoints,12.0.0,byebug:ext/byebug/byebug.c:876:breakpoints,['ext/byebug']
byebug,12.0.0,catchpoints,mByebug,Catchpoints,0,rb_define_module_function,ext/byebug/byebug.c,877,ext/byebug/byebug.c,44,resolved,Catchpoints,12.0.0,byebug:ext/byebug/byebug.c:877:catchpoints,['ext/byebug']
byebug,12.0.0,contexts,mByebug,Contexts,0,rb_define_module_function,ext/byebug/byebug.c,878,ext/byebug/byebug.c,546,resolved,Contexts,12.0.0,byebug:ext/byebug/byebug.c:878:contexts,['ext/byebug']
byebug,12.0.0,current_context,mByebug,Current_context,0,rb_define_module_function,ext/byebug/byebug.c,879,ext/byebug/byebug.c,611,resolved,Current_context,12.0.0,byebug:ext/byebug/byebug.c:879:current_context,['ext/byebug']
byebug,12.0.0,debug_load,mByebug,Debug_load,-1,rb_define_module_function,ext/byebug/byebug.c,880,ext/byebug/byebug.c,724,resolved,Debug_load,12.0.0,byebug:ext/byebug/byebug.c:880:debug_load,['ext/byebug']
byebug,12.0.0,post_mortem?,mByebug,Post_mortem,0,rb_define_module_function,ext/byebug/byebug.c,881,ext/byebug/byebug.c,821,resolved,Post_mortem,12.0.0,byebug:ext/byebug/byebug.c:881:post_mortem?,['ext/byebug']
byebug,12.0.0,post_mortem=,mByebug,Set_post_mortem,1,rb_define_module_function,ext/byebug/byebug.c,882,ext/byebug/byebug.c,835,resolved,Set_post_mortem,12.0.0,byebug:ext/byebug/byebug.c:882:post_mortem=,['ext/byebug']
byebug,12.0.0,raised_exception,mByebug,Raised_exception,0,rb_define_module_function,ext/byebug/byebug.c,883,ext/byebug/byebug.c,58,resolved,Raised_exception,12.0.0,byebug:ext/byebug/byebug.c:883:raised_exception,['ext/byebug']
byebug,12.0.0,start,mByebug,Start,0,rb_define_module_function,ext/byebug/byebug.c,884,ext/byebug/byebug.c,702,resolved,Start,12.0.0,byebug:ext/byebug/byebug.c:884:start,['ext/byebug']
byebug,12.0.0,started?,mByebug,Started,0,rb_define_module_function,ext/byebug/byebug.c,885,ext/byebug/byebug.c,629,resolved,Started,12.0.0,byebug:ext/byebug/byebug.c:885:started?,['ext/byebug']
byebug,12.0.0,stop,mByebug,Stop,0,rb_define_module_function,ext/byebug/byebug.c,886,ext/byebug/byebug.c,644,resolved,Stop,12.0.0,byebug:ext/byebug/byebug.c:886:stop,['ext/byebug']
byebug,12.0.0,stoppable?,mByebug,Stoppable,0,rb_define_module_function,ext/byebug/byebug.c,887,ext/byebug/byebug.c,662,resolved,Stoppable,12.0.0,byebug:ext/byebug/byebug.c:887:stoppable?,['ext/byebug']
byebug,12.0.0,thread_context,mByebug,Thread_context,1,rb_define_module_function,ext/byebug/byebug.c,888,ext/byebug/byebug.c,590,resolved,Thread_context,12.0.0,byebug:ext/byebug/byebug.c:888:thread_context,['ext/byebug']
byebug,12.0.0,tracing?,mByebug,Tracing,0,rb_define_module_function,ext/byebug/byebug.c,889,ext/byebug/byebug.c,763,resolved,Tracing,12.0.0,byebug:ext/byebug/byebug.c:889:tracing?,['ext/byebug']
byebug,12.0.0,tracing=,mByebug,Set_tracing,1,rb_define_module_function,ext/byebug/byebug.c,890,ext/byebug/byebug.c,777,resolved,Set_tracing,12.0.0,byebug:ext/byebug/byebug.c:890:tracing=,['ext/byebug']
byebug,12.0.0,verbose?,mByebug,Verbose,0,rb_define_module_function,ext/byebug/byebug.c,891,ext/byebug/byebug.c,792,resolved,Verbose,12.0.0,byebug:ext/byebug/byebug.c:891:verbose?,['ext/byebug']
byebug,12.0.0,verbose=,mByebug,Set_verbose,1,rb_define_module_function,ext/byebug/byebug.c,892,ext/byebug/byebug.c,806,resolved,Set_verbose,12.0.0,byebug:ext/byebug/byebug.c:892:verbose=,['ext/byebug']
byebug,12.0.0,backtrace,cContext,Context_backtrace,0,rb_define_method,ext/byebug/context.c,663,ext/byebug/context.c,364,resolved,Context_backtrace,12.0.0,byebug:ext/byebug/context.c:663:backtrace,['ext/byebug']
byebug,12.0.0,dead?,cContext,Context_dead,0,rb_define_method,ext/byebug/context.c,664,ext/byebug/context.c,25,resolved,Context_dead,12.0.0,byebug:ext/byebug/context.c:664:dead?,['ext/byebug']
byebug,12.0.0,frame_binding,cContext,Context_frame_binding,-1,rb_define_method,ext/byebug/context.c,665,ext/byebug/context.c,223,resolved,Context_frame_binding,12.0.0,byebug:ext/byebug/context.c:665:frame_binding,['ext/byebug']
byebug,12.0.0,frame_class,cContext,Context_frame_class,-1,rb_define_method,ext/byebug/context.c,666,ext/byebug/context.c,237,resolved,Context_frame_class,12.0.0,byebug:ext/byebug/context.c:666:frame_class,['ext/byebug']
byebug,12.0.0,frame_file,cContext,Context_frame_file,-1,rb_define_method,ext/byebug/context.c,667,ext/byebug/context.c,251,resolved,Context_frame_file,12.0.0,byebug:ext/byebug/context.c:667:frame_file,['ext/byebug']
byebug,12.0.0,frame_line,cContext,Context_frame_line,-1,rb_define_method,ext/byebug/context.c,668,ext/byebug/context.c,274,resolved,Context_frame_line,12.0.0,byebug:ext/byebug/context.c:668:frame_line,['ext/byebug']
byebug,12.0.0,frame_method,cContext,Context_frame_method,-1,rb_define_method,ext/byebug/context.c,669,ext/byebug/context.c,292,resolved,Context_frame_method,12.0.0,byebug:ext/byebug/context.c:669:frame_method,['ext/byebug']
byebug,12.0.0,frame_self,cContext,Context_frame_self,-1,rb_define_method,ext/byebug/context.c,670,ext/byebug/context.c,310,resolved,Context_frame_self,12.0.0,byebug:ext/byebug/context.c:670:frame_self,['ext/byebug']
byebug,12.0.0,ignored?,cContext,Context_ignored,0,rb_define_method,ext/byebug/context.c,671,ext/byebug/context.c,325,resolved,Context_ignored,12.0.0,byebug:ext/byebug/context.c:671:ignored?,['ext/byebug']
byebug,12.0.0,resume,cContext,Context_resume,0,rb_define_method,ext/byebug/context.c,672,ext/byebug/context.c,340,resolved,Context_resume,12.0.0,byebug:ext/byebug/context.c:672:resume,['ext/byebug']
byebug,12.0.0,step_into,cContext,Context_step_into,-1,rb_define_method,ext/byebug/context.c,673,ext/byebug/context.c,410,resolved,Context_step_into,12.0.0,byebug:ext/byebug/context.c:673:step_into,['ext/byebug']
byebug,12.0.0,step_out,cContext,Context_step_out,-1,rb_define_method,ext/byebug/context.c,674,ext/byebug/context.c,450,resolved,Context_step_out,12.0.0,byebug:ext/byebug/context.c:674:step_out,['ext/byebug']
byebug,12.0.0,step_over,cContext,Context_step_over,-1,rb_define_method,ext/byebug/context.c,675,ext/byebug/context.c,483,resolved,Context_step_over,12.0.0,byebug:ext/byebug/context.c:675:step_over,['ext/byebug']
byebug,12.0.0,stop_reason,cContext,Context_stop_reason,0,rb_define_method,ext/byebug/context.c,676,ext/byebug/context.c,374,resolved,Context_stop_reason,12.0.0,byebug:ext/byebug/context.c:676:stop_reason,['ext/byebug']
byebug,12.0.0,suspend,cContext,Context_suspend,0,rb_define_method,ext/byebug/context.c,677,ext/byebug/context.c,514,resolved,Context_suspend,12.0.0,byebug:ext/byebug/context.c:677:suspend,['ext/byebug']
byebug,12.0.0,suspended?,cContext,Context_is_suspended,0,rb_define_method,ext/byebug/context.c,678,ext/byebug/context.c,564,resolved,Context_is_suspended,12.0.0,byebug:ext/byebug/context.c:678:suspended?,['ext/byebug']
byebug,12.0.0,switch,cContext,Context_switch,0,rb_define_method,ext/byebug/context.c,679,ext/byebug/context.c,542,resolved,Context_switch,12.0.0,byebug:ext/byebug/context.c:679:switch,['ext/byebug']
byebug,12.0.0,thnum,cContext,Context_thnum,0,rb_define_method,ext/byebug/context.c,680,ext/byebug/context.c,580,resolved,Context_thnum,12.0.0,byebug:ext/byebug/context.c:680:thnum,['ext/byebug']
byebug,12.0.0,thread,cContext,Context_thread,0,rb_define_method,ext/byebug/context.c,681,ext/byebug/context.c,595,resolved,Context_thread,12.0.0,byebug:ext/byebug/context.c:681:thread,['ext/byebug']
byebug,12.0.0,tracing,cContext,Context_tracing,0,rb_define_method,ext/byebug/context.c,682,ext/byebug/context.c,610,resolved,Context_tracing,12.0.0,byebug:ext/byebug/context.c:682:tracing,['ext/byebug']
byebug,12.0.0,tracing=,cContext,Context_set_tracing,1,rb_define_method,ext/byebug/context.c,683,ext/byebug/context.c,625,resolved,Context_set_tracing,12.0.0,byebug:ext/byebug/context.c:683:tracing=,['ext/byebug']
byebug,12.0.0,inherited,cDebugThread,dt_inherited,0,rb_define_singleton_method,ext/byebug/context.c,686,ext/byebug/context.c,640,resolved,dt_inherited,12.0.0,byebug:ext/byebug/context.c:686:inherited,['ext/byebug']
byebug,12.0.0,unlock,mByebug,Unlock,0,rb_define_module_function,ext/byebug/threads.c,239,ext/byebug/threads.c,180,resolved,Unlock,12.0.0,byebug:ext/byebug/threads.c:239:unlock,['ext/byebug']
byebug,12.0.0,lock,mByebug,Lock,0,rb_define_module_function,ext/byebug/threads.c,240,ext/byebug/threads.c,204,resolved,Lock,12.0.0,byebug:ext/byebug/threads.c:240:lock,['ext/byebug']
cbor,0.5.10.1,<allocator>,cMessagePack_Buffer,Buffer_alloc,0,rb_define_alloc_func,ext/cbor/buffer_class.c,497,ext/cbor/buffer_class.c,64,resolved,Buffer_alloc,0.5.10.1,cbor:ext/cbor/buffer_class.c:497:<allocator>,['ext/cbor']
cbor,0.5.10.1,initialize,cMessagePack_Buffer,Buffer_initialize,-1,rb_define_method,ext/cbor/buffer_class.c,499,ext/cbor/buffer_class.c,126,resolved,Buffer_initialize,0.5.10.1,cbor:ext/cbor/buffer_class.c:499:initialize,['ext/cbor']
cbor,0.5.10.1,clear,cMessagePack_Buffer,Buffer_clear,0,rb_define_method,ext/cbor/buffer_class.c,500,ext/cbor/buffer_class.c,160,resolved,Buffer_clear,0.5.10.1,cbor:ext/cbor/buffer_class.c:500:clear,['ext/cbor']
cbor,0.5.10.1,size,cMessagePack_Buffer,Buffer_size,0,rb_define_method,ext/cbor/buffer_class.c,501,ext/cbor/buffer_class.c,167,resolved,Buffer_size,0.5.10.1,cbor:ext/cbor/buffer_class.c:501:size,['ext/cbor']
cbor,0.5.10.1,empty?,cMessagePack_Buffer,Buffer_empty_p,0,rb_define_method,ext/cbor/buffer_class.c,502,ext/cbor/buffer_class.c,174,resolved,Buffer_empty_p,0.5.10.1,cbor:ext/cbor/buffer_class.c:502:empty?,['ext/cbor']
cbor,0.5.10.1,write,cMessagePack_Buffer,Buffer_write,1,rb_define_method,ext/cbor/buffer_class.c,503,ext/cbor/buffer_class.c,184,resolved,Buffer_write,0.5.10.1,cbor:ext/cbor/buffer_class.c:503:write,['ext/cbor']
cbor,0.5.10.1,<<,cMessagePack_Buffer,Buffer_append,1,rb_define_method,ext/cbor/buffer_class.c,504,ext/cbor/buffer_class.c,196,resolved,Buffer_append,0.5.10.1,cbor:ext/cbor/buffer_class.c:504:<<,['ext/cbor']
cbor,0.5.10.1,skip,cMessagePack_Buffer,Buffer_skip,1,rb_define_method,ext/cbor/buffer_class.c,505,ext/cbor/buffer_class.c,302,resolved,Buffer_skip,0.5.10.1,cbor:ext/cbor/buffer_class.c:505:skip,['ext/cbor']
cbor,0.5.10.1,skip_all,cMessagePack_Buffer,Buffer_skip_all,1,rb_define_method,ext/cbor/buffer_class.c,506,ext/cbor/buffer_class.c,317,resolved,Buffer_skip_all,0.5.10.1,cbor:ext/cbor/buffer_class.c:506:skip_all,['ext/cbor']
cbor,0.5.10.1,read,cMessagePack_Buffer,Buffer_read,-1,rb_define_method,ext/cbor/buffer_class.c,507,ext/cbor/buffer_class.c,383,resolved,Buffer_read,0.5.10.1,cbor:ext/cbor/buffer_class.c:507:read,['ext/cbor']
cbor,0.5.10.1,read_all,cMessagePack_Buffer,Buffer_read_all,-1,rb_define_method,ext/cbor/buffer_class.c,508,ext/cbor/buffer_class.c,337,resolved,Buffer_read_all,0.5.10.1,cbor:ext/cbor/buffer_class.c:508:read_all,['ext/cbor']
cbor,0.5.10.1,io,cMessagePack_Buffer,Buffer_io,0,rb_define_method,ext/cbor/buffer_class.c,509,ext/cbor/buffer_class.c,463,resolved,Buffer_io,0.5.10.1,cbor:ext/cbor/buffer_class.c:509:io,['ext/cbor']
cbor,0.5.10.1,flush,cMessagePack_Buffer,Buffer_flush,0,rb_define_method,ext/cbor/buffer_class.c,510,ext/cbor/buffer_class.c,456,resolved,Buffer_flush,0.5.10.1,cbor:ext/cbor/buffer_class.c:510:flush,['ext/cbor']
cbor,0.5.10.1,close,cMessagePack_Buffer,Buffer_close,0,rb_define_method,ext/cbor/buffer_class.c,511,ext/cbor/buffer_class.c,469,resolved,Buffer_close,0.5.10.1,cbor:ext/cbor/buffer_class.c:511:close,['ext/cbor']
cbor,0.5.10.1,write_to,cMessagePack_Buffer,Buffer_write_to,1,rb_define_method,ext/cbor/buffer_class.c,512,ext/cbor/buffer_class.c,478,resolved,Buffer_write_to,0.5.10.1,cbor:ext/cbor/buffer_class.c:512:write_to,['ext/cbor']
cbor,0.5.10.1,to_str,cMessagePack_Buffer,Buffer_to_str,0,rb_define_method,ext/cbor/buffer_class.c,513,ext/cbor/buffer_class.c,444,resolved,Buffer_to_str,0.5.10.1,cbor:ext/cbor/buffer_class.c:513:to_str,['ext/cbor']
cbor,0.5.10.1,to_a,cMessagePack_Buffer,Buffer_to_a,0,rb_define_method,ext/cbor/buffer_class.c,515,ext/cbor/buffer_class.c,450,resolved,Buffer_to_a,0.5.10.1,cbor:ext/cbor/buffer_class.c:515:to_a,['ext/cbor']
cbor,0.5.10.1,to_cbor,rb_cNilClass,NilClass_to_msgpack,-1,rb_define_method,ext/cbor/core_ext.c,178,ext/cbor/core_ext.c,55,resolved,NilClass_to_msgpack,0.5.10.1,cbor:ext/cbor/core_ext.c:178:to_cbor,['ext/cbor']
cbor,0.5.10.1,to_cbor,rb_cTrueClass,TrueClass_to_msgpack,-1,rb_define_method,ext/cbor/core_ext.c,179,ext/cbor/core_ext.c,62,resolved,TrueClass_to_msgpack,0.5.10.1,cbor:ext/cbor/core_ext.c:179:to_cbor,['ext/cbor']
cbor,0.5.10.1,to_cbor,rb_cFalseClass,FalseClass_to_msgpack,-1,rb_define_method,ext/cbor/core_ext.c,180,ext/cbor/core_ext.c,69,resolved,FalseClass_to_msgpack,0.5.10.1,cbor:ext/cbor/core_ext.c:180:to_cbor,['ext/cbor']
cbor,0.5.10.1,to_cbor,rb_cInteger,Integer_to_msgpack,-1,rb_define_method,ext/cbor/core_ext.c,182,ext/cbor/core_ext.c,78,resolved,Integer_to_msgpack,0.5.10.1,cbor:ext/cbor/core_ext.c:182:to_cbor,['ext/cbor']
cbor,0.5.10.1,to_cbor,rb_cFixnum,Fixnum_to_msgpack,-1,rb_define_method,ext/cbor/core_ext.c,184,ext/cbor/core_ext.c,90,resolved,Fixnum_to_msgpack,0.5.10.1,cbor:ext/cbor/core_ext.c:184:to_cbor,['ext/cbor']
cbor,0.5.10.1,to_cbor,rb_cBignum,Bignum_to_msgpack,-1,rb_define_method,ext/cbor/core_ext.c,185,ext/cbor/core_ext.c,97,resolved,Bignum_to_msgpack,0.5.10.1,cbor:ext/cbor/core_ext.c:185:to_cbor,['ext/cbor']
cbor,0.5.10.1,to_cbor,rb_cFloat,Float_to_msgpack,-1,rb_define_method,ext/cbor/core_ext.c,187,ext/cbor/core_ext.c,106,resolved,Float_to_msgpack,0.5.10.1,cbor:ext/cbor/core_ext.c:187:to_cbor,['ext/cbor']
cbor,0.5.10.1,to_cbor,rb_cString,String_to_msgpack,-1,rb_define_method,ext/cbor/core_ext.c,188,ext/cbor/core_ext.c,113,resolved,String_to_msgpack,0.5.10.1,cbor:ext/cbor/core_ext.c:188:to_cbor,['ext/cbor']
cbor,0.5.10.1,to_cbor,rb_cArray,Array_to_msgpack,-1,rb_define_method,ext/cbor/core_ext.c,189,ext/cbor/core_ext.c,120,resolved,Array_to_msgpack,0.5.10.1,cbor:ext/cbor/core_ext.c:189:to_cbor,['ext/cbor']
cbor,0.5.10.1,to_cbor,rb_cHash,Hash_to_msgpack,-1,rb_define_method,ext/cbor/core_ext.c,190,ext/cbor/core_ext.c,127,resolved,Hash_to_msgpack,0.5.10.1,cbor:ext/cbor/core_ext.c:190:to_cbor,['ext/cbor']
cbor,0.5.10.1,to_cbor,rb_cSymbol,Symbol_to_msgpack,-1,rb_define_method,ext/cbor/core_ext.c,191,ext/cbor/core_ext.c,134,resolved,Symbol_to_msgpack,0.5.10.1,cbor:ext/cbor/core_ext.c:191:to_cbor,['ext/cbor']
cbor,0.5.10.1,to_cbor,rb_cTime,Time_to_msgpack,-1,rb_define_method,ext/cbor/core_ext.c,192,ext/cbor/core_ext.c,169,resolved,Time_to_msgpack,0.5.10.1,cbor:ext/cbor/core_ext.c:192:to_cbor,['ext/cbor']
cbor,0.5.10.1,to_cbor,rb_cRegexp,Regexp_to_msgpack,-1,rb_define_method,ext/cbor/core_ext.c,193,ext/cbor/core_ext.c,155,resolved,Regexp_to_msgpack,0.5.10.1,cbor:ext/cbor/core_ext.c:193:to_cbor,['ext/cbor']
cbor,0.5.10.1,to_cbor,"rb_const_get(rb_cObject, rb_intern(""URI""))",URI_to_msgpack,-1,rb_define_method,ext/cbor/core_ext.c,195,ext/cbor/core_ext.c,162,resolved,URI_to_msgpack,0.5.10.1,cbor:ext/cbor/core_ext.c:195:to_cbor,['ext/cbor']
cbor,0.5.10.1,to_cbor,rb_cCBOR_Simple,Simple_to_msgpack,-1,rb_define_method,ext/cbor/core_ext.c,198,ext/cbor/core_ext.c,141,resolved,Simple_to_msgpack,0.5.10.1,cbor:ext/cbor/core_ext.c:198:to_cbor,['ext/cbor']
cbor,0.5.10.1,to_cbor,rb_cCBOR_Tagged,Tagged_to_msgpack,-1,rb_define_method,ext/cbor/core_ext.c,199,ext/cbor/core_ext.c,148,resolved,Tagged_to_msgpack,0.5.10.1,cbor:ext/cbor/core_ext.c:199:to_cbor,['ext/cbor']
cbor,0.5.10.1,<allocator>,cMessagePack_Packer,Packer_alloc,0,rb_define_alloc_func,ext/cbor/packer_class.c,273,ext/cbor/packer_class.c,58,resolved,Packer_alloc,0.5.10.1,cbor:ext/cbor/packer_class.c:273:<allocator>,['ext/cbor']
cbor,0.5.10.1,initialize,cMessagePack_Packer,Packer_initialize,-1,rb_define_method,ext/cbor/packer_class.c,275,ext/cbor/packer_class.c,71,resolved,Packer_initialize,0.5.10.1,cbor:ext/cbor/packer_class.c:275:initialize,['ext/cbor']
cbor,0.5.10.1,buffer,cMessagePack_Packer,Packer_buffer,0,rb_define_method,ext/cbor/packer_class.c,276,ext/cbor/packer_class.c,108,resolved,Packer_buffer,0.5.10.1,cbor:ext/cbor/packer_class.c:276:buffer,['ext/cbor']
cbor,0.5.10.1,write,cMessagePack_Packer,Packer_write,1,rb_define_method,ext/cbor/packer_class.c,277,ext/cbor/packer_class.c,114,resolved,Packer_write,0.5.10.1,cbor:ext/cbor/packer_class.c:277:write,['ext/cbor']
cbor,0.5.10.1,write_nil,cMessagePack_Packer,Packer_write_nil,0,rb_define_method,ext/cbor/packer_class.c,279,ext/cbor/packer_class.c,121,resolved,Packer_write_nil,0.5.10.1,cbor:ext/cbor/packer_class.c:279:write_nil,['ext/cbor']
cbor,0.5.10.1,write_array_header,cMessagePack_Packer,Packer_write_array_header,1,rb_define_method,ext/cbor/packer_class.c,280,ext/cbor/packer_class.c,128,resolved,Packer_write_array_header,0.5.10.1,cbor:ext/cbor/packer_class.c:280:write_array_header,['ext/cbor']
cbor,0.5.10.1,write_map_header,cMessagePack_Packer,Packer_write_map_header,1,rb_define_method,ext/cbor/packer_class.c,281,ext/cbor/packer_class.c,135,resolved,Packer_write_map_header,0.5.10.1,cbor:ext/cbor/packer_class.c:281:write_map_header,['ext/cbor']
cbor,0.5.10.1,flush,cMessagePack_Packer,Packer_flush,0,rb_define_method,ext/cbor/packer_class.c,282,ext/cbor/packer_class.c,142,resolved,Packer_flush,0.5.10.1,cbor:ext/cbor/packer_class.c:282:flush,['ext/cbor']
cbor,0.5.10.1,clear,cMessagePack_Packer,Packer_clear,0,rb_define_method,ext/cbor/packer_class.c,285,ext/cbor/packer_class.c,149,resolved,Packer_clear,0.5.10.1,cbor:ext/cbor/packer_class.c:285:clear,['ext/cbor']
cbor,0.5.10.1,size,cMessagePack_Packer,Packer_size,0,rb_define_method,ext/cbor/packer_class.c,286,ext/cbor/packer_class.c,156,resolved,Packer_size,0.5.10.1,cbor:ext/cbor/packer_class.c:286:size,['ext/cbor']
cbor,0.5.10.1,empty?,cMessagePack_Packer,Packer_empty_p,0,rb_define_method,ext/cbor/packer_class.c,287,ext/cbor/packer_class.c,163,resolved,Packer_empty_p,0.5.10.1,cbor:ext/cbor/packer_class.c:287:empty?,['ext/cbor']
cbor,0.5.10.1,write_to,cMessagePack_Packer,Packer_write_to,1,rb_define_method,ext/cbor/packer_class.c,288,ext/cbor/packer_class.c,185,resolved,Packer_write_to,0.5.10.1,cbor:ext/cbor/packer_class.c:288:write_to,['ext/cbor']
cbor,0.5.10.1,to_str,cMessagePack_Packer,Packer_to_str,0,rb_define_method,ext/cbor/packer_class.c,289,ext/cbor/packer_class.c,173,resolved,Packer_to_str,0.5.10.1,cbor:ext/cbor/packer_class.c:289:to_str,['ext/cbor']
cbor,0.5.10.1,to_a,cMessagePack_Packer,Packer_to_a,0,rb_define_method,ext/cbor/packer_class.c,291,ext/cbor/packer_class.c,179,resolved,Packer_to_a,0.5.10.1,cbor:ext/cbor/packer_class.c:291:to_a,['ext/cbor']
cbor,0.5.10.1,pack,mMessagePack,MessagePack_pack_module_method,-1,rb_define_module_function,ext/cbor/packer_class.c,300,ext/cbor/packer_class.c,258,resolved,MessagePack_pack_module_method,0.5.10.1,cbor:ext/cbor/packer_class.c:300:pack,['ext/cbor']
cbor,0.5.10.1,encode,mMessagePack,MessagePack_pack_module_method,-1,rb_define_module_function,ext/cbor/packer_class.c,301,ext/cbor/packer_class.c,258,resolved,MessagePack_pack_module_method,0.5.10.1,cbor:ext/cbor/packer_class.c:301:encode,['ext/cbor']
cbor,0.5.10.1,dump,mMessagePack,MessagePack_dump_module_method,-1,rb_define_module_function,ext/cbor/packer_class.c,302,ext/cbor/packer_class.c,252,resolved,MessagePack_dump_module_method,0.5.10.1,cbor:ext/cbor/packer_class.c:302:dump,['ext/cbor']
cbor,0.5.10.1,<allocator>,cMessagePack_Unpacker,Unpacker_alloc,0,rb_define_alloc_func,ext/cbor/unpacker_class.c,402,ext/cbor/unpacker_class.c,58,resolved,Unpacker_alloc,0.5.10.1,cbor:ext/cbor/unpacker_class.c:402:<allocator>,['ext/cbor']
cbor,0.5.10.1,initialize,cMessagePack_Unpacker,Unpacker_initialize,-1,rb_define_method,ext/cbor/unpacker_class.c,404,ext/cbor/unpacker_class.c,70,resolved,Unpacker_initialize,0.5.10.1,cbor:ext/cbor/unpacker_class.c:404:initialize,['ext/cbor']
cbor,0.5.10.1,buffer,cMessagePack_Unpacker,Unpacker_buffer,0,rb_define_method,ext/cbor/unpacker_class.c,405,ext/cbor/unpacker_class.c,128,resolved,Unpacker_buffer,0.5.10.1,cbor:ext/cbor/unpacker_class.c:405:buffer,['ext/cbor']
cbor,0.5.10.1,read,cMessagePack_Unpacker,Unpacker_read,0,rb_define_method,ext/cbor/unpacker_class.c,406,ext/cbor/unpacker_class.c,134,resolved,Unpacker_read,0.5.10.1,cbor:ext/cbor/unpacker_class.c:406:read,['ext/cbor']
cbor,0.5.10.1,skip,cMessagePack_Unpacker,Unpacker_skip,0,rb_define_method,ext/cbor/unpacker_class.c,408,ext/cbor/unpacker_class.c,146,resolved,Unpacker_skip,0.5.10.1,cbor:ext/cbor/unpacker_class.c:408:skip,['ext/cbor']
cbor,0.5.10.1,skip_nil,cMessagePack_Unpacker,Unpacker_skip_nil,0,rb_define_method,ext/cbor/unpacker_class.c,409,ext/cbor/unpacker_class.c,158,resolved,Unpacker_skip_nil,0.5.10.1,cbor:ext/cbor/unpacker_class.c:409:skip_nil,['ext/cbor']
cbor,0.5.10.1,read_array_header,cMessagePack_Unpacker,Unpacker_read_array_header,0,rb_define_method,ext/cbor/unpacker_class.c,410,ext/cbor/unpacker_class.c,173,resolved,Unpacker_read_array_header,0.5.10.1,cbor:ext/cbor/unpacker_class.c:410:read_array_header,['ext/cbor']
cbor,0.5.10.1,read_map_header,cMessagePack_Unpacker,Unpacker_read_map_header,0,rb_define_method,ext/cbor/unpacker_class.c,411,ext/cbor/unpacker_class.c,186,resolved,Unpacker_read_map_header,0.5.10.1,cbor:ext/cbor/unpacker_class.c:411:read_map_header,['ext/cbor']
cbor,0.5.10.1,feed,cMessagePack_Unpacker,Unpacker_feed,1,rb_define_method,ext/cbor/unpacker_class.c,413,ext/cbor/unpacker_class.c,230,resolved,Unpacker_feed,0.5.10.1,cbor:ext/cbor/unpacker_class.c:413:feed,['ext/cbor']
cbor,0.5.10.1,each,cMessagePack_Unpacker,Unpacker_each,0,rb_define_method,ext/cbor/unpacker_class.c,414,ext/cbor/unpacker_class.c,271,resolved,Unpacker_each,0.5.10.1,cbor:ext/cbor/unpacker_class.c:414:each,['ext/cbor']
cbor,0.5.10.1,feed_each,cMessagePack_Unpacker,Unpacker_feed_each,1,rb_define_method,ext/cbor/unpacker_class.c,415,ext/cbor/unpacker_class.c,289,resolved,Unpacker_feed_each,0.5.10.1,cbor:ext/cbor/unpacker_class.c:415:feed_each,['ext/cbor']
cbor,0.5.10.1,reset,cMessagePack_Unpacker,Unpacker_reset,0,rb_define_method,ext/cbor/unpacker_class.c,416,ext/cbor/unpacker_class.c,296,resolved,Unpacker_reset,0.5.10.1,cbor:ext/cbor/unpacker_class.c:416:reset,['ext/cbor']
cbor,0.5.10.1,load,mMessagePack,MessagePack_load_module_method,-1,rb_define_module_function,ext/cbor/unpacker_class.c,425,ext/cbor/unpacker_class.c,376,resolved,MessagePack_load_module_method,0.5.10.1,cbor:ext/cbor/unpacker_class.c:425:load,['ext/cbor']
cbor,0.5.10.1,unpack,mMessagePack,MessagePack_unpack_module_method,-1,rb_define_module_function,ext/cbor/unpacker_class.c,426,ext/cbor/unpacker_class.c,382,resolved,MessagePack_unpack_module_method,0.5.10.1,cbor:ext/cbor/unpacker_class.c:426:unpack,['ext/cbor']
cbor,0.5.10.1,decode,mMessagePack,MessagePack_unpack_module_method,-1,rb_define_module_function,ext/cbor/unpacker_class.c,427,ext/cbor/unpacker_class.c,382,resolved,MessagePack_unpack_module_method,0.5.10.1,cbor:ext/cbor/unpacker_class.c:427:decode,['ext/cbor']
cgi,0.5.1,escapeHTML,rb_mEscapeExt,cgiesc_escape_html,1,rb_define_method,ext/cgi/escape/escape.c,477,ext/cgi/escape/escape.c,333,resolved,cgiesc_escape_html,0.5.1,cgi:ext/cgi/escape/escape.c:477:escapeHTML,['ext/cgi/escape']
cgi,0.5.1,unescapeHTML,rb_mEscapeExt,cgiesc_unescape_html,1,rb_define_method,ext/cgi/escape/escape.c,478,ext/cgi/escape/escape.c,353,resolved,cgiesc_unescape_html,0.5.1,cgi:ext/cgi/escape/escape.c:478:unescapeHTML,['ext/cgi/escape']
cgi,0.5.1,escapeURIComponent,rb_mEscapeExt,cgiesc_escape_uri_component,1,rb_define_method,ext/cgi/escape/escape.c,479,ext/cgi/escape/escape.c,424,resolved,cgiesc_escape_uri_component,0.5.1,cgi:ext/cgi/escape/escape.c:479:escapeURIComponent,['ext/cgi/escape']
cgi,0.5.1,unescapeURIComponent,rb_mEscapeExt,cgiesc_unescape_uri_component,-1,rb_define_method,ext/cgi/escape/escape.c,481,ext/cgi/escape/escape.c,444,resolved,cgiesc_unescape_uri_component,0.5.1,cgi:ext/cgi/escape/escape.c:481:unescapeURIComponent,['ext/cgi/escape']
cgi,0.5.1,escape,rb_mEscapeExt,cgiesc_escape,1,rb_define_method,ext/cgi/escape/escape.c,483,ext/cgi/escape/escape.c,373,resolved,cgiesc_escape,0.5.1,cgi:ext/cgi/escape/escape.c:483:escape,['ext/cgi/escape']
cgi,0.5.1,unescape,rb_mEscapeExt,cgiesc_unescape,-1,rb_define_method,ext/cgi/escape/escape.c,484,ext/cgi/escape/escape.c,401,resolved,cgiesc_unescape,0.5.1,cgi:ext/cgi/escape/escape.c:484:unescape,['ext/cgi/escape']
character_set,1.8.0,<allocator>,cs,cs_method_allocate,0,rb_define_alloc_func,ext/character_set/character_set.c,1291,ext/character_set/character_set.c,133,resolved,cs_method_allocate,1.8.0,character_set:ext/character_set/character_set.c:1291:<allocator>,['ext/character_set']
character_set,1.8.0,each,cs,cs_method_each,0,rb_define_method,ext/character_set/character_set.c,1295,ext/character_set/character_set.c,179,resolved,cs_method_each,1.8.0,character_set:ext/character_set/character_set.c:1295:each,['ext/character_set']
character_set,1.8.0,to_a,cs,cs_method_to_a,-1,rb_define_method,ext/character_set/character_set.c,1296,ext/character_set/character_set.c,189,resolved,cs_method_to_a,1.8.0,character_set:ext/character_set/character_set.c:1296:to_a,['ext/character_set']
character_set,1.8.0,length,cs,cs_method_length,0,rb_define_method,ext/character_set/character_set.c,1297,ext/character_set/character_set.c,167,resolved,cs_method_length,1.8.0,character_set:ext/character_set/character_set.c:1297:length,['ext/character_set']
character_set,1.8.0,size,cs,cs_method_length,0,rb_define_method,ext/character_set/character_set.c,1298,ext/character_set/character_set.c,167,resolved,cs_method_length,1.8.0,character_set:ext/character_set/character_set.c:1298:size,['ext/character_set']
character_set,1.8.0,empty?,cs,cs_method_empty_p,0,rb_define_method,ext/character_set/character_set.c,1299,ext/character_set/character_set.c,210,resolved,cs_method_empty_p,1.8.0,character_set:ext/character_set/character_set.c:1299:empty?,['ext/character_set']
character_set,1.8.0,hash,cs,cs_method_hash,0,rb_define_method,ext/character_set/character_set.c,1300,ext/character_set/character_set.c,217,resolved,cs_method_hash,1.8.0,character_set:ext/character_set/character_set.c:1300:hash,['ext/character_set']
character_set,1.8.0,keep_if,cs,cs_method_keep_if,0,rb_define_method,ext/character_set/character_set.c,1301,ext/character_set/character_set.c,264,resolved,cs_method_keep_if,1.8.0,character_set:ext/character_set/character_set.c:1301:keep_if,['ext/character_set']
character_set,1.8.0,delete_if,cs,cs_method_delete_if,0,rb_define_method,ext/character_set/character_set.c,1302,ext/character_set/character_set.c,257,resolved,cs_method_delete_if,1.8.0,character_set:ext/character_set/character_set.c:1302:delete_if,['ext/character_set']
character_set,1.8.0,clear,cs,cs_method_clear,0,rb_define_method,ext/character_set/character_set.c,1303,ext/character_set/character_set.c,271,resolved,cs_method_clear,1.8.0,character_set:ext/character_set/character_set.c:1303:clear,['ext/character_set']
character_set,1.8.0,min,cs,cs_method_min,0,rb_define_method,ext/character_set/character_set.c,1304,ext/character_set/character_set.c,281,resolved,cs_method_min,1.8.0,character_set:ext/character_set/character_set.c:1304:min,['ext/character_set']
character_set,1.8.0,max,cs,cs_method_max,0,rb_define_method,ext/character_set/character_set.c,1305,ext/character_set/character_set.c,288,resolved,cs_method_max,1.8.0,character_set:ext/character_set/character_set.c:1305:max,['ext/character_set']
character_set,1.8.0,minmax,cs,cs_method_minmax,0,rb_define_method,ext/character_set/character_set.c,1306,ext/character_set/character_set.c,305,resolved,cs_method_minmax,1.8.0,character_set:ext/character_set/character_set.c:1306:minmax,['ext/character_set']
character_set,1.8.0,intersection,cs,cs_method_intersection,1,rb_define_method,ext/character_set/character_set.c,1307,ext/character_set/character_set.c,335,resolved,cs_method_intersection,1.8.0,character_set:ext/character_set/character_set.c:1307:intersection,['ext/character_set']
character_set,1.8.0,&,cs,cs_method_intersection,1,rb_define_method,ext/character_set/character_set.c,1308,ext/character_set/character_set.c,335,resolved,cs_method_intersection,1.8.0,character_set:ext/character_set/character_set.c:1308:&,['ext/character_set']
character_set,1.8.0,union,cs,cs_method_union,1,rb_define_method,ext/character_set/character_set.c,1309,ext/character_set/character_set.c,347,resolved,cs_method_union,1.8.0,character_set:ext/character_set/character_set.c:1309:union,['ext/character_set']
character_set,1.8.0,+,cs,cs_method_union,1,rb_define_method,ext/character_set/character_set.c,1310,ext/character_set/character_set.c,347,resolved,cs_method_union,1.8.0,character_set:ext/character_set/character_set.c:1310:+,['ext/character_set']
character_set,1.8.0,|,cs,cs_method_union,1,rb_define_method,ext/character_set/character_set.c,1311,ext/character_set/character_set.c,347,resolved,cs_method_union,1.8.0,character_set:ext/character_set/character_set.c:1311:|,['ext/character_set']
character_set,1.8.0,difference,cs,cs_method_difference,1,rb_define_method,ext/character_set/character_set.c,1312,ext/character_set/character_set.c,353,resolved,cs_method_difference,1.8.0,character_set:ext/character_set/character_set.c:1312:difference,['ext/character_set']
character_set,1.8.0,-,cs,cs_method_difference,1,rb_define_method,ext/character_set/character_set.c,1313,ext/character_set/character_set.c,353,resolved,cs_method_difference,1.8.0,character_set:ext/character_set/character_set.c:1313:-,['ext/character_set']
character_set,1.8.0,^,cs,cs_method_exclusion,1,rb_define_method,ext/character_set/character_set.c,1314,ext/character_set/character_set.c,341,resolved,cs_method_exclusion,1.8.0,character_set:ext/character_set/character_set.c:1314:^,['ext/character_set']
character_set,1.8.0,include?,cs,cs_method_include_p,1,rb_define_method,ext/character_set/character_set.c,1315,ext/character_set/character_set.c,359,resolved,cs_method_include_p,1.8.0,character_set:ext/character_set/character_set.c:1315:include?,['ext/character_set']
character_set,1.8.0,member?,cs,cs_method_include_p,1,rb_define_method,ext/character_set/character_set.c,1316,ext/character_set/character_set.c,359,resolved,cs_method_include_p,1.8.0,character_set:ext/character_set/character_set.c:1316:member?,['ext/character_set']
character_set,1.8.0,===,cs,cs_method_include_p,1,rb_define_method,ext/character_set/character_set.c,1317,ext/character_set/character_set.c,359,resolved,cs_method_include_p,1.8.0,character_set:ext/character_set/character_set.c:1317:===,['ext/character_set']
character_set,1.8.0,add,cs,cs_method_add,1,rb_define_method,ext/character_set/character_set.c,1318,ext/character_set/character_set.c,395,resolved,cs_method_add,1.8.0,character_set:ext/character_set/character_set.c:1318:add,['ext/character_set']
character_set,1.8.0,<<,cs,cs_method_add,1,rb_define_method,ext/character_set/character_set.c,1319,ext/character_set/character_set.c,395,resolved,cs_method_add,1.8.0,character_set:ext/character_set/character_set.c:1319:<<,['ext/character_set']
character_set,1.8.0,add?,cs,cs_method_add_p,1,rb_define_method,ext/character_set/character_set.c,1320,ext/character_set/character_set.c,401,resolved,cs_method_add_p,1.8.0,character_set:ext/character_set/character_set.c:1320:add?,['ext/character_set']
character_set,1.8.0,delete,cs,cs_method_delete,1,rb_define_method,ext/character_set/character_set.c,1321,ext/character_set/character_set.c,407,resolved,cs_method_delete,1.8.0,character_set:ext/character_set/character_set.c:1321:delete,['ext/character_set']
character_set,1.8.0,delete?,cs,cs_method_delete_p,1,rb_define_method,ext/character_set/character_set.c,1322,ext/character_set/character_set.c,413,resolved,cs_method_delete_p,1.8.0,character_set:ext/character_set/character_set.c:1322:delete?,['ext/character_set']
character_set,1.8.0,intersect?,cs,cs_method_intersect_p,1,rb_define_method,ext/character_set/character_set.c,1323,ext/character_set/character_set.c,419,resolved,cs_method_intersect_p,1.8.0,character_set:ext/character_set/character_set.c:1323:intersect?,['ext/character_set']
character_set,1.8.0,disjoint?,cs,cs_method_disjoint_p,1,rb_define_method,ext/character_set/character_set.c,1324,ext/character_set/character_set.c,436,resolved,cs_method_disjoint_p,1.8.0,character_set:ext/character_set/character_set.c:1324:disjoint?,['ext/character_set']
character_set,1.8.0,eql?,cs,cs_method_eql_p,1,rb_define_method,ext/character_set/character_set.c,1325,ext/character_set/character_set.c,465,resolved,cs_method_eql_p,1.8.0,character_set:ext/character_set/character_set.c:1325:eql?,['ext/character_set']
character_set,1.8.0,==,cs,cs_method_eql_p,1,rb_define_method,ext/character_set/character_set.c,1326,ext/character_set/character_set.c,465,resolved,cs_method_eql_p,1.8.0,character_set:ext/character_set/character_set.c:1326:==,['ext/character_set']
character_set,1.8.0,merge,cs,cs_method_merge,1,rb_define_method,ext/character_set/character_set.c,1327,ext/character_set/character_set.c,568,resolved,cs_method_merge,1.8.0,character_set:ext/character_set/character_set.c:1327:merge,['ext/character_set']
character_set,1.8.0,initialize_clone,cs,cs_method_initialize_copy,1,rb_define_method,ext/character_set/character_set.c,1328,ext/character_set/character_set.c,583,resolved,cs_method_initialize_copy,1.8.0,character_set:ext/character_set/character_set.c:1328:initialize_clone,['ext/character_set']
character_set,1.8.0,initialize_dup,cs,cs_method_initialize_copy,1,rb_define_method,ext/character_set/character_set.c,1329,ext/character_set/character_set.c,583,resolved,cs_method_initialize_copy,1.8.0,character_set:ext/character_set/character_set.c:1329:initialize_dup,['ext/character_set']
character_set,1.8.0,subtract,cs,cs_method_subtract,1,rb_define_method,ext/character_set/character_set.c,1330,ext/character_set/character_set.c,590,resolved,cs_method_subtract,1.8.0,character_set:ext/character_set/character_set.c:1330:subtract,['ext/character_set']
character_set,1.8.0,subset?,cs,cs_method_subset_p,1,rb_define_method,ext/character_set/character_set.c,1331,ext/character_set/character_set.c,650,resolved,cs_method_subset_p,1.8.0,character_set:ext/character_set/character_set.c:1331:subset?,['ext/character_set']
character_set,1.8.0,<=,cs,cs_method_subset_p,1,rb_define_method,ext/character_set/character_set.c,1332,ext/character_set/character_set.c,650,resolved,cs_method_subset_p,1.8.0,character_set:ext/character_set/character_set.c:1332:<=,['ext/character_set']
character_set,1.8.0,proper_subset?,cs,cs_method_proper_subset_p,1,rb_define_method,ext/character_set/character_set.c,1333,ext/character_set/character_set.c,656,resolved,cs_method_proper_subset_p,1.8.0,character_set:ext/character_set/character_set.c:1333:proper_subset?,['ext/character_set']
character_set,1.8.0,<,cs,cs_method_proper_subset_p,1,rb_define_method,ext/character_set/character_set.c,1334,ext/character_set/character_set.c,656,resolved,cs_method_proper_subset_p,1.8.0,character_set:ext/character_set/character_set.c:1334:<,['ext/character_set']
character_set,1.8.0,superset?,cs,cs_method_superset_p,1,rb_define_method,ext/character_set/character_set.c,1335,ext/character_set/character_set.c,664,resolved,cs_method_superset_p,1.8.0,character_set:ext/character_set/character_set.c:1335:superset?,['ext/character_set']
character_set,1.8.0,>=,cs,cs_method_superset_p,1,rb_define_method,ext/character_set/character_set.c,1336,ext/character_set/character_set.c,664,resolved,cs_method_superset_p,1.8.0,character_set:ext/character_set/character_set.c:1336:>=,['ext/character_set']
character_set,1.8.0,proper_superset?,cs,cs_method_proper_superset_p,1,rb_define_method,ext/character_set/character_set.c,1337,ext/character_set/character_set.c,670,resolved,cs_method_proper_superset_p,1.8.0,character_set:ext/character_set/character_set.c:1337:proper_superset?,['ext/character_set']
character_set,1.8.0,>,cs,cs_method_proper_superset_p,1,rb_define_method,ext/character_set/character_set.c,1338,ext/character_set/character_set.c,670,resolved,cs_method_proper_superset_p,1.8.0,character_set:ext/character_set/character_set.c:1338:>,['ext/character_set']
character_set,1.8.0,<=>,cs,cs_method_spaceship_operator,1,rb_define_method,ext/character_set/character_set.c,1339,ext/character_set/character_set.c,678,resolved,cs_method_spaceship_operator,1.8.0,character_set:ext/character_set/character_set.c:1339:<=>,['ext/character_set']
character_set,1.8.0,from_ranges,cs,cs_class_method_from_ranges,-2,rb_define_singleton_method,ext/character_set/character_set.c,1343,ext/character_set/character_set.c,694,resolved,cs_class_method_from_ranges,1.8.0,character_set:ext/character_set/character_set.c:1343:from_ranges,['ext/character_set']
character_set,1.8.0,of_string,cs,cs_class_method_of_string,1,rb_define_singleton_method,ext/character_set/character_set.c,1344,ext/character_set/character_set.c,1071,resolved,cs_class_method_of_string,1.8.0,character_set:ext/character_set/character_set.c:1344:of_string,['ext/character_set']
character_set,1.8.0,ranges,cs,cs_method_ranges,0,rb_define_method,ext/character_set/character_set.c,1346,ext/character_set/character_set.c,707,resolved,cs_method_ranges,1.8.0,character_set:ext/character_set/character_set.c:1346:ranges,['ext/character_set']
character_set,1.8.0,sample,cs,cs_method_sample,-1,rb_define_method,ext/character_set/character_set.c,1347,ext/character_set/character_set.c,738,resolved,cs_method_sample,1.8.0,character_set:ext/character_set/character_set.c:1347:sample,['ext/character_set']
character_set,1.8.0,ext_section,cs,cs_method_ext_section,2,rb_define_method,ext/character_set/character_set.c,1348,ext/character_set/character_set.c,766,resolved,cs_method_ext_section,1.8.0,character_set:ext/character_set/character_set.c:1348:ext_section,['ext/character_set']
character_set,1.8.0,ext_count_in_section,cs,cs_method_ext_count_in_section,2,rb_define_method,ext/character_set/character_set.c,1349,ext/character_set/character_set.c,788,resolved,cs_method_ext_count_in_section,1.8.0,character_set:ext/character_set/character_set.c:1349:ext_count_in_section,['ext/character_set']
character_set,1.8.0,ext_section?,cs,cs_method_ext_section_p,2,rb_define_method,ext/character_set/character_set.c,1350,ext/character_set/character_set.c,810,resolved,cs_method_ext_section_p,1.8.0,character_set:ext/character_set/character_set.c:1350:ext_section?,['ext/character_set']
character_set,1.8.0,ext_section_ratio,cs,cs_method_ext_section_ratio,2,rb_define_method,ext/character_set/character_set.c,1351,ext/character_set/character_set.c,828,resolved,cs_method_ext_section_ratio,1.8.0,character_set:ext/character_set/character_set.c:1351:ext_section_ratio,['ext/character_set']
character_set,1.8.0,planes,cs,cs_method_planes,0,rb_define_method,ext/character_set/character_set.c,1352,ext/character_set/character_set.c,848,resolved,cs_method_planes,1.8.0,character_set:ext/character_set/character_set.c:1352:planes,['ext/character_set']
character_set,1.8.0,plane,cs,cs_method_plane,1,rb_define_method,ext/character_set/character_set.c,1353,ext/character_set/character_set.c,880,resolved,cs_method_plane,1.8.0,character_set:ext/character_set/character_set.c:1353:plane,['ext/character_set']
character_set,1.8.0,member_in_plane?,cs,cs_method_member_in_plane_p,1,rb_define_method,ext/character_set/character_set.c,1354,ext/character_set/character_set.c,890,resolved,cs_method_member_in_plane_p,1.8.0,character_set:ext/character_set/character_set.c:1354:member_in_plane?,['ext/character_set']
character_set,1.8.0,ext_inversion,cs,cs_method_ext_inversion,-1,rb_define_method,ext/character_set/character_set.c,1355,ext/character_set/character_set.c,903,resolved,cs_method_ext_inversion,1.8.0,character_set:ext/character_set/character_set.c:1355:ext_inversion,['ext/character_set']
character_set,1.8.0,case_insensitive,cs,cs_method_case_insensitive,0,rb_define_method,ext/character_set/character_set.c,1356,ext/character_set/character_set.c,939,resolved,cs_method_case_insensitive,1.8.0,character_set:ext/character_set/character_set.c:1356:case_insensitive,['ext/character_set']
character_set,1.8.0,count_in,cs,cs_method_count_in,1,rb_define_method,ext/character_set/character_set.c,1357,ext/character_set/character_set.c,1093,resolved,cs_method_count_in,1.8.0,character_set:ext/character_set/character_set.c:1357:count_in,['ext/character_set']
character_set,1.8.0,cover?,cs,cs_method_cover_p,1,rb_define_method,ext/character_set/character_set.c,1358,ext/character_set/character_set.c,1111,resolved,cs_method_cover_p,1.8.0,character_set:ext/character_set/character_set.c:1358:cover?,['ext/character_set']
character_set,1.8.0,delete_in,cs,cs_method_delete_in,1,rb_define_method,ext/character_set/character_set.c,1359,ext/character_set/character_set.c,1249,resolved,cs_method_delete_in,1.8.0,character_set:ext/character_set/character_set.c:1359:delete_in,['ext/character_set']
character_set,1.8.0,delete_in!,cs,cs_method_delete_in_bang,1,rb_define_method,ext/character_set/character_set.c,1360,ext/character_set/character_set.c,1255,resolved,cs_method_delete_in_bang,1.8.0,character_set:ext/character_set/character_set.c:1360:delete_in!,['ext/character_set']
character_set,1.8.0,keep_in,cs,cs_method_keep_in,1,rb_define_method,ext/character_set/character_set.c,1361,ext/character_set/character_set.c,1261,resolved,cs_method_keep_in,1.8.0,character_set:ext/character_set/character_set.c:1361:keep_in,['ext/character_set']
character_set,1.8.0,keep_in!,cs,cs_method_keep_in_bang,1,rb_define_method,ext/character_set/character_set.c,1362,ext/character_set/character_set.c,1267,resolved,cs_method_keep_in_bang,1.8.0,character_set:ext/character_set/character_set.c:1362:keep_in!,['ext/character_set']
character_set,1.8.0,scan,cs,cs_method_scan,1,rb_define_method,ext/character_set/character_set.c,1363,ext/character_set/character_set.c,1130,resolved,cs_method_scan,1.8.0,character_set:ext/character_set/character_set.c:1363:scan,['ext/character_set']
character_set,1.8.0,used_by?,cs,cs_method_used_by_p,1,rb_define_method,ext/character_set/character_set.c,1364,ext/character_set/character_set.c,1148,resolved,cs_method_used_by_p,1.8.0,character_set:ext/character_set/character_set.c:1364:used_by?,['ext/character_set']
character_set,1.8.0,allocated_length,cs,cs_method_allocated_length,0,rb_define_method,ext/character_set/character_set.c,1365,ext/character_set/character_set.c,1273,resolved,cs_method_allocated_length,1.8.0,character_set:ext/character_set/character_set.c:1365:allocated_length,['ext/character_set']
charlock_holmes,0.7.9,convert,rb_cConverter,rb_converter_convert,3,rb_define_singleton_method,ext/charlock_holmes/converter.c,56,ext/charlock_holmes/converter.c,7,resolved,rb_converter_convert,0.7.9,charlock_holmes:ext/charlock_holmes/converter.c:56:convert,['ext/charlock_holmes']
charlock_holmes,0.7.9,<allocator>,rb_cEncodingDetector,rb_encdec__alloc,0,rb_define_alloc_func,ext/charlock_holmes/encoding_detector.c,376,ext/charlock_holmes/encoding_detector.c,356,resolved,rb_encdec__alloc,0.7.9,charlock_holmes:ext/charlock_holmes/encoding_detector.c:376:<allocator>,['ext/charlock_holmes']
charlock_holmes,0.7.9,is_binary?,rb_cEncodingDetector,rb_encdec_is_binary,1,rb_define_method,ext/charlock_holmes/encoding_detector.c,377,ext/charlock_holmes/encoding_detector.c,160,resolved,rb_encdec_is_binary,0.7.9,charlock_holmes:ext/charlock_holmes/encoding_detector.c:377:is_binary?,['ext/charlock_holmes']
charlock_holmes,0.7.9,detect,rb_cEncodingDetector,rb_encdec_detect,-1,rb_define_method,ext/charlock_holmes/encoding_detector.c,378,ext/charlock_holmes/encoding_detector.c,179,resolved,rb_encdec_detect,0.7.9,charlock_holmes:ext/charlock_holmes/encoding_detector.c:378:detect,['ext/charlock_holmes']
charlock_holmes,0.7.9,detect_all,rb_cEncodingDetector,rb_encdec_detect_all,-1,rb_define_method,ext/charlock_holmes/encoding_detector.c,379,ext/charlock_holmes/encoding_detector.c,223,resolved,rb_encdec_detect_all,0.7.9,charlock_holmes:ext/charlock_holmes/encoding_detector.c:379:detect_all,['ext/charlock_holmes']
charlock_holmes,0.7.9,strip_tags,rb_cEncodingDetector,rb_get_strip_tags,0,rb_define_method,ext/charlock_holmes/encoding_detector.c,380,ext/charlock_holmes/encoding_detector.c,273,resolved,rb_get_strip_tags,0.7.9,charlock_holmes:ext/charlock_holmes/encoding_detector.c:380:strip_tags,['ext/charlock_holmes']
charlock_holmes,0.7.9,strip_tags=,rb_cEncodingDetector,rb_set_strip_tags,1,rb_define_method,ext/charlock_holmes/encoding_detector.c,381,ext/charlock_holmes/encoding_detector.c,296,resolved,rb_set_strip_tags,0.7.9,charlock_holmes:ext/charlock_holmes/encoding_detector.c:381:strip_tags=,['ext/charlock_holmes']
charlock_holmes,0.7.9,supported_encodings,rb_cEncodingDetector,rb_get_supported_encodings,0,rb_define_singleton_method,ext/charlock_holmes/encoding_detector.c,383,ext/charlock_holmes/encoding_detector.c,317,resolved,rb_get_supported_encodings,0.7.9,charlock_holmes:ext/charlock_holmes/encoding_detector.c:383:supported_encodings,['ext/charlock_holmes']
charlock_holmes,0.7.9,id_list,rb_cTransliterator,rb_transliterator_id_list,0,rb_define_singleton_method,ext/charlock_holmes/transliterator.cpp,126,ext/charlock_holmes/transliterator.cpp,37,resolved,(VALUE(*)(...))rb_transliterator_id_list,0.7.9,charlock_holmes:ext/charlock_holmes/transliterator.cpp:126:id_list,['ext/charlock_holmes']
charlock_holmes,0.7.9,transliterate,rb_cTransliterator,rb_transliterator_transliterate,2,rb_define_singleton_method,ext/charlock_holmes/transliterator.cpp,127,ext/charlock_holmes/transliterator.cpp,78,resolved,(VALUE(*)(...))rb_transliterator_transliterate,0.7.9,charlock_holmes:ext/charlock_holmes/transliterator.cpp:127:transliterate,['ext/charlock_holmes']
commonmarker,0.23.12,extensions,module,rb_extensions,0,rb_define_singleton_method,ext/commonmarker/commonmarker.c,1254,ext/commonmarker/commonmarker.c,1207,resolved,rb_extensions,0.23.12,commonmarker:ext/commonmarker/commonmarker.c:1254:extensions,['ext/commonmarker']
commonmarker,0.23.12,markdown_to_html,rb_cNode,rb_markdown_to_html,3,rb_define_singleton_method,ext/commonmarker/commonmarker.c,1258,ext/commonmarker/commonmarker.c,155,resolved,rb_markdown_to_html,0.23.12,commonmarker:ext/commonmarker/commonmarker.c:1258:markdown_to_html,['ext/commonmarker']
commonmarker,0.23.12,markdown_to_xml,rb_cNode,rb_markdown_to_xml,3,rb_define_singleton_method,ext/commonmarker/commonmarker.c,1260,ext/commonmarker/commonmarker.c,184,resolved,rb_markdown_to_xml,0.23.12,commonmarker:ext/commonmarker/commonmarker.c:1260:markdown_to_xml,['ext/commonmarker']
commonmarker,0.23.12,new,rb_cNode,rb_node_new,1,rb_define_singleton_method,ext/commonmarker/commonmarker.c,1262,ext/commonmarker/commonmarker.c,233,resolved,rb_node_new,0.23.12,commonmarker:ext/commonmarker/commonmarker.c:1262:new,['ext/commonmarker']
commonmarker,0.23.12,parse_document,rb_cNode,rb_parse_document,4,rb_define_singleton_method,ext/commonmarker/commonmarker.c,1263,ext/commonmarker/commonmarker.c,294,resolved,rb_parse_document,0.23.12,commonmarker:ext/commonmarker/commonmarker.c:1263:parse_document,['ext/commonmarker']
commonmarker,0.23.12,string_content,rb_cNode,rb_node_get_string_content,0,rb_define_method,ext/commonmarker/commonmarker.c,1264,ext/commonmarker/commonmarker.c,324,resolved,rb_node_get_string_content,0.23.12,commonmarker:ext/commonmarker/commonmarker.c:1264:string_content,['ext/commonmarker']
commonmarker,0.23.12,string_content=,rb_cNode,rb_node_set_string_content,1,rb_define_method,ext/commonmarker/commonmarker.c,1265,ext/commonmarker/commonmarker.c,344,resolved,rb_node_set_string_content,0.23.12,commonmarker:ext/commonmarker/commonmarker.c:1265:string_content=,['ext/commonmarker']
commonmarker,0.23.12,type,rb_cNode,rb_node_get_type,0,rb_define_method,ext/commonmarker/commonmarker.c,1266,ext/commonmarker/commonmarker.c,364,resolved,rb_node_get_type,0.23.12,commonmarker:ext/commonmarker/commonmarker.c:1266:type,['ext/commonmarker']
commonmarker,0.23.12,type_string,rb_cNode,rb_node_get_type_string,0,rb_define_method,ext/commonmarker/commonmarker.c,1267,ext/commonmarker/commonmarker.c,478,resolved,rb_node_get_type_string,0.23.12,commonmarker:ext/commonmarker/commonmarker.c:1267:type_string,['ext/commonmarker']
commonmarker,0.23.12,sourcepos,rb_cNode,rb_node_get_sourcepos,0,rb_define_method,ext/commonmarker/commonmarker.c,1268,ext/commonmarker/commonmarker.c,452,resolved,rb_node_get_sourcepos,0.23.12,commonmarker:ext/commonmarker/commonmarker.c:1268:sourcepos,['ext/commonmarker']
commonmarker,0.23.12,delete,rb_cNode,rb_node_unlink,0,rb_define_method,ext/commonmarker/commonmarker.c,1269,ext/commonmarker/commonmarker.c,489,resolved,rb_node_unlink,0.23.12,commonmarker:ext/commonmarker/commonmarker.c:1269:delete,['ext/commonmarker']
commonmarker,0.23.12,first_child,rb_cNode,rb_node_first_child,0,rb_define_method,ext/commonmarker/commonmarker.c,1270,ext/commonmarker/commonmarker.c,504,resolved,rb_node_first_child,0.23.12,commonmarker:ext/commonmarker/commonmarker.c:1270:first_child,['ext/commonmarker']
commonmarker,0.23.12,next,rb_cNode,rb_node_next,0,rb_define_method,ext/commonmarker/commonmarker.c,1271,ext/commonmarker/commonmarker.c,517,resolved,rb_node_next,0.23.12,commonmarker:ext/commonmarker/commonmarker.c:1271:next,['ext/commonmarker']
commonmarker,0.23.12,insert_before,rb_cNode,rb_node_insert_before,1,rb_define_method,ext/commonmarker/commonmarker.c,1272,ext/commonmarker/commonmarker.c,534,resolved,rb_node_insert_before,0.23.12,commonmarker:ext/commonmarker/commonmarker.c:1272:insert_before,['ext/commonmarker']
commonmarker,0.23.12,_render_html,rb_cNode,rb_render_html,2,rb_define_method,ext/commonmarker/commonmarker.c,1273,ext/commonmarker/commonmarker.c,553,resolved,rb_render_html,0.23.12,commonmarker:ext/commonmarker/commonmarker.c:1273:_render_html,['ext/commonmarker']
commonmarker,0.23.12,_render_xml,rb_cNode,rb_render_xml,1,rb_define_method,ext/commonmarker/commonmarker.c,1274,ext/commonmarker/commonmarker.c,600,resolved,rb_render_xml,0.23.12,commonmarker:ext/commonmarker/commonmarker.c:1274:_render_xml,['ext/commonmarker']
commonmarker,0.23.12,_render_commonmark,rb_cNode,rb_render_commonmark,-1,rb_define_method,ext/commonmarker/commonmarker.c,1275,ext/commonmarker/commonmarker.c,621,resolved,rb_render_commonmark,0.23.12,commonmarker:ext/commonmarker/commonmarker.c:1275:_render_commonmark,['ext/commonmarker']
commonmarker,0.23.12,_render_plaintext,rb_cNode,rb_render_plaintext,-1,rb_define_method,ext/commonmarker/commonmarker.c,1276,ext/commonmarker/commonmarker.c,649,resolved,rb_render_plaintext,0.23.12,commonmarker:ext/commonmarker/commonmarker.c:1276:_render_plaintext,['ext/commonmarker']
commonmarker,0.23.12,insert_after,rb_cNode,rb_node_insert_after,1,rb_define_method,ext/commonmarker/commonmarker.c,1277,ext/commonmarker/commonmarker.c,681,resolved,rb_node_insert_after,0.23.12,commonmarker:ext/commonmarker/commonmarker.c:1277:insert_after,['ext/commonmarker']
commonmarker,0.23.12,prepend_child,rb_cNode,rb_node_prepend_child,1,rb_define_method,ext/commonmarker/commonmarker.c,1278,ext/commonmarker/commonmarker.c,704,resolved,rb_node_prepend_child,0.23.12,commonmarker:ext/commonmarker/commonmarker.c:1278:prepend_child,['ext/commonmarker']
commonmarker,0.23.12,append_child,rb_cNode,rb_node_append_child,1,rb_define_method,ext/commonmarker/commonmarker.c,1279,ext/commonmarker/commonmarker.c,727,resolved,rb_node_append_child,0.23.12,commonmarker:ext/commonmarker/commonmarker.c:1279:append_child,['ext/commonmarker']
commonmarker,0.23.12,last_child,rb_cNode,rb_node_last_child,0,rb_define_method,ext/commonmarker/commonmarker.c,1280,ext/commonmarker/commonmarker.c,746,resolved,rb_node_last_child,0.23.12,commonmarker:ext/commonmarker/commonmarker.c:1280:last_child,['ext/commonmarker']
commonmarker,0.23.12,parent,rb_cNode,rb_node_parent,0,rb_define_method,ext/commonmarker/commonmarker.c,1281,ext/commonmarker/commonmarker.c,759,resolved,rb_node_parent,0.23.12,commonmarker:ext/commonmarker/commonmarker.c:1281:parent,['ext/commonmarker']
commonmarker,0.23.12,previous,rb_cNode,rb_node_previous,0,rb_define_method,ext/commonmarker/commonmarker.c,1282,ext/commonmarker/commonmarker.c,772,resolved,rb_node_previous,0.23.12,commonmarker:ext/commonmarker/commonmarker.c:1282:previous,['ext/commonmarker']
commonmarker,0.23.12,url,rb_cNode,rb_node_get_url,0,rb_define_method,ext/commonmarker/commonmarker.c,1283,ext/commonmarker/commonmarker.c,787,resolved,rb_node_get_url,0.23.12,commonmarker:ext/commonmarker/commonmarker.c:1283:url,['ext/commonmarker']
commonmarker,0.23.12,url=,rb_cNode,rb_node_set_url,1,rb_define_method,ext/commonmarker/commonmarker.c,1284,ext/commonmarker/commonmarker.c,807,resolved,rb_node_set_url,0.23.12,commonmarker:ext/commonmarker/commonmarker.c:1284:url=,['ext/commonmarker']
commonmarker,0.23.12,title,rb_cNode,rb_node_get_title,0,rb_define_method,ext/commonmarker/commonmarker.c,1285,ext/commonmarker/commonmarker.c,828,resolved,rb_node_get_title,0.23.12,commonmarker:ext/commonmarker/commonmarker.c:1285:title,['ext/commonmarker']
commonmarker,0.23.12,title=,rb_cNode,rb_node_set_title,1,rb_define_method,ext/commonmarker/commonmarker.c,1286,ext/commonmarker/commonmarker.c,848,resolved,rb_node_set_title,0.23.12,commonmarker:ext/commonmarker/commonmarker.c:1286:title=,['ext/commonmarker']
commonmarker,0.23.12,header_level,rb_cNode,rb_node_get_header_level,0,rb_define_method,ext/commonmarker/commonmarker.c,1287,ext/commonmarker/commonmarker.c,869,resolved,rb_node_get_header_level,0.23.12,commonmarker:ext/commonmarker/commonmarker.c:1287:header_level,['ext/commonmarker']
commonmarker,0.23.12,header_level=,rb_cNode,rb_node_set_header_level,1,rb_define_method,ext/commonmarker/commonmarker.c,1288,ext/commonmarker/commonmarker.c,890,resolved,rb_node_set_header_level,0.23.12,commonmarker:ext/commonmarker/commonmarker.c:1288:header_level=,['ext/commonmarker']
commonmarker,0.23.12,list_type,rb_cNode,rb_node_get_list_type,0,rb_define_method,ext/commonmarker/commonmarker.c,1289,ext/commonmarker/commonmarker.c,911,resolved,rb_node_get_list_type,0.23.12,commonmarker:ext/commonmarker/commonmarker.c:1289:list_type,['ext/commonmarker']
commonmarker,0.23.12,list_type=,rb_cNode,rb_node_set_list_type,1,rb_define_method,ext/commonmarker/commonmarker.c,1290,ext/commonmarker/commonmarker.c,937,resolved,rb_node_set_list_type,0.23.12,commonmarker:ext/commonmarker/commonmarker.c:1290:list_type=,['ext/commonmarker']
commonmarker,0.23.12,list_start,rb_cNode,rb_node_get_list_start,0,rb_define_method,ext/commonmarker/commonmarker.c,1291,ext/commonmarker/commonmarker.c,966,resolved,rb_node_get_list_start,0.23.12,commonmarker:ext/commonmarker/commonmarker.c:1291:list_start,['ext/commonmarker']
commonmarker,0.23.12,list_start=,rb_cNode,rb_node_set_list_start,1,rb_define_method,ext/commonmarker/commonmarker.c,1292,ext/commonmarker/commonmarker.c,987,resolved,rb_node_set_list_start,0.23.12,commonmarker:ext/commonmarker/commonmarker.c:1292:list_start=,['ext/commonmarker']
commonmarker,0.23.12,list_tight,rb_cNode,rb_node_get_list_tight,0,rb_define_method,ext/commonmarker/commonmarker.c,1293,ext/commonmarker/commonmarker.c,1008,resolved,rb_node_get_list_tight,0.23.12,commonmarker:ext/commonmarker/commonmarker.c:1293:list_tight,['ext/commonmarker']
commonmarker,0.23.12,list_tight=,rb_cNode,rb_node_set_list_tight,1,rb_define_method,ext/commonmarker/commonmarker.c,1294,ext/commonmarker/commonmarker.c,1029,resolved,rb_node_set_list_tight,0.23.12,commonmarker:ext/commonmarker/commonmarker.c:1294:list_tight=,['ext/commonmarker']
commonmarker,0.23.12,fence_info,rb_cNode,rb_node_get_fence_info,0,rb_define_method,ext/commonmarker/commonmarker.c,1295,ext/commonmarker/commonmarker.c,1048,resolved,rb_node_get_fence_info,0.23.12,commonmarker:ext/commonmarker/commonmarker.c:1295:fence_info,['ext/commonmarker']
commonmarker,0.23.12,fence_info=,rb_cNode,rb_node_set_fence_info,1,rb_define_method,ext/commonmarker/commonmarker.c,1296,ext/commonmarker/commonmarker.c,1069,resolved,rb_node_set_fence_info,0.23.12,commonmarker:ext/commonmarker/commonmarker.c:1296:fence_info=,['ext/commonmarker']
commonmarker,0.23.12,table_alignments,rb_cNode,rb_node_get_table_alignments,0,rb_define_method,ext/commonmarker/commonmarker.c,1297,ext/commonmarker/commonmarker.c,1138,resolved,rb_node_get_table_alignments,0.23.12,commonmarker:ext/commonmarker/commonmarker.c:1297:table_alignments,['ext/commonmarker']
commonmarker,0.23.12,tasklist_state,rb_cNode,rb_node_get_tasklist_state,0,rb_define_method,ext/commonmarker/commonmarker.c,1298,ext/commonmarker/commonmarker.c,1124,resolved,rb_node_get_tasklist_state,0.23.12,commonmarker:ext/commonmarker/commonmarker.c:1298:tasklist_state,['ext/commonmarker']
commonmarker,0.23.12,tasklist_item_checked?,rb_cNode,rb_node_get_tasklist_item_checked,0,rb_define_method,ext/commonmarker/commonmarker.c,1299,ext/commonmarker/commonmarker.c,1084,resolved,rb_node_get_tasklist_item_checked,0.23.12,commonmarker:ext/commonmarker/commonmarker.c:1299:tasklist_item_checked?,['ext/commonmarker']
commonmarker,0.23.12,tasklist_item_checked=,rb_cNode,rb_node_set_tasklist_item_checked,1,rb_define_method,ext/commonmarker/commonmarker.c,1300,ext/commonmarker/commonmarker.c,1106,resolved,rb_node_set_tasklist_item_checked,0.23.12,commonmarker:ext/commonmarker/commonmarker.c:1300:tasklist_item_checked=,['ext/commonmarker']
commonmarker,0.23.12,html_escape_href,rb_cNode,rb_html_escape_href,1,rb_define_method,ext/commonmarker/commonmarker.c,1302,ext/commonmarker/commonmarker.c,1167,resolved,rb_html_escape_href,0.23.12,commonmarker:ext/commonmarker/commonmarker.c:1302:html_escape_href,['ext/commonmarker']
commonmarker,0.23.12,html_escape_html,rb_cNode,rb_html_escape_html,1,rb_define_method,ext/commonmarker/commonmarker.c,1303,ext/commonmarker/commonmarker.c,1188,resolved,rb_html_escape_html,0.23.12,commonmarker:ext/commonmarker/commonmarker.c:1303:html_escape_html,['ext/commonmarker']
date,3.5.1,<allocator>,cDate,d_lite_s_alloc_simple,0,rb_define_alloc_func,ext/date/date_core.c,9637,ext/date/date_core.c,3077,resolved,d_lite_s_alloc_simple,3.5.1,date:ext/date/date_core.c:9637:<allocator>,['ext/date']
date,3.5.1,_valid_jd?,CLASS_OF(cDate),date_s__valid_jd_p,-1,rb_define_private_method,ext/date/date_core.c,9640,ext/date/date_core.c,2474,resolved,date_s__valid_jd_p,3.5.1,date:ext/date/date_core.c:9640:_valid_jd?,['ext/date']
date,3.5.1,_valid_ordinal?,CLASS_OF(cDate),date_s__valid_ordinal_p,-1,rb_define_private_method,ext/date/date_core.c,9642,ext/date/date_core.c,2654,resolved,date_s__valid_ordinal_p,3.5.1,date:ext/date/date_core.c:9642:_valid_ordinal?,['ext/date']
date,3.5.1,_valid_civil?,CLASS_OF(cDate),date_s__valid_civil_p,-1,rb_define_private_method,ext/date/date_core.c,9644,ext/date/date_core.c,2564,resolved,date_s__valid_civil_p,3.5.1,date:ext/date/date_core.c:9644:_valid_civil?,['ext/date']
date,3.5.1,_valid_date?,CLASS_OF(cDate),date_s__valid_civil_p,-1,rb_define_private_method,ext/date/date_core.c,9646,ext/date/date_core.c,2564,resolved,date_s__valid_civil_p,3.5.1,date:ext/date/date_core.c:9646:_valid_date?,['ext/date']
date,3.5.1,_valid_commercial?,CLASS_OF(cDate),date_s__valid_commercial_p,-1,rb_define_private_method,ext/date/date_core.c,9648,ext/date/date_core.c,2741,resolved,date_s__valid_commercial_p,3.5.1,date:ext/date/date_core.c:9648:_valid_commercial?,['ext/date']
date,3.5.1,_valid_weeknum?,CLASS_OF(cDate),date_s__valid_weeknum_p,-1,rb_define_private_method,ext/date/date_core.c,9650,ext/date/date_core.c,2835,resolved,date_s__valid_weeknum_p,3.5.1,date:ext/date/date_core.c:9650:_valid_weeknum?,['ext/date']
date,3.5.1,_valid_nth_kday?,CLASS_OF(cDate),date_s__valid_nth_kday_p,-1,rb_define_private_method,ext/date/date_core.c,9652,ext/date/date_core.c,2908,resolved,date_s__valid_nth_kday_p,3.5.1,date:ext/date/date_core.c:9652:_valid_nth_kday?,['ext/date']
date,3.5.1,valid_jd?,cDate,date_s_valid_jd_p,-1,rb_define_singleton_method,ext/date/date_core.c,9656,ext/date/date_core.c,2505,resolved,date_s_valid_jd_p,3.5.1,date:ext/date/date_core.c:9656:valid_jd?,['ext/date']
date,3.5.1,valid_ordinal?,cDate,date_s_valid_ordinal_p,-1,rb_define_singleton_method,ext/date/date_core.c,9657,ext/date/date_core.c,2687,resolved,date_s_valid_ordinal_p,3.5.1,date:ext/date/date_core.c:9657:valid_ordinal?,['ext/date']
date,3.5.1,valid_civil?,cDate,date_s_valid_civil_p,-1,rb_define_singleton_method,ext/date/date_core.c,9659,ext/date/date_core.c,2599,resolved,date_s_valid_civil_p,3.5.1,date:ext/date/date_core.c:9659:valid_civil?,['ext/date']
date,3.5.1,valid_date?,cDate,date_s_valid_civil_p,-1,rb_define_singleton_method,ext/date/date_core.c,9660,ext/date/date_core.c,2599,resolved,date_s_valid_civil_p,3.5.1,date:ext/date/date_core.c:9660:valid_date?,['ext/date']
date,3.5.1,valid_commercial?,cDate,date_s_valid_commercial_p,-1,rb_define_singleton_method,ext/date/date_core.c,9661,ext/date/date_core.c,2777,resolved,date_s_valid_commercial_p,3.5.1,date:ext/date/date_core.c:9661:valid_commercial?,['ext/date']
date,3.5.1,valid_weeknum?,CLASS_OF(cDate),date_s_valid_weeknum_p,-1,rb_define_private_method,ext/date/date_core.c,9665,ext/date/date_core.c,2856,resolved,date_s_valid_weeknum_p,3.5.1,date:ext/date/date_core.c:9665:valid_weeknum?,['ext/date']
date,3.5.1,valid_nth_kday?,CLASS_OF(cDate),date_s_valid_nth_kday_p,-1,rb_define_private_method,ext/date/date_core.c,9667,ext/date/date_core.c,2929,resolved,date_s_valid_nth_kday_p,3.5.1,date:ext/date/date_core.c:9667:valid_nth_kday?,['ext/date']
date,3.5.1,zone_to_diff,CLASS_OF(cDate),date_s_zone_to_diff,1,rb_define_private_method,ext/date/date_core.c,9669,ext/date/date_core.c,2952,resolved,date_s_zone_to_diff,3.5.1,date:ext/date/date_core.c:9669:zone_to_diff,['ext/date']
date,3.5.1,julian_leap?,cDate,date_s_julian_leap_p,1,rb_define_singleton_method,ext/date/date_core.c,9673,ext/date/date_core.c,2971,resolved,date_s_julian_leap_p,3.5.1,date:ext/date/date_core.c:9673:julian_leap?,['ext/date']
date,3.5.1,gregorian_leap?,cDate,date_s_gregorian_leap_p,1,rb_define_singleton_method,ext/date/date_core.c,9674,ext/date/date_core.c,2994,resolved,date_s_gregorian_leap_p,3.5.1,date:ext/date/date_core.c:9674:gregorian_leap?,['ext/date']
date,3.5.1,leap?,cDate,date_s_gregorian_leap_p,1,rb_define_singleton_method,ext/date/date_core.c,9676,ext/date/date_core.c,2994,resolved,date_s_gregorian_leap_p,3.5.1,date:ext/date/date_core.c:9676:leap?,['ext/date']
date,3.5.1,new!,cDate,date_s_new_bang,-1,rb_define_singleton_method,ext/date/date_core.c,9680,ext/date/date_core.c,3146,resolved,date_s_new_bang,3.5.1,date:ext/date/date_core.c:9680:new!,['ext/date']
date,3.5.1,jd,cDate,date_s_jd,-1,rb_define_singleton_method,ext/date/date_core.c,9684,ext/date/date_core.c,3357,resolved,date_s_jd,3.5.1,date:ext/date/date_core.c:9684:jd,['ext/date']
date,3.5.1,ordinal,cDate,date_s_ordinal,-1,rb_define_singleton_method,ext/date/date_core.c,9685,ext/date/date_core.c,3422,resolved,date_s_ordinal,3.5.1,date:ext/date/date_core.c:9685:ordinal,['ext/date']
date,3.5.1,civil,cDate,date_s_civil,-1,rb_define_singleton_method,ext/date/date_core.c,9686,ext/date/date_core.c,3470,resolved,date_s_civil,3.5.1,date:ext/date/date_core.c:9686:civil,['ext/date']
date,3.5.1,commercial,cDate,date_s_commercial,-1,rb_define_singleton_method,ext/date/date_core.c,9687,ext/date/date_core.c,3605,resolved,date_s_commercial,3.5.1,date:ext/date/date_core.c:9687:commercial,['ext/date']
date,3.5.1,weeknum,cDate,date_s_weeknum,-1,rb_define_singleton_method,ext/date/date_core.c,9690,ext/date/date_core.c,3656,resolved,date_s_weeknum,3.5.1,date:ext/date/date_core.c:9690:weeknum,['ext/date']
date,3.5.1,nth_kday,cDate,date_s_nth_kday,-1,rb_define_singleton_method,ext/date/date_core.c,9691,ext/date/date_core.c,3706,resolved,date_s_nth_kday,3.5.1,date:ext/date/date_core.c:9691:nth_kday,['ext/date']
date,3.5.1,today,cDate,date_s_today,-1,rb_define_singleton_method,ext/date/date_core.c,9694,ext/date/date_core.c,3789,resolved,date_s_today,3.5.1,date:ext/date/date_core.c:9694:today,['ext/date']
date,3.5.1,_strptime,cDate,date_s__strptime,-1,rb_define_singleton_method,ext/date/date_core.c,9695,ext/date/date_core.c,4393,resolved,date_s__strptime,3.5.1,date:ext/date/date_core.c:9695:_strptime,['ext/date']
date,3.5.1,strptime,cDate,date_s_strptime,-1,rb_define_singleton_method,ext/date/date_core.c,9696,ext/date/date_core.c,4424,resolved,date_s_strptime,3.5.1,date:ext/date/date_core.c:9696:strptime,['ext/date']
date,3.5.1,_parse,cDate,date_s__parse,-1,rb_define_singleton_method,ext/date/date_core.c,9697,ext/date/date_core.c,4528,resolved,date_s__parse,3.5.1,date:ext/date/date_core.c:9697:_parse,['ext/date']
date,3.5.1,parse,cDate,date_s_parse,-1,rb_define_singleton_method,ext/date/date_core.c,9698,ext/date/date_core.c,4567,resolved,date_s_parse,3.5.1,date:ext/date/date_core.c:9698:parse,['ext/date']
date,3.5.1,_iso8601,cDate,date_s__iso8601,-1,rb_define_singleton_method,ext/date/date_core.c,9699,ext/date/date_core.c,4616,resolved,date_s__iso8601,3.5.1,date:ext/date/date_core.c:9699:_iso8601,['ext/date']
date,3.5.1,iso8601,cDate,date_s_iso8601,-1,rb_define_singleton_method,ext/date/date_core.c,9700,ext/date/date_core.c,4646,resolved,date_s_iso8601,3.5.1,date:ext/date/date_core.c:9700:iso8601,['ext/date']
date,3.5.1,_rfc3339,cDate,date_s__rfc3339,-1,rb_define_singleton_method,ext/date/date_core.c,9701,ext/date/date_core.c,4686,resolved,date_s__rfc3339,3.5.1,date:ext/date/date_core.c:9701:_rfc3339,['ext/date']
date,3.5.1,rfc3339,cDate,date_s_rfc3339,-1,rb_define_singleton_method,ext/date/date_core.c,9702,ext/date/date_core.c,4716,resolved,date_s_rfc3339,3.5.1,date:ext/date/date_core.c:9702:rfc3339,['ext/date']
date,3.5.1,_xmlschema,cDate,date_s__xmlschema,-1,rb_define_singleton_method,ext/date/date_core.c,9703,ext/date/date_core.c,4755,resolved,date_s__xmlschema,3.5.1,date:ext/date/date_core.c:9703:_xmlschema,['ext/date']
date,3.5.1,xmlschema,cDate,date_s_xmlschema,-1,rb_define_singleton_method,ext/date/date_core.c,9704,ext/date/date_core.c,4784,resolved,date_s_xmlschema,3.5.1,date:ext/date/date_core.c:9704:xmlschema,['ext/date']
date,3.5.1,_rfc2822,cDate,date_s__rfc2822,-1,rb_define_singleton_method,ext/date/date_core.c,9705,ext/date/date_core.c,4824,resolved,date_s__rfc2822,3.5.1,date:ext/date/date_core.c:9705:_rfc2822,['ext/date']
date,3.5.1,_rfc822,cDate,date_s__rfc2822,-1,rb_define_singleton_method,ext/date/date_core.c,9706,ext/date/date_core.c,4824,resolved,date_s__rfc2822,3.5.1,date:ext/date/date_core.c:9706:_rfc822,['ext/date']
date,3.5.1,rfc2822,cDate,date_s_rfc2822,-1,rb_define_singleton_method,ext/date/date_core.c,9707,ext/date/date_core.c,4854,resolved,date_s_rfc2822,3.5.1,date:ext/date/date_core.c:9707:rfc2822,['ext/date']
date,3.5.1,rfc822,cDate,date_s_rfc2822,-1,rb_define_singleton_method,ext/date/date_core.c,9708,ext/date/date_core.c,4854,resolved,date_s_rfc2822,3.5.1,date:ext/date/date_core.c:9708:rfc822,['ext/date']
date,3.5.1,_httpdate,cDate,date_s__httpdate,-1,rb_define_singleton_method,ext/date/date_core.c,9709,ext/date/date_core.c,4892,resolved,date_s__httpdate,3.5.1,date:ext/date/date_core.c:9709:_httpdate,['ext/date']
date,3.5.1,httpdate,cDate,date_s_httpdate,-1,rb_define_singleton_method,ext/date/date_core.c,9710,ext/date/date_core.c,4922,resolved,date_s_httpdate,3.5.1,date:ext/date/date_core.c:9710:httpdate,['ext/date']
date,3.5.1,_jisx0301,cDate,date_s__jisx0301,-1,rb_define_singleton_method,ext/date/date_core.c,9711,ext/date/date_core.c,4961,resolved,date_s__jisx0301,3.5.1,date:ext/date/date_core.c:9711:_jisx0301,['ext/date']
date,3.5.1,jisx0301,cDate,date_s_jisx0301,-1,rb_define_singleton_method,ext/date/date_core.c,9712,ext/date/date_core.c,4994,resolved,date_s_jisx0301,3.5.1,date:ext/date/date_core.c:9712:jisx0301,['ext/date']
date,3.5.1,initialize,cDate,date_initialize,-1,rb_define_method,ext/date/date_core.c,9714,ext/date/date_core.c,3499,resolved,date_initialize,3.5.1,date:ext/date/date_core.c:9714:initialize,['ext/date']
date,3.5.1,initialize_copy,cDate,d_lite_initialize_copy,1,rb_define_method,ext/date/date_core.c,9715,ext/date/date_core.c,5138,resolved,d_lite_initialize_copy,3.5.1,date:ext/date/date_core.c:9715:initialize_copy,['ext/date']
date,3.5.1,fill,cDate,d_lite_fill,0,rb_define_method,ext/date/date_core.c,9718,ext/date/date_core.c,5184,resolved,d_lite_fill,3.5.1,date:ext/date/date_core.c:9718:fill,['ext/date']
date,3.5.1,ajd,cDate,d_lite_ajd,0,rb_define_method,ext/date/date_core.c,9721,ext/date/date_core.c,5213,resolved,d_lite_ajd,3.5.1,date:ext/date/date_core.c:9721:ajd,['ext/date']
date,3.5.1,amjd,cDate,d_lite_amjd,0,rb_define_method,ext/date/date_core.c,9722,ext/date/date_core.c,5230,resolved,d_lite_amjd,3.5.1,date:ext/date/date_core.c:9722:amjd,['ext/date']
date,3.5.1,jd,cDate,d_lite_jd,0,rb_define_method,ext/date/date_core.c,9723,ext/date/date_core.c,5247,resolved,d_lite_jd,3.5.1,date:ext/date/date_core.c:9723:jd,['ext/date']
date,3.5.1,mjd,cDate,d_lite_mjd,0,rb_define_method,ext/date/date_core.c,9724,ext/date/date_core.c,5264,resolved,d_lite_mjd,3.5.1,date:ext/date/date_core.c:9724:mjd,['ext/date']
date,3.5.1,ld,cDate,d_lite_ld,0,rb_define_method,ext/date/date_core.c,9725,ext/date/date_core.c,5283,resolved,d_lite_ld,3.5.1,date:ext/date/date_core.c:9725:ld,['ext/date']
date,3.5.1,year,cDate,d_lite_year,0,rb_define_method,ext/date/date_core.c,9727,ext/date/date_core.c,5300,resolved,d_lite_year,3.5.1,date:ext/date/date_core.c:9727:year,['ext/date']
date,3.5.1,yday,cDate,d_lite_yday,0,rb_define_method,ext/date/date_core.c,9728,ext/date/date_core.c,5316,resolved,d_lite_yday,3.5.1,date:ext/date/date_core.c:9728:yday,['ext/date']
date,3.5.1,mon,cDate,d_lite_mon,0,rb_define_method,ext/date/date_core.c,9729,ext/date/date_core.c,5332,resolved,d_lite_mon,3.5.1,date:ext/date/date_core.c:9729:mon,['ext/date']
date,3.5.1,month,cDate,d_lite_mon,0,rb_define_method,ext/date/date_core.c,9730,ext/date/date_core.c,5332,resolved,d_lite_mon,3.5.1,date:ext/date/date_core.c:9730:month,['ext/date']
date,3.5.1,mday,cDate,d_lite_mday,0,rb_define_method,ext/date/date_core.c,9731,ext/date/date_core.c,5348,resolved,d_lite_mday,3.5.1,date:ext/date/date_core.c:9731:mday,['ext/date']
date,3.5.1,day,cDate,d_lite_mday,0,rb_define_method,ext/date/date_core.c,9732,ext/date/date_core.c,5348,resolved,d_lite_mday,3.5.1,date:ext/date/date_core.c:9732:day,['ext/date']
date,3.5.1,day_fraction,cDate,d_lite_day_fraction,0,rb_define_method,ext/date/date_core.c,9733,ext/date/date_core.c,5364,resolved,d_lite_day_fraction,3.5.1,date:ext/date/date_core.c:9733:day_fraction,['ext/date']
date,3.5.1,cwyear,cDate,d_lite_cwyear,0,rb_define_method,ext/date/date_core.c,9735,ext/date/date_core.c,5384,resolved,d_lite_cwyear,3.5.1,date:ext/date/date_core.c:9735:cwyear,['ext/date']
date,3.5.1,cweek,cDate,d_lite_cweek,0,rb_define_method,ext/date/date_core.c,9736,ext/date/date_core.c,5401,resolved,d_lite_cweek,3.5.1,date:ext/date/date_core.c:9736:cweek,['ext/date']
date,3.5.1,cwday,cDate,d_lite_cwday,0,rb_define_method,ext/date/date_core.c,9737,ext/date/date_core.c,5419,resolved,d_lite_cwday,3.5.1,date:ext/date/date_core.c:9737:cwday,['ext/date']
date,3.5.1,wnum0,cDate,d_lite_wnum0,0,rb_define_private_method,ext/date/date_core.c,9740,ext/date/date_core.c,5428,resolved,d_lite_wnum0,3.5.1,date:ext/date/date_core.c:9740:wnum0,['ext/date']
date,3.5.1,wnum1,cDate,d_lite_wnum1,0,rb_define_private_method,ext/date/date_core.c,9741,ext/date/date_core.c,5436,resolved,d_lite_wnum1,3.5.1,date:ext/date/date_core.c:9741:wnum1,['ext/date']
date,3.5.1,wday,cDate,d_lite_wday,0,rb_define_method,ext/date/date_core.c,9744,ext/date/date_core.c,5453,resolved,d_lite_wday,3.5.1,date:ext/date/date_core.c:9744:wday,['ext/date']
date,3.5.1,sunday?,cDate,d_lite_sunday_p,0,rb_define_method,ext/date/date_core.c,9746,ext/date/date_core.c,5466,resolved,d_lite_sunday_p,3.5.1,date:ext/date/date_core.c:9746:sunday?,['ext/date']
date,3.5.1,monday?,cDate,d_lite_monday_p,0,rb_define_method,ext/date/date_core.c,9747,ext/date/date_core.c,5479,resolved,d_lite_monday_p,3.5.1,date:ext/date/date_core.c:9747:monday?,['ext/date']
date,3.5.1,tuesday?,cDate,d_lite_tuesday_p,0,rb_define_method,ext/date/date_core.c,9748,ext/date/date_core.c,5492,resolved,d_lite_tuesday_p,3.5.1,date:ext/date/date_core.c:9748:tuesday?,['ext/date']
date,3.5.1,wednesday?,cDate,d_lite_wednesday_p,0,rb_define_method,ext/date/date_core.c,9749,ext/date/date_core.c,5505,resolved,d_lite_wednesday_p,3.5.1,date:ext/date/date_core.c:9749:wednesday?,['ext/date']
date,3.5.1,thursday?,cDate,d_lite_thursday_p,0,rb_define_method,ext/date/date_core.c,9750,ext/date/date_core.c,5518,resolved,d_lite_thursday_p,3.5.1,date:ext/date/date_core.c:9750:thursday?,['ext/date']
date,3.5.1,friday?,cDate,d_lite_friday_p,0,rb_define_method,ext/date/date_core.c,9751,ext/date/date_core.c,5531,resolved,d_lite_friday_p,3.5.1,date:ext/date/date_core.c:9751:friday?,['ext/date']
date,3.5.1,saturday?,cDate,d_lite_saturday_p,0,rb_define_method,ext/date/date_core.c,9752,ext/date/date_core.c,5544,resolved,d_lite_saturday_p,3.5.1,date:ext/date/date_core.c:9752:saturday?,['ext/date']
date,3.5.1,nth_kday?,cDate,d_lite_nth_kday_p,2,rb_define_method,ext/date/date_core.c,9755,ext/date/date_core.c,5553,resolved,d_lite_nth_kday_p,3.5.1,date:ext/date/date_core.c:9755:nth_kday?,['ext/date']
date,3.5.1,hour,cDate,d_lite_zero,0,rb_define_private_method,ext/date/date_core.c,9758,ext/date/date_core.c,9470,resolved,d_lite_zero,3.5.1,date:ext/date/date_core.c:9758:hour,['ext/date']
date,3.5.1,min,cDate,d_lite_zero,0,rb_define_private_method,ext/date/date_core.c,9759,ext/date/date_core.c,9470,resolved,d_lite_zero,3.5.1,date:ext/date/date_core.c:9759:min,['ext/date']
date,3.5.1,minute,cDate,d_lite_zero,0,rb_define_private_method,ext/date/date_core.c,9760,ext/date/date_core.c,9470,resolved,d_lite_zero,3.5.1,date:ext/date/date_core.c:9760:minute,['ext/date']
date,3.5.1,sec,cDate,d_lite_zero,0,rb_define_private_method,ext/date/date_core.c,9761,ext/date/date_core.c,9470,resolved,d_lite_zero,3.5.1,date:ext/date/date_core.c:9761:sec,['ext/date']
date,3.5.1,second,cDate,d_lite_zero,0,rb_define_private_method,ext/date/date_core.c,9762,ext/date/date_core.c,9470,resolved,d_lite_zero,3.5.1,date:ext/date/date_core.c:9762:second,['ext/date']
date,3.5.1,julian?,cDate,d_lite_julian_p,0,rb_define_method,ext/date/date_core.c,9764,ext/date/date_core.c,5678,resolved,d_lite_julian_p,3.5.1,date:ext/date/date_core.c:9764:julian?,['ext/date']
date,3.5.1,gregorian?,cDate,d_lite_gregorian_p,0,rb_define_method,ext/date/date_core.c,9765,ext/date/date_core.c,5696,resolved,d_lite_gregorian_p,3.5.1,date:ext/date/date_core.c:9765:gregorian?,['ext/date']
date,3.5.1,leap?,cDate,d_lite_leap_p,0,rb_define_method,ext/date/date_core.c,9766,ext/date/date_core.c,5713,resolved,d_lite_leap_p,3.5.1,date:ext/date/date_core.c:9766:leap?,['ext/date']
date,3.5.1,start,cDate,d_lite_start,0,rb_define_method,ext/date/date_core.c,9768,ext/date/date_core.c,5750,resolved,d_lite_start,3.5.1,date:ext/date/date_core.c:9768:start,['ext/date']
date,3.5.1,new_start,cDate,d_lite_new_start,-1,rb_define_method,ext/date/date_core.c,9769,ext/date/date_core.c,5825,resolved,d_lite_new_start,3.5.1,date:ext/date/date_core.c:9769:new_start,['ext/date']
date,3.5.1,italy,cDate,d_lite_italy,0,rb_define_method,ext/date/date_core.c,9770,ext/date/date_core.c,5847,resolved,d_lite_italy,3.5.1,date:ext/date/date_core.c:9770:italy,['ext/date']
date,3.5.1,england,cDate,d_lite_england,0,rb_define_method,ext/date/date_core.c,9771,ext/date/date_core.c,5859,resolved,d_lite_england,3.5.1,date:ext/date/date_core.c:9771:england,['ext/date']
date,3.5.1,julian,cDate,d_lite_julian,0,rb_define_method,ext/date/date_core.c,9772,ext/date/date_core.c,5871,resolved,d_lite_julian,3.5.1,date:ext/date/date_core.c:9772:julian,['ext/date']
date,3.5.1,gregorian,cDate,d_lite_gregorian,0,rb_define_method,ext/date/date_core.c,9773,ext/date/date_core.c,5883,resolved,d_lite_gregorian,3.5.1,date:ext/date/date_core.c:9773:gregorian,['ext/date']
date,3.5.1,+,cDate,d_lite_plus,1,rb_define_method,ext/date/date_core.c,9775,ext/date/date_core.c,5951,resolved,d_lite_plus,3.5.1,date:ext/date/date_core.c:9775:+,['ext/date']
date,3.5.1,-,cDate,d_lite_minus,1,rb_define_method,ext/date/date_core.c,9776,ext/date/date_core.c,6342,resolved,d_lite_minus,3.5.1,date:ext/date/date_core.c:9776:-,['ext/date']
date,3.5.1,next_day,cDate,d_lite_next_day,-1,rb_define_method,ext/date/date_core.c,9778,ext/date/date_core.c,6368,resolved,d_lite_next_day,3.5.1,date:ext/date/date_core.c:9778:next_day,['ext/date']
date,3.5.1,prev_day,cDate,d_lite_prev_day,-1,rb_define_method,ext/date/date_core.c,9779,ext/date/date_core.c,6385,resolved,d_lite_prev_day,3.5.1,date:ext/date/date_core.c:9779:prev_day,['ext/date']
date,3.5.1,next,cDate,d_lite_next,0,rb_define_method,ext/date/date_core.c,9780,ext/date/date_core.c,6407,resolved,d_lite_next,3.5.1,date:ext/date/date_core.c:9780:next,['ext/date']
date,3.5.1,succ,cDate,d_lite_next,0,rb_define_method,ext/date/date_core.c,9781,ext/date/date_core.c,6407,resolved,d_lite_next,3.5.1,date:ext/date/date_core.c:9781:succ,['ext/date']
date,3.5.1,>>,cDate,d_lite_rshift,1,rb_define_method,ext/date/date_core.c,9783,ext/date/date_core.c,6440,resolved,d_lite_rshift,3.5.1,date:ext/date/date_core.c:9783:>>,['ext/date']
date,3.5.1,<<,cDate,d_lite_lshift,1,rb_define_method,ext/date/date_core.c,9784,ext/date/date_core.c,6506,resolved,d_lite_lshift,3.5.1,date:ext/date/date_core.c:9784:<<,['ext/date']
date,3.5.1,next_month,cDate,d_lite_next_month,-1,rb_define_method,ext/date/date_core.c,9786,ext/date/date_core.c,6519,resolved,d_lite_next_month,3.5.1,date:ext/date/date_core.c:9786:next_month,['ext/date']
date,3.5.1,prev_month,cDate,d_lite_prev_month,-1,rb_define_method,ext/date/date_core.c,9787,ext/date/date_core.c,6536,resolved,d_lite_prev_month,3.5.1,date:ext/date/date_core.c:9787:prev_month,['ext/date']
date,3.5.1,next_year,cDate,d_lite_next_year,-1,rb_define_method,ext/date/date_core.c,9788,ext/date/date_core.c,6553,resolved,d_lite_next_year,3.5.1,date:ext/date/date_core.c:9788:next_year,['ext/date']
date,3.5.1,prev_year,cDate,d_lite_prev_year,-1,rb_define_method,ext/date/date_core.c,9789,ext/date/date_core.c,6570,resolved,d_lite_prev_year,3.5.1,date:ext/date/date_core.c:9789:prev_year,['ext/date']
date,3.5.1,step,cDate,d_lite_step,-1,rb_define_method,ext/date/date_core.c,9791,ext/date/date_core.c,6613,resolved,d_lite_step,3.5.1,date:ext/date/date_core.c:9791:step,['ext/date']
date,3.5.1,upto,cDate,d_lite_upto,1,rb_define_method,ext/date/date_core.c,9792,ext/date/date_core.c,6658,resolved,d_lite_upto,3.5.1,date:ext/date/date_core.c:9792:upto,['ext/date']
date,3.5.1,downto,cDate,d_lite_downto,1,rb_define_method,ext/date/date_core.c,9793,ext/date/date_core.c,6679,resolved,d_lite_downto,3.5.1,date:ext/date/date_core.c:9793:downto,['ext/date']
date,3.5.1,<=>,cDate,d_lite_cmp,1,rb_define_method,ext/date/date_core.c,9795,ext/date/date_core.c,6803,resolved,d_lite_cmp,3.5.1,date:ext/date/date_core.c:9795:<=>,['ext/date']
date,3.5.1,===,cDate,d_lite_equal,1,rb_define_method,ext/date/date_core.c,9796,ext/date/date_core.c,6895,resolved,d_lite_equal,3.5.1,date:ext/date/date_core.c:9796:===,['ext/date']
date,3.5.1,eql?,cDate,d_lite_eql_p,1,rb_define_method,ext/date/date_core.c,9797,ext/date/date_core.c,6926,resolved,d_lite_eql_p,3.5.1,date:ext/date/date_core.c:9797:eql?,['ext/date']
date,3.5.1,hash,cDate,d_lite_hash,0,rb_define_method,ext/date/date_core.c,9798,ext/date/date_core.c,6935,resolved,d_lite_hash,3.5.1,date:ext/date/date_core.c:9798:hash,['ext/date']
date,3.5.1,to_s,cDate,d_lite_to_s,0,rb_define_method,ext/date/date_core.c,9800,ext/date/date_core.c,6976,resolved,d_lite_to_s,3.5.1,date:ext/date/date_core.c:9800:to_s,['ext/date']
date,3.5.1,inspect_raw,cDate,d_lite_inspect_raw,0,rb_define_method,ext/date/date_core.c,9802,ext/date/date_core.c,7034,resolved,d_lite_inspect_raw,3.5.1,date:ext/date/date_core.c:9802:inspect_raw,['ext/date']
date,3.5.1,inspect,cDate,d_lite_inspect,0,rb_define_method,ext/date/date_core.c,9804,ext/date/date_core.c,7063,resolved,d_lite_inspect,3.5.1,date:ext/date/date_core.c:9804:inspect,['ext/date']
date,3.5.1,strftime,cDate,d_lite_strftime,-1,rb_define_method,ext/date/date_core.c,9806,ext/date/date_core.c,7254,resolved,d_lite_strftime,3.5.1,date:ext/date/date_core.c:9806:strftime,['ext/date']
date,3.5.1,asctime,cDate,d_lite_asctime,0,rb_define_method,ext/date/date_core.c,9808,ext/date/date_core.c,7291,resolved,d_lite_asctime,3.5.1,date:ext/date/date_core.c:9808:asctime,['ext/date']
date,3.5.1,ctime,cDate,d_lite_asctime,0,rb_define_method,ext/date/date_core.c,9809,ext/date/date_core.c,7291,resolved,d_lite_asctime,3.5.1,date:ext/date/date_core.c:9809:ctime,['ext/date']
date,3.5.1,iso8601,cDate,d_lite_iso8601,0,rb_define_method,ext/date/date_core.c,9810,ext/date/date_core.c,7308,resolved,d_lite_iso8601,3.5.1,date:ext/date/date_core.c:9810:iso8601,['ext/date']
date,3.5.1,xmlschema,cDate,d_lite_iso8601,0,rb_define_method,ext/date/date_core.c,9811,ext/date/date_core.c,7308,resolved,d_lite_iso8601,3.5.1,date:ext/date/date_core.c:9811:xmlschema,['ext/date']
date,3.5.1,rfc3339,cDate,d_lite_rfc3339,0,rb_define_method,ext/date/date_core.c,9812,ext/date/date_core.c,7324,resolved,d_lite_rfc3339,3.5.1,date:ext/date/date_core.c:9812:rfc3339,['ext/date']
date,3.5.1,rfc2822,cDate,d_lite_rfc2822,0,rb_define_method,ext/date/date_core.c,9813,ext/date/date_core.c,7340,resolved,d_lite_rfc2822,3.5.1,date:ext/date/date_core.c:9813:rfc2822,['ext/date']
date,3.5.1,rfc822,cDate,d_lite_rfc2822,0,rb_define_method,ext/date/date_core.c,9814,ext/date/date_core.c,7340,resolved,d_lite_rfc2822,3.5.1,date:ext/date/date_core.c:9814:rfc822,['ext/date']
date,3.5.1,httpdate,cDate,d_lite_httpdate,0,rb_define_method,ext/date/date_core.c,9815,ext/date/date_core.c,7356,resolved,d_lite_httpdate,3.5.1,date:ext/date/date_core.c:9815:httpdate,['ext/date']
date,3.5.1,jisx0301,cDate,d_lite_jisx0301,0,rb_define_method,ext/date/date_core.c,9816,ext/date/date_core.c,7413,resolved,d_lite_jisx0301,3.5.1,date:ext/date/date_core.c:9816:jisx0301,['ext/date']
date,3.5.1,deconstruct_keys,cDate,d_lite_deconstruct_keys,1,rb_define_method,ext/date/date_core.c,9818,ext/date/date_core.c,7510,resolved,d_lite_deconstruct_keys,3.5.1,date:ext/date/date_core.c:9818:deconstruct_keys,['ext/date']
date,3.5.1,marshal_dump_old,cDate,d_lite_marshal_dump_old,0,rb_define_method,ext/date/date_core.c,9821,ext/date/date_core.c,7518,resolved,d_lite_marshal_dump_old,3.5.1,date:ext/date/date_core.c:9821:marshal_dump_old,['ext/date']
date,3.5.1,marshal_dump,cDate,d_lite_marshal_dump,0,rb_define_method,ext/date/date_core.c,9823,ext/date/date_core.c,7537,resolved,d_lite_marshal_dump,3.5.1,date:ext/date/date_core.c:9823:marshal_dump,['ext/date']
date,3.5.1,marshal_load,cDate,d_lite_marshal_load,1,rb_define_method,ext/date/date_core.c,9824,ext/date/date_core.c,7559,resolved,d_lite_marshal_load,3.5.1,date:ext/date/date_core.c:9824:marshal_load,['ext/date']
date,3.5.1,_load,cDate,date_s__load,1,rb_define_singleton_method,ext/date/date_core.c,9825,ext/date/date_core.c,7632,resolved,date_s__load,3.5.1,date:ext/date/date_core.c:9825:_load,['ext/date']
date,3.5.1,<allocator>,cDateTime,d_lite_s_alloc_complex,0,rb_define_alloc_func,ext/date/date_core.c,9970,ext/date/date_core.c,3087,resolved,d_lite_s_alloc_complex,3.5.1,date:ext/date/date_core.c:9970:<allocator>,['ext/date']
date,3.5.1,jd,cDateTime,datetime_s_jd,-1,rb_define_singleton_method,ext/date/date_core.c,9972,ext/date/date_core.c,7656,resolved,datetime_s_jd,3.5.1,date:ext/date/date_core.c:9972:jd,['ext/date']
date,3.5.1,ordinal,cDateTime,datetime_s_ordinal,-1,rb_define_singleton_method,ext/date/date_core.c,9973,ext/date/date_core.c,7728,resolved,datetime_s_ordinal,3.5.1,date:ext/date/date_core.c:9973:ordinal,['ext/date']
date,3.5.1,civil,cDateTime,datetime_s_civil,-1,rb_define_singleton_method,ext/date/date_core.c,9974,ext/date/date_core.c,7799,resolved,datetime_s_civil,3.5.1,date:ext/date/date_core.c:9974:civil,['ext/date']
date,3.5.1,new,cDateTime,datetime_s_civil,-1,rb_define_singleton_method,ext/date/date_core.c,9975,ext/date/date_core.c,7799,resolved,datetime_s_civil,3.5.1,date:ext/date/date_core.c:9975:new,['ext/date']
date,3.5.1,commercial,cDateTime,datetime_s_commercial,-1,rb_define_singleton_method,ext/date/date_core.c,9976,ext/date/date_core.c,7914,resolved,datetime_s_commercial,3.5.1,date:ext/date/date_core.c:9976:commercial,['ext/date']
date,3.5.1,weeknum,cDateTime,datetime_s_weeknum,-1,rb_define_singleton_method,ext/date/date_core.c,9980,ext/date/date_core.c,7988,resolved,datetime_s_weeknum,3.5.1,date:ext/date/date_core.c:9980:weeknum,['ext/date']
date,3.5.1,nth_kday,cDateTime,datetime_s_nth_kday,-1,rb_define_singleton_method,ext/date/date_core.c,9982,ext/date/date_core.c,8058,resolved,datetime_s_nth_kday,3.5.1,date:ext/date/date_core.c:9982:nth_kday,['ext/date']
date,3.5.1,now,cDateTime,datetime_s_now,-1,rb_define_singleton_method,ext/date/date_core.c,9988,ext/date/date_core.c,8136,resolved,datetime_s_now,3.5.1,date:ext/date/date_core.c:9988:now,['ext/date']
date,3.5.1,_strptime,cDateTime,datetime_s__strptime,-1,rb_define_singleton_method,ext/date/date_core.c,9989,ext/date/date_core.c,8337,resolved,datetime_s__strptime,3.5.1,date:ext/date/date_core.c:9989:_strptime,['ext/date']
date,3.5.1,strptime,cDateTime,datetime_s_strptime,-1,rb_define_singleton_method,ext/date/date_core.c,9991,ext/date/date_core.c,8370,resolved,datetime_s_strptime,3.5.1,date:ext/date/date_core.c:9991:strptime,['ext/date']
date,3.5.1,parse,cDateTime,datetime_s_parse,-1,rb_define_singleton_method,ext/date/date_core.c,9993,ext/date/date_core.c,8422,resolved,datetime_s_parse,3.5.1,date:ext/date/date_core.c:9993:parse,['ext/date']
date,3.5.1,iso8601,cDateTime,datetime_s_iso8601,-1,rb_define_singleton_method,ext/date/date_core.c,9995,ext/date/date_core.c,8468,resolved,datetime_s_iso8601,3.5.1,date:ext/date/date_core.c:9995:iso8601,['ext/date']
date,3.5.1,rfc3339,cDateTime,datetime_s_rfc3339,-1,rb_define_singleton_method,ext/date/date_core.c,9997,ext/date/date_core.c,8507,resolved,datetime_s_rfc3339,3.5.1,date:ext/date/date_core.c:9997:rfc3339,['ext/date']
date,3.5.1,xmlschema,cDateTime,datetime_s_xmlschema,-1,rb_define_singleton_method,ext/date/date_core.c,9999,ext/date/date_core.c,8546,resolved,datetime_s_xmlschema,3.5.1,date:ext/date/date_core.c:9999:xmlschema,['ext/date']
date,3.5.1,rfc2822,cDateTime,datetime_s_rfc2822,-1,rb_define_singleton_method,ext/date/date_core.c,10001,ext/date/date_core.c,8586,resolved,datetime_s_rfc2822,3.5.1,date:ext/date/date_core.c:10001:rfc2822,['ext/date']
date,3.5.1,rfc822,cDateTime,datetime_s_rfc2822,-1,rb_define_singleton_method,ext/date/date_core.c,10003,ext/date/date_core.c,8586,resolved,datetime_s_rfc2822,3.5.1,date:ext/date/date_core.c:10003:rfc822,['ext/date']
date,3.5.1,httpdate,cDateTime,datetime_s_httpdate,-1,rb_define_singleton_method,ext/date/date_core.c,10005,ext/date/date_core.c,8625,resolved,datetime_s_httpdate,3.5.1,date:ext/date/date_core.c:10005:httpdate,['ext/date']
date,3.5.1,jisx0301,cDateTime,datetime_s_jisx0301,-1,rb_define_singleton_method,ext/date/date_core.c,10007,ext/date/date_core.c,8669,resolved,datetime_s_jisx0301,3.5.1,date:ext/date/date_core.c:10007:jisx0301,['ext/date']
date,3.5.1,hour,cDateTime,d_lite_hour,0,rb_define_method,ext/date/date_core.c,10010,ext/date/date_core.c,5581,resolved,d_lite_hour,3.5.1,date:ext/date/date_core.c:10010:hour,['ext/date']
date,3.5.1,min,cDateTime,d_lite_min,0,rb_define_method,ext/date/date_core.c,10011,ext/date/date_core.c,5597,resolved,d_lite_min,3.5.1,date:ext/date/date_core.c:10011:min,['ext/date']
date,3.5.1,minute,cDateTime,d_lite_min,0,rb_define_method,ext/date/date_core.c,10012,ext/date/date_core.c,5597,resolved,d_lite_min,3.5.1,date:ext/date/date_core.c:10012:minute,['ext/date']
date,3.5.1,sec,cDateTime,d_lite_sec,0,rb_define_method,ext/date/date_core.c,10013,ext/date/date_core.c,5613,resolved,d_lite_sec,3.5.1,date:ext/date/date_core.c:10013:sec,['ext/date']
date,3.5.1,second,cDateTime,d_lite_sec,0,rb_define_method,ext/date/date_core.c,10014,ext/date/date_core.c,5613,resolved,d_lite_sec,3.5.1,date:ext/date/date_core.c:10014:second,['ext/date']
date,3.5.1,sec_fraction,cDateTime,d_lite_sec_fraction,0,rb_define_method,ext/date/date_core.c,10015,ext/date/date_core.c,5630,resolved,d_lite_sec_fraction,3.5.1,date:ext/date/date_core.c:10015:sec_fraction,['ext/date']
date,3.5.1,second_fraction,cDateTime,d_lite_sec_fraction,0,rb_define_method,ext/date/date_core.c,10016,ext/date/date_core.c,5630,resolved,d_lite_sec_fraction,3.5.1,date:ext/date/date_core.c:10016:second_fraction,['ext/date']
date,3.5.1,offset,cDateTime,d_lite_offset,0,rb_define_method,ext/date/date_core.c,10017,ext/date/date_core.c,5645,resolved,d_lite_offset,3.5.1,date:ext/date/date_core.c:10017:offset,['ext/date']
date,3.5.1,zone,cDateTime,d_lite_zone,0,rb_define_method,ext/date/date_core.c,10018,ext/date/date_core.c,5660,resolved,d_lite_zone,3.5.1,date:ext/date/date_core.c:10018:zone,['ext/date']
date,3.5.1,new_offset,cDateTime,d_lite_new_offset,-1,rb_define_method,ext/date/date_core.c,10019,ext/date/date_core.c,5920,resolved,d_lite_new_offset,3.5.1,date:ext/date/date_core.c:10019:new_offset,['ext/date']
date,3.5.1,to_s,cDateTime,dt_lite_to_s,0,rb_define_method,ext/date/date_core.c,10021,ext/date/date_core.c,8704,resolved,dt_lite_to_s,3.5.1,date:ext/date/date_core.c:10021:to_s,['ext/date']
date,3.5.1,strftime,cDateTime,dt_lite_strftime,-1,rb_define_method,ext/date/date_core.c,10023,ext/date/date_core.c,8723,resolved,dt_lite_strftime,3.5.1,date:ext/date/date_core.c:10023:strftime,['ext/date']
date,3.5.1,iso8601,cDateTime,dt_lite_iso8601,-1,rb_define_method,ext/date/date_core.c,10025,ext/date/date_core.c,8757,resolved,dt_lite_iso8601,3.5.1,date:ext/date/date_core.c:10025:iso8601,['ext/date']
date,3.5.1,xmlschema,cDateTime,dt_lite_iso8601,-1,rb_define_method,ext/date/date_core.c,10026,ext/date/date_core.c,8757,resolved,dt_lite_iso8601,3.5.1,date:ext/date/date_core.c:10026:xmlschema,['ext/date']
date,3.5.1,rfc3339,cDateTime,dt_lite_rfc3339,-1,rb_define_method,ext/date/date_core.c,10027,ext/date/date_core.c,8780,resolved,dt_lite_rfc3339,3.5.1,date:ext/date/date_core.c:10027:rfc3339,['ext/date']
date,3.5.1,jisx0301,cDateTime,dt_lite_jisx0301,-1,rb_define_method,ext/date/date_core.c,10028,ext/date/date_core.c,8796,resolved,dt_lite_jisx0301,3.5.1,date:ext/date/date_core.c:10028:jisx0301,['ext/date']
date,3.5.1,deconstruct_keys,cDateTime,dt_lite_deconstruct_keys,1,rb_define_method,ext/date/date_core.c,10030,ext/date/date_core.c,8844,resolved,dt_lite_deconstruct_keys,3.5.1,date:ext/date/date_core.c:10030:deconstruct_keys,['ext/date']
date,3.5.1,to_time,rb_cTime,time_to_time,0,rb_define_method,ext/date/date_core.c,10034,ext/date/date_core.c,8862,resolved,time_to_time,3.5.1,date:ext/date/date_core.c:10034:to_time,['ext/date']
date,3.5.1,to_date,rb_cTime,time_to_date,0,rb_define_method,ext/date/date_core.c,10035,ext/date/date_core.c,8874,resolved,time_to_date,3.5.1,date:ext/date/date_core.c:10035:to_date,['ext/date']
date,3.5.1,to_datetime,rb_cTime,time_to_datetime,0,rb_define_method,ext/date/date_core.c,10036,ext/date/date_core.c,8904,resolved,time_to_datetime,3.5.1,date:ext/date/date_core.c:10036:to_datetime,['ext/date']
date,3.5.1,to_time,cDate,date_to_time,0,rb_define_method,ext/date/date_core.c,10038,ext/date/date_core.c,8951,resolved,date_to_time,3.5.1,date:ext/date/date_core.c:10038:to_time,['ext/date']
date,3.5.1,to_date,cDate,date_to_date,0,rb_define_method,ext/date/date_core.c,10039,ext/date/date_core.c,8979,resolved,date_to_date,3.5.1,date:ext/date/date_core.c:10039:to_date,['ext/date']
date,3.5.1,to_datetime,cDate,date_to_datetime,0,rb_define_method,ext/date/date_core.c,10040,ext/date/date_core.c,8994,resolved,date_to_datetime,3.5.1,date:ext/date/date_core.c:10040:to_datetime,['ext/date']
date,3.5.1,to_time,cDateTime,datetime_to_time,0,rb_define_method,ext/date/date_core.c,10042,ext/date/date_core.c,9034,resolved,datetime_to_time,3.5.1,date:ext/date/date_core.c:10042:to_time,['ext/date']
date,3.5.1,to_date,cDateTime,datetime_to_date,0,rb_define_method,ext/date/date_core.c,10043,ext/date/date_core.c,9071,resolved,datetime_to_date,3.5.1,date:ext/date/date_core.c:10043:to_date,['ext/date']
date,3.5.1,to_datetime,cDateTime,datetime_to_datetime,0,rb_define_method,ext/date/date_core.c,10044,ext/date/date_core.c,9103,resolved,datetime_to_datetime,3.5.1,date:ext/date/date_core.c:10044:to_datetime,['ext/date']
date,3.5.1,test_civil,cDate,date_s_test_civil,0,rb_define_singleton_method,ext/date/date_core.c,10049,ext/date/date_core.c,9139,resolved,date_s_test_civil,3.5.1,date:ext/date/date_core.c:10049:test_civil,['ext/date']
date,3.5.1,test_ordinal,cDate,date_s_test_ordinal,0,rb_define_singleton_method,ext/date/date_core.c,10050,ext/date/date_core.c,9181,resolved,date_s_test_ordinal,3.5.1,date:ext/date/date_core.c:10050:test_ordinal,['ext/date']
date,3.5.1,test_commercial,cDate,date_s_test_commercial,0,rb_define_singleton_method,ext/date/date_core.c,10051,ext/date/date_core.c,9223,resolved,date_s_test_commercial,3.5.1,date:ext/date/date_core.c:10051:test_commercial,['ext/date']
date,3.5.1,test_weeknum,cDate,date_s_test_weeknum,0,rb_define_singleton_method,ext/date/date_core.c,10053,ext/date/date_core.c,9265,resolved,date_s_test_weeknum,3.5.1,date:ext/date/date_core.c:10053:test_weeknum,['ext/date']
date,3.5.1,test_nth_kday,cDate,date_s_test_nth_kday,0,rb_define_singleton_method,ext/date/date_core.c,10054,ext/date/date_core.c,9311,resolved,date_s_test_nth_kday,3.5.1,date:ext/date/date_core.c:10054:test_nth_kday,['ext/date']
date,3.5.1,test_unit_conv,cDate,date_s_test_unit_conv,0,rb_define_singleton_method,ext/date/date_core.c,10055,ext/date/date_core.c,9388,resolved,date_s_test_unit_conv,3.5.1,date:ext/date/date_core.c:10055:test_unit_conv,['ext/date']
date,3.5.1,test_all,cDate,date_s_test_all,0,rb_define_singleton_method,ext/date/date_core.c,10057,ext/date/date_core.c,9403,resolved,date_s_test_all,3.5.1,date:ext/date/date_core.c:10057:test_all,['ext/date']
debug,1.11.1,capture_frames,rb_mDebugger,capture_frames,1,rb_define_singleton_method,ext/debug/debug.c,209,ext/debug/debug.c,99,resolved,capture_frames,1.11.1,debug:ext/debug/debug.c:209:capture_frames,['ext/debug']
debug,1.11.1,frame_depth,rb_mDebugger,frame_depth,0,rb_define_singleton_method,ext/debug/debug.c,210,,,unresolved_function_binding,frame_depth,1.11.1,debug:ext/debug/debug.c:210:frame_depth,['ext/debug']
debug,1.11.1,type,rb_cISeq,iseq_type,0,rb_define_method,ext/debug/debug.c,215,ext/debug/debug.c,129,resolved,iseq_type,1.11.1,debug:ext/debug/debug.c:215:type,['ext/debug']
debug,1.11.1,parameters_symbols,rb_cISeq,iseq_parameters_symbols,0,rb_define_method,ext/debug/debug.c,218,ext/debug/debug.c,140,resolved,iseq_parameters_symbols,1.11.1,debug:ext/debug/debug.c:218:parameters_symbols,['ext/debug']
debug,1.11.1,first_line,rb_cISeq,iseq_first_line,0,rb_define_method,ext/debug/debug.c,221,ext/debug/debug.c,172,resolved,iseq_first_line,1.11.1,debug:ext/debug/debug.c:221:first_line,['ext/debug']
debug,1.11.1,last_line,rb_cISeq,iseq_last_line,0,rb_define_method,ext/debug/debug.c,222,ext/debug/debug.c,181,resolved,iseq_last_line,1.11.1,debug:ext/debug/debug.c:222:last_line,['ext/debug']
debug,1.11.1,each_iseq,rb_mObjSpace,each_iseq,0,rb_define_singleton_method,ext/debug/iseq_collector.c,90,ext/debug/iseq_collector.c,62,resolved,each_iseq,1.11.1,debug:ext/debug/iseq_collector.c:90:each_iseq,['ext/debug']
debug,1.11.1,count_iseq,rb_mObjSpace,count_iseq,0,rb_define_singleton_method,ext/debug/iseq_collector.c,91,ext/debug/iseq_collector.c,77,resolved,count_iseq,1.11.1,debug:ext/debug/iseq_collector.c:91:count_iseq,['ext/debug']
debug_inspector,1.1.0,open,cDebugInspector,di_open_s,0,rb_define_singleton_method,ext/debug_inspector/debug_inspector.c,111,ext/debug_inspector/debug_inspector.c,97,resolved,di_open_s,1.1.0,debug_inspector:ext/debug_inspector/debug_inspector.c:111:open,['ext/debug_inspector']
debug_inspector,1.1.0,backtrace_locations,cDebugInspector,di_backtrace_locations,0,rb_define_method,ext/debug_inspector/debug_inspector.c,112,ext/debug_inspector/debug_inspector.c,37,resolved,di_backtrace_locations,1.1.0,debug_inspector:ext/debug_inspector/debug_inspector.c:112:backtrace_locations,['ext/debug_inspector']
debug_inspector,1.1.0,frame_binding,cDebugInspector,di_binding,1,rb_define_method,ext/debug_inspector/debug_inspector.c,113,ext/debug_inspector/debug_inspector.c,44,resolved,di_binding,1.1.0,debug_inspector:ext/debug_inspector/debug_inspector.c:113:frame_binding,['ext/debug_inspector']
debug_inspector,1.1.0,frame_class,cDebugInspector,di_frame_class,1,rb_define_method,ext/debug_inspector/debug_inspector.c,114,ext/debug_inspector/debug_inspector.c,51,resolved,di_frame_class,1.1.0,debug_inspector:ext/debug_inspector/debug_inspector.c:114:frame_class,['ext/debug_inspector']
debug_inspector,1.1.0,frame_iseq,cDebugInspector,di_frame_iseq,1,rb_define_method,ext/debug_inspector/debug_inspector.c,115,ext/debug_inspector/debug_inspector.c,58,resolved,di_frame_iseq,1.1.0,debug_inspector:ext/debug_inspector/debug_inspector.c:115:frame_iseq,['ext/debug_inspector']
debug_inspector,1.1.0,frame_self,cDebugInspector,di_frame_self,1,rb_define_method,ext/debug_inspector/debug_inspector.c,116,ext/debug_inspector/debug_inspector.c,65,resolved,di_frame_self,1.1.0,debug_inspector:ext/debug_inspector/debug_inspector.c:116:frame_self,['ext/debug_inspector']
digest-crc,0.6.5,update,cCRC12_3GPP,Digest_CRC12_3GPP_update,1,rb_define_method,ext/digest/crc12_3gpp/crc12_3gpp_ext.c,31,ext/digest/crc12_3gpp/crc12_3gpp_ext.c,6,resolved,Digest_CRC12_3GPP_update,0.6.5,digest-crc:ext/digest/crc12_3gpp/crc12_3gpp_ext.c:31:update,['ext/digest/crc12_3gpp']
digest-crc,0.6.5,update,cCRC15,Digest_CRC15_update,1,rb_define_method,ext/digest/crc15/crc15_ext.c,32,ext/digest/crc15/crc15_ext.c,7,resolved,Digest_CRC15_update,0.6.5,digest-crc:ext/digest/crc15/crc15_ext.c:32:update,['ext/digest/crc15']
digest-crc,0.6.5,update,cCRC16,Digest_CRC16_update,1,rb_define_method,ext/digest/crc16/crc16_ext.c,32,ext/digest/crc16/crc16_ext.c,7,resolved,Digest_CRC16_update,0.6.5,digest-crc:ext/digest/crc16/crc16_ext.c:32:update,['ext/digest/crc16']
digest-crc,0.6.5,update,cCRC16CCITT,Digest_CRC16CCITT_update,1,rb_define_method,ext/digest/crc16_ccitt/crc16_ccitt_ext.c,32,ext/digest/crc16_ccitt/crc16_ccitt_ext.c,7,resolved,Digest_CRC16CCITT_update,0.6.5,digest-crc:ext/digest/crc16_ccitt/crc16_ccitt_ext.c:32:update,['ext/digest/crc16_ccitt']
digest-crc,0.6.5,update,cCRC16DNP,Digest_CRC16DNP_update,1,rb_define_method,ext/digest/crc16_dnp/crc16_dnp_ext.c,32,ext/digest/crc16_dnp/crc16_dnp_ext.c,7,resolved,Digest_CRC16DNP_update,0.6.5,digest-crc:ext/digest/crc16_dnp/crc16_dnp_ext.c:32:update,['ext/digest/crc16_dnp']
digest-crc,0.6.5,update,cCRC16Genibus,Digest_CRC16Genibus_update,1,rb_define_method,ext/digest/crc16_genibus/crc16_genibus_ext.c,32,ext/digest/crc16_genibus/crc16_genibus_ext.c,7,resolved,Digest_CRC16Genibus_update,0.6.5,digest-crc:ext/digest/crc16_genibus/crc16_genibus_ext.c:32:update,['ext/digest/crc16_genibus']
digest-crc,0.6.5,update,cCRC16Kermit,Digest_CRC16Kermit_update,1,rb_define_method,ext/digest/crc16_kermit/crc16_kermit_ext.c,32,ext/digest/crc16_kermit/crc16_kermit_ext.c,7,resolved,Digest_CRC16Kermit_update,0.6.5,digest-crc:ext/digest/crc16_kermit/crc16_kermit_ext.c:32:update,['ext/digest/crc16_kermit']
digest-crc,0.6.5,update,cCRC16Modbus,Digest_CRC16Modbus_update,1,rb_define_method,ext/digest/crc16_modbus/crc16_modbus_ext.c,31,ext/digest/crc16_modbus/crc16_modbus_ext.c,7,resolved,Digest_CRC16Modbus_update,0.6.5,digest-crc:ext/digest/crc16_modbus/crc16_modbus_ext.c:31:update,['ext/digest/crc16_modbus']
digest-crc,0.6.5,update,cCRC16USB,Digest_CRC16USB_update,1,rb_define_method,ext/digest/crc16_usb/crc16_usb_ext.c,31,ext/digest/crc16_usb/crc16_usb_ext.c,7,resolved,Digest_CRC16USB_update,0.6.5,digest-crc:ext/digest/crc16_usb/crc16_usb_ext.c:31:update,['ext/digest/crc16_usb']
digest-crc,0.6.5,update,cCRC16X25,Digest_CRC16X25_update,1,rb_define_method,ext/digest/crc16_x_25/crc16_x_25_ext.c,31,ext/digest/crc16_x_25/crc16_x_25_ext.c,7,resolved,Digest_CRC16X25_update,0.6.5,digest-crc:ext/digest/crc16_x_25/crc16_x_25_ext.c:31:update,['ext/digest/crc16_x_25']
digest-crc,0.6.5,update,cCRC16XModem,Digest_CRC16XModem_update,1,rb_define_method,ext/digest/crc16_xmodem/crc16_xmodem_ext.c,32,ext/digest/crc16_xmodem/crc16_xmodem_ext.c,7,resolved,Digest_CRC16XModem_update,0.6.5,digest-crc:ext/digest/crc16_xmodem/crc16_xmodem_ext.c:32:update,['ext/digest/crc16_xmodem']
digest-crc,0.6.5,update,cCRC16ZModem,Digest_CRC16ZModem_update,1,rb_define_method,ext/digest/crc16_zmodem/crc16_zmodem_ext.c,32,ext/digest/crc16_zmodem/crc16_zmodem_ext.c,7,resolved,Digest_CRC16ZModem_update,0.6.5,digest-crc:ext/digest/crc16_zmodem/crc16_zmodem_ext.c:32:update,['ext/digest/crc16_zmodem']
digest-crc,0.6.5,update,cCRC24,Digest_CRC24_update,1,rb_define_method,ext/digest/crc24/crc24_ext.c,31,ext/digest/crc24/crc24_ext.c,6,resolved,Digest_CRC24_update,0.6.5,digest-crc:ext/digest/crc24/crc24_ext.c:31:update,['ext/digest/crc24']
digest-crc,0.6.5,update,cCRC32,Digest_CRC32_update,1,rb_define_method,ext/digest/crc32/crc32_ext.c,31,ext/digest/crc32/crc32_ext.c,6,resolved,Digest_CRC32_update,0.6.5,digest-crc:ext/digest/crc32/crc32_ext.c:31:update,['ext/digest/crc32']
digest-crc,0.6.5,update,cCRC32Bzip2,Digest_CRC32Bzip2_update,1,rb_define_method,ext/digest/crc32_bzip2/crc32_bzip2_ext.c,31,ext/digest/crc32_bzip2/crc32_bzip2_ext.c,6,resolved,Digest_CRC32Bzip2_update,0.6.5,digest-crc:ext/digest/crc32_bzip2/crc32_bzip2_ext.c:31:update,['ext/digest/crc32_bzip2']
digest-crc,0.6.5,update,cCRC32Jam,Digest_CRC32Jam_update,1,rb_define_method,ext/digest/crc32_jam/crc32_jam_ext.c,30,ext/digest/crc32_jam/crc32_jam_ext.c,6,resolved,Digest_CRC32Jam_update,0.6.5,digest-crc:ext/digest/crc32_jam/crc32_jam_ext.c:30:update,['ext/digest/crc32_jam']
digest-crc,0.6.5,update,cCRC32MPEG,Digest_CRC32MPEG_update,1,rb_define_method,ext/digest/crc32_mpeg/crc32_mpeg_ext.c,31,ext/digest/crc32_mpeg/crc32_mpeg_ext.c,6,resolved,Digest_CRC32MPEG_update,0.6.5,digest-crc:ext/digest/crc32_mpeg/crc32_mpeg_ext.c:31:update,['ext/digest/crc32_mpeg']
digest-crc,0.6.5,update,cCRC32POSIX,Digest_CRC32POSIX_update,1,rb_define_method,ext/digest/crc32_posix/crc32_posix_ext.c,31,ext/digest/crc32_posix/crc32_posix_ext.c,6,resolved,Digest_CRC32POSIX_update,0.6.5,digest-crc:ext/digest/crc32_posix/crc32_posix_ext.c:31:update,['ext/digest/crc32_posix']
digest-crc,0.6.5,update,cCRC32XFER,Digest_CRC32XFER_update,1,rb_define_method,ext/digest/crc32_xfer/crc32_xfer_ext.c,31,ext/digest/crc32_xfer/crc32_xfer_ext.c,6,resolved,Digest_CRC32XFER_update,0.6.5,digest-crc:ext/digest/crc32_xfer/crc32_xfer_ext.c:31:update,['ext/digest/crc32_xfer']
digest-crc,0.6.5,update,cCRC32c,Digest_CRC32c_update,1,rb_define_method,ext/digest/crc32c/crc32c_ext.c,30,ext/digest/crc32c/crc32c_ext.c,6,resolved,Digest_CRC32c_update,0.6.5,digest-crc:ext/digest/crc32c/crc32c_ext.c:30:update,['ext/digest/crc32c']
digest-crc,0.6.5,update,cCRC5,Digest_CRC5_update,1,rb_define_method,ext/digest/crc5/crc5_ext.c,31,ext/digest/crc5/crc5_ext.c,6,resolved,Digest_CRC5_update,0.6.5,digest-crc:ext/digest/crc5/crc5_ext.c:31:update,['ext/digest/crc5']
digest-crc,0.6.5,update,cCRC64,Digest_CRC64_update,1,rb_define_method,ext/digest/crc64/crc64_ext.c,31,ext/digest/crc64/crc64_ext.c,6,resolved,Digest_CRC64_update,0.6.5,digest-crc:ext/digest/crc64/crc64_ext.c:31:update,['ext/digest/crc64']
digest-crc,0.6.5,update,cCRC64Jones,Digest_CRC64Jones_update,1,rb_define_method,ext/digest/crc64_jones/crc64_jones_ext.c,30,ext/digest/crc64_jones/crc64_jones_ext.c,6,resolved,Digest_CRC64Jones_update,0.6.5,digest-crc:ext/digest/crc64_jones/crc64_jones_ext.c:30:update,['ext/digest/crc64_jones']
digest-crc,0.6.5,update,cCRC64XZ,Digest_CRC64XZ_update,1,rb_define_method,ext/digest/crc64_xz/crc64_xz_ext.c,30,ext/digest/crc64_xz/crc64_xz_ext.c,6,resolved,Digest_CRC64XZ_update,0.6.5,digest-crc:ext/digest/crc64_xz/crc64_xz_ext.c:30:update,['ext/digest/crc64_xz']
digest-crc,0.6.5,update,cCRC8,Digest_CRC8_update,1,rb_define_method,ext/digest/crc8/crc8_ext.c,31,ext/digest/crc8/crc8_ext.c,6,resolved,Digest_CRC8_update,0.6.5,digest-crc:ext/digest/crc8/crc8_ext.c:31:update,['ext/digest/crc8']
digest-crc,0.6.5,update,cCRC81Wire,Digest_CRC81Wire_update,1,rb_define_method,ext/digest/crc8_1wire/crc8_1wire_ext.c,30,ext/digest/crc8_1wire/crc8_1wire_ext.c,6,resolved,Digest_CRC81Wire_update,0.6.5,digest-crc:ext/digest/crc8_1wire/crc8_1wire_ext.c:30:update,['ext/digest/crc8_1wire']
ed25519,1.4.0,create_keypair,mEd25519_Provider_Ref10,mEd25519_Provider_Ref10_create_keypair,1,rb_define_singleton_method,ext/ed25519_ref10/ed25519_ref10.c,18,ext/ed25519_ref10/ed25519_ref10.c,23,resolved,mEd25519_Provider_Ref10_create_keypair,1.4.0,ed25519:ext/ed25519_ref10/ed25519_ref10.c:18:create_keypair,['ext/ed25519_ref10']
ed25519,1.4.0,sign,mEd25519_Provider_Ref10,mEd25519_Provider_Ref10_sign,2,rb_define_singleton_method,ext/ed25519_ref10/ed25519_ref10.c,19,ext/ed25519_ref10/ed25519_ref10.c,39,resolved,mEd25519_Provider_Ref10_sign,1.4.0,ed25519:ext/ed25519_ref10/ed25519_ref10.c:19:sign,['ext/ed25519_ref10']
ed25519,1.4.0,verify,mEd25519_Provider_Ref10,mEd25519_Provider_Ref10_verify,3,rb_define_singleton_method,ext/ed25519_ref10/ed25519_ref10.c,20,ext/ed25519_ref10/ed25519_ref10.c,65,resolved,mEd25519_Provider_Ref10_verify,1.4.0,ed25519:ext/ed25519_ref10/ed25519_ref10.c:20:verify,['ext/ed25519_ref10']
erb,6.0.4,html_escape,rb_mEscape,erb_escape_html,1,rb_define_module_function,ext/erb/escape/escape.c,110,ext/erb/escape/escape.c,86,resolved,erb_escape_html,6.0.4,erb:ext/erb/escape/escape.c:110:html_escape,['ext/erb/escape']
escape_utils,1.3.0,escape_html_once,rb_mEscapeUtils,rb_eu_escape_html_once,1,rb_define_method,ext/escape_utils/escape_utils.c,133,ext/escape_utils/escape_utils.c,60,resolved,rb_eu_escape_html_once,1.3.0,escape_utils:ext/escape_utils/escape_utils.c:133:escape_html_once,['ext/escape_utils']
escape_utils,1.3.0,escape_xml,rb_mEscapeUtils,rb_eu_escape_xml,1,rb_define_method,ext/escape_utils/escape_utils.c,134,ext/escape_utils/escape_utils.c,79,resolved,rb_eu_escape_xml,1.3.0,escape_utils:ext/escape_utils/escape_utils.c:134:escape_xml,['ext/escape_utils']
escape_utils,1.3.0,escape_javascript,rb_mEscapeUtils,rb_eu_escape_js,1,rb_define_method,ext/escape_utils/escape_utils.c,135,ext/escape_utils/escape_utils.c,88,resolved,rb_eu_escape_js,1.3.0,escape_utils:ext/escape_utils/escape_utils.c:135:escape_javascript,['ext/escape_utils']
escape_utils,1.3.0,unescape_javascript,rb_mEscapeUtils,rb_eu_unescape_js,1,rb_define_method,ext/escape_utils/escape_utils.c,136,ext/escape_utils/escape_utils.c,93,resolved,rb_eu_unescape_js,1.3.0,escape_utils:ext/escape_utils/escape_utils.c:136:unescape_javascript,['ext/escape_utils']
escape_utils,1.3.0,escape_uri,rb_mEscapeUtils,rb_eu_escape_uri,1,rb_define_method,ext/escape_utils/escape_utils.c,137,ext/escape_utils/escape_utils.c,101,resolved,rb_eu_escape_uri,1.3.0,escape_utils:ext/escape_utils/escape_utils.c:137:escape_uri,['ext/escape_utils']
escape_utils,1.3.0,unescape_uri,rb_mEscapeUtils,rb_eu_unescape_uri,1,rb_define_method,ext/escape_utils/escape_utils.c,138,ext/escape_utils/escape_utils.c,106,resolved,rb_eu_unescape_uri,1.3.0,escape_utils:ext/escape_utils/escape_utils.c:138:unescape_uri,['ext/escape_utils']
escape_utils,1.3.0,escape_uri_component,rb_mEscapeUtils,rb_eu_escape_uri_component,1,rb_define_method,ext/escape_utils/escape_utils.c,139,ext/escape_utils/escape_utils.c,114,resolved,rb_eu_escape_uri_component,1.3.0,escape_utils:ext/escape_utils/escape_utils.c:139:escape_uri_component,['ext/escape_utils']
escape_utils,1.3.0,unescape_uri_component,rb_mEscapeUtils,rb_eu_unescape_uri_component,1,rb_define_method,ext/escape_utils/escape_utils.c,140,ext/escape_utils/escape_utils.c,119,resolved,rb_eu_unescape_uri_component,1.3.0,escape_utils:ext/escape_utils/escape_utils.c:140:unescape_uri_component,['ext/escape_utils']
fast_blank,1.0.1,blank?,rb_cString,rb_str_blank,0,rb_define_method,ext/fast_blank/fast_blank.c,93,ext/fast_blank/fast_blank.c,69,resolved,rb_str_blank,1.0.1,fast_blank:ext/fast_blank/fast_blank.c:93:blank?,['ext/fast_blank']
fast_blank,1.0.1,blank_as?,rb_cString,rb_str_blank_as,0,rb_define_method,ext/fast_blank/fast_blank.c,94,ext/fast_blank/fast_blank.c,15,resolved,rb_str_blank_as,1.0.1,fast_blank:ext/fast_blank/fast_blank.c:94:blank_as?,['ext/fast_blank']
ffi,1.17.4,put_float32,classMemory,memory_put_float32,2,rb_define_method,ext/ffi_c/AbstractMemory.c,870,,,unresolved_function_binding,memory_put_float32,1.17.4,ffi:ext/ffi_c/AbstractMemory.c:870:put_float32,['ext/ffi_c']
ffi,1.17.4,get_float32,classMemory,memory_get_float32,1,rb_define_method,ext/ffi_c/AbstractMemory.c,878,,,unresolved_function_binding,memory_get_float32,1.17.4,ffi:ext/ffi_c/AbstractMemory.c:878:get_float32,['ext/ffi_c']
ffi,1.17.4,write_float,classMemory,memory_write_float32,1,rb_define_method,ext/ffi_c/AbstractMemory.c,891,,,unresolved_function_binding,memory_write_float32,1.17.4,ffi:ext/ffi_c/AbstractMemory.c:891:write_float,['ext/ffi_c']
ffi,1.17.4,read_float,classMemory,memory_read_float32,0,rb_define_method,ext/ffi_c/AbstractMemory.c,901,,,unresolved_function_binding,memory_read_float32,1.17.4,ffi:ext/ffi_c/AbstractMemory.c:901:read_float,['ext/ffi_c']
ffi,1.17.4,put_array_of_float32,classMemory,memory_put_array_of_float32,2,rb_define_method,ext/ffi_c/AbstractMemory.c,910,,,unresolved_function_binding,memory_put_array_of_float32,1.17.4,ffi:ext/ffi_c/AbstractMemory.c:910:put_array_of_float32,['ext/ffi_c']
ffi,1.17.4,get_array_of_float32,classMemory,memory_get_array_of_float32,2,rb_define_method,ext/ffi_c/AbstractMemory.c,919,,,unresolved_function_binding,memory_get_array_of_float32,1.17.4,ffi:ext/ffi_c/AbstractMemory.c:919:get_array_of_float32,['ext/ffi_c']
ffi,1.17.4,write_array_of_float,classMemory,memory_write_array_of_float32,1,rb_define_method,ext/ffi_c/AbstractMemory.c,930,,,unresolved_function_binding,memory_write_array_of_float32,1.17.4,ffi:ext/ffi_c/AbstractMemory.c:930:write_array_of_float,['ext/ffi_c']
ffi,1.17.4,read_array_of_float,classMemory,memory_read_array_of_float32,1,rb_define_method,ext/ffi_c/AbstractMemory.c,941,,,unresolved_function_binding,memory_read_array_of_float32,1.17.4,ffi:ext/ffi_c/AbstractMemory.c:941:read_array_of_float,['ext/ffi_c']
ffi,1.17.4,put_float64,classMemory,memory_put_float64,2,rb_define_method,ext/ffi_c/AbstractMemory.c,952,,,unresolved_function_binding,memory_put_float64,1.17.4,ffi:ext/ffi_c/AbstractMemory.c:952:put_float64,['ext/ffi_c']
ffi,1.17.4,get_float64,classMemory,memory_get_float64,1,rb_define_method,ext/ffi_c/AbstractMemory.c,960,,,unresolved_function_binding,memory_get_float64,1.17.4,ffi:ext/ffi_c/AbstractMemory.c:960:get_float64,['ext/ffi_c']
ffi,1.17.4,write_double,classMemory,memory_write_float64,1,rb_define_method,ext/ffi_c/AbstractMemory.c,973,,,unresolved_function_binding,memory_write_float64,1.17.4,ffi:ext/ffi_c/AbstractMemory.c:973:write_double,['ext/ffi_c']
ffi,1.17.4,read_double,classMemory,memory_read_float64,0,rb_define_method,ext/ffi_c/AbstractMemory.c,983,,,unresolved_function_binding,memory_read_float64,1.17.4,ffi:ext/ffi_c/AbstractMemory.c:983:read_double,['ext/ffi_c']
ffi,1.17.4,put_array_of_float64,classMemory,memory_put_array_of_float64,2,rb_define_method,ext/ffi_c/AbstractMemory.c,992,,,unresolved_function_binding,memory_put_array_of_float64,1.17.4,ffi:ext/ffi_c/AbstractMemory.c:992:put_array_of_float64,['ext/ffi_c']
ffi,1.17.4,get_array_of_float64,classMemory,memory_get_array_of_float64,2,rb_define_method,ext/ffi_c/AbstractMemory.c,1001,,,unresolved_function_binding,memory_get_array_of_float64,1.17.4,ffi:ext/ffi_c/AbstractMemory.c:1001:get_array_of_float64,['ext/ffi_c']
ffi,1.17.4,write_array_of_double,classMemory,memory_write_array_of_float64,1,rb_define_method,ext/ffi_c/AbstractMemory.c,1012,,,unresolved_function_binding,memory_write_array_of_float64,1.17.4,ffi:ext/ffi_c/AbstractMemory.c:1012:write_array_of_double,['ext/ffi_c']
ffi,1.17.4,read_array_of_double,classMemory,memory_read_array_of_float64,1,rb_define_method,ext/ffi_c/AbstractMemory.c,1023,,,unresolved_function_binding,memory_read_array_of_float64,1.17.4,ffi:ext/ffi_c/AbstractMemory.c:1023:read_array_of_double,['ext/ffi_c']
ffi,1.17.4,put_pointer,classMemory,memory_put_pointer,2,rb_define_method,ext/ffi_c/AbstractMemory.c,1034,,,unresolved_function_binding,memory_put_pointer,1.17.4,ffi:ext/ffi_c/AbstractMemory.c:1034:put_pointer,['ext/ffi_c']
ffi,1.17.4,get_pointer,classMemory,memory_get_pointer,1,rb_define_method,ext/ffi_c/AbstractMemory.c,1042,,,unresolved_function_binding,memory_get_pointer,1.17.4,ffi:ext/ffi_c/AbstractMemory.c:1042:get_pointer,['ext/ffi_c']
ffi,1.17.4,write_pointer,classMemory,memory_write_pointer,1,rb_define_method,ext/ffi_c/AbstractMemory.c,1053,,,unresolved_function_binding,memory_write_pointer,1.17.4,ffi:ext/ffi_c/AbstractMemory.c:1053:write_pointer,['ext/ffi_c']
ffi,1.17.4,read_pointer,classMemory,memory_read_pointer,0,rb_define_method,ext/ffi_c/AbstractMemory.c,1063,,,unresolved_function_binding,memory_read_pointer,1.17.4,ffi:ext/ffi_c/AbstractMemory.c:1063:read_pointer,['ext/ffi_c']
ffi,1.17.4,put_array_of_pointer,classMemory,memory_put_array_of_pointer,2,rb_define_method,ext/ffi_c/AbstractMemory.c,1072,,,unresolved_function_binding,memory_put_array_of_pointer,1.17.4,ffi:ext/ffi_c/AbstractMemory.c:1072:put_array_of_pointer,['ext/ffi_c']
ffi,1.17.4,get_array_of_pointer,classMemory,memory_get_array_of_pointer,2,rb_define_method,ext/ffi_c/AbstractMemory.c,1081,,,unresolved_function_binding,memory_get_array_of_pointer,1.17.4,ffi:ext/ffi_c/AbstractMemory.c:1081:get_array_of_pointer,['ext/ffi_c']
ffi,1.17.4,write_array_of_pointer,classMemory,memory_write_array_of_pointer,1,rb_define_method,ext/ffi_c/AbstractMemory.c,1092,,,unresolved_function_binding,memory_write_array_of_pointer,1.17.4,ffi:ext/ffi_c/AbstractMemory.c:1092:write_array_of_pointer,['ext/ffi_c']
ffi,1.17.4,read_array_of_pointer,classMemory,memory_read_array_of_pointer,1,rb_define_method,ext/ffi_c/AbstractMemory.c,1103,,,unresolved_function_binding,memory_read_array_of_pointer,1.17.4,ffi:ext/ffi_c/AbstractMemory.c:1103:read_array_of_pointer,['ext/ffi_c']
ffi,1.17.4,get_string,classMemory,memory_get_string,-1,rb_define_method,ext/ffi_c/AbstractMemory.c,1105,ext/ffi_c/AbstractMemory.c,416,resolved,memory_get_string,1.17.4,ffi:ext/ffi_c/AbstractMemory.c:1105:get_string,['ext/ffi_c']
ffi,1.17.4,put_string,classMemory,memory_put_string,2,rb_define_method,ext/ffi_c/AbstractMemory.c,1106,ext/ffi_c/AbstractMemory.c,516,resolved,memory_put_string,1.17.4,ffi:ext/ffi_c/AbstractMemory.c:1106:put_string,['ext/ffi_c']
ffi,1.17.4,get_bytes,classMemory,memory_get_bytes,2,rb_define_method,ext/ffi_c/AbstractMemory.c,1107,ext/ffi_c/AbstractMemory.c,544,resolved,memory_get_bytes,1.17.4,ffi:ext/ffi_c/AbstractMemory.c:1107:get_bytes,['ext/ffi_c']
ffi,1.17.4,put_bytes,classMemory,memory_put_bytes,-1,rb_define_method,ext/ffi_c/AbstractMemory.c,1108,ext/ffi_c/AbstractMemory.c,572,resolved,memory_put_bytes,1.17.4,ffi:ext/ffi_c/AbstractMemory.c:1108:put_bytes,['ext/ffi_c']
ffi,1.17.4,read_bytes,classMemory,memory_read_bytes,1,rb_define_method,ext/ffi_c/AbstractMemory.c,1109,ext/ffi_c/AbstractMemory.c,609,resolved,memory_read_bytes,1.17.4,ffi:ext/ffi_c/AbstractMemory.c:1109:read_bytes,['ext/ffi_c']
ffi,1.17.4,write_bytes,classMemory,memory_write_bytes,-1,rb_define_method,ext/ffi_c/AbstractMemory.c,1110,ext/ffi_c/AbstractMemory.c,624,resolved,memory_write_bytes,1.17.4,ffi:ext/ffi_c/AbstractMemory.c:1110:write_bytes,['ext/ffi_c']
ffi,1.17.4,get_array_of_string,classMemory,memory_get_array_of_string,-1,rb_define_method,ext/ffi_c/AbstractMemory.c,1111,ext/ffi_c/AbstractMemory.c,444,resolved,memory_get_array_of_string,1.17.4,ffi:ext/ffi_c/AbstractMemory.c:1111:get_array_of_string,['ext/ffi_c']
ffi,1.17.4,read_array_of_string,classMemory,memory_read_array_of_string,-1,rb_define_method,ext/ffi_c/AbstractMemory.c,1112,ext/ffi_c/AbstractMemory.c,491,resolved,memory_read_array_of_string,1.17.4,ffi:ext/ffi_c/AbstractMemory.c:1112:read_array_of_string,['ext/ffi_c']
ffi,1.17.4,get,classMemory,memory_get,2,rb_define_method,ext/ffi_c/AbstractMemory.c,1114,ext/ffi_c/AbstractMemory.c,347,resolved,memory_get,1.17.4,ffi:ext/ffi_c/AbstractMemory.c:1114:get,['ext/ffi_c']
ffi,1.17.4,put,classMemory,memory_put,3,rb_define_method,ext/ffi_c/AbstractMemory.c,1115,ext/ffi_c/AbstractMemory.c,380,resolved,memory_put,1.17.4,ffi:ext/ffi_c/AbstractMemory.c:1115:put,['ext/ffi_c']
ffi,1.17.4,clear,classMemory,memory_clear,0,rb_define_method,ext/ffi_c/AbstractMemory.c,1117,ext/ffi_c/AbstractMemory.c,315,resolved,memory_clear,1.17.4,ffi:ext/ffi_c/AbstractMemory.c:1117:clear,['ext/ffi_c']
ffi,1.17.4,total,classMemory,memory_size,0,rb_define_method,ext/ffi_c/AbstractMemory.c,1118,ext/ffi_c/AbstractMemory.c,329,resolved,memory_size,1.17.4,ffi:ext/ffi_c/AbstractMemory.c:1118:total,['ext/ffi_c']
ffi,1.17.4,type_size,classMemory,memory_type_size,0,rb_define_method,ext/ffi_c/AbstractMemory.c,1120,ext/ffi_c/AbstractMemory.c,643,resolved,memory_type_size,1.17.4,ffi:ext/ffi_c/AbstractMemory.c:1120:type_size,['ext/ffi_c']
ffi,1.17.4,[],classMemory,memory_aref,1,rb_define_method,ext/ffi_c/AbstractMemory.c,1121,ext/ffi_c/AbstractMemory.c,660,resolved,memory_aref,1.17.4,ffi:ext/ffi_c/AbstractMemory.c:1121:[],['ext/ffi_c']
ffi,1.17.4,__copy_from__,classMemory,memory_copy_from,2,rb_define_method,ext/ffi_c/AbstractMemory.c,1122,ext/ffi_c/AbstractMemory.c,681,resolved,memory_copy_from,1.17.4,ffi:ext/ffi_c/AbstractMemory.c:1122:__copy_from__,['ext/ffi_c']
ffi,1.17.4,freeze,classMemory,memory_freeze,0,rb_define_method,ext/ffi_c/AbstractMemory.c,1123,ext/ffi_c/AbstractMemory.c,699,resolved,memory_freeze,1.17.4,ffi:ext/ffi_c/AbstractMemory.c:1123:freeze,['ext/ffi_c']
ffi,1.17.4,<allocator>,rbffi_ArrayTypeClass,array_type_s_allocate,0,rb_define_alloc_func,ext/ffi_c/ArrayType.c,193,ext/ffi_c/ArrayType.c,59,resolved,array_type_s_allocate,1.17.4,ffi:ext/ffi_c/ArrayType.c:193:<allocator>,['ext/ffi_c']
ffi,1.17.4,initialize,rbffi_ArrayTypeClass,array_type_initialize,2,rb_define_method,ext/ffi_c/ArrayType.c,194,ext/ffi_c/ArrayType.c,117,resolved,array_type_initialize,1.17.4,ffi:ext/ffi_c/ArrayType.c:194:initialize,['ext/ffi_c']
ffi,1.17.4,length,rbffi_ArrayTypeClass,array_type_length,0,rb_define_method,ext/ffi_c/ArrayType.c,195,ext/ffi_c/ArrayType.c,146,resolved,array_type_length,1.17.4,ffi:ext/ffi_c/ArrayType.c:195:length,['ext/ffi_c']
ffi,1.17.4,elem_type,rbffi_ArrayTypeClass,array_type_element_type,0,rb_define_method,ext/ffi_c/ArrayType.c,196,ext/ffi_c/ArrayType.c,161,resolved,array_type_element_type,1.17.4,ffi:ext/ffi_c/ArrayType.c:196:elem_type,['ext/ffi_c']
ffi,1.17.4,<allocator>,BufferClass,buffer_allocate,0,rb_define_alloc_func,ext/ffi_c/Buffer.c,385,ext/ffi_c/Buffer.c,89,resolved,buffer_allocate,1.17.4,ffi:ext/ffi_c/Buffer.c:385:<allocator>,['ext/ffi_c']
ffi,1.17.4,alloc_inout,BufferClass,buffer_alloc_inout,-1,rb_define_singleton_method,ext/ffi_c/Buffer.c,392,ext/ffi_c/Buffer.c,194,resolved,buffer_alloc_inout,1.17.4,ffi:ext/ffi_c/Buffer.c:392:alloc_inout,['ext/ffi_c']
ffi,1.17.4,alloc_out,BufferClass,buffer_alloc_inout,-1,rb_define_singleton_method,ext/ffi_c/Buffer.c,398,ext/ffi_c/Buffer.c,194,resolved,buffer_alloc_inout,1.17.4,ffi:ext/ffi_c/Buffer.c:398:alloc_out,['ext/ffi_c']
ffi,1.17.4,alloc_in,BufferClass,buffer_alloc_inout,-1,rb_define_singleton_method,ext/ffi_c/Buffer.c,404,ext/ffi_c/Buffer.c,194,resolved,buffer_alloc_inout,1.17.4,ffi:ext/ffi_c/Buffer.c:404:alloc_in,['ext/ffi_c']
ffi,1.17.4,initialize,BufferClass,buffer_initialize,-1,rb_define_method,ext/ffi_c/Buffer.c,409,ext/ffi_c/Buffer.c,123,resolved,buffer_initialize,1.17.4,ffi:ext/ffi_c/Buffer.c:409:initialize,['ext/ffi_c']
ffi,1.17.4,initialize_copy,BufferClass,buffer_initialize_copy,1,rb_define_method,ext/ffi_c/Buffer.c,410,ext/ffi_c/Buffer.c,167,resolved,buffer_initialize_copy,1.17.4,ffi:ext/ffi_c/Buffer.c:410:initialize_copy,['ext/ffi_c']
ffi,1.17.4,order,BufferClass,buffer_order,-1,rb_define_method,ext/ffi_c/Buffer.c,411,ext/ffi_c/Buffer.c,285,resolved,buffer_order,1.17.4,ffi:ext/ffi_c/Buffer.c:411:order,['ext/ffi_c']
ffi,1.17.4,inspect,BufferClass,buffer_inspect,0,rb_define_method,ext/ffi_c/Buffer.c,412,ext/ffi_c/Buffer.c,255,resolved,buffer_inspect,1.17.4,ffi:ext/ffi_c/Buffer.c:412:inspect,['ext/ffi_c']
ffi,1.17.4,+,BufferClass,buffer_plus,1,rb_define_method,ext/ffi_c/Buffer.c,414,ext/ffi_c/Buffer.c,226,resolved,buffer_plus,1.17.4,ffi:ext/ffi_c/Buffer.c:414:+,['ext/ffi_c']
ffi,1.17.4,slice,BufferClass,buffer_slice,2,rb_define_method,ext/ffi_c/Buffer.c,415,ext/ffi_c/Buffer.c,244,resolved,buffer_slice,1.17.4,ffi:ext/ffi_c/Buffer.c:415:slice,['ext/ffi_c']
ffi,1.17.4,<allocator>,LibraryClass,library_allocate,0,rb_define_alloc_func,ext/ffi_c/DynamicLibrary.c,349,ext/ffi_c/DynamicLibrary.c,107,resolved,library_allocate,1.17.4,ffi:ext/ffi_c/DynamicLibrary.c:349:<allocator>,['ext/ffi_c']
ffi,1.17.4,open,LibraryClass,library_open,2,rb_define_singleton_method,ext/ffi_c/DynamicLibrary.c,350,ext/ffi_c/DynamicLibrary.c,122,resolved,library_open,1.17.4,ffi:ext/ffi_c/DynamicLibrary.c:350:open,['ext/ffi_c']
ffi,1.17.4,last_error,LibraryClass,library_dlerror,0,rb_define_singleton_method,ext/ffi_c/DynamicLibrary.c,351,ext/ffi_c/DynamicLibrary.c,187,resolved,library_dlerror,1.17.4,ffi:ext/ffi_c/DynamicLibrary.c:351:last_error,['ext/ffi_c']
ffi,1.17.4,initialize,LibraryClass,library_initialize,2,rb_define_method,ext/ffi_c/DynamicLibrary.c,352,ext/ffi_c/DynamicLibrary.c,136,resolved,library_initialize,1.17.4,ffi:ext/ffi_c/DynamicLibrary.c:352:initialize,['ext/ffi_c']
ffi,1.17.4,find_symbol,LibraryClass,library_dlsym,1,rb_define_method,ext/ffi_c/DynamicLibrary.c,359,ext/ffi_c/DynamicLibrary.c,170,resolved,library_dlsym,1.17.4,ffi:ext/ffi_c/DynamicLibrary.c:359:find_symbol,['ext/ffi_c']
ffi,1.17.4,find_function,LibraryClass,library_dlsym,1,rb_define_method,ext/ffi_c/DynamicLibrary.c,366,ext/ffi_c/DynamicLibrary.c,170,resolved,library_dlsym,1.17.4,ffi:ext/ffi_c/DynamicLibrary.c:366:find_function,['ext/ffi_c']
ffi,1.17.4,find_variable,LibraryClass,library_dlsym,1,rb_define_method,ext/ffi_c/DynamicLibrary.c,373,ext/ffi_c/DynamicLibrary.c,170,resolved,library_dlsym,1.17.4,ffi:ext/ffi_c/DynamicLibrary.c:373:find_variable,['ext/ffi_c']
ffi,1.17.4,last_error,LibraryClass,library_dlerror,0,rb_define_method,ext/ffi_c/DynamicLibrary.c,374,ext/ffi_c/DynamicLibrary.c,187,resolved,library_dlerror,1.17.4,ffi:ext/ffi_c/DynamicLibrary.c:374:last_error,['ext/ffi_c']
ffi,1.17.4,<allocator>,SymbolClass,symbol_allocate,0,rb_define_alloc_func,ext/ffi_c/DynamicLibrary.c,377,ext/ffi_c/DynamicLibrary.c,246,resolved,symbol_allocate,1.17.4,ffi:ext/ffi_c/DynamicLibrary.c:377:<allocator>,['ext/ffi_c']
ffi,1.17.4,inspect,SymbolClass,symbol_inspect,0,rb_define_method,ext/ffi_c/DynamicLibrary.c,379,ext/ffi_c/DynamicLibrary.c,315,resolved,symbol_inspect,1.17.4,ffi:ext/ffi_c/DynamicLibrary.c:379:inspect,['ext/ffi_c']
ffi,1.17.4,initialize_copy,SymbolClass,symbol_initialize_copy,1,rb_define_method,ext/ffi_c/DynamicLibrary.c,380,ext/ffi_c/DynamicLibrary.c,264,resolved,symbol_initialize_copy,1.17.4,ffi:ext/ffi_c/DynamicLibrary.c:380:initialize_copy,['ext/ffi_c']
ffi,1.17.4,StringValueCStr(name),module,rbffi_MethodHandle_CodeAddress(fn->methodHandle),-1,rb_define_singleton_method,ext/ffi_c/Function.c,532,,,unresolved_function_binding,rbffi_MethodHandle_CodeAddress(fn->methodHandle),1.17.4,ffi:ext/ffi_c/Function.c:532:StringValueCStr(name),['ext/ffi_c']
ffi,1.17.4,StringValueCStr(name),module,rbffi_MethodHandle_CodeAddress(fn->methodHandle),-1,rb_define_method,ext/ffi_c/Function.c,536,,,unresolved_function_binding,rbffi_MethodHandle_CodeAddress(fn->methodHandle),1.17.4,ffi:ext/ffi_c/Function.c:536:StringValueCStr(name),['ext/ffi_c']
ffi,1.17.4,<allocator>,rbffi_FunctionClass,function_allocate,0,rb_define_alloc_func,ext/ffi_c/Function.c,1047,ext/ffi_c/Function.c,268,resolved,function_allocate,1.17.4,ffi:ext/ffi_c/Function.c:1047:<allocator>,['ext/ffi_c']
ffi,1.17.4,initialize,rbffi_FunctionClass,function_initialize,-1,rb_define_method,ext/ffi_c/Function.c,1049,ext/ffi_c/Function.c,346,resolved,function_initialize,1.17.4,ffi:ext/ffi_c/Function.c:1049:initialize,['ext/ffi_c']
ffi,1.17.4,initialize_copy,rbffi_FunctionClass,function_initialize_copy,1,rb_define_method,ext/ffi_c/Function.c,1050,ext/ffi_c/Function.c,392,resolved,function_initialize_copy,1.17.4,ffi:ext/ffi_c/Function.c:1050:initialize_copy,['ext/ffi_c']
ffi,1.17.4,call,rbffi_FunctionClass,function_call,-1,rb_define_method,ext/ffi_c/Function.c,1051,ext/ffi_c/Function.c,493,resolved,function_call,1.17.4,ffi:ext/ffi_c/Function.c:1051:call,['ext/ffi_c']
ffi,1.17.4,attach,rbffi_FunctionClass,function_attach,2,rb_define_method,ext/ffi_c/Function.c,1052,ext/ffi_c/Function.c,510,resolved,function_attach,1.17.4,ffi:ext/ffi_c/Function.c:1052:attach,['ext/ffi_c']
ffi,1.17.4,free,rbffi_FunctionClass,function_release,0,rb_define_method,ext/ffi_c/Function.c,1053,ext/ffi_c/Function.c,586,resolved,function_release,1.17.4,ffi:ext/ffi_c/Function.c:1053:free,['ext/ffi_c']
ffi,1.17.4,autorelease=,rbffi_FunctionClass,function_set_autorelease,1,rb_define_method,ext/ffi_c/Function.c,1054,ext/ffi_c/Function.c,548,resolved,function_set_autorelease,1.17.4,ffi:ext/ffi_c/Function.c:1054:autorelease=,['ext/ffi_c']
ffi,1.17.4,type,rbffi_FunctionClass,function_type,0,rb_define_private_method,ext/ffi_c/Function.c,1055,ext/ffi_c/Function.c,571,resolved,function_type,1.17.4,ffi:ext/ffi_c/Function.c:1055:type,['ext/ffi_c']
ffi,1.17.4,autorelease,rbffi_FunctionClass,function_autorelease_p,0,rb_define_method,ext/ffi_c/Function.c,1062,ext/ffi_c/Function.c,561,resolved,function_autorelease_p,1.17.4,ffi:ext/ffi_c/Function.c:1062:autorelease,['ext/ffi_c']
ffi,1.17.4,autorelease?,rbffi_FunctionClass,function_autorelease_p,0,rb_define_method,ext/ffi_c/Function.c,1068,ext/ffi_c/Function.c,561,resolved,function_autorelease_p,1.17.4,ffi:ext/ffi_c/Function.c:1068:autorelease?,['ext/ffi_c']
ffi,1.17.4,_async_cb_dispatcher_atfork_child,moduleFFI,async_cb_dispatcher_atfork_child,0,rb_define_singleton_method,ext/ffi_c/Function.c,1080,ext/ffi_c/Function.c,257,resolved,async_cb_dispatcher_atfork_child,1.17.4,ffi:ext/ffi_c/Function.c:1080:_async_cb_dispatcher_atfork_child,['ext/ffi_c']
ffi,1.17.4,<allocator>,rbffi_FunctionTypeClass,fntype_allocate,0,rb_define_alloc_func,ext/ffi_c/FunctionInfo.c,316,ext/ffi_c/FunctionInfo.c,75,resolved,fntype_allocate,1.17.4,ffi:ext/ffi_c/FunctionInfo.c:316:<allocator>,['ext/ffi_c']
ffi,1.17.4,initialize,rbffi_FunctionTypeClass,fntype_initialize,-1,rb_define_method,ext/ffi_c/FunctionInfo.c,317,ext/ffi_c/FunctionInfo.c,164,resolved,fntype_initialize,1.17.4,ffi:ext/ffi_c/FunctionInfo.c:317:initialize,['ext/ffi_c']
ffi,1.17.4,return_type,rbffi_FunctionTypeClass,fntype_return_type,0,rb_define_method,ext/ffi_c/FunctionInfo.c,318,ext/ffi_c/FunctionInfo.c,266,resolved,fntype_return_type,1.17.4,ffi:ext/ffi_c/FunctionInfo.c:318:return_type,['ext/ffi_c']
ffi,1.17.4,param_types,rbffi_FunctionTypeClass,fntype_param_types,0,rb_define_method,ext/ffi_c/FunctionInfo.c,319,ext/ffi_c/FunctionInfo.c,281,resolved,fntype_param_types,1.17.4,ffi:ext/ffi_c/FunctionInfo.c:319:param_types,['ext/ffi_c']
ffi,1.17.4,error,moduleError,get_last_error,0,rb_define_module_function,ext/ffi_c/LastError.c,229,ext/ffi_c/LastError.c,147,resolved,get_last_error,1.17.4,ffi:ext/ffi_c/LastError.c:229:error,['ext/ffi_c']
ffi,1.17.4,error=,moduleError,set_last_error,1,rb_define_module_function,ext/ffi_c/LastError.c,230,ext/ffi_c/LastError.c,173,resolved,set_last_error,1.17.4,ffi:ext/ffi_c/LastError.c:230:error=,['ext/ffi_c']
ffi,1.17.4,winapi_error,moduleError,get_last_winapi_error,0,rb_define_module_function,ext/ffi_c/LastError.c,233,ext/ffi_c/LastError.c,159,resolved,get_last_winapi_error,1.17.4,ffi:ext/ffi_c/LastError.c:233:winapi_error,['ext/ffi_c']
ffi,1.17.4,winapi_error=,moduleError,set_last_winapi_error,1,rb_define_module_function,ext/ffi_c/LastError.c,234,ext/ffi_c/LastError.c,192,resolved,set_last_winapi_error,1.17.4,ffi:ext/ffi_c/LastError.c:234:winapi_error=,['ext/ffi_c']
ffi,1.17.4,<allocator>,rbffi_MappedTypeClass,mapped_allocate,0,rb_define_alloc_func,ext/ffi_c/MappedType.c,203,ext/ffi_c/MappedType.c,64,resolved,mapped_allocate,1.17.4,ffi:ext/ffi_c/MappedType.c:203:<allocator>,['ext/ffi_c']
ffi,1.17.4,initialize,rbffi_MappedTypeClass,mapped_initialize,1,rb_define_method,ext/ffi_c/MappedType.c,204,ext/ffi_c/MappedType.c,86,resolved,mapped_initialize,1.17.4,ffi:ext/ffi_c/MappedType.c:204:initialize,['ext/ffi_c']
ffi,1.17.4,type,rbffi_MappedTypeClass,mapped_native_type,0,rb_define_method,ext/ffi_c/MappedType.c,205,ext/ffi_c/MappedType.c,145,resolved,mapped_native_type,1.17.4,ffi:ext/ffi_c/MappedType.c:205:type,['ext/ffi_c']
ffi,1.17.4,native_type,rbffi_MappedTypeClass,mapped_native_type,0,rb_define_method,ext/ffi_c/MappedType.c,206,ext/ffi_c/MappedType.c,145,resolved,mapped_native_type,1.17.4,ffi:ext/ffi_c/MappedType.c:206:native_type,['ext/ffi_c']
ffi,1.17.4,to_native,rbffi_MappedTypeClass,mapped_to_native,-1,rb_define_method,ext/ffi_c/MappedType.c,207,ext/ffi_c/MappedType.c,158,resolved,mapped_to_native,1.17.4,ffi:ext/ffi_c/MappedType.c:207:to_native,['ext/ffi_c']
ffi,1.17.4,from_native,rbffi_MappedTypeClass,mapped_from_native,-1,rb_define_method,ext/ffi_c/MappedType.c,208,ext/ffi_c/MappedType.c,171,resolved,mapped_from_native,1.17.4,ffi:ext/ffi_c/MappedType.c:208:from_native,['ext/ffi_c']
ffi,1.17.4,converter,rbffi_MappedTypeClass,mapped_converter,0,rb_define_method,ext/ffi_c/MappedType.c,209,ext/ffi_c/MappedType.c,180,resolved,mapped_converter,1.17.4,ffi:ext/ffi_c/MappedType.c:209:converter,['ext/ffi_c']
ffi,1.17.4,<allocator>,rbffi_MemoryPointerClass,memptr_allocate,0,rb_define_alloc_func,ext/ffi_c/MemoryPointer.c,215,ext/ffi_c/MemoryPointer.c,70,resolved,memptr_allocate,1.17.4,ffi:ext/ffi_c/MemoryPointer.c:215:<allocator>,['ext/ffi_c']
ffi,1.17.4,initialize,rbffi_MemoryPointerClass,memptr_initialize,-1,rb_define_method,ext/ffi_c/MemoryPointer.c,216,ext/ffi_c/MemoryPointer.c,89,resolved,memptr_initialize,1.17.4,ffi:ext/ffi_c/MemoryPointer.c:216:initialize,['ext/ffi_c']
ffi,1.17.4,from_string,rbffi_MemoryPointerClass,memptr_s_from_string,1,rb_define_singleton_method,ext/ffi_c/MemoryPointer.c,217,ext/ffi_c/MemoryPointer.c,181,resolved,memptr_s_from_string,1.17.4,ffi:ext/ffi_c/MemoryPointer.c:217:from_string,['ext/ffi_c']
ffi,1.17.4,<allocator>,rbffi_PointerClass,ptr_allocate,0,rb_define_alloc_func,ext/ffi_c/Pointer.c,526,ext/ffi_c/Pointer.c,84,resolved,ptr_allocate,1.17.4,ffi:ext/ffi_c/Pointer.c:526:<allocator>,['ext/ffi_c']
ffi,1.17.4,initialize,rbffi_PointerClass,ptr_initialize,-1,rb_define_method,ext/ffi_c/Pointer.c,527,ext/ffi_c/Pointer.c,106,resolved,ptr_initialize,1.17.4,ffi:ext/ffi_c/Pointer.c:527:initialize,['ext/ffi_c']
ffi,1.17.4,initialize_copy,rbffi_PointerClass,ptr_initialize_copy,1,rb_define_method,ext/ffi_c/Pointer.c,528,ext/ffi_c/Pointer.c,165,resolved,ptr_initialize_copy,1.17.4,ffi:ext/ffi_c/Pointer.c:528:initialize_copy,['ext/ffi_c']
ffi,1.17.4,inspect,rbffi_PointerClass,ptr_inspect,0,rb_define_method,ext/ffi_c/Pointer.c,529,ext/ffi_c/Pointer.c,264,resolved,ptr_inspect,1.17.4,ffi:ext/ffi_c/Pointer.c:529:inspect,['ext/ffi_c']
ffi,1.17.4,to_s,rbffi_PointerClass,ptr_inspect,0,rb_define_method,ext/ffi_c/Pointer.c,530,ext/ffi_c/Pointer.c,264,resolved,ptr_inspect,1.17.4,ffi:ext/ffi_c/Pointer.c:530:to_s,['ext/ffi_c']
ffi,1.17.4,+,rbffi_PointerClass,ptr_plus,1,rb_define_method,ext/ffi_c/Pointer.c,531,ext/ffi_c/Pointer.c,234,resolved,ptr_plus,1.17.4,ffi:ext/ffi_c/Pointer.c:531:+,['ext/ffi_c']
ffi,1.17.4,slice,rbffi_PointerClass,ptr_slice,2,rb_define_method,ext/ffi_c/Pointer.c,532,ext/ffi_c/Pointer.c,253,resolved,ptr_slice,1.17.4,ffi:ext/ffi_c/Pointer.c:532:slice,['ext/ffi_c']
ffi,1.17.4,null?,rbffi_PointerClass,ptr_null_p,0,rb_define_method,ext/ffi_c/Pointer.c,533,ext/ffi_c/Pointer.c,288,resolved,ptr_null_p,1.17.4,ffi:ext/ffi_c/Pointer.c:533:null?,['ext/ffi_c']
ffi,1.17.4,address,rbffi_PointerClass,ptr_address,0,rb_define_method,ext/ffi_c/Pointer.c,534,ext/ffi_c/Pointer.c,328,resolved,ptr_address,1.17.4,ffi:ext/ffi_c/Pointer.c:534:address,['ext/ffi_c']
ffi,1.17.4,==,rbffi_PointerClass,ptr_equals,1,rb_define_method,ext/ffi_c/Pointer.c,536,ext/ffi_c/Pointer.c,304,resolved,ptr_equals,1.17.4,ffi:ext/ffi_c/Pointer.c:536:==,['ext/ffi_c']
ffi,1.17.4,order,rbffi_PointerClass,ptr_order,-1,rb_define_method,ext/ffi_c/Pointer.c,537,ext/ffi_c/Pointer.c,353,resolved,ptr_order,1.17.4,ffi:ext/ffi_c/Pointer.c:537:order,['ext/ffi_c']
ffi,1.17.4,autorelease=,rbffi_PointerClass,ptr_autorelease,1,rb_define_method,ext/ffi_c/Pointer.c,538,ext/ffi_c/Pointer.c,439,resolved,ptr_autorelease,1.17.4,ffi:ext/ffi_c/Pointer.c:538:autorelease=,['ext/ffi_c']
ffi,1.17.4,autorelease?,rbffi_PointerClass,ptr_autorelease_p,0,rb_define_method,ext/ffi_c/Pointer.c,539,ext/ffi_c/Pointer.c,456,resolved,ptr_autorelease_p,1.17.4,ffi:ext/ffi_c/Pointer.c:539:autorelease?,['ext/ffi_c']
ffi,1.17.4,free,rbffi_PointerClass,ptr_free,0,rb_define_method,ext/ffi_c/Pointer.c,540,ext/ffi_c/Pointer.c,399,resolved,ptr_free,1.17.4,ffi:ext/ffi_c/Pointer.c:540:free,['ext/ffi_c']
ffi,1.17.4,type_size,rbffi_PointerClass,ptr_type_size,0,rb_define_method,ext/ffi_c/Pointer.c,541,ext/ffi_c/Pointer.c,423,resolved,ptr_type_size,1.17.4,ffi:ext/ffi_c/Pointer.c:541:type_size,['ext/ffi_c']
ffi,1.17.4,<allocator>,StructClass,struct_allocate,0,rb_define_alloc_func,ext/ffi_c/Struct.c,860,ext/ffi_c/Struct.c,104,resolved,struct_allocate,1.17.4,ffi:ext/ffi_c/Struct.c:860:<allocator>,['ext/ffi_c']
ffi,1.17.4,initialize,StructClass,struct_initialize,-1,rb_define_method,ext/ffi_c/Struct.c,861,ext/ffi_c/Struct.c,124,resolved,struct_initialize,1.17.4,ffi:ext/ffi_c/Struct.c:861:initialize,['ext/ffi_c']
ffi,1.17.4,initialize_copy,StructClass,struct_initialize_copy,1,rb_define_method,ext/ffi_c/Struct.c,862,ext/ffi_c/Struct.c,164,resolved,struct_initialize_copy,1.17.4,ffi:ext/ffi_c/Struct.c:862:initialize_copy,['ext/ffi_c']
ffi,1.17.4,order,StructClass,struct_order,-1,rb_define_method,ext/ffi_c/Struct.c,863,ext/ffi_c/Struct.c,522,resolved,struct_order,1.17.4,ffi:ext/ffi_c/Struct.c:863:order,['ext/ffi_c']
ffi,1.17.4,pointer,StructClass,struct_get_pointer,0,rb_define_method,ext/ffi_c/Struct.c,872,ext/ffi_c/Struct.c,454,resolved,struct_get_pointer,1.17.4,ffi:ext/ffi_c/Struct.c:872:pointer,['ext/ffi_c']
ffi,1.17.4,pointer=,StructClass,struct_set_pointer,1,rb_define_private_method,ext/ffi_c/Struct.c,873,ext/ffi_c/Struct.c,418,resolved,struct_set_pointer,1.17.4,ffi:ext/ffi_c/Struct.c:873:pointer=,['ext/ffi_c']
ffi,1.17.4,layout,StructClass,struct_get_layout,0,rb_define_method,ext/ffi_c/Struct.c,875,ext/ffi_c/Struct.c,494,resolved,struct_get_layout,1.17.4,ffi:ext/ffi_c/Struct.c:875:layout,['ext/ffi_c']
ffi,1.17.4,layout=,StructClass,struct_set_layout,1,rb_define_private_method,ext/ffi_c/Struct.c,876,ext/ffi_c/Struct.c,470,resolved,struct_set_layout,1.17.4,ffi:ext/ffi_c/Struct.c:876:layout=,['ext/ffi_c']
ffi,1.17.4,[],StructClass,struct_aref,1,rb_define_method,ext/ffi_c/Struct.c,878,ext/ffi_c/Struct.c,356,resolved,struct_aref,1.17.4,ffi:ext/ffi_c/Struct.c:878:[],['ext/ffi_c']
ffi,1.17.4,[]=,StructClass,struct_aset,2,rb_define_method,ext/ffi_c/Struct.c,879,ext/ffi_c/Struct.c,382,resolved,struct_aset,1.17.4,ffi:ext/ffi_c/Struct.c:879:[]=,['ext/ffi_c']
ffi,1.17.4,null?,StructClass,struct_null_p,0,rb_define_method,ext/ffi_c/Struct.c,880,ext/ffi_c/Struct.c,509,resolved,struct_null_p,1.17.4,ffi:ext/ffi_c/Struct.c:880:null?,['ext/ffi_c']
ffi,1.17.4,<allocator>,rbffi_StructInlineArrayClass,inline_array_allocate,0,rb_define_alloc_func,ext/ffi_c/Struct.c,883,ext/ffi_c/Struct.c,553,resolved,inline_array_allocate,1.17.4,ffi:ext/ffi_c/Struct.c:883:<allocator>,['ext/ffi_c']
ffi,1.17.4,initialize,rbffi_StructInlineArrayClass,inline_array_initialize,2,rb_define_method,ext/ffi_c/Struct.c,884,ext/ffi_c/Struct.c,595,resolved,inline_array_initialize,1.17.4,ffi:ext/ffi_c/Struct.c:884:initialize,['ext/ffi_c']
ffi,1.17.4,[],rbffi_StructInlineArrayClass,inline_array_aref,1,rb_define_method,ext/ffi_c/Struct.c,885,ext/ffi_c/Struct.c,649,resolved,inline_array_aref,1.17.4,ffi:ext/ffi_c/Struct.c:885:[],['ext/ffi_c']
ffi,1.17.4,[]=,rbffi_StructInlineArrayClass,inline_array_aset,2,rb_define_method,ext/ffi_c/Struct.c,886,ext/ffi_c/Struct.c,689,resolved,inline_array_aset,1.17.4,ffi:ext/ffi_c/Struct.c:886:[]=,['ext/ffi_c']
ffi,1.17.4,each,rbffi_StructInlineArrayClass,inline_array_each,0,rb_define_method,ext/ffi_c/Struct.c,887,ext/ffi_c/Struct.c,738,resolved,inline_array_each,1.17.4,ffi:ext/ffi_c/Struct.c:887:each,['ext/ffi_c']
ffi,1.17.4,size,rbffi_StructInlineArrayClass,inline_array_size,0,rb_define_method,ext/ffi_c/Struct.c,888,ext/ffi_c/Struct.c,624,resolved,inline_array_size,1.17.4,ffi:ext/ffi_c/Struct.c:888:size,['ext/ffi_c']
ffi,1.17.4,to_a,rbffi_StructInlineArrayClass,inline_array_to_a,0,rb_define_method,ext/ffi_c/Struct.c,889,ext/ffi_c/Struct.c,759,resolved,inline_array_to_a,1.17.4,ffi:ext/ffi_c/Struct.c:889:to_a,['ext/ffi_c']
ffi,1.17.4,to_ptr,rbffi_StructInlineArrayClass,inline_array_to_ptr,0,rb_define_method,ext/ffi_c/Struct.c,890,ext/ffi_c/Struct.c,807,resolved,inline_array_to_ptr,1.17.4,ffi:ext/ffi_c/Struct.c:890:to_ptr,['ext/ffi_c']
ffi,1.17.4,to_s,rbffi_StructLayoutCharArrayClass,inline_array_to_s,0,rb_define_method,ext/ffi_c/Struct.c,892,ext/ffi_c/Struct.c,783,resolved,inline_array_to_s,1.17.4,ffi:ext/ffi_c/Struct.c:892:to_s,['ext/ffi_c']
ffi,1.17.4,<allocator>,rbffi_StructByValueClass,sbv_allocate,0,rb_define_alloc_func,ext/ffi_c/StructByValue.c,172,ext/ffi_c/StructByValue.c,73,resolved,sbv_allocate,1.17.4,ffi:ext/ffi_c/StructByValue.c:172:<allocator>,['ext/ffi_c']
ffi,1.17.4,initialize,rbffi_StructByValueClass,sbv_initialize,1,rb_define_method,ext/ffi_c/StructByValue.c,173,ext/ffi_c/StructByValue.c,92,resolved,sbv_initialize,1.17.4,ffi:ext/ffi_c/StructByValue.c:173:initialize,['ext/ffi_c']
ffi,1.17.4,layout,rbffi_StructByValueClass,sbv_layout,0,rb_define_method,ext/ffi_c/StructByValue.c,174,ext/ffi_c/StructByValue.c,146,resolved,sbv_layout,1.17.4,ffi:ext/ffi_c/StructByValue.c:174:layout,['ext/ffi_c']
ffi,1.17.4,struct_class,rbffi_StructByValueClass,sbv_struct_class,0,rb_define_method,ext/ffi_c/StructByValue.c,175,ext/ffi_c/StructByValue.c,155,resolved,sbv_struct_class,1.17.4,ffi:ext/ffi_c/StructByValue.c:175:struct_class,['ext/ffi_c']
ffi,1.17.4,<allocator>,rbffi_StructLayoutFieldClass,struct_field_allocate,0,rb_define_alloc_func,ext/ffi_c/StructLayout.c,862,ext/ffi_c/StructLayout.c,97,resolved,struct_field_allocate,1.17.4,ffi:ext/ffi_c/StructLayout.c:862:<allocator>,['ext/ffi_c']
ffi,1.17.4,initialize,rbffi_StructLayoutFieldClass,struct_field_initialize,-1,rb_define_method,ext/ffi_c/StructLayout.c,863,ext/ffi_c/StructLayout.c,140,resolved,struct_field_initialize,1.17.4,ffi:ext/ffi_c/StructLayout.c:863:initialize,['ext/ffi_c']
ffi,1.17.4,offset,rbffi_StructLayoutFieldClass,struct_field_offset,0,rb_define_method,ext/ffi_c/StructLayout.c,864,ext/ffi_c/StructLayout.c,194,resolved,struct_field_offset,1.17.4,ffi:ext/ffi_c/StructLayout.c:864:offset,['ext/ffi_c']
ffi,1.17.4,size,rbffi_StructLayoutFieldClass,struct_field_size,0,rb_define_method,ext/ffi_c/StructLayout.c,865,ext/ffi_c/StructLayout.c,207,resolved,struct_field_size,1.17.4,ffi:ext/ffi_c/StructLayout.c:865:size,['ext/ffi_c']
ffi,1.17.4,alignment,rbffi_StructLayoutFieldClass,struct_field_alignment,0,rb_define_method,ext/ffi_c/StructLayout.c,866,ext/ffi_c/StructLayout.c,220,resolved,struct_field_alignment,1.17.4,ffi:ext/ffi_c/StructLayout.c:866:alignment,['ext/ffi_c']
ffi,1.17.4,name,rbffi_StructLayoutFieldClass,struct_field_name,0,rb_define_method,ext/ffi_c/StructLayout.c,867,ext/ffi_c/StructLayout.c,247,resolved,struct_field_name,1.17.4,ffi:ext/ffi_c/StructLayout.c:867:name,['ext/ffi_c']
ffi,1.17.4,type,rbffi_StructLayoutFieldClass,struct_field_type,0,rb_define_method,ext/ffi_c/StructLayout.c,868,ext/ffi_c/StructLayout.c,233,resolved,struct_field_type,1.17.4,ffi:ext/ffi_c/StructLayout.c:868:type,['ext/ffi_c']
ffi,1.17.4,put,rbffi_StructLayoutFieldClass,struct_field_put,2,rb_define_method,ext/ffi_c/StructLayout.c,869,ext/ffi_c/StructLayout.c,282,resolved,struct_field_put,1.17.4,ffi:ext/ffi_c/StructLayout.c:869:put,['ext/ffi_c']
ffi,1.17.4,get,rbffi_StructLayoutFieldClass,struct_field_get,1,rb_define_method,ext/ffi_c/StructLayout.c,870,ext/ffi_c/StructLayout.c,261,resolved,struct_field_get,1.17.4,ffi:ext/ffi_c/StructLayout.c:870:get,['ext/ffi_c']
ffi,1.17.4,put,rbffi_StructLayoutFunctionFieldClass,function_field_put,2,rb_define_method,ext/ffi_c/StructLayout.c,872,ext/ffi_c/StructLayout.c,323,resolved,function_field_put,1.17.4,ffi:ext/ffi_c/StructLayout.c:872:put,['ext/ffi_c']
ffi,1.17.4,get,rbffi_StructLayoutFunctionFieldClass,function_field_get,1,rb_define_method,ext/ffi_c/StructLayout.c,873,ext/ffi_c/StructLayout.c,304,resolved,function_field_get,1.17.4,ffi:ext/ffi_c/StructLayout.c:873:get,['ext/ffi_c']
ffi,1.17.4,get,rbffi_StructLayoutArrayFieldClass,array_field_get,1,rb_define_method,ext/ffi_c/StructLayout.c,875,ext/ffi_c/StructLayout.c,357,resolved,array_field_get,1.17.4,ffi:ext/ffi_c/StructLayout.c:875:get,['ext/ffi_c']
ffi,1.17.4,put,rbffi_StructLayoutArrayFieldClass,array_field_put,2,rb_define_method,ext/ffi_c/StructLayout.c,876,ext/ffi_c/StructLayout.c,381,resolved,array_field_put,1.17.4,ffi:ext/ffi_c/StructLayout.c:876:put,['ext/ffi_c']
ffi,1.17.4,<allocator>,rbffi_StructLayoutClass,struct_layout_allocate,0,rb_define_alloc_func,ext/ffi_c/StructLayout.c,878,ext/ffi_c/StructLayout.c,456,resolved,struct_layout_allocate,1.17.4,ffi:ext/ffi_c/StructLayout.c:878:<allocator>,['ext/ffi_c']
ffi,1.17.4,initialize,rbffi_StructLayoutClass,struct_layout_initialize,3,rb_define_method,ext/ffi_c/StructLayout.c,879,ext/ffi_c/StructLayout.c,482,resolved,struct_layout_initialize,1.17.4,ffi:ext/ffi_c/StructLayout.c:879:initialize,['ext/ffi_c']
ffi,1.17.4,[],rbffi_StructLayoutClass,struct_layout_aref,1,rb_define_method,ext/ffi_c/StructLayout.c,880,ext/ffi_c/StructLayout.c,709,resolved,struct_layout_aref,1.17.4,ffi:ext/ffi_c/StructLayout.c:880:[],['ext/ffi_c']
ffi,1.17.4,fields,rbffi_StructLayoutClass,struct_layout_fields,0,rb_define_method,ext/ffi_c/StructLayout.c,881,ext/ffi_c/StructLayout.c,724,resolved,struct_layout_fields,1.17.4,ffi:ext/ffi_c/StructLayout.c:881:fields,['ext/ffi_c']
ffi,1.17.4,members,rbffi_StructLayoutClass,struct_layout_members,0,rb_define_method,ext/ffi_c/StructLayout.c,882,ext/ffi_c/StructLayout.c,739,resolved,struct_layout_members,1.17.4,ffi:ext/ffi_c/StructLayout.c:882:members,['ext/ffi_c']
ffi,1.17.4,to_a,rbffi_StructLayoutClass,struct_layout_to_a,0,rb_define_method,ext/ffi_c/StructLayout.c,883,ext/ffi_c/StructLayout.c,754,resolved,struct_layout_to_a,1.17.4,ffi:ext/ffi_c/StructLayout.c:883:to_a,['ext/ffi_c']
ffi,1.17.4,__union!,rbffi_StructLayoutClass,struct_layout_union_bang,0,rb_define_method,ext/ffi_c/StructLayout.c,884,ext/ffi_c/StructLayout.c,632,resolved,struct_layout_union_bang,1.17.4,ffi:ext/ffi_c/StructLayout.c:884:__union!,['ext/ffi_c']
ffi,1.17.4,custom_typedefs,moduleFFI,custom_typedefs,0,rb_define_module_function,ext/ffi_c/Type.c,327,ext/ffi_c/Type.c,258,resolved,custom_typedefs,1.17.4,ffi:ext/ffi_c/Type.c:327:custom_typedefs,['ext/ffi_c']
ffi,1.17.4,<allocator>,rbffi_TypeClass,type_allocate,0,rb_define_alloc_func,ext/ffi_c/Type.c,381,ext/ffi_c/Type.c,95,resolved,type_allocate,1.17.4,ffi:ext/ffi_c/Type.c:381:<allocator>,['ext/ffi_c']
ffi,1.17.4,initialize,rbffi_TypeClass,type_initialize,1,rb_define_method,ext/ffi_c/Type.c,382,ext/ffi_c/Type.c,113,resolved,type_initialize,1.17.4,ffi:ext/ffi_c/Type.c:382:initialize,['ext/ffi_c']
ffi,1.17.4,size,rbffi_TypeClass,type_size,0,rb_define_method,ext/ffi_c/Type.c,383,ext/ffi_c/Type.c,141,resolved,type_size,1.17.4,ffi:ext/ffi_c/Type.c:383:size,['ext/ffi_c']
ffi,1.17.4,alignment,rbffi_TypeClass,type_alignment,0,rb_define_method,ext/ffi_c/Type.c,384,ext/ffi_c/Type.c,156,resolved,type_alignment,1.17.4,ffi:ext/ffi_c/Type.c:384:alignment,['ext/ffi_c']
ffi,1.17.4,inspect,rbffi_TypeClass,type_inspect,0,rb_define_method,ext/ffi_c/Type.c,385,ext/ffi_c/Type.c,171,resolved,type_inspect,1.17.4,ffi:ext/ffi_c/Type.c:385:inspect,['ext/ffi_c']
ffi,1.17.4,inspect,classBuiltinType,builtin_type_inspect,0,rb_define_method,ext/ffi_c/Type.c,389,ext/ffi_c/Type.c,213,resolved,builtin_type_inspect,1.17.4,ffi:ext/ffi_c/Type.c:389:inspect,['ext/ffi_c']
ffi,1.17.4,<allocator>,classVariadicInvoker,variadic_allocate,0,rb_define_alloc_func,ext/ffi_c/Variadic.c,342,ext/ffi_c/Variadic.c,91,resolved,variadic_allocate,1.17.4,ffi:ext/ffi_c/Variadic.c:342:<allocator>,['ext/ffi_c']
ffi,1.17.4,initialize,classVariadicInvoker,variadic_initialize,4,rb_define_method,ext/ffi_c/Variadic.c,344,ext/ffi_c/Variadic.c,129,resolved,variadic_initialize,1.17.4,ffi:ext/ffi_c/Variadic.c:344:initialize,['ext/ffi_c']
ffi,1.17.4,invoke,classVariadicInvoker,variadic_invoke,2,rb_define_method,ext/ffi_c/Variadic.c,345,ext/ffi_c/Variadic.c,192,resolved,variadic_invoke,1.17.4,ffi:ext/ffi_c/Variadic.c:345:invoke,['ext/ffi_c']
ffi,1.17.4,return_type,classVariadicInvoker,variadic_return_type,0,rb_define_method,ext/ffi_c/Variadic.c,346,ext/ffi_c/Variadic.c,327,resolved,variadic_return_type,1.17.4,ffi:ext/ffi_c/Variadic.c:346:return_type,['ext/ffi_c']
ffi-yajl,2.6.0,dlopen,mDlopen,mDlopen_dlopen,1,rb_define_method,ext/ffi_yajl/ext/dlopen/dlopen.c,39,ext/ffi_yajl/ext/dlopen/dlopen.c,28,resolved,mDlopen_dlopen,2.6.0,ffi-yajl:ext/ffi_yajl/ext/dlopen/dlopen.c:39:dlopen,['ext/ffi_yajl/ext/dlopen']
ffi-yajl,2.6.0,do_yajl_encode,mEncoder,mEncoder_do_yajl_encode,3,rb_define_method,ext/ffi_yajl/ext/encoder/encoder.c,363,ext/ffi_yajl/ext/encoder/encoder.c,10,resolved,mEncoder_do_yajl_encode,2.6.0,ffi-yajl:ext/ffi_yajl/ext/encoder/encoder.c:363:do_yajl_encode,['ext/ffi_yajl/ext/encoder']
ffi-yajl,2.6.0,ffi_yajl,rb_cHash,rb_cHash_ffi_yajl,2,rb_define_method,ext/ffi_yajl/ext/encoder/encoder.c,375,ext/ffi_yajl/ext/encoder/encoder.c,214,resolved,rb_cHash_ffi_yajl,2.6.0,ffi-yajl:ext/ffi_yajl/ext/encoder/encoder.c:375:ffi_yajl,['ext/ffi_yajl/ext/encoder']
ffi-yajl,2.6.0,ffi_yajl,rb_cArray,rb_cArray_ffi_yajl,2,rb_define_method,ext/ffi_yajl/ext/encoder/encoder.c,376,ext/ffi_yajl/ext/encoder/encoder.c,239,resolved,rb_cArray_ffi_yajl,2.6.0,ffi-yajl:ext/ffi_yajl/ext/encoder/encoder.c:376:ffi_yajl,['ext/ffi_yajl/ext/encoder']
ffi-yajl,2.6.0,ffi_yajl,rb_cNilClass,rb_cNilClass_ffi_yajl,2,rb_define_method,ext/ffi_yajl/ext/encoder/encoder.c,377,ext/ffi_yajl/ext/encoder/encoder.c,260,resolved,rb_cNilClass_ffi_yajl,2.6.0,ffi-yajl:ext/ffi_yajl/ext/encoder/encoder.c:377:ffi_yajl,['ext/ffi_yajl/ext/encoder']
ffi-yajl,2.6.0,ffi_yajl,rb_cTrueClass,rb_cTrueClass_ffi_yajl,2,rb_define_method,ext/ffi_yajl/ext/encoder/encoder.c,378,ext/ffi_yajl/ext/encoder/encoder.c,270,resolved,rb_cTrueClass_ffi_yajl,2.6.0,ffi-yajl:ext/ffi_yajl/ext/encoder/encoder.c:378:ffi_yajl,['ext/ffi_yajl/ext/encoder']
ffi-yajl,2.6.0,ffi_yajl,rb_cFalseClass,rb_cFalseClass_ffi_yajl,2,rb_define_method,ext/ffi_yajl/ext/encoder/encoder.c,379,ext/ffi_yajl/ext/encoder/encoder.c,280,resolved,rb_cFalseClass_ffi_yajl,2.6.0,ffi-yajl:ext/ffi_yajl/ext/encoder/encoder.c:379:ffi_yajl,['ext/ffi_yajl/ext/encoder']
ffi-yajl,2.6.0,ffi_yajl,rb_cFixnum,rb_cFixnum_ffi_yajl,2,rb_define_method,ext/ffi_yajl/ext/encoder/encoder.c,381,ext/ffi_yajl/ext/encoder/encoder.c,290,resolved,rb_cFixnum_ffi_yajl,2.6.0,ffi-yajl:ext/ffi_yajl/ext/encoder/encoder.c:381:ffi_yajl,['ext/ffi_yajl/ext/encoder']
ffi-yajl,2.6.0,ffi_yajl,rb_cBignum,rb_cBignum_ffi_yajl,2,rb_define_method,ext/ffi_yajl/ext/encoder/encoder.c,382,ext/ffi_yajl/ext/encoder/encoder.c,307,resolved,rb_cBignum_ffi_yajl,2.6.0,ffi-yajl:ext/ffi_yajl/ext/encoder/encoder.c:382:ffi_yajl,['ext/ffi_yajl/ext/encoder']
ffi-yajl,2.6.0,ffi_yajl,rb_cInteger,rb_cFixnum_ffi_yajl,2,rb_define_method,ext/ffi_yajl/ext/encoder/encoder.c,384,ext/ffi_yajl/ext/encoder/encoder.c,290,resolved,rb_cFixnum_ffi_yajl,2.6.0,ffi-yajl:ext/ffi_yajl/ext/encoder/encoder.c:384:ffi_yajl,['ext/ffi_yajl/ext/encoder']
ffi-yajl,2.6.0,ffi_yajl,rb_cFloat,rb_cFloat_ffi_yajl,2,rb_define_method,ext/ffi_yajl/ext/encoder/encoder.c,386,ext/ffi_yajl/ext/encoder/encoder.c,311,resolved,rb_cFloat_ffi_yajl,2.6.0,ffi-yajl:ext/ffi_yajl/ext/encoder/encoder.c:386:ffi_yajl,['ext/ffi_yajl/ext/encoder']
ffi-yajl,2.6.0,ffi_yajl,rb_cString,rb_cString_ffi_yajl,2,rb_define_method,ext/ffi_yajl/ext/encoder/encoder.c,387,ext/ffi_yajl/ext/encoder/encoder.c,315,resolved,rb_cString_ffi_yajl,2.6.0,ffi-yajl:ext/ffi_yajl/ext/encoder/encoder.c:387:ffi_yajl,['ext/ffi_yajl/ext/encoder']
ffi-yajl,2.6.0,ffi_yajl,rb_cSymbol,rb_cSymbol_ffi_yajl,2,rb_define_method,ext/ffi_yajl/ext/encoder/encoder.c,388,ext/ffi_yajl/ext/encoder/encoder.c,319,resolved,rb_cSymbol_ffi_yajl,2.6.0,ffi-yajl:ext/ffi_yajl/ext/encoder/encoder.c:388:ffi_yajl,['ext/ffi_yajl/ext/encoder']
ffi-yajl,2.6.0,ffi_yajl,cDate,rb_cDate_ffi_yajl,2,rb_define_method,ext/ffi_yajl/ext/encoder/encoder.c,389,ext/ffi_yajl/ext/encoder/encoder.c,323,resolved,rb_cDate_ffi_yajl,2.6.0,ffi-yajl:ext/ffi_yajl/ext/encoder/encoder.c:389:ffi_yajl,['ext/ffi_yajl/ext/encoder']
ffi-yajl,2.6.0,ffi_yajl,cTime,rb_cTime_ffi_yajl,2,rb_define_method,ext/ffi_yajl/ext/encoder/encoder.c,390,ext/ffi_yajl/ext/encoder/encoder.c,327,resolved,rb_cTime_ffi_yajl,2.6.0,ffi-yajl:ext/ffi_yajl/ext/encoder/encoder.c:390:ffi_yajl,['ext/ffi_yajl/ext/encoder']
ffi-yajl,2.6.0,ffi_yajl,cDateTime,rb_cDateTime_ffi_yajl,2,rb_define_method,ext/ffi_yajl/ext/encoder/encoder.c,391,ext/ffi_yajl/ext/encoder/encoder.c,338,resolved,rb_cDateTime_ffi_yajl,2.6.0,ffi-yajl:ext/ffi_yajl/ext/encoder/encoder.c:391:ffi_yajl,['ext/ffi_yajl/ext/encoder']
ffi-yajl,2.6.0,ffi_yajl,cStringIO,rb_cStringIO_ffi_yajl,2,rb_define_method,ext/ffi_yajl/ext/encoder/encoder.c,392,ext/ffi_yajl/ext/encoder/encoder.c,334,resolved,rb_cStringIO_ffi_yajl,2.6.0,ffi-yajl:ext/ffi_yajl/ext/encoder/encoder.c:392:ffi_yajl,['ext/ffi_yajl/ext/encoder']
ffi-yajl,2.6.0,ffi_yajl,rb_cObject,rb_cObject_ffi_yajl,2,rb_define_method,ext/ffi_yajl/ext/encoder/encoder.c,393,ext/ffi_yajl/ext/encoder/encoder.c,342,resolved,rb_cObject_ffi_yajl,2.6.0,ffi-yajl:ext/ffi_yajl/ext/encoder/encoder.c:393:ffi_yajl,['ext/ffi_yajl/ext/encoder']
ffi-yajl,2.6.0,do_yajl_parse,mParser,mParser_do_yajl_parse,2,rb_define_method,ext/ffi_yajl/ext/parser/parser.c,236,ext/ffi_yajl/ext/parser/parser.c,181,resolved,mParser_do_yajl_parse,2.6.0,ffi-yajl:ext/ffi_yajl/ext/parser/parser.c:236:do_yajl_parse,['ext/ffi_yajl/ext/parser']
google-protobuf,4.36.0,<allocator>,klass,DescriptorPool_alloc,0,rb_define_alloc_func,ext/google/protobuf_c/defs.c,222,ext/google/protobuf_c/defs.c,108,resolved,DescriptorPool_alloc,4.36.0;4.36.0-aarch64-linux-gnu;4.36.0-arm64-darwin;4.36.0-x86-linux-gnu;4.36.0-x86_64-darwin;4.36.0-x86_64-linux-gnu,google-protobuf:ext/google/protobuf_c/defs.c:222:<allocator>,['ext/google/protobuf_c']
google-protobuf,4.36.0,add_serialized_file,klass,DescriptorPool_add_serialized_file,1,rb_define_method,ext/google/protobuf_c/defs.c,223,ext/google/protobuf_c/defs.c,134,resolved,DescriptorPool_add_serialized_file,4.36.0;4.36.0-aarch64-linux-gnu;4.36.0-arm64-darwin;4.36.0-x86-linux-gnu;4.36.0-x86_64-darwin;4.36.0-x86_64-linux-gnu,google-protobuf:ext/google/protobuf_c/defs.c:223:add_serialized_file,['ext/google/protobuf_c']
google-protobuf,4.36.0,lookup,klass,DescriptorPool_lookup,1,rb_define_method,ext/google/protobuf_c/defs.c,225,ext/google/protobuf_c/defs.c,169,resolved,DescriptorPool_lookup,4.36.0;4.36.0-aarch64-linux-gnu;4.36.0-arm64-darwin;4.36.0-x86-linux-gnu;4.36.0-x86_64-darwin;4.36.0-x86_64-linux-gnu,google-protobuf:ext/google/protobuf_c/defs.c:225:lookup,['ext/google/protobuf_c']
google-protobuf,4.36.0,generated_pool,klass,DescriptorPool_generated_pool,0,rb_define_singleton_method,ext/google/protobuf_c/defs.c,226,ext/google/protobuf_c/defs.c,216,resolved,DescriptorPool_generated_pool,4.36.0;4.36.0-aarch64-linux-gnu;4.36.0-arm64-darwin;4.36.0-x86-linux-gnu;4.36.0-x86_64-darwin;4.36.0-x86_64-linux-gnu,google-protobuf:ext/google/protobuf_c/defs.c:226:generated_pool,['ext/google/protobuf_c']
google-protobuf,4.36.0,<allocator>,klass,Descriptor_alloc,0,rb_define_alloc_func,ext/google/protobuf_c/defs.c,523,ext/google/protobuf_c/defs.c,324,resolved,Descriptor_alloc,4.36.0;4.36.0-aarch64-linux-gnu;4.36.0-arm64-darwin;4.36.0-x86-linux-gnu;4.36.0-x86_64-darwin;4.36.0-x86_64-linux-gnu,google-protobuf:ext/google/protobuf_c/defs.c:523:<allocator>,['ext/google/protobuf_c']
google-protobuf,4.36.0,initialize,klass,Descriptor_initialize,3,rb_define_method,ext/google/protobuf_c/defs.c,524,ext/google/protobuf_c/defs.c,339,resolved,Descriptor_initialize,4.36.0;4.36.0-aarch64-linux-gnu;4.36.0-arm64-darwin;4.36.0-x86-linux-gnu;4.36.0-x86_64-darwin;4.36.0-x86_64-linux-gnu,google-protobuf:ext/google/protobuf_c/defs.c:524:initialize,['ext/google/protobuf_c']
google-protobuf,4.36.0,each,klass,Descriptor_each,0,rb_define_method,ext/google/protobuf_c/defs.c,525,ext/google/protobuf_c/defs.c,388,resolved,Descriptor_each,4.36.0;4.36.0-aarch64-linux-gnu;4.36.0-arm64-darwin;4.36.0-x86-linux-gnu;4.36.0-x86_64-darwin;4.36.0-x86_64-linux-gnu,google-protobuf:ext/google/protobuf_c/defs.c:525:each,['ext/google/protobuf_c']
google-protobuf,4.36.0,lookup,klass,Descriptor_lookup,1,rb_define_method,ext/google/protobuf_c/defs.c,526,ext/google/protobuf_c/defs.c,409,resolved,Descriptor_lookup,4.36.0;4.36.0-aarch64-linux-gnu;4.36.0-arm64-darwin;4.36.0-x86-linux-gnu;4.36.0-x86_64-darwin;4.36.0-x86_64-linux-gnu,google-protobuf:ext/google/protobuf_c/defs.c:526:lookup,['ext/google/protobuf_c']
google-protobuf,4.36.0,each_oneof,klass,Descriptor_each_oneof,0,rb_define_method,ext/google/protobuf_c/defs.c,527,ext/google/protobuf_c/defs.c,428,resolved,Descriptor_each_oneof,4.36.0;4.36.0-aarch64-linux-gnu;4.36.0-arm64-darwin;4.36.0-x86-linux-gnu;4.36.0-x86_64-darwin;4.36.0-x86_64-linux-gnu,google-protobuf:ext/google/protobuf_c/defs.c:527:each_oneof,['ext/google/protobuf_c']
google-protobuf,4.36.0,lookup_oneof,klass,Descriptor_lookup_oneof,1,rb_define_method,ext/google/protobuf_c/defs.c,528,ext/google/protobuf_c/defs.c,449,resolved,Descriptor_lookup_oneof,4.36.0;4.36.0-aarch64-linux-gnu;4.36.0-arm64-darwin;4.36.0-x86-linux-gnu;4.36.0-x86_64-darwin;4.36.0-x86_64-linux-gnu,google-protobuf:ext/google/protobuf_c/defs.c:528:lookup_oneof,['ext/google/protobuf_c']
google-protobuf,4.36.0,msgclass,klass,Descriptor_msgclass,0,rb_define_method,ext/google/protobuf_c/defs.c,529,ext/google/protobuf_c/defs.c,466,resolved,Descriptor_msgclass,4.36.0;4.36.0-aarch64-linux-gnu;4.36.0-arm64-darwin;4.36.0-x86-linux-gnu;4.36.0-x86_64-darwin;4.36.0-x86_64-linux-gnu,google-protobuf:ext/google/protobuf_c/defs.c:529:msgclass,['ext/google/protobuf_c']
google-protobuf,4.36.0,name,klass,Descriptor_name,0,rb_define_method,ext/google/protobuf_c/defs.c,530,ext/google/protobuf_c/defs.c,375,resolved,Descriptor_name,4.36.0;4.36.0-aarch64-linux-gnu;4.36.0-arm64-darwin;4.36.0-x86-linux-gnu;4.36.0-x86_64-darwin;4.36.0-x86_64-linux-gnu,google-protobuf:ext/google/protobuf_c/defs.c:530:name,['ext/google/protobuf_c']
google-protobuf,4.36.0,file_descriptor,klass,Descriptor_file_descriptor,0,rb_define_method,ext/google/protobuf_c/defs.c,531,ext/google/protobuf_c/defs.c,361,resolved,Descriptor_file_descriptor,4.36.0;4.36.0-aarch64-linux-gnu;4.36.0-arm64-darwin;4.36.0-x86-linux-gnu;4.36.0-x86_64-darwin;4.36.0-x86_64-linux-gnu,google-protobuf:ext/google/protobuf_c/defs.c:531:file_descriptor,['ext/google/protobuf_c']
google-protobuf,4.36.0,options,klass,Descriptor_options,0,rb_define_method,ext/google/protobuf_c/defs.c,532,ext/google/protobuf_c/defs.c,483,resolved,Descriptor_options,4.36.0;4.36.0-aarch64-linux-gnu;4.36.0-arm64-darwin;4.36.0-x86-linux-gnu;4.36.0-x86_64-darwin;4.36.0-x86_64-linux-gnu,google-protobuf:ext/google/protobuf_c/defs.c:532:options,['ext/google/protobuf_c']
google-protobuf,4.36.0,to_proto,klass,Descriptor_to_proto,0,rb_define_method,ext/google/protobuf_c/defs.c,533,ext/google/protobuf_c/defs.c,506,resolved,Descriptor_to_proto,4.36.0;4.36.0-aarch64-linux-gnu;4.36.0-arm64-darwin;4.36.0-x86-linux-gnu;4.36.0-x86_64-darwin;4.36.0-x86_64-linux-gnu,google-protobuf:ext/google/protobuf_c/defs.c:533:to_proto,['ext/google/protobuf_c']
google-protobuf,4.36.0,<allocator>,klass,FileDescriptor_alloc,0,rb_define_alloc_func,ext/google/protobuf_c/defs.c,668,ext/google/protobuf_c/defs.c,569,resolved,FileDescriptor_alloc,4.36.0;4.36.0-aarch64-linux-gnu;4.36.0-arm64-darwin;4.36.0-x86-linux-gnu;4.36.0-x86_64-darwin;4.36.0-x86_64-linux-gnu,google-protobuf:ext/google/protobuf_c/defs.c:668:<allocator>,['ext/google/protobuf_c']
google-protobuf,4.36.0,initialize,klass,FileDescriptor_initialize,3,rb_define_method,ext/google/protobuf_c/defs.c,669,ext/google/protobuf_c/defs.c,590,resolved,FileDescriptor_initialize,4.36.0;4.36.0-aarch64-linux-gnu;4.36.0-arm64-darwin;4.36.0-x86-linux-gnu;4.36.0-x86_64-darwin;4.36.0-x86_64-linux-gnu,google-protobuf:ext/google/protobuf_c/defs.c:669:initialize,['ext/google/protobuf_c']
google-protobuf,4.36.0,name,klass,FileDescriptor_name,0,rb_define_method,ext/google/protobuf_c/defs.c,670,ext/google/protobuf_c/defs.c,612,resolved,FileDescriptor_name,4.36.0;4.36.0-aarch64-linux-gnu;4.36.0-arm64-darwin;4.36.0-x86-linux-gnu;4.36.0-x86_64-darwin;4.36.0-x86_64-linux-gnu,google-protobuf:ext/google/protobuf_c/defs.c:670:name,['ext/google/protobuf_c']
google-protobuf,4.36.0,options,klass,FileDescriptor_options,0,rb_define_method,ext/google/protobuf_c/defs.c,671,ext/google/protobuf_c/defs.c,627,resolved,FileDescriptor_options,4.36.0;4.36.0-aarch64-linux-gnu;4.36.0-arm64-darwin;4.36.0-x86-linux-gnu;4.36.0-x86_64-darwin;4.36.0-x86_64-linux-gnu,google-protobuf:ext/google/protobuf_c/defs.c:671:options,['ext/google/protobuf_c']
google-protobuf,4.36.0,to_proto,klass,FileDescriptor_to_proto,0,rb_define_method,ext/google/protobuf_c/defs.c,672,ext/google/protobuf_c/defs.c,648,resolved,FileDescriptor_to_proto,4.36.0;4.36.0-aarch64-linux-gnu;4.36.0-arm64-darwin;4.36.0-x86-linux-gnu;4.36.0-x86_64-darwin;4.36.0-x86_64-linux-gnu,google-protobuf:ext/google/protobuf_c/defs.c:672:to_proto,['ext/google/protobuf_c']
google-protobuf,4.36.0,<allocator>,klass,FieldDescriptor_alloc,0,rb_define_alloc_func,ext/google/protobuf_c/defs.c,1140,ext/google/protobuf_c/defs.c,720,resolved,FieldDescriptor_alloc,4.36.0;4.36.0-aarch64-linux-gnu;4.36.0-arm64-darwin;4.36.0-x86-linux-gnu;4.36.0-x86_64-darwin;4.36.0-x86_64-linux-gnu,google-protobuf:ext/google/protobuf_c/defs.c:1140:<allocator>,['ext/google/protobuf_c']
google-protobuf,4.36.0,initialize,klass,FieldDescriptor_initialize,3,rb_define_method,ext/google/protobuf_c/defs.c,1141,ext/google/protobuf_c/defs.c,733,resolved,FieldDescriptor_initialize,4.36.0;4.36.0-aarch64-linux-gnu;4.36.0-arm64-darwin;4.36.0-x86-linux-gnu;4.36.0-x86_64-darwin;4.36.0-x86_64-linux-gnu,google-protobuf:ext/google/protobuf_c/defs.c:1141:initialize,['ext/google/protobuf_c']
google-protobuf,4.36.0,name,klass,FieldDescriptor_name,0,rb_define_method,ext/google/protobuf_c/defs.c,1142,ext/google/protobuf_c/defs.c,755,resolved,FieldDescriptor_name,4.36.0;4.36.0-aarch64-linux-gnu;4.36.0-arm64-darwin;4.36.0-x86-linux-gnu;4.36.0-x86_64-darwin;4.36.0-x86_64-linux-gnu,google-protobuf:ext/google/protobuf_c/defs.c:1142:name,['ext/google/protobuf_c']
google-protobuf,4.36.0,type,klass,FieldDescriptor__type,0,rb_define_method,ext/google/protobuf_c/defs.c,1143,ext/google/protobuf_c/defs.c,828,resolved,FieldDescriptor__type,4.36.0;4.36.0-aarch64-linux-gnu;4.36.0-arm64-darwin;4.36.0-x86-linux-gnu;4.36.0-x86_64-darwin;4.36.0-x86_64-linux-gnu,google-protobuf:ext/google/protobuf_c/defs.c:1143:type,['ext/google/protobuf_c']
google-protobuf,4.36.0,default,klass,FieldDescriptor_default,0,rb_define_method,ext/google/protobuf_c/defs.c,1144,ext/google/protobuf_c/defs.c,840,resolved,FieldDescriptor_default,4.36.0;4.36.0-aarch64-linux-gnu;4.36.0-arm64-darwin;4.36.0-x86-linux-gnu;4.36.0-x86_64-darwin;4.36.0-x86_64-linux-gnu,google-protobuf:ext/google/protobuf_c/defs.c:1144:default,['ext/google/protobuf_c']
google-protobuf,4.36.0,has_presence?,klass,FieldDescriptor_has_presence,0,rb_define_method,ext/google/protobuf_c/defs.c,1145,ext/google/protobuf_c/defs.c,859,resolved,FieldDescriptor_has_presence,4.36.0;4.36.0-aarch64-linux-gnu;4.36.0-arm64-darwin;4.36.0-x86-linux-gnu;4.36.0-x86_64-darwin;4.36.0-x86_64-linux-gnu,google-protobuf:ext/google/protobuf_c/defs.c:1145:has_presence?,['ext/google/protobuf_c']
google-protobuf,4.36.0,required?,klass,FieldDescriptor_is_required,0,rb_define_method,ext/google/protobuf_c/defs.c,1146,ext/google/protobuf_c/defs.c,871,resolved,FieldDescriptor_is_required,4.36.0;4.36.0-aarch64-linux-gnu;4.36.0-arm64-darwin;4.36.0-x86-linux-gnu;4.36.0-x86_64-darwin;4.36.0-x86_64-linux-gnu,google-protobuf:ext/google/protobuf_c/defs.c:1146:required?,['ext/google/protobuf_c']
google-protobuf,4.36.0,repeated?,klass,FieldDescriptor_is_repeated,0,rb_define_method,ext/google/protobuf_c/defs.c,1147,ext/google/protobuf_c/defs.c,882,resolved,FieldDescriptor_is_repeated,4.36.0;4.36.0-aarch64-linux-gnu;4.36.0-arm64-darwin;4.36.0-x86-linux-gnu;4.36.0-x86_64-darwin;4.36.0-x86_64-linux-gnu,google-protobuf:ext/google/protobuf_c/defs.c:1147:repeated?,['ext/google/protobuf_c']
google-protobuf,4.36.0,is_packed?,klass,FieldDescriptor_is_packed,0,rb_define_method,ext/google/protobuf_c/defs.c,1148,ext/google/protobuf_c/defs.c,893,resolved,FieldDescriptor_is_packed,4.36.0;4.36.0-aarch64-linux-gnu;4.36.0-arm64-darwin;4.36.0-x86-linux-gnu;4.36.0-x86_64-darwin;4.36.0-x86_64-linux-gnu,google-protobuf:ext/google/protobuf_c/defs.c:1148:is_packed?,['ext/google/protobuf_c']
google-protobuf,4.36.0,json_name,klass,FieldDescriptor_json_name,0,rb_define_method,ext/google/protobuf_c/defs.c,1149,ext/google/protobuf_c/defs.c,905,resolved,FieldDescriptor_json_name,4.36.0;4.36.0-aarch64-linux-gnu;4.36.0-arm64-darwin;4.36.0-x86-linux-gnu;4.36.0-x86_64-darwin;4.36.0-x86_64-linux-gnu,google-protobuf:ext/google/protobuf_c/defs.c:1149:json_name,['ext/google/protobuf_c']
google-protobuf,4.36.0,label,klass,FieldDescriptor_label,0,rb_define_method,ext/google/protobuf_c/defs.c,1150,ext/google/protobuf_c/defs.c,922,resolved,FieldDescriptor_label,4.36.0;4.36.0-aarch64-linux-gnu;4.36.0-arm64-darwin;4.36.0-x86-linux-gnu;4.36.0-x86_64-darwin;4.36.0-x86_64-linux-gnu,google-protobuf:ext/google/protobuf_c/defs.c:1150:label,['ext/google/protobuf_c']
google-protobuf,4.36.0,number,klass,FieldDescriptor_number,0,rb_define_method,ext/google/protobuf_c/defs.c,1151,ext/google/protobuf_c/defs.c,946,resolved,FieldDescriptor_number,4.36.0;4.36.0-aarch64-linux-gnu;4.36.0-arm64-darwin;4.36.0-x86-linux-gnu;4.36.0-x86_64-darwin;4.36.0-x86_64-linux-gnu,google-protobuf:ext/google/protobuf_c/defs.c:1151:number,['ext/google/protobuf_c']
google-protobuf,4.36.0,submsg_name,klass,FieldDescriptor_submsg_name,0,rb_define_method,ext/google/protobuf_c/defs.c,1152,ext/google/protobuf_c/defs.c,961,resolved,FieldDescriptor_submsg_name,4.36.0;4.36.0-aarch64-linux-gnu;4.36.0-arm64-darwin;4.36.0-x86-linux-gnu;4.36.0-x86_64-darwin;4.36.0-x86_64-linux-gnu,google-protobuf:ext/google/protobuf_c/defs.c:1152:submsg_name,['ext/google/protobuf_c']
google-protobuf,4.36.0,subtype,klass,FieldDescriptor_subtype,0,rb_define_method,ext/google/protobuf_c/defs.c,1153,ext/google/protobuf_c/defs.c,985,resolved,FieldDescriptor_subtype,4.36.0;4.36.0-aarch64-linux-gnu;4.36.0-arm64-darwin;4.36.0-x86-linux-gnu;4.36.0-x86_64-darwin;4.36.0-x86_64-linux-gnu,google-protobuf:ext/google/protobuf_c/defs.c:1153:subtype,['ext/google/protobuf_c']
google-protobuf,4.36.0,has?,klass,FieldDescriptor_has,1,rb_define_method,ext/google/protobuf_c/defs.c,1154,ext/google/protobuf_c/defs.c,1030,resolved,FieldDescriptor_has,4.36.0;4.36.0-aarch64-linux-gnu;4.36.0-arm64-darwin;4.36.0-x86-linux-gnu;4.36.0-x86_64-darwin;4.36.0-x86_64-linux-gnu,google-protobuf:ext/google/protobuf_c/defs.c:1154:has?,['ext/google/protobuf_c']
google-protobuf,4.36.0,clear,klass,FieldDescriptor_clear,1,rb_define_method,ext/google/protobuf_c/defs.c,1155,ext/google/protobuf_c/defs.c,1052,resolved,FieldDescriptor_clear,4.36.0;4.36.0-aarch64-linux-gnu;4.36.0-arm64-darwin;4.36.0-x86-linux-gnu;4.36.0-x86_64-darwin;4.36.0-x86_64-linux-gnu,google-protobuf:ext/google/protobuf_c/defs.c:1155:clear,['ext/google/protobuf_c']
google-protobuf,4.36.0,get,klass,FieldDescriptor_get,1,rb_define_method,ext/google/protobuf_c/defs.c,1156,ext/google/protobuf_c/defs.c,1008,resolved,FieldDescriptor_get,4.36.0;4.36.0-aarch64-linux-gnu;4.36.0-arm64-darwin;4.36.0-x86-linux-gnu;4.36.0-x86_64-darwin;4.36.0-x86_64-linux-gnu,google-protobuf:ext/google/protobuf_c/defs.c:1156:get,['ext/google/protobuf_c']
google-protobuf,4.36.0,set,klass,FieldDescriptor_set,2,rb_define_method,ext/google/protobuf_c/defs.c,1157,ext/google/protobuf_c/defs.c,1075,resolved,FieldDescriptor_set,4.36.0;4.36.0-aarch64-linux-gnu;4.36.0-arm64-darwin;4.36.0-x86-linux-gnu;4.36.0-x86_64-darwin;4.36.0-x86_64-linux-gnu,google-protobuf:ext/google/protobuf_c/defs.c:1157:set,['ext/google/protobuf_c']
google-protobuf,4.36.0,options,klass,FieldDescriptor_options,0,rb_define_method,ext/google/protobuf_c/defs.c,1158,ext/google/protobuf_c/defs.c,1101,resolved,FieldDescriptor_options,4.36.0;4.36.0-aarch64-linux-gnu;4.36.0-arm64-darwin;4.36.0-x86-linux-gnu;4.36.0-x86_64-darwin;4.36.0-x86_64-linux-gnu,google-protobuf:ext/google/protobuf_c/defs.c:1158:options,['ext/google/protobuf_c']
google-protobuf,4.36.0,to_proto,klass,FieldDescriptor_to_proto,0,rb_define_method,ext/google/protobuf_c/defs.c,1159,ext/google/protobuf_c/defs.c,1123,resolved,FieldDescriptor_to_proto,4.36.0;4.36.0-aarch64-linux-gnu;4.36.0-arm64-darwin;4.36.0-x86-linux-gnu;4.36.0-x86_64-darwin;4.36.0-x86_64-linux-gnu,google-protobuf:ext/google/protobuf_c/defs.c:1159:to_proto,['ext/google/protobuf_c']
google-protobuf,4.36.0,<allocator>,klass,OneofDescriptor_alloc,0,rb_define_alloc_func,ext/google/protobuf_c/defs.c,1316,ext/google/protobuf_c/defs.c,1207,resolved,OneofDescriptor_alloc,4.36.0;4.36.0-aarch64-linux-gnu;4.36.0-arm64-darwin;4.36.0-x86-linux-gnu;4.36.0-x86_64-darwin;4.36.0-x86_64-linux-gnu,google-protobuf:ext/google/protobuf_c/defs.c:1316:<allocator>,['ext/google/protobuf_c']
google-protobuf,4.36.0,initialize,klass,OneofDescriptor_initialize,3,rb_define_method,ext/google/protobuf_c/defs.c,1317,ext/google/protobuf_c/defs.c,1221,resolved,OneofDescriptor_initialize,4.36.0;4.36.0-aarch64-linux-gnu;4.36.0-arm64-darwin;4.36.0-x86-linux-gnu;4.36.0-x86_64-darwin;4.36.0-x86_64-linux-gnu,google-protobuf:ext/google/protobuf_c/defs.c:1317:initialize,['ext/google/protobuf_c']
google-protobuf,4.36.0,name,klass,OneofDescriptor_name,0,rb_define_method,ext/google/protobuf_c/defs.c,1318,ext/google/protobuf_c/defs.c,1243,resolved,OneofDescriptor_name,4.36.0;4.36.0-aarch64-linux-gnu;4.36.0-arm64-darwin;4.36.0-x86-linux-gnu;4.36.0-x86_64-darwin;4.36.0-x86_64-linux-gnu,google-protobuf:ext/google/protobuf_c/defs.c:1318:name,['ext/google/protobuf_c']
google-protobuf,4.36.0,each,klass,OneofDescriptor_each,0,rb_define_method,ext/google/protobuf_c/defs.c,1319,ext/google/protobuf_c/defs.c,1256,resolved,OneofDescriptor_each,4.36.0;4.36.0-aarch64-linux-gnu;4.36.0-arm64-darwin;4.36.0-x86-linux-gnu;4.36.0-x86_64-darwin;4.36.0-x86_64-linux-gnu,google-protobuf:ext/google/protobuf_c/defs.c:1319:each,['ext/google/protobuf_c']
google-protobuf,4.36.0,options,klass,OneOfDescriptor_options,0,rb_define_method,ext/google/protobuf_c/defs.c,1320,ext/google/protobuf_c/defs.c,1277,resolved,OneOfDescriptor_options,4.36.0;4.36.0-aarch64-linux-gnu;4.36.0-arm64-darwin;4.36.0-x86-linux-gnu;4.36.0-x86_64-darwin;4.36.0-x86_64-linux-gnu,google-protobuf:ext/google/protobuf_c/defs.c:1320:options,['ext/google/protobuf_c']
google-protobuf,4.36.0,to_proto,klass,OneOfDescriptor_to_proto,0,rb_define_method,ext/google/protobuf_c/defs.c,1321,ext/google/protobuf_c/defs.c,1299,resolved,OneOfDescriptor_to_proto,4.36.0;4.36.0-aarch64-linux-gnu;4.36.0-arm64-darwin;4.36.0-x86-linux-gnu;4.36.0-x86_64-darwin;4.36.0-x86_64-linux-gnu,google-protobuf:ext/google/protobuf_c/defs.c:1321:to_proto,['ext/google/protobuf_c']
google-protobuf,4.36.0,<allocator>,klass,EnumDescriptor_alloc,0,rb_define_alloc_func,ext/google/protobuf_c/defs.c,1567,ext/google/protobuf_c/defs.c,1359,resolved,EnumDescriptor_alloc,4.36.0;4.36.0-aarch64-linux-gnu;4.36.0-arm64-darwin;4.36.0-x86-linux-gnu;4.36.0-x86_64-darwin;4.36.0-x86_64-linux-gnu,google-protobuf:ext/google/protobuf_c/defs.c:1567:<allocator>,['ext/google/protobuf_c']
google-protobuf,4.36.0,initialize,klass,EnumDescriptor_initialize,3,rb_define_method,ext/google/protobuf_c/defs.c,1568,ext/google/protobuf_c/defs.c,1387,resolved,EnumDescriptor_initialize,4.36.0;4.36.0-aarch64-linux-gnu;4.36.0-arm64-darwin;4.36.0-x86-linux-gnu;4.36.0-x86_64-darwin;4.36.0-x86_64-linux-gnu,google-protobuf:ext/google/protobuf_c/defs.c:1568:initialize,['ext/google/protobuf_c']
google-protobuf,4.36.0,name,klass,EnumDescriptor_name,0,rb_define_method,ext/google/protobuf_c/defs.c,1569,ext/google/protobuf_c/defs.c,1434,resolved,EnumDescriptor_name,4.36.0;4.36.0-aarch64-linux-gnu;4.36.0-arm64-darwin;4.36.0-x86-linux-gnu;4.36.0-x86_64-darwin;4.36.0-x86_64-linux-gnu,google-protobuf:ext/google/protobuf_c/defs.c:1569:name,['ext/google/protobuf_c']
google-protobuf,4.36.0,lookup_name,klass,EnumDescriptor_lookup_name,1,rb_define_method,ext/google/protobuf_c/defs.c,1570,ext/google/protobuf_c/defs.c,1448,resolved,EnumDescriptor_lookup_name,4.36.0;4.36.0-aarch64-linux-gnu;4.36.0-arm64-darwin;4.36.0-x86-linux-gnu;4.36.0-x86_64-darwin;4.36.0-x86_64-linux-gnu,google-protobuf:ext/google/protobuf_c/defs.c:1570:lookup_name,['ext/google/protobuf_c']
google-protobuf,4.36.0,lookup_value,klass,EnumDescriptor_lookup_value,1,rb_define_method,ext/google/protobuf_c/defs.c,1571,ext/google/protobuf_c/defs.c,1469,resolved,EnumDescriptor_lookup_value,4.36.0;4.36.0-aarch64-linux-gnu;4.36.0-arm64-darwin;4.36.0-x86-linux-gnu;4.36.0-x86_64-darwin;4.36.0-x86_64-linux-gnu,google-protobuf:ext/google/protobuf_c/defs.c:1571:lookup_value,['ext/google/protobuf_c']
google-protobuf,4.36.0,each,klass,EnumDescriptor_each,0,rb_define_method,ext/google/protobuf_c/defs.c,1572,ext/google/protobuf_c/defs.c,1490,resolved,EnumDescriptor_each,4.36.0;4.36.0-aarch64-linux-gnu;4.36.0-arm64-darwin;4.36.0-x86-linux-gnu;4.36.0-x86_64-darwin;4.36.0-x86_64-linux-gnu,google-protobuf:ext/google/protobuf_c/defs.c:1572:each,['ext/google/protobuf_c']
google-protobuf,4.36.0,enummodule,klass,EnumDescriptor_enummodule,0,rb_define_method,ext/google/protobuf_c/defs.c,1573,ext/google/protobuf_c/defs.c,1511,resolved,EnumDescriptor_enummodule,4.36.0;4.36.0-aarch64-linux-gnu;4.36.0-arm64-darwin;4.36.0-x86-linux-gnu;4.36.0-x86_64-darwin;4.36.0-x86_64-linux-gnu,google-protobuf:ext/google/protobuf_c/defs.c:1573:enummodule,['ext/google/protobuf_c']
google-protobuf,4.36.0,file_descriptor,klass,EnumDescriptor_file_descriptor,0,rb_define_method,ext/google/protobuf_c/defs.c,1574,ext/google/protobuf_c/defs.c,1409,resolved,EnumDescriptor_file_descriptor,4.36.0;4.36.0-aarch64-linux-gnu;4.36.0-arm64-darwin;4.36.0-x86-linux-gnu;4.36.0-x86_64-darwin;4.36.0-x86_64-linux-gnu,google-protobuf:ext/google/protobuf_c/defs.c:1574:file_descriptor,['ext/google/protobuf_c']
google-protobuf,4.36.0,is_closed?,klass,EnumDescriptor_is_closed,0,rb_define_method,ext/google/protobuf_c/defs.c,1575,ext/google/protobuf_c/defs.c,1422,resolved,EnumDescriptor_is_closed,4.36.0;4.36.0-aarch64-linux-gnu;4.36.0-arm64-darwin;4.36.0-x86-linux-gnu;4.36.0-x86_64-darwin;4.36.0-x86_64-linux-gnu,google-protobuf:ext/google/protobuf_c/defs.c:1575:is_closed?,['ext/google/protobuf_c']
google-protobuf,4.36.0,options,klass,EnumDescriptor_options,0,rb_define_method,ext/google/protobuf_c/defs.c,1576,ext/google/protobuf_c/defs.c,1528,resolved,EnumDescriptor_options,4.36.0;4.36.0-aarch64-linux-gnu;4.36.0-arm64-darwin;4.36.0-x86-linux-gnu;4.36.0-x86_64-darwin;4.36.0-x86_64-linux-gnu,google-protobuf:ext/google/protobuf_c/defs.c:1576:options,['ext/google/protobuf_c']
google-protobuf,4.36.0,to_proto,klass,EnumDescriptor_to_proto,0,rb_define_method,ext/google/protobuf_c/defs.c,1577,ext/google/protobuf_c/defs.c,1548,resolved,EnumDescriptor_to_proto,4.36.0;4.36.0-aarch64-linux-gnu;4.36.0-arm64-darwin;4.36.0-x86-linux-gnu;4.36.0-x86_64-darwin;4.36.0-x86_64-linux-gnu,google-protobuf:ext/google/protobuf_c/defs.c:1577:to_proto,['ext/google/protobuf_c']
google-protobuf,4.36.0,<allocator>,klass,ServiceDescriptor_alloc,0,rb_define_alloc_func,ext/google/protobuf_c/defs.c,1745,ext/google/protobuf_c/defs.c,1615,resolved,ServiceDescriptor_alloc,4.36.0;4.36.0-aarch64-linux-gnu;4.36.0-arm64-darwin;4.36.0-x86-linux-gnu;4.36.0-x86_64-darwin;4.36.0-x86_64-linux-gnu,google-protobuf:ext/google/protobuf_c/defs.c:1745:<allocator>,['ext/google/protobuf_c']
google-protobuf,4.36.0,initialize,klass,ServiceDescriptor_initialize,3,rb_define_method,ext/google/protobuf_c/defs.c,1746,ext/google/protobuf_c/defs.c,1637,resolved,ServiceDescriptor_initialize,4.36.0;4.36.0-aarch64-linux-gnu;4.36.0-arm64-darwin;4.36.0-x86-linux-gnu;4.36.0-x86_64-darwin;4.36.0-x86_64-linux-gnu,google-protobuf:ext/google/protobuf_c/defs.c:1746:initialize,['ext/google/protobuf_c']
google-protobuf,4.36.0,name,klass,ServiceDescriptor_name,0,rb_define_method,ext/google/protobuf_c/defs.c,1747,ext/google/protobuf_c/defs.c,1659,resolved,ServiceDescriptor_name,4.36.0;4.36.0-aarch64-linux-gnu;4.36.0-arm64-darwin;4.36.0-x86-linux-gnu;4.36.0-x86_64-darwin;4.36.0-x86_64-linux-gnu,google-protobuf:ext/google/protobuf_c/defs.c:1747:name,['ext/google/protobuf_c']
google-protobuf,4.36.0,each,klass,ServiceDescriptor_each,0,rb_define_method,ext/google/protobuf_c/defs.c,1748,ext/google/protobuf_c/defs.c,1684,resolved,ServiceDescriptor_each,4.36.0;4.36.0-aarch64-linux-gnu;4.36.0-arm64-darwin;4.36.0-x86-linux-gnu;4.36.0-x86_64-darwin;4.36.0-x86_64-linux-gnu,google-protobuf:ext/google/protobuf_c/defs.c:1748:each,['ext/google/protobuf_c']
google-protobuf,4.36.0,file_descriptor,klass,ServiceDescriptor_file_descriptor,0,rb_define_method,ext/google/protobuf_c/defs.c,1749,ext/google/protobuf_c/defs.c,1670,resolved,ServiceDescriptor_file_descriptor,4.36.0;4.36.0-aarch64-linux-gnu;4.36.0-arm64-darwin;4.36.0-x86-linux-gnu;4.36.0-x86_64-darwin;4.36.0-x86_64-linux-gnu,google-protobuf:ext/google/protobuf_c/defs.c:1749:file_descriptor,['ext/google/protobuf_c']
google-protobuf,4.36.0,options,klass,ServiceDescriptor_options,0,rb_define_method,ext/google/protobuf_c/defs.c,1751,ext/google/protobuf_c/defs.c,1705,resolved,ServiceDescriptor_options,4.36.0;4.36.0-aarch64-linux-gnu;4.36.0-arm64-darwin;4.36.0-x86-linux-gnu;4.36.0-x86_64-darwin;4.36.0-x86_64-linux-gnu,google-protobuf:ext/google/protobuf_c/defs.c:1751:options,['ext/google/protobuf_c']
google-protobuf,4.36.0,to_proto,klass,ServiceDescriptor_to_proto,0,rb_define_method,ext/google/protobuf_c/defs.c,1752,ext/google/protobuf_c/defs.c,1728,resolved,ServiceDescriptor_to_proto,4.36.0;4.36.0-aarch64-linux-gnu;4.36.0-arm64-darwin;4.36.0-x86-linux-gnu;4.36.0-x86_64-darwin;4.36.0-x86_64-linux-gnu,google-protobuf:ext/google/protobuf_c/defs.c:1752:to_proto,['ext/google/protobuf_c']
google-protobuf,4.36.0,<allocator>,klass,MethodDescriptor_alloc,0,rb_define_alloc_func,ext/google/protobuf_c/defs.c,1938,ext/google/protobuf_c/defs.c,1790,resolved,MethodDescriptor_alloc,4.36.0;4.36.0-aarch64-linux-gnu;4.36.0-arm64-darwin;4.36.0-x86-linux-gnu;4.36.0-x86_64-darwin;4.36.0-x86_64-linux-gnu,google-protobuf:ext/google/protobuf_c/defs.c:1938:<allocator>,['ext/google/protobuf_c']
google-protobuf,4.36.0,initialize,klass,MethodDescriptor_initialize,3,rb_define_method,ext/google/protobuf_c/defs.c,1939,ext/google/protobuf_c/defs.c,1812,resolved,MethodDescriptor_initialize,4.36.0;4.36.0-aarch64-linux-gnu;4.36.0-arm64-darwin;4.36.0-x86-linux-gnu;4.36.0-x86_64-darwin;4.36.0-x86_64-linux-gnu,google-protobuf:ext/google/protobuf_c/defs.c:1939:initialize,['ext/google/protobuf_c']
google-protobuf,4.36.0,name,klass,MethodDescriptor_name,0,rb_define_method,ext/google/protobuf_c/defs.c,1940,ext/google/protobuf_c/defs.c,1834,resolved,MethodDescriptor_name,4.36.0;4.36.0-aarch64-linux-gnu;4.36.0-arm64-darwin;4.36.0-x86-linux-gnu;4.36.0-x86_64-darwin;4.36.0-x86_64-linux-gnu,google-protobuf:ext/google/protobuf_c/defs.c:1940:name,['ext/google/protobuf_c']
google-protobuf,4.36.0,options,klass,MethodDescriptor_options,0,rb_define_method,ext/google/protobuf_c/defs.c,1941,ext/google/protobuf_c/defs.c,1848,resolved,MethodDescriptor_options,4.36.0;4.36.0-aarch64-linux-gnu;4.36.0-arm64-darwin;4.36.0-x86-linux-gnu;4.36.0-x86_64-darwin;4.36.0-x86_64-linux-gnu,google-protobuf:ext/google/protobuf_c/defs.c:1941:options,['ext/google/protobuf_c']
google-protobuf,4.36.0,input_type,klass,MethodDescriptor_input_type,0,rb_define_method,ext/google/protobuf_c/defs.c,1942,ext/google/protobuf_c/defs.c,1869,resolved,MethodDescriptor_input_type,4.36.0;4.36.0-aarch64-linux-gnu;4.36.0-arm64-darwin;4.36.0-x86-linux-gnu;4.36.0-x86_64-darwin;4.36.0-x86_64-linux-gnu,google-protobuf:ext/google/protobuf_c/defs.c:1942:input_type,['ext/google/protobuf_c']
google-protobuf,4.36.0,output_type,klass,MethodDescriptor_output_type,0,rb_define_method,ext/google/protobuf_c/defs.c,1943,ext/google/protobuf_c/defs.c,1882,resolved,MethodDescriptor_output_type,4.36.0;4.36.0-aarch64-linux-gnu;4.36.0-arm64-darwin;4.36.0-x86-linux-gnu;4.36.0-x86_64-darwin;4.36.0-x86_64-linux-gnu,google-protobuf:ext/google/protobuf_c/defs.c:1943:output_type,['ext/google/protobuf_c']
google-protobuf,4.36.0,client_streaming,klass,MethodDescriptor_client_streaming,0,rb_define_method,ext/google/protobuf_c/defs.c,1944,ext/google/protobuf_c/defs.c,1895,resolved,MethodDescriptor_client_streaming,4.36.0;4.36.0-aarch64-linux-gnu;4.36.0-arm64-darwin;4.36.0-x86-linux-gnu;4.36.0-x86_64-darwin;4.36.0-x86_64-linux-gnu,google-protobuf:ext/google/protobuf_c/defs.c:1944:client_streaming,['ext/google/protobuf_c']
google-protobuf,4.36.0,server_streaming,klass,MethodDescriptor_server_streaming,0,rb_define_method,ext/google/protobuf_c/defs.c,1946,ext/google/protobuf_c/defs.c,1931,resolved,MethodDescriptor_server_streaming,4.36.0;4.36.0-aarch64-linux-gnu;4.36.0-arm64-darwin;4.36.0-x86-linux-gnu;4.36.0-x86_64-darwin;4.36.0-x86_64-linux-gnu,google-protobuf:ext/google/protobuf_c/defs.c:1946:server_streaming,['ext/google/protobuf_c']
google-protobuf,4.36.0,to_proto,klass,MethodDescriptor_to_proto,0,rb_define_method,ext/google/protobuf_c/defs.c,1948,ext/google/protobuf_c/defs.c,1909,resolved,MethodDescriptor_to_proto,4.36.0;4.36.0-aarch64-linux-gnu;4.36.0-arm64-darwin;4.36.0-x86-linux-gnu;4.36.0-x86_64-darwin;4.36.0-x86_64-linux-gnu,google-protobuf:ext/google/protobuf_c/defs.c:1948:to_proto,['ext/google/protobuf_c']
google-protobuf,4.36.0,<allocator>,klass,Map_alloc,0,rb_define_alloc_func,ext/google/protobuf_c/map.c,742,ext/google/protobuf_c/map.c,57,resolved,Map_alloc,4.36.0;4.36.0-aarch64-linux-gnu;4.36.0-arm64-darwin;4.36.0-x86-linux-gnu;4.36.0-x86_64-darwin;4.36.0-x86_64-linux-gnu,google-protobuf:ext/google/protobuf_c/map.c:742:<allocator>,['ext/google/protobuf_c']
google-protobuf,4.36.0,initialize,klass,Map_init,-1,rb_define_method,ext/google/protobuf_c/map.c,746,ext/google/protobuf_c/map.c,281,resolved,Map_init,4.36.0;4.36.0-aarch64-linux-gnu;4.36.0-arm64-darwin;4.36.0-x86-linux-gnu;4.36.0-x86_64-darwin;4.36.0-x86_64-linux-gnu,google-protobuf:ext/google/protobuf_c/map.c:746:initialize,['ext/google/protobuf_c']
google-protobuf,4.36.0,each,klass,Map_each,0,rb_define_method,ext/google/protobuf_c/map.c,747,ext/google/protobuf_c/map.c,335,resolved,Map_each,4.36.0;4.36.0-aarch64-linux-gnu;4.36.0-arm64-darwin;4.36.0-x86-linux-gnu;4.36.0-x86_64-darwin;4.36.0-x86_64-linux-gnu,google-protobuf:ext/google/protobuf_c/map.c:747:each,['ext/google/protobuf_c']
google-protobuf,4.36.0,keys,klass,Map_keys,0,rb_define_method,ext/google/protobuf_c/map.c,748,ext/google/protobuf_c/map.c,356,resolved,Map_keys,4.36.0;4.36.0-aarch64-linux-gnu;4.36.0-arm64-darwin;4.36.0-x86-linux-gnu;4.36.0-x86_64-darwin;4.36.0-x86_64-linux-gnu,google-protobuf:ext/google/protobuf_c/map.c:748:keys,['ext/google/protobuf_c']
google-protobuf,4.36.0,values,klass,Map_values,0,rb_define_method,ext/google/protobuf_c/map.c,749,ext/google/protobuf_c/map.c,377,resolved,Map_values,4.36.0;4.36.0-aarch64-linux-gnu;4.36.0-arm64-darwin;4.36.0-x86-linux-gnu;4.36.0-x86_64-darwin;4.36.0-x86_64-linux-gnu,google-protobuf:ext/google/protobuf_c/map.c:749:values,['ext/google/protobuf_c']
google-protobuf,4.36.0,[],klass,Map_index,1,rb_define_method,ext/google/protobuf_c/map.c,750,ext/google/protobuf_c/map.c,400,resolved,Map_index,4.36.0;4.36.0-aarch64-linux-gnu;4.36.0-arm64-darwin;4.36.0-x86-linux-gnu;4.36.0-x86_64-darwin;4.36.0-x86_64-linux-gnu,google-protobuf:ext/google/protobuf_c/map.c:750:[],['ext/google/protobuf_c']
google-protobuf,4.36.0,[]=,klass,Map_index_set,2,rb_define_method,ext/google/protobuf_c/map.c,751,ext/google/protobuf_c/map.c,424,resolved,Map_index_set,4.36.0;4.36.0-aarch64-linux-gnu;4.36.0-arm64-darwin;4.36.0-x86-linux-gnu;4.36.0-x86_64-darwin;4.36.0-x86_64-linux-gnu,google-protobuf:ext/google/protobuf_c/map.c:751:[]=,['ext/google/protobuf_c']
google-protobuf,4.36.0,has_key?,klass,Map_has_key,1,rb_define_method,ext/google/protobuf_c/map.c,752,ext/google/protobuf_c/map.c,446,resolved,Map_has_key,4.36.0;4.36.0-aarch64-linux-gnu;4.36.0-arm64-darwin;4.36.0-x86-linux-gnu;4.36.0-x86_64-darwin;4.36.0-x86_64-linux-gnu,google-protobuf:ext/google/protobuf_c/map.c:752:has_key?,['ext/google/protobuf_c']
google-protobuf,4.36.0,delete,klass,Map_delete,1,rb_define_method,ext/google/protobuf_c/map.c,753,ext/google/protobuf_c/map.c,467,resolved,Map_delete,4.36.0;4.36.0-aarch64-linux-gnu;4.36.0-arm64-darwin;4.36.0-x86-linux-gnu;4.36.0-x86_64-darwin;4.36.0-x86_64-linux-gnu,google-protobuf:ext/google/protobuf_c/map.c:753:delete,['ext/google/protobuf_c']
google-protobuf,4.36.0,clear,klass,Map_clear,0,rb_define_method,ext/google/protobuf_c/map.c,754,ext/google/protobuf_c/map.c,489,resolved,Map_clear,4.36.0;4.36.0-aarch64-linux-gnu;4.36.0-arm64-darwin;4.36.0-x86-linux-gnu;4.36.0-x86_64-darwin;4.36.0-x86_64-linux-gnu,google-protobuf:ext/google/protobuf_c/map.c:754:clear,['ext/google/protobuf_c']
google-protobuf,4.36.0,length,klass,Map_length,0,rb_define_method,ext/google/protobuf_c/map.c,755,ext/google/protobuf_c/map.c,501,resolved,Map_length,4.36.0;4.36.0-aarch64-linux-gnu;4.36.0-arm64-darwin;4.36.0-x86-linux-gnu;4.36.0-x86_64-darwin;4.36.0-x86_64-linux-gnu,google-protobuf:ext/google/protobuf_c/map.c:755:length,['ext/google/protobuf_c']
google-protobuf,4.36.0,size,klass,Map_length,0,rb_define_method,ext/google/protobuf_c/map.c,756,ext/google/protobuf_c/map.c,501,resolved,Map_length,4.36.0;4.36.0-aarch64-linux-gnu;4.36.0-arm64-darwin;4.36.0-x86-linux-gnu;4.36.0-x86_64-darwin;4.36.0-x86_64-linux-gnu,google-protobuf:ext/google/protobuf_c/map.c:756:size,['ext/google/protobuf_c']
google-protobuf,4.36.0,dup,klass,Map_dup,0,rb_define_method,ext/google/protobuf_c/map.c,757,ext/google/protobuf_c/map.c,514,resolved,Map_dup,4.36.0;4.36.0-aarch64-linux-gnu;4.36.0-arm64-darwin;4.36.0-x86-linux-gnu;4.36.0-x86_64-darwin;4.36.0-x86_64-linux-gnu,google-protobuf:ext/google/protobuf_c/map.c:757:dup,['ext/google/protobuf_c']
google-protobuf,4.36.0,clone,klass,Map_dup,0,rb_define_method,ext/google/protobuf_c/map.c,759,ext/google/protobuf_c/map.c,514,resolved,Map_dup,4.36.0;4.36.0-aarch64-linux-gnu;4.36.0-arm64-darwin;4.36.0-x86-linux-gnu;4.36.0-x86_64-darwin;4.36.0-x86_64-linux-gnu,google-protobuf:ext/google/protobuf_c/map.c:759:clone,['ext/google/protobuf_c']
google-protobuf,4.36.0,==,klass,Map_eq,1,rb_define_method,ext/google/protobuf_c/map.c,760,ext/google/protobuf_c/map.c,547,resolved,Map_eq,4.36.0;4.36.0-aarch64-linux-gnu;4.36.0-arm64-darwin;4.36.0-x86-linux-gnu;4.36.0-x86_64-darwin;4.36.0-x86_64-linux-gnu,google-protobuf:ext/google/protobuf_c/map.c:760:==,['ext/google/protobuf_c']
google-protobuf,4.36.0,freeze,klass,Map_freeze,0,rb_define_method,ext/google/protobuf_c/map.c,761,ext/google/protobuf_c/map.c,621,resolved,Map_freeze,4.36.0;4.36.0-aarch64-linux-gnu;4.36.0-arm64-darwin;4.36.0-x86-linux-gnu;4.36.0-x86_64-darwin;4.36.0-x86_64-linux-gnu,google-protobuf:ext/google/protobuf_c/map.c:761:freeze,['ext/google/protobuf_c']
google-protobuf,4.36.0,frozen?,klass,Map_frozen,0,rb_define_method,ext/google/protobuf_c/map.c,762,ext/google/protobuf_c/map.c,601,resolved,Map_frozen,4.36.0;4.36.0-aarch64-linux-gnu;4.36.0-arm64-darwin;4.36.0-x86-linux-gnu;4.36.0-x86_64-darwin;4.36.0-x86_64-linux-gnu,google-protobuf:ext/google/protobuf_c/map.c:762:frozen?,['ext/google/protobuf_c']
google-protobuf,4.36.0,hash,klass,Map_hash,0,rb_define_method,ext/google/protobuf_c/map.c,763,ext/google/protobuf_c/map.c,678,resolved,Map_hash,4.36.0;4.36.0-aarch64-linux-gnu;4.36.0-arm64-darwin;4.36.0-x86-linux-gnu;4.36.0-x86_64-darwin;4.36.0-x86_64-linux-gnu,google-protobuf:ext/google/protobuf_c/map.c:763:hash,['ext/google/protobuf_c']
google-protobuf,4.36.0,to_h,klass,Map_to_h,0,rb_define_method,ext/google/protobuf_c/map.c,764,ext/google/protobuf_c/map.c,700,resolved,Map_to_h,4.36.0;4.36.0-aarch64-linux-gnu;4.36.0-arm64-darwin;4.36.0-x86-linux-gnu;4.36.0-x86_64-darwin;4.36.0-x86_64-linux-gnu,google-protobuf:ext/google/protobuf_c/map.c:764:to_h,['ext/google/protobuf_c']
google-protobuf,4.36.0,inspect,klass,Map_inspect,0,rb_define_method,ext/google/protobuf_c/map.c,765,ext/google/protobuf_c/map.c,714,resolved,Map_inspect,4.36.0;4.36.0-aarch64-linux-gnu;4.36.0-arm64-darwin;4.36.0-x86-linux-gnu;4.36.0-x86_64-darwin;4.36.0-x86_64-linux-gnu,google-protobuf:ext/google/protobuf_c/map.c:765:inspect,['ext/google/protobuf_c']
google-protobuf,4.36.0,merge,klass,Map_merge,1,rb_define_method,ext/google/protobuf_c/map.c,766,ext/google/protobuf_c/map.c,735,resolved,Map_merge,4.36.0;4.36.0-aarch64-linux-gnu;4.36.0-arm64-darwin;4.36.0-x86-linux-gnu;4.36.0-x86_64-darwin;4.36.0-x86_64-linux-gnu,google-protobuf:ext/google/protobuf_c/map.c:766:merge,['ext/google/protobuf_c']
google-protobuf,4.36.0,lookup,mod,enum_lookup,1,rb_define_singleton_method,ext/google/protobuf_c/message.c,1331,ext/google/protobuf_c/message.c,1260,resolved,enum_lookup,4.36.0;4.36.0-aarch64-linux-gnu;4.36.0-arm64-darwin;4.36.0-x86-linux-gnu;4.36.0-x86_64-darwin;4.36.0-x86_64-linux-gnu,google-protobuf:ext/google/protobuf_c/message.c:1331:lookup,['ext/google/protobuf_c']
google-protobuf,4.36.0,resolve,mod,enum_resolve,1,rb_define_singleton_method,ext/google/protobuf_c/message.c,1332,ext/google/protobuf_c/message.c,1281,resolved,enum_resolve,4.36.0;4.36.0-aarch64-linux-gnu;4.36.0-arm64-darwin;4.36.0-x86-linux-gnu;4.36.0-x86_64-darwin;4.36.0-x86_64-linux-gnu,google-protobuf:ext/google/protobuf_c/message.c:1332:resolve,['ext/google/protobuf_c']
google-protobuf,4.36.0,descriptor,mod,enum_descriptor,0,rb_define_singleton_method,ext/google/protobuf_c/message.c,1333,ext/google/protobuf_c/message.c,1302,resolved,enum_descriptor,4.36.0;4.36.0-aarch64-linux-gnu;4.36.0-arm64-darwin;4.36.0-x86-linux-gnu;4.36.0-x86_64-darwin;4.36.0-x86_64-linux-gnu,google-protobuf:ext/google/protobuf_c/message.c:1333:descriptor,['ext/google/protobuf_c']
google-protobuf,4.36.0,<allocator>,klass,Message_alloc,0,rb_define_alloc_func,ext/google/protobuf_c/message.c,1430,ext/google/protobuf_c/message.c,61,resolved,Message_alloc,4.36.0;4.36.0-aarch64-linux-gnu;4.36.0-arm64-darwin;4.36.0-x86-linux-gnu;4.36.0-x86_64-darwin;4.36.0-x86_64-linux-gnu,google-protobuf:ext/google/protobuf_c/message.c:1430:<allocator>,['ext/google/protobuf_c']
google-protobuf,4.36.0,method_missing,klass,Message_method_missing,-1,rb_define_method,ext/google/protobuf_c/message.c,1433,ext/google/protobuf_c/message.c,451,resolved,Message_method_missing,4.36.0;4.36.0-aarch64-linux-gnu;4.36.0-arm64-darwin;4.36.0-x86-linux-gnu;4.36.0-x86_64-darwin;4.36.0-x86_64-linux-gnu,google-protobuf:ext/google/protobuf_c/message.c:1433:method_missing,['ext/google/protobuf_c']
google-protobuf,4.36.0,respond_to_missing?,klass,Message_respond_to_missing,-1,rb_define_method,ext/google/protobuf_c/message.c,1434,ext/google/protobuf_c/message.c,488,resolved,Message_respond_to_missing,4.36.0;4.36.0-aarch64-linux-gnu;4.36.0-arm64-darwin;4.36.0-x86-linux-gnu;4.36.0-x86_64-darwin;4.36.0-x86_64-linux-gnu,google-protobuf:ext/google/protobuf_c/message.c:1434:respond_to_missing?,['ext/google/protobuf_c']
google-protobuf,4.36.0,initialize,klass,Message_initialize,-1,rb_define_method,ext/google/protobuf_c/message.c,1436,ext/google/protobuf_c/message.c,665,resolved,Message_initialize,4.36.0;4.36.0-aarch64-linux-gnu;4.36.0-arm64-darwin;4.36.0-x86-linux-gnu;4.36.0-x86_64-darwin;4.36.0-x86_64-linux-gnu,google-protobuf:ext/google/protobuf_c/message.c:1436:initialize,['ext/google/protobuf_c']
google-protobuf,4.36.0,dup,klass,Message_dup,0,rb_define_method,ext/google/protobuf_c/message.c,1437,ext/google/protobuf_c/message.c,691,resolved,Message_dup,4.36.0;4.36.0-aarch64-linux-gnu;4.36.0-arm64-darwin;4.36.0-x86-linux-gnu;4.36.0-x86_64-darwin;4.36.0-x86_64-linux-gnu,google-protobuf:ext/google/protobuf_c/message.c:1437:dup,['ext/google/protobuf_c']
google-protobuf,4.36.0,clone,klass,Message_dup,0,rb_define_method,ext/google/protobuf_c/message.c,1439,ext/google/protobuf_c/message.c,691,resolved,Message_dup,4.36.0;4.36.0-aarch64-linux-gnu;4.36.0-arm64-darwin;4.36.0-x86-linux-gnu;4.36.0-x86_64-darwin;4.36.0-x86_64-linux-gnu,google-protobuf:ext/google/protobuf_c/message.c:1439:clone,['ext/google/protobuf_c']
google-protobuf,4.36.0,==,klass,Message_eq,1,rb_define_method,ext/google/protobuf_c/message.c,1440,ext/google/protobuf_c/message.c,715,resolved,Message_eq,4.36.0;4.36.0-aarch64-linux-gnu;4.36.0-arm64-darwin;4.36.0-x86-linux-gnu;4.36.0-x86_64-darwin;4.36.0-x86_64-linux-gnu,google-protobuf:ext/google/protobuf_c/message.c:1440:==,['ext/google/protobuf_c']
google-protobuf,4.36.0,eql?,klass,Message_eq,1,rb_define_method,ext/google/protobuf_c/message.c,1441,ext/google/protobuf_c/message.c,715,resolved,Message_eq,4.36.0;4.36.0-aarch64-linux-gnu;4.36.0-arm64-darwin;4.36.0-x86-linux-gnu;4.36.0-x86_64-darwin;4.36.0-x86_64-linux-gnu,google-protobuf:ext/google/protobuf_c/message.c:1441:eql?,['ext/google/protobuf_c']
google-protobuf,4.36.0,freeze,klass,Message_freeze,0,rb_define_method,ext/google/protobuf_c/message.c,1442,ext/google/protobuf_c/message.c,879,resolved,Message_freeze,4.36.0;4.36.0-aarch64-linux-gnu;4.36.0-arm64-darwin;4.36.0-x86-linux-gnu;4.36.0-x86_64-darwin;4.36.0-x86_64-linux-gnu,google-protobuf:ext/google/protobuf_c/message.c:1442:freeze,['ext/google/protobuf_c']
google-protobuf,4.36.0,frozen?,klass,Message_frozen,0,rb_define_method,ext/google/protobuf_c/message.c,1443,ext/google/protobuf_c/message.c,859,resolved,Message_frozen,4.36.0;4.36.0-aarch64-linux-gnu;4.36.0-arm64-darwin;4.36.0-x86-linux-gnu;4.36.0-x86_64-darwin;4.36.0-x86_64-linux-gnu,google-protobuf:ext/google/protobuf_c/message.c:1443:frozen?,['ext/google/protobuf_c']
google-protobuf,4.36.0,hash,klass,Message_hash,0,rb_define_method,ext/google/protobuf_c/message.c,1444,ext/google/protobuf_c/message.c,748,resolved,Message_hash,4.36.0;4.36.0-aarch64-linux-gnu;4.36.0-arm64-darwin;4.36.0-x86-linux-gnu;4.36.0-x86_64-darwin;4.36.0-x86_64-linux-gnu,google-protobuf:ext/google/protobuf_c/message.c:1444:hash,['ext/google/protobuf_c']
google-protobuf,4.36.0,to_h,klass,Message_to_h,0,rb_define_method,ext/google/protobuf_c/message.c,1445,ext/google/protobuf_c/message.c,845,resolved,Message_to_h,4.36.0;4.36.0-aarch64-linux-gnu;4.36.0-arm64-darwin;4.36.0-x86-linux-gnu;4.36.0-x86_64-darwin;4.36.0-x86_64-linux-gnu,google-protobuf:ext/google/protobuf_c/message.c:1445:to_h,['ext/google/protobuf_c']
google-protobuf,4.36.0,inspect,klass,Message_inspect,0,rb_define_method,ext/google/protobuf_c/message.c,1446,ext/google/protobuf_c/message.c,765,resolved,Message_inspect,4.36.0;4.36.0-aarch64-linux-gnu;4.36.0-arm64-darwin;4.36.0-x86-linux-gnu;4.36.0-x86_64-darwin;4.36.0-x86_64-linux-gnu,google-protobuf:ext/google/protobuf_c/message.c:1446:inspect,['ext/google/protobuf_c']
google-protobuf,4.36.0,to_s,klass,Message_inspect,0,rb_define_method,ext/google/protobuf_c/message.c,1447,ext/google/protobuf_c/message.c,765,resolved,Message_inspect,4.36.0;4.36.0-aarch64-linux-gnu;4.36.0-arm64-darwin;4.36.0-x86-linux-gnu;4.36.0-x86_64-darwin;4.36.0-x86_64-linux-gnu,google-protobuf:ext/google/protobuf_c/message.c:1447:to_s,['ext/google/protobuf_c']
google-protobuf,4.36.0,[],klass,Message_index,1,rb_define_method,ext/google/protobuf_c/message.c,1448,ext/google/protobuf_c/message.c,902,resolved,Message_index,4.36.0;4.36.0-aarch64-linux-gnu;4.36.0-arm64-darwin;4.36.0-x86-linux-gnu;4.36.0-x86_64-darwin;4.36.0-x86_64-linux-gnu,google-protobuf:ext/google/protobuf_c/message.c:1448:[],['ext/google/protobuf_c']
google-protobuf,4.36.0,[]=,klass,Message_index_set,2,rb_define_method,ext/google/protobuf_c/message.c,1449,ext/google/protobuf_c/message.c,926,resolved,Message_index_set,4.36.0;4.36.0-aarch64-linux-gnu;4.36.0-arm64-darwin;4.36.0-x86-linux-gnu;4.36.0-x86_64-darwin;4.36.0-x86_64-linux-gnu,google-protobuf:ext/google/protobuf_c/message.c:1449:[]=,['ext/google/protobuf_c']
google-protobuf,4.36.0,decode,klass,Message_decode,-1,rb_define_singleton_method,ext/google/protobuf_c/message.c,1450,ext/google/protobuf_c/message.c,957,resolved,Message_decode,4.36.0;4.36.0-aarch64-linux-gnu;4.36.0-arm64-darwin;4.36.0-x86-linux-gnu;4.36.0-x86_64-darwin;4.36.0-x86_64-linux-gnu,google-protobuf:ext/google/protobuf_c/message.c:1450:decode,['ext/google/protobuf_c']
google-protobuf,4.36.0,encode,klass,Message_encode,-1,rb_define_singleton_method,ext/google/protobuf_c/message.c,1451,ext/google/protobuf_c/message.c,1088,resolved,Message_encode,4.36.0;4.36.0-aarch64-linux-gnu;4.36.0-arm64-darwin;4.36.0-x86-linux-gnu;4.36.0-x86_64-darwin;4.36.0-x86_64-linux-gnu,google-protobuf:ext/google/protobuf_c/message.c:1451:encode,['ext/google/protobuf_c']
google-protobuf,4.36.0,decode_json,klass,Message_decode_json,-1,rb_define_singleton_method,ext/google/protobuf_c/message.c,1452,ext/google/protobuf_c/message.c,1020,resolved,Message_decode_json,4.36.0;4.36.0-aarch64-linux-gnu;4.36.0-arm64-darwin;4.36.0-x86-linux-gnu;4.36.0-x86_64-darwin;4.36.0-x86_64-linux-gnu,google-protobuf:ext/google/protobuf_c/message.c:1452:decode_json,['ext/google/protobuf_c']
google-protobuf,4.36.0,encode_json,klass,Message_encode_json,-1,rb_define_singleton_method,ext/google/protobuf_c/message.c,1453,ext/google/protobuf_c/message.c,1145,resolved,Message_encode_json,4.36.0;4.36.0-aarch64-linux-gnu;4.36.0-arm64-darwin;4.36.0-x86-linux-gnu;4.36.0-x86_64-darwin;4.36.0-x86_64-linux-gnu,google-protobuf:ext/google/protobuf_c/message.c:1453:encode_json,['ext/google/protobuf_c']
google-protobuf,4.36.0,descriptor,klass,Message_descriptor,0,rb_define_singleton_method,ext/google/protobuf_c/message.c,1454,ext/google/protobuf_c/message.c,1218,resolved,Message_descriptor,4.36.0;4.36.0-aarch64-linux-gnu;4.36.0-arm64-darwin;4.36.0-x86-linux-gnu;4.36.0-x86_64-darwin;4.36.0-x86_64-linux-gnu,google-protobuf:ext/google/protobuf_c/message.c:1454:descriptor,['ext/google/protobuf_c']
google-protobuf,4.36.0,<allocator>,klass,Arena_alloc,0,rb_define_alloc_func,ext/google/protobuf_c/protobuf.c,225,ext/google/protobuf_c/protobuf.c,197,resolved,Arena_alloc,4.36.0;4.36.0-aarch64-linux-gnu;4.36.0-arm64-darwin;4.36.0-x86-linux-gnu;4.36.0-x86_64-darwin;4.36.0-x86_64-linux-gnu,google-protobuf:ext/google/protobuf_c/protobuf.c:225:<allocator>,['ext/google/protobuf_c']
google-protobuf,4.36.0,discard_unknown,protobuf,Google_Protobuf_discard_unknown,1,rb_define_singleton_method,ext/google/protobuf_c/protobuf.c,342,ext/google/protobuf_c/protobuf.c,286,resolved,Google_Protobuf_discard_unknown,4.36.0;4.36.0-aarch64-linux-gnu;4.36.0-arm64-darwin;4.36.0-x86-linux-gnu;4.36.0-x86_64-darwin;4.36.0-x86_64-linux-gnu,google-protobuf:ext/google/protobuf_c/protobuf.c:342:discard_unknown,['ext/google/protobuf_c']
google-protobuf,4.36.0,deep_copy,protobuf,Google_Protobuf_deep_copy,1,rb_define_singleton_method,ext/google/protobuf_c/protobuf.c,344,ext/google/protobuf_c/protobuf.c,304,resolved,Google_Protobuf_deep_copy,4.36.0;4.36.0-aarch64-linux-gnu;4.36.0-arm64-darwin;4.36.0-x86-linux-gnu;4.36.0-x86_64-darwin;4.36.0-x86_64-linux-gnu,google-protobuf:ext/google/protobuf_c/protobuf.c:344:deep_copy,['ext/google/protobuf_c']
google-protobuf,4.36.0,<allocator>,klass,RepeatedField_alloc,0,rb_define_alloc_func,ext/google/protobuf_c/repeated_field.c,708,ext/google/protobuf_c/repeated_field.c,52,resolved,RepeatedField_alloc,4.36.0;4.36.0-aarch64-linux-gnu;4.36.0-arm64-darwin;4.36.0-x86-linux-gnu;4.36.0-x86_64-darwin;4.36.0-x86_64-linux-gnu,google-protobuf:ext/google/protobuf_c/repeated_field.c:708:<allocator>,['ext/google/protobuf_c']
google-protobuf,4.36.0,initialize,klass,RepeatedField_init,-1,rb_define_method,ext/google/protobuf_c/repeated_field.c,712,ext/google/protobuf_c/repeated_field.c,678,resolved,RepeatedField_init,4.36.0;4.36.0-aarch64-linux-gnu;4.36.0-arm64-darwin;4.36.0-x86-linux-gnu;4.36.0-x86_64-darwin;4.36.0-x86_64-linux-gnu,google-protobuf:ext/google/protobuf_c/repeated_field.c:712:initialize,['ext/google/protobuf_c']
google-protobuf,4.36.0,each,klass,RepeatedField_each,0,rb_define_method,ext/google/protobuf_c/repeated_field.c,713,ext/google/protobuf_c/repeated_field.c,217,resolved,RepeatedField_each,4.36.0;4.36.0-aarch64-linux-gnu;4.36.0-arm64-darwin;4.36.0-x86-linux-gnu;4.36.0-x86_64-darwin;4.36.0-x86_64-linux-gnu,google-protobuf:ext/google/protobuf_c/repeated_field.c:713:each,['ext/google/protobuf_c']
google-protobuf,4.36.0,[],klass,RepeatedField_index,-1,rb_define_method,ext/google/protobuf_c/repeated_field.c,714,ext/google/protobuf_c/repeated_field.c,238,resolved,RepeatedField_index,4.36.0;4.36.0-aarch64-linux-gnu;4.36.0-arm64-darwin;4.36.0-x86-linux-gnu;4.36.0-x86_64-darwin;4.36.0-x86_64-linux-gnu,google-protobuf:ext/google/protobuf_c/repeated_field.c:714:[],['ext/google/protobuf_c']
google-protobuf,4.36.0,at,klass,RepeatedField_index,-1,rb_define_method,ext/google/protobuf_c/repeated_field.c,715,ext/google/protobuf_c/repeated_field.c,238,resolved,RepeatedField_index,4.36.0;4.36.0-aarch64-linux-gnu;4.36.0-arm64-darwin;4.36.0-x86-linux-gnu;4.36.0-x86_64-darwin;4.36.0-x86_64-linux-gnu,google-protobuf:ext/google/protobuf_c/repeated_field.c:715:at,['ext/google/protobuf_c']
google-protobuf,4.36.0,[]=,klass,RepeatedField_index_set,2,rb_define_method,ext/google/protobuf_c/repeated_field.c,716,ext/google/protobuf_c/repeated_field.c,290,resolved,RepeatedField_index_set,4.36.0;4.36.0-aarch64-linux-gnu;4.36.0-arm64-darwin;4.36.0-x86-linux-gnu;4.36.0-x86_64-darwin;4.36.0-x86_64-linux-gnu,google-protobuf:ext/google/protobuf_c/repeated_field.c:716:[]=,['ext/google/protobuf_c']
google-protobuf,4.36.0,push,klass,RepeatedField_push_vararg,-1,rb_define_method,ext/google/protobuf_c/repeated_field.c,717,ext/google/protobuf_c/repeated_field.c,325,resolved,RepeatedField_push_vararg,4.36.0;4.36.0-aarch64-linux-gnu;4.36.0-arm64-darwin;4.36.0-x86-linux-gnu;4.36.0-x86_64-darwin;4.36.0-x86_64-linux-gnu,google-protobuf:ext/google/protobuf_c/repeated_field.c:717:push,['ext/google/protobuf_c']
google-protobuf,4.36.0,<<,klass,RepeatedField_push,1,rb_define_method,ext/google/protobuf_c/repeated_field.c,718,ext/google/protobuf_c/repeated_field.c,348,resolved,RepeatedField_push,4.36.0;4.36.0-aarch64-linux-gnu;4.36.0-arm64-darwin;4.36.0-x86-linux-gnu;4.36.0-x86_64-darwin;4.36.0-x86_64-linux-gnu,google-protobuf:ext/google/protobuf_c/repeated_field.c:718:<<,['ext/google/protobuf_c']
google-protobuf,4.36.0,pop_one,klass,RepeatedField_pop_one,0,rb_define_private_method,ext/google/protobuf_c/repeated_field.c,719,ext/google/protobuf_c/repeated_field.c,362,resolved,RepeatedField_pop_one,4.36.0;4.36.0-aarch64-linux-gnu;4.36.0-arm64-darwin;4.36.0-x86-linux-gnu;4.36.0-x86_64-darwin;4.36.0-x86_64-linux-gnu,google-protobuf:ext/google/protobuf_c/repeated_field.c:719:pop_one,['ext/google/protobuf_c']
google-protobuf,4.36.0,replace,klass,RepeatedField_replace,1,rb_define_method,ext/google/protobuf_c/repeated_field.c,720,ext/google/protobuf_c/repeated_field.c,388,resolved,RepeatedField_replace,4.36.0;4.36.0-aarch64-linux-gnu;4.36.0-arm64-darwin;4.36.0-x86-linux-gnu;4.36.0-x86_64-darwin;4.36.0-x86_64-linux-gnu,google-protobuf:ext/google/protobuf_c/repeated_field.c:720:replace,['ext/google/protobuf_c']
google-protobuf,4.36.0,clear,klass,RepeatedField_clear,0,rb_define_method,ext/google/protobuf_c/repeated_field.c,721,ext/google/protobuf_c/repeated_field.c,410,resolved,RepeatedField_clear,4.36.0;4.36.0-aarch64-linux-gnu;4.36.0-arm64-darwin;4.36.0-x86-linux-gnu;4.36.0-x86_64-darwin;4.36.0-x86_64-linux-gnu,google-protobuf:ext/google/protobuf_c/repeated_field.c:721:clear,['ext/google/protobuf_c']
google-protobuf,4.36.0,length,klass,RepeatedField_length,0,rb_define_method,ext/google/protobuf_c/repeated_field.c,722,ext/google/protobuf_c/repeated_field.c,424,resolved,RepeatedField_length,4.36.0;4.36.0-aarch64-linux-gnu;4.36.0-arm64-darwin;4.36.0-x86-linux-gnu;4.36.0-x86_64-darwin;4.36.0-x86_64-linux-gnu,google-protobuf:ext/google/protobuf_c/repeated_field.c:722:length,['ext/google/protobuf_c']
google-protobuf,4.36.0,size,klass,RepeatedField_length,0,rb_define_method,ext/google/protobuf_c/repeated_field.c,723,ext/google/protobuf_c/repeated_field.c,424,resolved,RepeatedField_length,4.36.0;4.36.0-aarch64-linux-gnu;4.36.0-arm64-darwin;4.36.0-x86-linux-gnu;4.36.0-x86_64-darwin;4.36.0-x86_64-linux-gnu,google-protobuf:ext/google/protobuf_c/repeated_field.c:723:size,['ext/google/protobuf_c']
google-protobuf,4.36.0,dup,klass,RepeatedField_dup,0,rb_define_method,ext/google/protobuf_c/repeated_field.c,724,ext/google/protobuf_c/repeated_field.c,437,resolved,RepeatedField_dup,4.36.0;4.36.0-aarch64-linux-gnu;4.36.0-arm64-darwin;4.36.0-x86-linux-gnu;4.36.0-x86_64-darwin;4.36.0-x86_64-linux-gnu,google-protobuf:ext/google/protobuf_c/repeated_field.c:724:dup,['ext/google/protobuf_c']
google-protobuf,4.36.0,clone,klass,RepeatedField_dup,0,rb_define_method,ext/google/protobuf_c/repeated_field.c,726,ext/google/protobuf_c/repeated_field.c,437,resolved,RepeatedField_dup,4.36.0;4.36.0-aarch64-linux-gnu;4.36.0-arm64-darwin;4.36.0-x86-linux-gnu;4.36.0-x86_64-darwin;4.36.0-x86_64-linux-gnu,google-protobuf:ext/google/protobuf_c/repeated_field.c:726:clone,['ext/google/protobuf_c']
google-protobuf,4.36.0,==,klass,RepeatedField_eq,1,rb_define_method,ext/google/protobuf_c/repeated_field.c,727,ext/google/protobuf_c/repeated_field.c,494,resolved,RepeatedField_eq,4.36.0;4.36.0-aarch64-linux-gnu;4.36.0-arm64-darwin;4.36.0-x86-linux-gnu;4.36.0-x86_64-darwin;4.36.0-x86_64-linux-gnu,google-protobuf:ext/google/protobuf_c/repeated_field.c:727:==,['ext/google/protobuf_c']
google-protobuf,4.36.0,to_ary,klass,RepeatedField_to_ary,0,rb_define_method,ext/google/protobuf_c/repeated_field.c,728,ext/google/protobuf_c/repeated_field.c,464,resolved,RepeatedField_to_ary,4.36.0;4.36.0-aarch64-linux-gnu;4.36.0-arm64-darwin;4.36.0-x86-linux-gnu;4.36.0-x86_64-darwin;4.36.0-x86_64-linux-gnu,google-protobuf:ext/google/protobuf_c/repeated_field.c:728:to_ary,['ext/google/protobuf_c']
google-protobuf,4.36.0,freeze,klass,RepeatedField_freeze,0,rb_define_method,ext/google/protobuf_c/repeated_field.c,729,ext/google/protobuf_c/repeated_field.c,557,resolved,RepeatedField_freeze,4.36.0;4.36.0-aarch64-linux-gnu;4.36.0-arm64-darwin;4.36.0-x86-linux-gnu;4.36.0-x86_64-darwin;4.36.0-x86_64-linux-gnu,google-protobuf:ext/google/protobuf_c/repeated_field.c:729:freeze,['ext/google/protobuf_c']
google-protobuf,4.36.0,frozen?,klass,RepeatedField_frozen,0,rb_define_method,ext/google/protobuf_c/repeated_field.c,730,ext/google/protobuf_c/repeated_field.c,537,resolved,RepeatedField_frozen,4.36.0;4.36.0-aarch64-linux-gnu;4.36.0-arm64-darwin;4.36.0-x86-linux-gnu;4.36.0-x86_64-darwin;4.36.0-x86_64-linux-gnu,google-protobuf:ext/google/protobuf_c/repeated_field.c:730:frozen?,['ext/google/protobuf_c']
google-protobuf,4.36.0,hash,klass,RepeatedField_hash,0,rb_define_method,ext/google/protobuf_c/repeated_field.c,731,ext/google/protobuf_c/repeated_field.c,583,resolved,RepeatedField_hash,4.36.0;4.36.0-aarch64-linux-gnu;4.36.0-arm64-darwin;4.36.0-x86-linux-gnu;4.36.0-x86_64-darwin;4.36.0-x86_64-linux-gnu,google-protobuf:ext/google/protobuf_c/repeated_field.c:731:hash,['ext/google/protobuf_c']
google-protobuf,4.36.0,+,klass,RepeatedField_plus,1,rb_define_method,ext/google/protobuf_c/repeated_field.c,732,ext/google/protobuf_c/repeated_field.c,606,resolved,RepeatedField_plus,4.36.0;4.36.0-aarch64-linux-gnu;4.36.0-arm64-darwin;4.36.0-x86-linux-gnu;4.36.0-x86_64-darwin;4.36.0-x86_64-linux-gnu,google-protobuf:ext/google/protobuf_c/repeated_field.c:732:+,['ext/google/protobuf_c']
google-protobuf,4.36.0,concat,klass,RepeatedField_concat,1,rb_define_method,ext/google/protobuf_c/repeated_field.c,733,ext/google/protobuf_c/repeated_field.c,651,resolved,RepeatedField_concat,4.36.0;4.36.0-aarch64-linux-gnu;4.36.0-arm64-darwin;4.36.0-x86-linux-gnu;4.36.0-x86_64-darwin;4.36.0-x86_64-linux-gnu,google-protobuf:ext/google/protobuf_c/repeated_field.c:733:concat,['ext/google/protobuf_c']
gpgme,2.0.26,gpgme_get_dirinfo,mGPGME,rb_s_gpgme_get_dirinfo,1,rb_define_module_function,ext/gpgme/gpgme_n.c,2863,ext/gpgme/gpgme_n.c,215,resolved,rb_s_gpgme_get_dirinfo,2.0.26,gpgme:ext/gpgme/gpgme_n.c:2863:gpgme_get_dirinfo,['ext/gpgme']
gpgme,2.0.26,gpgme_check_version,mGPGME,rb_s_gpgme_check_version,1,rb_define_module_function,ext/gpgme/gpgme_n.c,2866,ext/gpgme/gpgme_n.c,223,resolved,rb_s_gpgme_check_version,2.0.26,gpgme:ext/gpgme/gpgme_n.c:2866:gpgme_check_version,['ext/gpgme']
gpgme,2.0.26,gpgme_engine_check_version,mGPGME,rb_s_gpgme_engine_check_version,1,rb_define_module_function,ext/gpgme/gpgme_n.c,2868,ext/gpgme/gpgme_n.c,231,resolved,rb_s_gpgme_engine_check_version,2.0.26,gpgme:ext/gpgme/gpgme_n.c:2868:gpgme_engine_check_version,['ext/gpgme']
gpgme,2.0.26,gpgme_get_engine_info,mGPGME,rb_s_gpgme_get_engine_info,1,rb_define_module_function,ext/gpgme/gpgme_n.c,2870,ext/gpgme/gpgme_n.c,238,resolved,rb_s_gpgme_get_engine_info,2.0.26,gpgme:ext/gpgme/gpgme_n.c:2870:gpgme_get_engine_info,['ext/gpgme']
gpgme,2.0.26,gpgme_set_engine_info,mGPGME,rb_s_gpgme_set_engine_info,3,rb_define_module_function,ext/gpgme/gpgme_n.c,2872,ext/gpgme/gpgme_n.c,266,resolved,rb_s_gpgme_set_engine_info,2.0.26,gpgme:ext/gpgme/gpgme_n.c:2872:gpgme_set_engine_info,['ext/gpgme']
gpgme,2.0.26,gpgme_ctx_get_engine_info,mGPGME,rb_s_gpgme_ctx_get_engine_info,2,rb_define_module_function,ext/gpgme/gpgme_n.c,2874,ext/gpgme/gpgme_n.c,278,resolved,rb_s_gpgme_ctx_get_engine_info,2.0.26,gpgme:ext/gpgme/gpgme_n.c:2874:gpgme_ctx_get_engine_info,['ext/gpgme']
gpgme,2.0.26,gpgme_ctx_set_engine_info,mGPGME,rb_s_gpgme_ctx_set_engine_info,4,rb_define_module_function,ext/gpgme/gpgme_n.c,2876,ext/gpgme/gpgme_n.c,307,resolved,rb_s_gpgme_ctx_set_engine_info,2.0.26,gpgme:ext/gpgme/gpgme_n.c:2876:gpgme_ctx_set_engine_info,['ext/gpgme']
gpgme,2.0.26,gpgme_pubkey_algo_name,mGPGME,rb_s_gpgme_pubkey_algo_name,1,rb_define_module_function,ext/gpgme/gpgme_n.c,2878,ext/gpgme/gpgme_n.c,325,resolved,rb_s_gpgme_pubkey_algo_name,2.0.26,gpgme:ext/gpgme/gpgme_n.c:2878:gpgme_pubkey_algo_name,['ext/gpgme']
gpgme,2.0.26,gpgme_hash_algo_name,mGPGME,rb_s_gpgme_hash_algo_name,1,rb_define_module_function,ext/gpgme/gpgme_n.c,2880,ext/gpgme/gpgme_n.c,334,resolved,rb_s_gpgme_hash_algo_name,2.0.26,gpgme:ext/gpgme/gpgme_n.c:2880:gpgme_hash_algo_name,['ext/gpgme']
gpgme,2.0.26,gpgme_err_code,mGPGME,rb_s_gpgme_err_code,1,rb_define_module_function,ext/gpgme/gpgme_n.c,2883,ext/gpgme/gpgme_n.c,343,resolved,rb_s_gpgme_err_code,2.0.26,gpgme:ext/gpgme/gpgme_n.c:2883:gpgme_err_code,['ext/gpgme']
gpgme,2.0.26,gpgme_err_source,mGPGME,rb_s_gpgme_err_source,1,rb_define_module_function,ext/gpgme/gpgme_n.c,2885,ext/gpgme/gpgme_n.c,349,resolved,rb_s_gpgme_err_source,2.0.26,gpgme:ext/gpgme/gpgme_n.c:2885:gpgme_err_source,['ext/gpgme']
gpgme,2.0.26,gpgme_strerror,mGPGME,rb_s_gpgme_strerror,1,rb_define_module_function,ext/gpgme/gpgme_n.c,2887,ext/gpgme/gpgme_n.c,355,resolved,rb_s_gpgme_strerror,2.0.26,gpgme:ext/gpgme/gpgme_n.c:2887:gpgme_strerror,['ext/gpgme']
gpgme,2.0.26,gpgme_data_new,mGPGME,rb_s_gpgme_data_new,1,rb_define_module_function,ext/gpgme/gpgme_n.c,2938,ext/gpgme/gpgme_n.c,361,resolved,rb_s_gpgme_data_new,2.0.26,gpgme:ext/gpgme/gpgme_n.c:2938:gpgme_data_new,['ext/gpgme']
gpgme,2.0.26,gpgme_data_new_from_mem,mGPGME,rb_s_gpgme_data_new_from_mem,3,rb_define_module_function,ext/gpgme/gpgme_n.c,2940,ext/gpgme/gpgme_n.c,372,resolved,rb_s_gpgme_data_new_from_mem,2.0.26,gpgme:ext/gpgme/gpgme_n.c:2940:gpgme_data_new_from_mem,['ext/gpgme']
gpgme,2.0.26,gpgme_data_new_from_fd,mGPGME,rb_s_gpgme_data_new_from_fd,2,rb_define_module_function,ext/gpgme/gpgme_n.c,2942,ext/gpgme/gpgme_n.c,393,resolved,rb_s_gpgme_data_new_from_fd,2.0.26,gpgme:ext/gpgme/gpgme_n.c:2942:gpgme_data_new_from_fd,['ext/gpgme']
gpgme,2.0.26,gpgme_data_new_from_cbs,mGPGME,rb_s_gpgme_data_new_from_cbs,3,rb_define_module_function,ext/gpgme/gpgme_n.c,2944,ext/gpgme/gpgme_n.c,470,resolved,rb_s_gpgme_data_new_from_cbs,2.0.26,gpgme:ext/gpgme/gpgme_n.c:2944:gpgme_data_new_from_cbs,['ext/gpgme']
gpgme,2.0.26,gpgme_data_read,mGPGME,rb_s_gpgme_data_read,2,rb_define_module_function,ext/gpgme/gpgme_n.c,2948,ext/gpgme/gpgme_n.c,492,resolved,rb_s_gpgme_data_read,2.0.26,gpgme:ext/gpgme/gpgme_n.c:2948:gpgme_data_read,['ext/gpgme']
gpgme,2.0.26,gpgme_data_seek,mGPGME,rb_s_gpgme_data_seek,3,rb_define_module_function,ext/gpgme/gpgme_n.c,2950,ext/gpgme/gpgme_n.c,512,resolved,rb_s_gpgme_data_seek,2.0.26,gpgme:ext/gpgme/gpgme_n.c:2950:gpgme_data_seek,['ext/gpgme']
gpgme,2.0.26,gpgme_data_write,mGPGME,rb_s_gpgme_data_write,3,rb_define_module_function,ext/gpgme/gpgme_n.c,2952,ext/gpgme/gpgme_n.c,525,resolved,rb_s_gpgme_data_write,2.0.26,gpgme:ext/gpgme/gpgme_n.c:2952:gpgme_data_write,['ext/gpgme']
gpgme,2.0.26,gpgme_data_get_encoding,mGPGME,rb_s_gpgme_data_get_encoding,1,rb_define_module_function,ext/gpgme/gpgme_n.c,2954,ext/gpgme/gpgme_n.c,538,resolved,rb_s_gpgme_data_get_encoding,2.0.26,gpgme:ext/gpgme/gpgme_n.c:2954:gpgme_data_get_encoding,['ext/gpgme']
gpgme,2.0.26,gpgme_data_set_encoding,mGPGME,rb_s_gpgme_data_set_encoding,2,rb_define_module_function,ext/gpgme/gpgme_n.c,2956,ext/gpgme/gpgme_n.c,549,resolved,rb_s_gpgme_data_set_encoding,2.0.26,gpgme:ext/gpgme/gpgme_n.c:2956:gpgme_data_set_encoding,['ext/gpgme']
gpgme,2.0.26,gpgme_data_get_file_name,mGPGME,rb_s_gpgme_data_get_file_name,1,rb_define_module_function,ext/gpgme/gpgme_n.c,2958,ext/gpgme/gpgme_n.c,560,resolved,rb_s_gpgme_data_get_file_name,2.0.26,gpgme:ext/gpgme/gpgme_n.c:2958:gpgme_data_get_file_name,['ext/gpgme']
gpgme,2.0.26,gpgme_data_set_file_name,mGPGME,rb_s_gpgme_data_set_file_name,2,rb_define_module_function,ext/gpgme/gpgme_n.c,2960,ext/gpgme/gpgme_n.c,570,resolved,rb_s_gpgme_data_set_file_name,2.0.26,gpgme:ext/gpgme/gpgme_n.c:2960:gpgme_data_set_file_name,['ext/gpgme']
gpgme,2.0.26,gpgme_new,mGPGME,rb_s_gpgme_new,1,rb_define_module_function,ext/gpgme/gpgme_n.c,2964,ext/gpgme/gpgme_n.c,582,resolved,rb_s_gpgme_new,2.0.26,gpgme:ext/gpgme/gpgme_n.c:2964:gpgme_new,['ext/gpgme']
gpgme,2.0.26,gpgme_release,mGPGME,rb_s_gpgme_release,1,rb_define_module_function,ext/gpgme/gpgme_n.c,2966,ext/gpgme/gpgme_n.c,593,resolved,rb_s_gpgme_release,2.0.26,gpgme:ext/gpgme/gpgme_n.c:2966:gpgme_release,['ext/gpgme']
gpgme,2.0.26,gpgme_set_ctx_flag,mGPGME,rb_s_gpgme_set_ctx_flag,3,rb_define_module_function,ext/gpgme/gpgme_n.c,2970,ext/gpgme/gpgme_n.c,606,resolved,rb_s_gpgme_set_ctx_flag,2.0.26,gpgme:ext/gpgme/gpgme_n.c:2970:gpgme_set_ctx_flag,['ext/gpgme']
gpgme,2.0.26,gpgme_get_ctx_flag,mGPGME,rb_s_gpgme_get_ctx_flag,2,rb_define_module_function,ext/gpgme/gpgme_n.c,2972,ext/gpgme/gpgme_n.c,625,resolved,rb_s_gpgme_get_ctx_flag,2.0.26,gpgme:ext/gpgme/gpgme_n.c:2972:gpgme_get_ctx_flag,['ext/gpgme']
gpgme,2.0.26,gpgme_set_protocol,mGPGME,rb_s_gpgme_set_protocol,2,rb_define_module_function,ext/gpgme/gpgme_n.c,2974,ext/gpgme/gpgme_n.c,645,resolved,rb_s_gpgme_set_protocol,2.0.26,gpgme:ext/gpgme/gpgme_n.c:2974:gpgme_set_protocol,['ext/gpgme']
gpgme,2.0.26,gpgme_get_protocol,mGPGME,rb_s_gpgme_get_protocol,1,rb_define_module_function,ext/gpgme/gpgme_n.c,2976,ext/gpgme/gpgme_n.c,658,resolved,rb_s_gpgme_get_protocol,2.0.26,gpgme:ext/gpgme/gpgme_n.c:2976:gpgme_get_protocol,['ext/gpgme']
gpgme,2.0.26,gpgme_set_armor,mGPGME,rb_s_gpgme_set_armor,2,rb_define_module_function,ext/gpgme/gpgme_n.c,2978,ext/gpgme/gpgme_n.c,671,resolved,rb_s_gpgme_set_armor,2.0.26,gpgme:ext/gpgme/gpgme_n.c:2978:gpgme_set_armor,['ext/gpgme']
gpgme,2.0.26,gpgme_get_armor,mGPGME,rb_s_gpgme_get_armor,1,rb_define_module_function,ext/gpgme/gpgme_n.c,2980,ext/gpgme/gpgme_n.c,684,resolved,rb_s_gpgme_get_armor,2.0.26,gpgme:ext/gpgme/gpgme_n.c:2980:gpgme_get_armor,['ext/gpgme']
gpgme,2.0.26,gpgme_set_ignore_mdc_error,mGPGME,rb_s_gpgme_set_ignore_mdc_error,2,rb_define_module_function,ext/gpgme/gpgme_n.c,2982,ext/gpgme/gpgme_n.c,697,resolved,rb_s_gpgme_set_ignore_mdc_error,2.0.26,gpgme:ext/gpgme/gpgme_n.c:2982:gpgme_set_ignore_mdc_error,['ext/gpgme']
gpgme,2.0.26,gpgme_get_ignore_mdc_error,mGPGME,rb_s_gpgme_get_ignore_mdc_error,1,rb_define_module_function,ext/gpgme/gpgme_n.c,2984,ext/gpgme/gpgme_n.c,714,resolved,rb_s_gpgme_get_ignore_mdc_error,2.0.26,gpgme:ext/gpgme/gpgme_n.c:2984:gpgme_get_ignore_mdc_error,['ext/gpgme']
gpgme,2.0.26,gpgme_set_textmode,mGPGME,rb_s_gpgme_set_textmode,2,rb_define_module_function,ext/gpgme/gpgme_n.c,2986,ext/gpgme/gpgme_n.c,733,resolved,rb_s_gpgme_set_textmode,2.0.26,gpgme:ext/gpgme/gpgme_n.c:2986:gpgme_set_textmode,['ext/gpgme']
gpgme,2.0.26,gpgme_get_textmode,mGPGME,rb_s_gpgme_get_textmode,1,rb_define_module_function,ext/gpgme/gpgme_n.c,2988,ext/gpgme/gpgme_n.c,745,resolved,rb_s_gpgme_get_textmode,2.0.26,gpgme:ext/gpgme/gpgme_n.c:2988:gpgme_get_textmode,['ext/gpgme']
gpgme,2.0.26,gpgme_set_include_certs,mGPGME,rb_s_gpgme_set_include_certs,2,rb_define_module_function,ext/gpgme/gpgme_n.c,2990,ext/gpgme/gpgme_n.c,758,resolved,rb_s_gpgme_set_include_certs,2.0.26,gpgme:ext/gpgme/gpgme_n.c:2990:gpgme_set_include_certs,['ext/gpgme']
gpgme,2.0.26,gpgme_get_include_certs,mGPGME,rb_s_gpgme_get_include_certs,1,rb_define_module_function,ext/gpgme/gpgme_n.c,2992,ext/gpgme/gpgme_n.c,770,resolved,rb_s_gpgme_get_include_certs,2.0.26,gpgme:ext/gpgme/gpgme_n.c:2992:gpgme_get_include_certs,['ext/gpgme']
gpgme,2.0.26,gpgme_set_keylist_mode,mGPGME,rb_s_gpgme_set_keylist_mode,2,rb_define_module_function,ext/gpgme/gpgme_n.c,2994,ext/gpgme/gpgme_n.c,783,resolved,rb_s_gpgme_set_keylist_mode,2.0.26,gpgme:ext/gpgme/gpgme_n.c:2994:gpgme_set_keylist_mode,['ext/gpgme']
gpgme,2.0.26,gpgme_get_keylist_mode,mGPGME,rb_s_gpgme_get_keylist_mode,1,rb_define_module_function,ext/gpgme/gpgme_n.c,2996,ext/gpgme/gpgme_n.c,796,resolved,rb_s_gpgme_get_keylist_mode,2.0.26,gpgme:ext/gpgme/gpgme_n.c:2996:gpgme_get_keylist_mode,['ext/gpgme']
gpgme,2.0.26,gpgme_set_pinentry_mode,mGPGME,rb_s_gpgme_set_pinentry_mode,2,rb_define_module_function,ext/gpgme/gpgme_n.c,2999,ext/gpgme/gpgme_n.c,964,resolved,rb_s_gpgme_set_pinentry_mode,2.0.26,gpgme:ext/gpgme/gpgme_n.c:2999:gpgme_set_pinentry_mode,['ext/gpgme']
gpgme,2.0.26,gpgme_get_pinentry_mode,mGPGME,rb_s_gpgme_get_pinentry_mode,1,rb_define_module_function,ext/gpgme/gpgme_n.c,3001,ext/gpgme/gpgme_n.c,978,resolved,rb_s_gpgme_get_pinentry_mode,2.0.26,gpgme:ext/gpgme/gpgme_n.c:3001:gpgme_get_pinentry_mode,['ext/gpgme']
gpgme,2.0.26,gpgme_set_passphrase_cb,mGPGME,rb_s_gpgme_set_passphrase_cb,3,rb_define_module_function,ext/gpgme/gpgme_n.c,3004,ext/gpgme/gpgme_n.c,827,resolved,rb_s_gpgme_set_passphrase_cb,2.0.26,gpgme:ext/gpgme/gpgme_n.c:3004:gpgme_set_passphrase_cb,['ext/gpgme']
gpgme,2.0.26,gpgme_get_passphrase_cb,mGPGME,rb_s_gpgme_get_passphrase_cb,3,rb_define_module_function,ext/gpgme/gpgme_n.c,3006,ext/gpgme/gpgme_n.c,846,resolved,rb_s_gpgme_get_passphrase_cb,2.0.26,gpgme:ext/gpgme/gpgme_n.c:3006:gpgme_get_passphrase_cb,['ext/gpgme']
gpgme,2.0.26,gpgme_set_progress_cb,mGPGME,rb_s_gpgme_set_progress_cb,3,rb_define_module_function,ext/gpgme/gpgme_n.c,3008,ext/gpgme/gpgme_n.c,919,resolved,rb_s_gpgme_set_progress_cb,2.0.26,gpgme:ext/gpgme/gpgme_n.c:3008:gpgme_set_progress_cb,['ext/gpgme']
gpgme,2.0.26,gpgme_get_progress_cb,mGPGME,rb_s_gpgme_get_progress_cb,3,rb_define_module_function,ext/gpgme/gpgme_n.c,3010,ext/gpgme/gpgme_n.c,939,resolved,rb_s_gpgme_get_progress_cb,2.0.26,gpgme:ext/gpgme/gpgme_n.c:3010:gpgme_get_progress_cb,['ext/gpgme']
gpgme,2.0.26,gpgme_set_locale,mGPGME,rb_s_gpgme_set_locale,3,rb_define_module_function,ext/gpgme/gpgme_n.c,3012,ext/gpgme/gpgme_n.c,949,resolved,rb_s_gpgme_set_locale,2.0.26,gpgme:ext/gpgme/gpgme_n.c:3012:gpgme_set_locale,['ext/gpgme']
gpgme,2.0.26,gpgme_set_offline,mGPGME,rb_s_gpgme_set_offline,2,rb_define_module_function,ext/gpgme/gpgme_n.c,3015,ext/gpgme/gpgme_n.c,994,resolved,rb_s_gpgme_set_offline,2.0.26,gpgme:ext/gpgme/gpgme_n.c:3015:gpgme_set_offline,['ext/gpgme']
gpgme,2.0.26,gpgme_get_offline,mGPGME,rb_s_gpgme_get_offline,1,rb_define_module_function,ext/gpgme/gpgme_n.c,3017,ext/gpgme/gpgme_n.c,1007,resolved,rb_s_gpgme_get_offline,2.0.26,gpgme:ext/gpgme/gpgme_n.c:3017:gpgme_get_offline,['ext/gpgme']
gpgme,2.0.26,gpgme_set_status_cb,mGPGME,rb_s_gpgme_set_status_cb,3,rb_define_module_function,ext/gpgme/gpgme_n.c,3019,ext/gpgme/gpgme_n.c,874,resolved,rb_s_gpgme_set_status_cb,2.0.26,gpgme:ext/gpgme/gpgme_n.c:3019:gpgme_set_status_cb,['ext/gpgme']
gpgme,2.0.26,gpgme_get_status_cb,mGPGME,rb_s_gpgme_get_status_cb,3,rb_define_module_function,ext/gpgme/gpgme_n.c,3021,ext/gpgme/gpgme_n.c,893,resolved,rb_s_gpgme_get_status_cb,2.0.26,gpgme:ext/gpgme/gpgme_n.c:3021:gpgme_get_status_cb,['ext/gpgme']
gpgme,2.0.26,gpgme_op_keylist_start,mGPGME,rb_s_gpgme_op_keylist_start,3,rb_define_module_function,ext/gpgme/gpgme_n.c,3026,ext/gpgme/gpgme_n.c,1022,resolved,rb_s_gpgme_op_keylist_start,2.0.26,gpgme:ext/gpgme/gpgme_n.c:3026:gpgme_op_keylist_start,['ext/gpgme']
gpgme,2.0.26,gpgme_op_keylist_ext_start,mGPGME,rb_s_gpgme_op_keylist_ext_start,3,rb_define_module_function,ext/gpgme/gpgme_n.c,3028,ext/gpgme/gpgme_n.c,1044,resolved,rb_s_gpgme_op_keylist_ext_start,2.0.26,gpgme:ext/gpgme/gpgme_n.c:3028:gpgme_op_keylist_ext_start,['ext/gpgme']
gpgme,2.0.26,gpgme_op_keylist_next,mGPGME,rb_s_gpgme_op_keylist_next,2,rb_define_module_function,ext/gpgme/gpgme_n.c,3030,ext/gpgme/gpgme_n.c,1193,resolved,rb_s_gpgme_op_keylist_next,2.0.26,gpgme:ext/gpgme/gpgme_n.c:3030:gpgme_op_keylist_next,['ext/gpgme']
gpgme,2.0.26,gpgme_op_keylist_end,mGPGME,rb_s_gpgme_op_keylist_end,1,rb_define_module_function,ext/gpgme/gpgme_n.c,3032,ext/gpgme/gpgme_n.c,1219,resolved,rb_s_gpgme_op_keylist_end,2.0.26,gpgme:ext/gpgme/gpgme_n.c:3032:gpgme_op_keylist_end,['ext/gpgme']
gpgme,2.0.26,gpgme_get_key,mGPGME,rb_s_gpgme_get_key,4,rb_define_module_function,ext/gpgme/gpgme_n.c,3034,ext/gpgme/gpgme_n.c,1236,resolved,rb_s_gpgme_get_key,2.0.26,gpgme:ext/gpgme/gpgme_n.c:3034:gpgme_get_key,['ext/gpgme']
gpgme,2.0.26,gpgme_op_genkey,mGPGME,rb_s_gpgme_op_genkey,4,rb_define_module_function,ext/gpgme/gpgme_n.c,3036,ext/gpgme/gpgme_n.c,1258,resolved,rb_s_gpgme_op_genkey,2.0.26,gpgme:ext/gpgme/gpgme_n.c:3036:gpgme_op_genkey,['ext/gpgme']
gpgme,2.0.26,gpgme_op_genkey_start,mGPGME,rb_s_gpgme_op_genkey_start,4,rb_define_module_function,ext/gpgme/gpgme_n.c,3038,ext/gpgme/gpgme_n.c,1280,resolved,rb_s_gpgme_op_genkey_start,2.0.26,gpgme:ext/gpgme/gpgme_n.c:3038:gpgme_op_genkey_start,['ext/gpgme']
gpgme,2.0.26,gpgme_op_export,mGPGME,rb_s_gpgme_op_export,4,rb_define_module_function,ext/gpgme/gpgme_n.c,3040,ext/gpgme/gpgme_n.c,1302,resolved,rb_s_gpgme_op_export,2.0.26,gpgme:ext/gpgme/gpgme_n.c:3040:gpgme_op_export,['ext/gpgme']
gpgme,2.0.26,gpgme_op_export_start,mGPGME,rb_s_gpgme_op_export_start,4,rb_define_module_function,ext/gpgme/gpgme_n.c,3042,ext/gpgme/gpgme_n.c,1322,resolved,rb_s_gpgme_op_export_start,2.0.26,gpgme:ext/gpgme/gpgme_n.c:3042:gpgme_op_export_start,['ext/gpgme']
gpgme,2.0.26,gpgme_op_export_ext,mGPGME,rb_s_gpgme_op_export_ext,4,rb_define_module_function,ext/gpgme/gpgme_n.c,3044,ext/gpgme/gpgme_n.c,1342,resolved,rb_s_gpgme_op_export_ext,2.0.26,gpgme:ext/gpgme/gpgme_n.c:3044:gpgme_op_export_ext,['ext/gpgme']
gpgme,2.0.26,gpgme_op_export_ext_start,mGPGME,rb_s_gpgme_op_export_ext_start,4,rb_define_module_function,ext/gpgme/gpgme_n.c,3046,ext/gpgme/gpgme_n.c,1366,resolved,rb_s_gpgme_op_export_ext_start,2.0.26,gpgme:ext/gpgme/gpgme_n.c:3046:gpgme_op_export_ext_start,['ext/gpgme']
gpgme,2.0.26,gpgme_op_export_keys,mGPGME,rb_s_gpgme_op_export_keys,4,rb_define_module_function,ext/gpgme/gpgme_n.c,3049,ext/gpgme/gpgme_n.c,1391,resolved,rb_s_gpgme_op_export_keys,2.0.26,gpgme:ext/gpgme/gpgme_n.c:3049:gpgme_op_export_keys,['ext/gpgme']
gpgme,2.0.26,gpgme_op_export_keys_start,mGPGME,rb_s_gpgme_op_export_keys_start,4,rb_define_module_function,ext/gpgme/gpgme_n.c,3051,ext/gpgme/gpgme_n.c,1417,resolved,rb_s_gpgme_op_export_keys_start,2.0.26,gpgme:ext/gpgme/gpgme_n.c:3051:gpgme_op_export_keys_start,['ext/gpgme']
gpgme,2.0.26,gpgme_op_import,mGPGME,rb_s_gpgme_op_import,2,rb_define_module_function,ext/gpgme/gpgme_n.c,3054,ext/gpgme/gpgme_n.c,1444,resolved,rb_s_gpgme_op_import,2.0.26,gpgme:ext/gpgme/gpgme_n.c:3054:gpgme_op_import,['ext/gpgme']
gpgme,2.0.26,gpgme_op_import_start,mGPGME,rb_s_gpgme_op_import_start,2,rb_define_module_function,ext/gpgme/gpgme_n.c,3056,ext/gpgme/gpgme_n.c,1462,resolved,rb_s_gpgme_op_import_start,2.0.26,gpgme:ext/gpgme/gpgme_n.c:3056:gpgme_op_import_start,['ext/gpgme']
gpgme,2.0.26,gpgme_op_import_keys,mGPGME,rb_s_gpgme_op_import_keys,2,rb_define_module_function,ext/gpgme/gpgme_n.c,3059,ext/gpgme/gpgme_n.c,1481,resolved,rb_s_gpgme_op_import_keys,2.0.26,gpgme:ext/gpgme/gpgme_n.c:3059:gpgme_op_import_keys,['ext/gpgme']
gpgme,2.0.26,gpgme_op_import_keys_start,mGPGME,rb_s_gpgme_op_import_keys_start,2,rb_define_module_function,ext/gpgme/gpgme_n.c,3061,ext/gpgme/gpgme_n.c,1504,resolved,rb_s_gpgme_op_import_keys_start,2.0.26,gpgme:ext/gpgme/gpgme_n.c:3061:gpgme_op_import_keys_start,['ext/gpgme']
gpgme,2.0.26,gpgme_op_import_result,mGPGME,rb_s_gpgme_op_import_result,1,rb_define_module_function,ext/gpgme/gpgme_n.c,3064,ext/gpgme/gpgme_n.c,1528,resolved,rb_s_gpgme_op_import_result,2.0.26,gpgme:ext/gpgme/gpgme_n.c:3064:gpgme_op_import_result,['ext/gpgme']
gpgme,2.0.26,gpgme_op_delete,mGPGME,rb_s_gpgme_op_delete,3,rb_define_module_function,ext/gpgme/gpgme_n.c,3066,ext/gpgme/gpgme_n.c,1573,resolved,rb_s_gpgme_op_delete,2.0.26,gpgme:ext/gpgme/gpgme_n.c:3066:gpgme_op_delete,['ext/gpgme']
gpgme,2.0.26,gpgme_op_delete_ext,mGPGME,rb_s_gpgme_op_delete_ext,3,rb_define_module_function,ext/gpgme/gpgme_n.c,3068,ext/gpgme/gpgme_n.c,1593,resolved,rb_s_gpgme_op_delete_ext,2.0.26,gpgme:ext/gpgme/gpgme_n.c:3068:gpgme_op_delete_ext,['ext/gpgme']
gpgme,2.0.26,gpgme_op_delete_start,mGPGME,rb_s_gpgme_op_delete_start,3,rb_define_module_function,ext/gpgme/gpgme_n.c,3070,ext/gpgme/gpgme_n.c,1612,resolved,rb_s_gpgme_op_delete_start,2.0.26,gpgme:ext/gpgme/gpgme_n.c:3070:gpgme_op_delete_start,['ext/gpgme']
gpgme,2.0.26,gpgme_op_edit,mGPGME,rb_s_gpgme_op_edit,5,rb_define_module_function,ext/gpgme/gpgme_n.c,3077,,,unresolved_function_binding,rb_s_gpgme_op_edit,2.0.26,gpgme:ext/gpgme/gpgme_n.c:3077:gpgme_op_edit,['ext/gpgme']
gpgme,2.0.26,gpgme_op_edit_start,mGPGME,rb_s_gpgme_op_edit_start,5,rb_define_module_function,ext/gpgme/gpgme_n.c,3079,,,unresolved_function_binding,rb_s_gpgme_op_edit_start,2.0.26,gpgme:ext/gpgme/gpgme_n.c:3079:gpgme_op_edit_start,['ext/gpgme']
gpgme,2.0.26,gpgme_op_card_edit,mGPGME,rb_s_gpgme_op_card_edit,5,rb_define_module_function,ext/gpgme/gpgme_n.c,3081,,,unresolved_function_binding,rb_s_gpgme_op_card_edit,2.0.26,gpgme:ext/gpgme/gpgme_n.c:3081:gpgme_op_card_edit,['ext/gpgme']
gpgme,2.0.26,gpgme_op_card_edit_start,mGPGME,rb_s_gpgme_op_card_edit_start,5,rb_define_module_function,ext/gpgme/gpgme_n.c,3083,,,unresolved_function_binding,rb_s_gpgme_op_card_edit_start,2.0.26,gpgme:ext/gpgme/gpgme_n.c:3083:gpgme_op_card_edit_start,['ext/gpgme']
gpgme,2.0.26,gpgme_op_trustlist_start,mGPGME,rb_s_gpgme_op_trustlist_start,3,rb_define_module_function,ext/gpgme/gpgme_n.c,3088,ext/gpgme/gpgme_n.c,2062,resolved,rb_s_gpgme_op_trustlist_start,2.0.26,gpgme:ext/gpgme/gpgme_n.c:3088:gpgme_op_trustlist_start,['ext/gpgme']
gpgme,2.0.26,gpgme_op_trustlist_next,mGPGME,rb_s_gpgme_op_trustlist_next,2,rb_define_module_function,ext/gpgme/gpgme_n.c,3090,ext/gpgme/gpgme_n.c,2079,resolved,rb_s_gpgme_op_trustlist_next,2.0.26,gpgme:ext/gpgme/gpgme_n.c:3090:gpgme_op_trustlist_next,['ext/gpgme']
gpgme,2.0.26,gpgme_op_trustlist_end,mGPGME,rb_s_gpgme_op_trustlist_end,1,rb_define_module_function,ext/gpgme/gpgme_n.c,3092,ext/gpgme/gpgme_n.c,2110,resolved,rb_s_gpgme_op_trustlist_end,2.0.26,gpgme:ext/gpgme/gpgme_n.c:3092:gpgme_op_trustlist_end,['ext/gpgme']
gpgme,2.0.26,gpgme_op_decrypt,mGPGME,rb_s_gpgme_op_decrypt,3,rb_define_module_function,ext/gpgme/gpgme_n.c,3097,ext/gpgme/gpgme_n.c,2127,resolved,rb_s_gpgme_op_decrypt,2.0.26,gpgme:ext/gpgme/gpgme_n.c:3097:gpgme_op_decrypt,['ext/gpgme']
gpgme,2.0.26,gpgme_op_decrypt_start,mGPGME,rb_s_gpgme_op_decrypt_start,3,rb_define_module_function,ext/gpgme/gpgme_n.c,3099,ext/gpgme/gpgme_n.c,2151,resolved,rb_s_gpgme_op_decrypt_start,2.0.26,gpgme:ext/gpgme/gpgme_n.c:3099:gpgme_op_decrypt_start,['ext/gpgme']
gpgme,2.0.26,gpgme_op_decrypt_result,mGPGME,rb_s_gpgme_op_decrypt_result,1,rb_define_module_function,ext/gpgme/gpgme_n.c,3101,ext/gpgme/gpgme_n.c,2171,resolved,rb_s_gpgme_op_decrypt_result,2.0.26,gpgme:ext/gpgme/gpgme_n.c:3101:gpgme_op_decrypt_result,['ext/gpgme']
gpgme,2.0.26,gpgme_op_verify,mGPGME,rb_s_gpgme_op_verify,4,rb_define_module_function,ext/gpgme/gpgme_n.c,3105,ext/gpgme/gpgme_n.c,2207,resolved,rb_s_gpgme_op_verify,2.0.26,gpgme:ext/gpgme/gpgme_n.c:3105:gpgme_op_verify,['ext/gpgme']
gpgme,2.0.26,gpgme_op_verify_start,mGPGME,rb_s_gpgme_op_verify_start,4,rb_define_module_function,ext/gpgme/gpgme_n.c,3107,ext/gpgme/gpgme_n.c,2236,resolved,rb_s_gpgme_op_verify_start,2.0.26,gpgme:ext/gpgme/gpgme_n.c:3107:gpgme_op_verify_start,['ext/gpgme']
gpgme,2.0.26,gpgme_op_verify_result,mGPGME,rb_s_gpgme_op_verify_result,1,rb_define_module_function,ext/gpgme/gpgme_n.c,3109,ext/gpgme/gpgme_n.c,2259,resolved,rb_s_gpgme_op_verify_result,2.0.26,gpgme:ext/gpgme/gpgme_n.c:3109:gpgme_op_verify_result,['ext/gpgme']
gpgme,2.0.26,gpgme_op_decrypt_verify,mGPGME,rb_s_gpgme_op_decrypt_verify,3,rb_define_module_function,ext/gpgme/gpgme_n.c,3113,ext/gpgme/gpgme_n.c,2320,resolved,rb_s_gpgme_op_decrypt_verify,2.0.26,gpgme:ext/gpgme/gpgme_n.c:3113:gpgme_op_decrypt_verify,['ext/gpgme']
gpgme,2.0.26,gpgme_op_decrypt_verify_start,mGPGME,rb_s_gpgme_op_decrypt_verify_start,3,rb_define_module_function,ext/gpgme/gpgme_n.c,3115,ext/gpgme/gpgme_n.c,2345,resolved,rb_s_gpgme_op_decrypt_verify_start,2.0.26,gpgme:ext/gpgme/gpgme_n.c:3115:gpgme_op_decrypt_verify_start,['ext/gpgme']
gpgme,2.0.26,gpgme_signers_clear,mGPGME,rb_s_gpgme_signers_clear,1,rb_define_module_function,ext/gpgme/gpgme_n.c,3119,ext/gpgme/gpgme_n.c,2365,resolved,rb_s_gpgme_signers_clear,2.0.26,gpgme:ext/gpgme/gpgme_n.c:3119:gpgme_signers_clear,['ext/gpgme']
gpgme,2.0.26,gpgme_signers_add,mGPGME,rb_s_gpgme_signers_add,2,rb_define_module_function,ext/gpgme/gpgme_n.c,3121,ext/gpgme/gpgme_n.c,2377,resolved,rb_s_gpgme_signers_add,2.0.26,gpgme:ext/gpgme/gpgme_n.c:3121:gpgme_signers_add,['ext/gpgme']
gpgme,2.0.26,gpgme_signers_enum,mGPGME,rb_s_gpgme_signers_enum,2,rb_define_module_function,ext/gpgme/gpgme_n.c,3123,ext/gpgme/gpgme_n.c,2393,resolved,rb_s_gpgme_signers_enum,2.0.26,gpgme:ext/gpgme/gpgme_n.c:3123:gpgme_signers_enum,['ext/gpgme']
gpgme,2.0.26,gpgme_op_sign,mGPGME,rb_s_gpgme_op_sign,4,rb_define_module_function,ext/gpgme/gpgme_n.c,3125,ext/gpgme/gpgme_n.c,2409,resolved,rb_s_gpgme_op_sign,2.0.26,gpgme:ext/gpgme/gpgme_n.c:3125:gpgme_op_sign,['ext/gpgme']
gpgme,2.0.26,gpgme_op_sign_start,mGPGME,rb_s_gpgme_op_sign_start,4,rb_define_module_function,ext/gpgme/gpgme_n.c,3127,ext/gpgme/gpgme_n.c,2434,resolved,rb_s_gpgme_op_sign_start,2.0.26,gpgme:ext/gpgme/gpgme_n.c:3127:gpgme_op_sign_start,['ext/gpgme']
gpgme,2.0.26,gpgme_op_sign_result,mGPGME,rb_s_gpgme_op_sign_result,1,rb_define_module_function,ext/gpgme/gpgme_n.c,3129,ext/gpgme/gpgme_n.c,2454,resolved,rb_s_gpgme_op_sign_result,2.0.26,gpgme:ext/gpgme/gpgme_n.c:3129:gpgme_op_sign_result,['ext/gpgme']
gpgme,2.0.26,gpgme_op_encrypt,mGPGME,rb_s_gpgme_op_encrypt,5,rb_define_module_function,ext/gpgme/gpgme_n.c,3133,ext/gpgme/gpgme_n.c,2510,resolved,rb_s_gpgme_op_encrypt,2.0.26,gpgme:ext/gpgme/gpgme_n.c:3133:gpgme_op_encrypt,['ext/gpgme']
gpgme,2.0.26,gpgme_op_encrypt_start,mGPGME,rb_s_gpgme_op_encrypt_start,5,rb_define_module_function,ext/gpgme/gpgme_n.c,3135,ext/gpgme/gpgme_n.c,2549,resolved,rb_s_gpgme_op_encrypt_start,2.0.26,gpgme:ext/gpgme/gpgme_n.c:3135:gpgme_op_encrypt_start,['ext/gpgme']
gpgme,2.0.26,gpgme_op_encrypt_result,mGPGME,rb_s_gpgme_op_encrypt_result,1,rb_define_module_function,ext/gpgme/gpgme_n.c,3137,ext/gpgme/gpgme_n.c,2582,resolved,rb_s_gpgme_op_encrypt_result,2.0.26,gpgme:ext/gpgme/gpgme_n.c:3137:gpgme_op_encrypt_result,['ext/gpgme']
gpgme,2.0.26,gpgme_op_encrypt_sign,mGPGME,rb_s_gpgme_op_encrypt_sign,5,rb_define_module_function,ext/gpgme/gpgme_n.c,3139,ext/gpgme/gpgme_n.c,2615,resolved,rb_s_gpgme_op_encrypt_sign,2.0.26,gpgme:ext/gpgme/gpgme_n.c:3139:gpgme_op_encrypt_sign,['ext/gpgme']
gpgme,2.0.26,gpgme_op_encrypt_sign_start,mGPGME,rb_s_gpgme_op_encrypt_sign_start,5,rb_define_module_function,ext/gpgme/gpgme_n.c,3141,ext/gpgme/gpgme_n.c,2654,resolved,rb_s_gpgme_op_encrypt_sign_start,2.0.26,gpgme:ext/gpgme/gpgme_n.c:3141:gpgme_op_encrypt_sign_start,['ext/gpgme']
gpgme,2.0.26,gpgme_wait,mGPGME,rb_s_gpgme_wait,3,rb_define_module_function,ext/gpgme/gpgme_n.c,3145,ext/gpgme/gpgme_n.c,2688,resolved,rb_s_gpgme_wait,2.0.26,gpgme:ext/gpgme/gpgme_n.c:3145:gpgme_wait,['ext/gpgme']
gpgme,2.0.26,gpgme_op_spawn,mGPGME,rb_s_gpgme_op_spawn,7,rb_define_module_function,ext/gpgme/gpgme_n.c,3150,ext/gpgme/gpgme_n.c,2759,resolved,rb_s_gpgme_op_spawn,2.0.26,gpgme:ext/gpgme/gpgme_n.c:3150:gpgme_op_spawn,['ext/gpgme']
gpgme,2.0.26,gpgme_op_spawn_start,mGPGME,rb_s_gpgme_op_spawn_start,7,rb_define_module_function,ext/gpgme/gpgme_n.c,3152,ext/gpgme/gpgme_n.c,2715,resolved,rb_s_gpgme_op_spawn_start,2.0.26,gpgme:ext/gpgme/gpgme_n.c:3152:gpgme_op_spawn_start,['ext/gpgme']
gpgme,2.0.26,gpgme_op_random_bytes,mGPGME,rb_s_gpgme_op_random_bytes,3,rb_define_module_function,ext/gpgme/gpgme_n.c,3158,ext/gpgme/gpgme_n.c,2805,resolved,rb_s_gpgme_op_random_bytes,2.0.26,gpgme:ext/gpgme/gpgme_n.c:3158:gpgme_op_random_bytes,['ext/gpgme']
gpgme,2.0.26,gpgme_op_random_value,mGPGME,rb_s_gpgme_op_random_value,2,rb_define_module_function,ext/gpgme/gpgme_n.c,3160,ext/gpgme/gpgme_n.c,2834,resolved,rb_s_gpgme_op_random_value,2.0.26,gpgme:ext/gpgme/gpgme_n.c:3160:gpgme_op_random_value,['ext/gpgme']
grpc,1.81.1,<allocator>,grpc_rb_cCall,grpc_rb_cannot_alloc,0,rb_define_alloc_func,src/ruby/ext/grpc/rb_call.c,1001,src/ruby/ext/grpc/rb_grpc.c,67,resolved,grpc_rb_cannot_alloc,1.81.1;1.81.1-aarch64-linux-gnu;1.81.1-arm64-darwin;1.81.1-x86-linux-gnu;1.81.1-x86_64-darwin;1.81.1-x86_64-linux-gnu,grpc:src/ruby/ext/grpc/rb_call.c:1001:<allocator>,['src/ruby/ext/grpc']
grpc,1.81.1,initialize,grpc_rb_cCall,grpc_rb_cannot_init,0,rb_define_method,src/ruby/ext/grpc/rb_call.c,1002,src/ruby/ext/grpc/rb_grpc.c,75,resolved,grpc_rb_cannot_init,1.81.1;1.81.1-aarch64-linux-gnu;1.81.1-arm64-darwin;1.81.1-x86-linux-gnu;1.81.1-x86_64-darwin;1.81.1-x86_64-linux-gnu,grpc:src/ruby/ext/grpc/rb_call.c:1002:initialize,['src/ruby/ext/grpc']
grpc,1.81.1,initialize_copy,grpc_rb_cCall,grpc_rb_cannot_init_copy,1,rb_define_method,src/ruby/ext/grpc/rb_call.c,1003,src/ruby/ext/grpc/rb_grpc.c,83,resolved,grpc_rb_cannot_init_copy,1.81.1;1.81.1-aarch64-linux-gnu;1.81.1-arm64-darwin;1.81.1-x86-linux-gnu;1.81.1-x86_64-darwin;1.81.1-x86_64-linux-gnu,grpc:src/ruby/ext/grpc/rb_call.c:1003:initialize_copy,['src/ruby/ext/grpc']
grpc,1.81.1,run_batch,grpc_rb_cCall,grpc_rb_call_run_batch,1,rb_define_method,src/ruby/ext/grpc/rb_call.c,1007,src/ruby/ext/grpc/rb_call.c,870,resolved,grpc_rb_call_run_batch,1.81.1;1.81.1-aarch64-linux-gnu;1.81.1-arm64-darwin;1.81.1-x86-linux-gnu;1.81.1-x86_64-darwin;1.81.1-x86_64-linux-gnu,grpc:src/ruby/ext/grpc/rb_call.c:1007:run_batch,['src/ruby/ext/grpc']
grpc,1.81.1,cancel,grpc_rb_cCall,grpc_rb_call_cancel,0,rb_define_method,src/ruby/ext/grpc/rb_call.c,1008,src/ruby/ext/grpc/rb_call.c,151,resolved,grpc_rb_call_cancel,1.81.1;1.81.1-aarch64-linux-gnu;1.81.1-arm64-darwin;1.81.1-x86-linux-gnu;1.81.1-x86_64-darwin;1.81.1-x86_64-linux-gnu,grpc:src/ruby/ext/grpc/rb_call.c:1008:cancel,['src/ruby/ext/grpc']
grpc,1.81.1,cancel_with_status,grpc_rb_cCall,grpc_rb_call_cancel_with_status,2,rb_define_method,src/ruby/ext/grpc/rb_call.c,1009,src/ruby/ext/grpc/rb_call.c,174,resolved,grpc_rb_call_cancel_with_status,1.81.1;1.81.1-aarch64-linux-gnu;1.81.1-arm64-darwin;1.81.1-x86-linux-gnu;1.81.1-x86_64-darwin;1.81.1-x86_64-linux-gnu,grpc:src/ruby/ext/grpc/rb_call.c:1009:cancel_with_status,['src/ruby/ext/grpc']
grpc,1.81.1,close,grpc_rb_cCall,grpc_rb_call_close,0,rb_define_method,src/ruby/ext/grpc/rb_call.c,1011,src/ruby/ext/grpc/rb_call.c,205,resolved,grpc_rb_call_close,1.81.1;1.81.1-aarch64-linux-gnu;1.81.1-arm64-darwin;1.81.1-x86-linux-gnu;1.81.1-x86_64-darwin;1.81.1-x86_64-linux-gnu,grpc:src/ruby/ext/grpc/rb_call.c:1011:close,['src/ruby/ext/grpc']
grpc,1.81.1,peer,grpc_rb_cCall,grpc_rb_call_get_peer,0,rb_define_method,src/ruby/ext/grpc/rb_call.c,1012,src/ruby/ext/grpc/rb_call.c,217,resolved,grpc_rb_call_get_peer,1.81.1;1.81.1-aarch64-linux-gnu;1.81.1-arm64-darwin;1.81.1-x86-linux-gnu;1.81.1-x86_64-darwin;1.81.1-x86_64-linux-gnu,grpc:src/ruby/ext/grpc/rb_call.c:1012:peer,['src/ruby/ext/grpc']
grpc,1.81.1,peer_cert,grpc_rb_cCall,grpc_rb_call_get_peer_cert,0,rb_define_method,src/ruby/ext/grpc/rb_call.c,1013,src/ruby/ext/grpc/rb_call.c,234,resolved,grpc_rb_call_get_peer_cert,1.81.1;1.81.1-aarch64-linux-gnu;1.81.1-arm64-darwin;1.81.1-x86-linux-gnu;1.81.1-x86_64-darwin;1.81.1-x86_64-linux-gnu,grpc:src/ruby/ext/grpc/rb_call.c:1013:peer_cert,['src/ruby/ext/grpc']
grpc,1.81.1,status,grpc_rb_cCall,grpc_rb_call_get_status,0,rb_define_method,src/ruby/ext/grpc/rb_call.c,1014,src/ruby/ext/grpc/rb_call.c,271,resolved,grpc_rb_call_get_status,1.81.1;1.81.1-aarch64-linux-gnu;1.81.1-arm64-darwin;1.81.1-x86-linux-gnu;1.81.1-x86_64-darwin;1.81.1-x86_64-linux-gnu,grpc:src/ruby/ext/grpc/rb_call.c:1014:status,['src/ruby/ext/grpc']
grpc,1.81.1,status=,grpc_rb_cCall,grpc_rb_call_set_status,1,rb_define_method,src/ruby/ext/grpc/rb_call.c,1015,src/ruby/ext/grpc/rb_call.c,280,resolved,grpc_rb_call_set_status,1.81.1;1.81.1-aarch64-linux-gnu;1.81.1-arm64-darwin;1.81.1-x86-linux-gnu;1.81.1-x86_64-darwin;1.81.1-x86_64-linux-gnu,grpc:src/ruby/ext/grpc/rb_call.c:1015:status=,['src/ruby/ext/grpc']
grpc,1.81.1,metadata,grpc_rb_cCall,grpc_rb_call_get_metadata,0,rb_define_method,src/ruby/ext/grpc/rb_call.c,1016,src/ruby/ext/grpc/rb_call.c,295,resolved,grpc_rb_call_get_metadata,1.81.1;1.81.1-aarch64-linux-gnu;1.81.1-arm64-darwin;1.81.1-x86-linux-gnu;1.81.1-x86_64-darwin;1.81.1-x86_64-linux-gnu,grpc:src/ruby/ext/grpc/rb_call.c:1016:metadata,['src/ruby/ext/grpc']
grpc,1.81.1,metadata=,grpc_rb_cCall,grpc_rb_call_set_metadata,1,rb_define_method,src/ruby/ext/grpc/rb_call.c,1017,src/ruby/ext/grpc/rb_call.c,304,resolved,grpc_rb_call_set_metadata,1.81.1;1.81.1-aarch64-linux-gnu;1.81.1-arm64-darwin;1.81.1-x86-linux-gnu;1.81.1-x86_64-darwin;1.81.1-x86_64-linux-gnu,grpc:src/ruby/ext/grpc/rb_call.c:1017:metadata=,['src/ruby/ext/grpc']
grpc,1.81.1,trailing_metadata,grpc_rb_cCall,grpc_rb_call_get_trailing_metadata,0,rb_define_method,src/ruby/ext/grpc/rb_call.c,1018,src/ruby/ext/grpc/rb_call.c,319,resolved,grpc_rb_call_get_trailing_metadata,1.81.1;1.81.1-aarch64-linux-gnu;1.81.1-arm64-darwin;1.81.1-x86-linux-gnu;1.81.1-x86_64-darwin;1.81.1-x86_64-linux-gnu,grpc:src/ruby/ext/grpc/rb_call.c:1018:trailing_metadata,['src/ruby/ext/grpc']
grpc,1.81.1,trailing_metadata=,grpc_rb_cCall,grpc_rb_call_set_trailing_metadata,1,rb_define_method,src/ruby/ext/grpc/rb_call.c,1020,src/ruby/ext/grpc/rb_call.c,328,resolved,grpc_rb_call_set_trailing_metadata,1.81.1;1.81.1-aarch64-linux-gnu;1.81.1-arm64-darwin;1.81.1-x86-linux-gnu;1.81.1-x86_64-darwin;1.81.1-x86_64-linux-gnu,grpc:src/ruby/ext/grpc/rb_call.c:1020:trailing_metadata=,['src/ruby/ext/grpc']
grpc,1.81.1,write_flag,grpc_rb_cCall,grpc_rb_call_get_write_flag,0,rb_define_method,src/ruby/ext/grpc/rb_call.c,1022,src/ruby/ext/grpc/rb_call.c,343,resolved,grpc_rb_call_get_write_flag,1.81.1;1.81.1-aarch64-linux-gnu;1.81.1-arm64-darwin;1.81.1-x86-linux-gnu;1.81.1-x86_64-darwin;1.81.1-x86_64-linux-gnu,grpc:src/ruby/ext/grpc/rb_call.c:1022:write_flag,['src/ruby/ext/grpc']
grpc,1.81.1,write_flag=,grpc_rb_cCall,grpc_rb_call_set_write_flag,1,rb_define_method,src/ruby/ext/grpc/rb_call.c,1023,src/ruby/ext/grpc/rb_call.c,352,resolved,grpc_rb_call_set_write_flag,1.81.1;1.81.1-aarch64-linux-gnu;1.81.1-arm64-darwin;1.81.1-x86-linux-gnu;1.81.1-x86_64-darwin;1.81.1-x86_64-linux-gnu,grpc:src/ruby/ext/grpc/rb_call.c:1023:write_flag=,['src/ruby/ext/grpc']
grpc,1.81.1,set_credentials!,grpc_rb_cCall,grpc_rb_call_set_credentials,1,rb_define_method,src/ruby/ext/grpc/rb_call.c,1025,src/ruby/ext/grpc/rb_call.c,367,resolved,grpc_rb_call_set_credentials,1.81.1;1.81.1-aarch64-linux-gnu;1.81.1-arm64-darwin;1.81.1-x86-linux-gnu;1.81.1-x86_64-darwin;1.81.1-x86_64-linux-gnu,grpc:src/ruby/ext/grpc/rb_call.c:1025:set_credentials!,['src/ruby/ext/grpc']
grpc,1.81.1,<allocator>,grpc_rb_cCallCredentials,grpc_rb_call_credentials_alloc,0,rb_define_alloc_func,src/ruby/ext/grpc/rb_call_credentials.c,328,src/ruby/ext/grpc/rb_call_credentials.c,232,resolved,grpc_rb_call_credentials_alloc,1.81.1;1.81.1-aarch64-linux-gnu;1.81.1-arm64-darwin;1.81.1-x86-linux-gnu;1.81.1-x86_64-darwin;1.81.1-x86_64-linux-gnu,grpc:src/ruby/ext/grpc/rb_call_credentials.c:328:<allocator>,['src/ruby/ext/grpc']
grpc,1.81.1,initialize,grpc_rb_cCallCredentials,grpc_rb_call_credentials_init,1,rb_define_method,src/ruby/ext/grpc/rb_call_credentials.c,332,src/ruby/ext/grpc/rb_call_credentials.c,266,resolved,grpc_rb_call_credentials_init,1.81.1;1.81.1-aarch64-linux-gnu;1.81.1-arm64-darwin;1.81.1-x86-linux-gnu;1.81.1-x86_64-darwin;1.81.1-x86_64-linux-gnu,grpc:src/ruby/ext/grpc/rb_call_credentials.c:332:initialize,['src/ruby/ext/grpc']
grpc,1.81.1,initialize_copy,grpc_rb_cCallCredentials,grpc_rb_cannot_init_copy,1,rb_define_method,src/ruby/ext/grpc/rb_call_credentials.c,334,src/ruby/ext/grpc/rb_grpc.c,83,resolved,grpc_rb_cannot_init_copy,1.81.1;1.81.1-aarch64-linux-gnu;1.81.1-arm64-darwin;1.81.1-x86-linux-gnu;1.81.1-x86_64-darwin;1.81.1-x86_64-linux-gnu,grpc:src/ruby/ext/grpc/rb_call_credentials.c:334:initialize_copy,['src/ruby/ext/grpc']
grpc,1.81.1,compose,grpc_rb_cCallCredentials,grpc_rb_call_credentials_compose,-1,rb_define_method,src/ruby/ext/grpc/rb_call_credentials.c,336,src/ruby/ext/grpc/rb_call_credentials.c,299,resolved,grpc_rb_call_credentials_compose,1.81.1;1.81.1-aarch64-linux-gnu;1.81.1-arm64-darwin;1.81.1-x86-linux-gnu;1.81.1-x86_64-darwin;1.81.1-x86_64-linux-gnu,grpc:src/ruby/ext/grpc/rb_call_credentials.c:336:compose,['src/ruby/ext/grpc']
grpc,1.81.1,<allocator>,grpc_rb_cChannel,grpc_rb_channel_alloc,0,rb_define_alloc_func,src/ruby/ext/grpc/rb_channel.c,361,src/ruby/ext/grpc/rb_channel.c,97,resolved,grpc_rb_channel_alloc,1.81.1;1.81.1-aarch64-linux-gnu;1.81.1-arm64-darwin;1.81.1-x86-linux-gnu;1.81.1-x86_64-darwin;1.81.1-x86_64-linux-gnu,grpc:src/ruby/ext/grpc/rb_channel.c:361:<allocator>,['src/ruby/ext/grpc']
grpc,1.81.1,initialize,grpc_rb_cChannel,grpc_rb_channel_init,-1,rb_define_method,src/ruby/ext/grpc/rb_channel.c,364,src/ruby/ext/grpc/rb_channel.c,113,resolved,grpc_rb_channel_init,1.81.1;1.81.1-aarch64-linux-gnu;1.81.1-arm64-darwin;1.81.1-x86-linux-gnu;1.81.1-x86_64-darwin;1.81.1-x86_64-linux-gnu,grpc:src/ruby/ext/grpc/rb_channel.c:364:initialize,['src/ruby/ext/grpc']
grpc,1.81.1,initialize_copy,grpc_rb_cChannel,grpc_rb_cannot_init_copy,1,rb_define_method,src/ruby/ext/grpc/rb_channel.c,365,src/ruby/ext/grpc/rb_grpc.c,83,resolved,grpc_rb_cannot_init_copy,1.81.1;1.81.1-aarch64-linux-gnu;1.81.1-arm64-darwin;1.81.1-x86-linux-gnu;1.81.1-x86_64-darwin;1.81.1-x86_64-linux-gnu,grpc:src/ruby/ext/grpc/rb_channel.c:365:initialize_copy,['src/ruby/ext/grpc']
grpc,1.81.1,connectivity_state,grpc_rb_cChannel,grpc_rb_channel_get_connectivity_state,-1,rb_define_method,src/ruby/ext/grpc/rb_channel.c,369,src/ruby/ext/grpc/rb_channel.c,172,resolved,grpc_rb_channel_get_connectivity_state,1.81.1;1.81.1-aarch64-linux-gnu;1.81.1-arm64-darwin;1.81.1-x86-linux-gnu;1.81.1-x86_64-darwin;1.81.1-x86_64-linux-gnu,grpc:src/ruby/ext/grpc/rb_channel.c:369:connectivity_state,['src/ruby/ext/grpc']
grpc,1.81.1,watch_connectivity_state,grpc_rb_cChannel,grpc_rb_channel_watch_connectivity_state,2,rb_define_method,src/ruby/ext/grpc/rb_channel.c,371,src/ruby/ext/grpc/rb_channel.c,196,resolved,grpc_rb_channel_watch_connectivity_state,1.81.1;1.81.1-aarch64-linux-gnu;1.81.1-arm64-darwin;1.81.1-x86-linux-gnu;1.81.1-x86_64-darwin;1.81.1-x86_64-linux-gnu,grpc:src/ruby/ext/grpc/rb_channel.c:371:watch_connectivity_state,['src/ruby/ext/grpc']
grpc,1.81.1,create_call,grpc_rb_cChannel,grpc_rb_channel_create_call,5,rb_define_method,src/ruby/ext/grpc/rb_channel.c,373,src/ruby/ext/grpc/rb_channel.c,243,resolved,grpc_rb_channel_create_call,1.81.1;1.81.1-aarch64-linux-gnu;1.81.1-arm64-darwin;1.81.1-x86-linux-gnu;1.81.1-x86_64-darwin;1.81.1-x86_64-linux-gnu,grpc:src/ruby/ext/grpc/rb_channel.c:373:create_call,['src/ruby/ext/grpc']
grpc,1.81.1,target,grpc_rb_cChannel,grpc_rb_channel_get_target,0,rb_define_method,src/ruby/ext/grpc/rb_channel.c,375,src/ruby/ext/grpc/rb_channel.c,311,resolved,grpc_rb_channel_get_target,1.81.1;1.81.1-aarch64-linux-gnu;1.81.1-arm64-darwin;1.81.1-x86-linux-gnu;1.81.1-x86_64-darwin;1.81.1-x86_64-linux-gnu,grpc:src/ruby/ext/grpc/rb_channel.c:375:target,['src/ruby/ext/grpc']
grpc,1.81.1,destroy,grpc_rb_cChannel,grpc_rb_channel_destroy,0,rb_define_method,src/ruby/ext/grpc/rb_channel.c,376,src/ruby/ext/grpc/rb_channel.c,300,resolved,grpc_rb_channel_destroy,1.81.1;1.81.1-aarch64-linux-gnu;1.81.1-arm64-darwin;1.81.1-x86-linux-gnu;1.81.1-x86_64-darwin;1.81.1-x86_64-linux-gnu,grpc:src/ruby/ext/grpc/rb_channel.c:376:destroy,['src/ruby/ext/grpc']
grpc,1.81.1,<allocator>,grpc_rb_cChannelCredentials,grpc_rb_channel_credentials_alloc,0,rb_define_alloc_func,src/ruby/ext/grpc/rb_channel_credentials.c,251,src/ruby/ext/grpc/rb_channel_credentials.c,95,resolved,grpc_rb_channel_credentials_alloc,1.81.1;1.81.1-aarch64-linux-gnu;1.81.1-arm64-darwin;1.81.1-x86-linux-gnu;1.81.1-x86_64-darwin;1.81.1-x86_64-linux-gnu,grpc:src/ruby/ext/grpc/rb_channel_credentials.c:251:<allocator>,['src/ruby/ext/grpc']
grpc,1.81.1,initialize,grpc_rb_cChannelCredentials,grpc_rb_channel_credentials_init,-1,rb_define_method,src/ruby/ext/grpc/rb_channel_credentials.c,255,src/ruby/ext/grpc/rb_channel_credentials.c,143,resolved,grpc_rb_channel_credentials_init,1.81.1;1.81.1-aarch64-linux-gnu;1.81.1-arm64-darwin;1.81.1-x86-linux-gnu;1.81.1-x86_64-darwin;1.81.1-x86_64-linux-gnu,grpc:src/ruby/ext/grpc/rb_channel_credentials.c:255:initialize,['src/ruby/ext/grpc']
grpc,1.81.1,initialize_copy,grpc_rb_cChannelCredentials,grpc_rb_cannot_init_copy,1,rb_define_method,src/ruby/ext/grpc/rb_channel_credentials.c,257,src/ruby/ext/grpc/rb_grpc.c,83,resolved,grpc_rb_cannot_init_copy,1.81.1;1.81.1-aarch64-linux-gnu;1.81.1-arm64-darwin;1.81.1-x86-linux-gnu;1.81.1-x86_64-darwin;1.81.1-x86_64-linux-gnu,grpc:src/ruby/ext/grpc/rb_channel_credentials.c:257:initialize_copy,['src/ruby/ext/grpc']
grpc,1.81.1,compose,grpc_rb_cChannelCredentials,grpc_rb_channel_credentials_compose,-1,rb_define_method,src/ruby/ext/grpc/rb_channel_credentials.c,259,src/ruby/ext/grpc/rb_channel_credentials.c,198,resolved,grpc_rb_channel_credentials_compose,1.81.1;1.81.1-aarch64-linux-gnu;1.81.1-arm64-darwin;1.81.1-x86-linux-gnu;1.81.1-x86_64-darwin;1.81.1-x86_64-linux-gnu,grpc:src/ruby/ext/grpc/rb_channel_credentials.c:259:compose,['src/ruby/ext/grpc']
grpc,1.81.1,set_default_roots_pem,grpc_rb_cChannelCredentials,grpc_rb_set_default_roots_pem,1,rb_define_module_function,src/ruby/ext/grpc/rb_channel_credentials.c,261,src/ruby/ext/grpc/rb_channel_credentials.c,237,resolved,grpc_rb_set_default_roots_pem,1.81.1;1.81.1-aarch64-linux-gnu;1.81.1-arm64-darwin;1.81.1-x86-linux-gnu;1.81.1-x86_64-darwin;1.81.1-x86_64-linux-gnu,grpc:src/ruby/ext/grpc/rb_channel_credentials.c:261:set_default_roots_pem,['src/ruby/ext/grpc']
grpc,1.81.1,<allocator>,grpc_rb_cCompressionOptions,grpc_rb_compression_options_alloc,0,rb_define_alloc_func,src/ruby/ext/grpc/rb_compression_options.c,434,src/ruby/ext/grpc/rb_compression_options.c,90,resolved,grpc_rb_compression_options_alloc,1.81.1;1.81.1-aarch64-linux-gnu;1.81.1-arm64-darwin;1.81.1-x86-linux-gnu;1.81.1-x86_64-darwin;1.81.1-x86_64-linux-gnu,grpc:src/ruby/ext/grpc/rb_compression_options.c:434:<allocator>,['src/ruby/ext/grpc']
grpc,1.81.1,initialize,grpc_rb_cCompressionOptions,grpc_rb_compression_options_init,-1,rb_define_method,src/ruby/ext/grpc/rb_compression_options.c,439,src/ruby/ext/grpc/rb_compression_options.c,376,resolved,grpc_rb_compression_options_init,1.81.1;1.81.1-aarch64-linux-gnu;1.81.1-arm64-darwin;1.81.1-x86-linux-gnu;1.81.1-x86_64-darwin;1.81.1-x86_64-linux-gnu,grpc:src/ruby/ext/grpc/rb_compression_options.c:439:initialize,['src/ruby/ext/grpc']
grpc,1.81.1,default_algorithm,grpc_rb_cCompressionOptions,grpc_rb_compression_options_get_default_algorithm,0,rb_define_method,src/ruby/ext/grpc/rb_compression_options.c,444,src/ruby/ext/grpc/rb_compression_options.c,308,resolved,grpc_rb_compression_options_get_default_algorithm,1.81.1;1.81.1-aarch64-linux-gnu;1.81.1-arm64-darwin;1.81.1-x86-linux-gnu;1.81.1-x86_64-darwin;1.81.1-x86_64-linux-gnu,grpc:src/ruby/ext/grpc/rb_compression_options.c:444:default_algorithm,['src/ruby/ext/grpc']
grpc,1.81.1,default_level,grpc_rb_cCompressionOptions,grpc_rb_compression_options_get_default_level,0,rb_define_method,src/ruby/ext/grpc/rb_compression_options.c,446,src/ruby/ext/grpc/rb_compression_options.c,327,resolved,grpc_rb_compression_options_get_default_level,1.81.1;1.81.1-aarch64-linux-gnu;1.81.1-arm64-darwin;1.81.1-x86-linux-gnu;1.81.1-x86_64-darwin;1.81.1-x86_64-linux-gnu,grpc:src/ruby/ext/grpc/rb_compression_options.c:446:default_level,['src/ruby/ext/grpc']
grpc,1.81.1,disabled_algorithms,grpc_rb_cCompressionOptions,grpc_rb_compression_options_get_disabled_algorithms,0,rb_define_method,src/ruby/ext/grpc/rb_compression_options.c,448,src/ruby/ext/grpc/rb_compression_options.c,345,resolved,grpc_rb_compression_options_get_disabled_algorithms,1.81.1;1.81.1-aarch64-linux-gnu;1.81.1-arm64-darwin;1.81.1-x86-linux-gnu;1.81.1-x86_64-darwin;1.81.1-x86_64-linux-gnu,grpc:src/ruby/ext/grpc/rb_compression_options.c:448:disabled_algorithms,['src/ruby/ext/grpc']
grpc,1.81.1,algorithm_enabled?,grpc_rb_cCompressionOptions,grpc_rb_compression_options_is_algorithm_enabled,1,rb_define_method,src/ruby/ext/grpc/rb_compression_options.c,453,src/ruby/ext/grpc/rb_compression_options.c,197,resolved,grpc_rb_compression_options_is_algorithm_enabled,1.81.1;1.81.1-aarch64-linux-gnu;1.81.1-arm64-darwin;1.81.1-x86-linux-gnu;1.81.1-x86_64-darwin;1.81.1-x86_64-linux-gnu,grpc:src/ruby/ext/grpc/rb_compression_options.c:453:algorithm_enabled?,['src/ruby/ext/grpc']
grpc,1.81.1,to_hash,grpc_rb_cCompressionOptions,grpc_rb_compression_options_to_hash,0,rb_define_method,src/ruby/ext/grpc/rb_compression_options.c,458,src/ruby/ext/grpc/rb_compression_options.c,238,resolved,grpc_rb_compression_options_to_hash,1.81.1;1.81.1-aarch64-linux-gnu;1.81.1-arm64-darwin;1.81.1-x86-linux-gnu;1.81.1-x86_64-darwin;1.81.1-x86_64-linux-gnu,grpc:src/ruby/ext/grpc/rb_compression_options.c:458:to_hash,['src/ruby/ext/grpc']
grpc,1.81.1,to_time,grpc_rb_cTimeVal,grpc_rb_time_val_to_time,0,rb_define_method,src/ruby/ext/grpc/rb_grpc.c,220,src/ruby/ext/grpc/rb_grpc.c,174,resolved,grpc_rb_time_val_to_time,1.81.1;1.81.1-aarch64-linux-gnu;1.81.1-arm64-darwin;1.81.1-x86-linux-gnu;1.81.1-x86_64-darwin;1.81.1-x86_64-linux-gnu,grpc:src/ruby/ext/grpc/rb_grpc.c:220:to_time,['src/ruby/ext/grpc']
grpc,1.81.1,inspect,grpc_rb_cTimeVal,grpc_rb_time_val_inspect,0,rb_define_method,src/ruby/ext/grpc/rb_grpc.c,221,src/ruby/ext/grpc/rb_grpc.c,185,resolved,grpc_rb_time_val_inspect,1.81.1;1.81.1-aarch64-linux-gnu;1.81.1-arm64-darwin;1.81.1-x86-linux-gnu;1.81.1-x86_64-darwin;1.81.1-x86_64-linux-gnu,grpc:src/ruby/ext/grpc/rb_grpc.c:221:inspect,['src/ruby/ext/grpc']
grpc,1.81.1,to_s,grpc_rb_cTimeVal,grpc_rb_time_val_to_s,0,rb_define_method,src/ruby/ext/grpc/rb_grpc.c,222,src/ruby/ext/grpc/rb_grpc.c,190,resolved,grpc_rb_time_val_to_s,1.81.1;1.81.1-aarch64-linux-gnu;1.81.1-arm64-darwin;1.81.1-x86-linux-gnu;1.81.1-x86_64-darwin;1.81.1-x86_64-linux-gnu,grpc:src/ruby/ext/grpc/rb_grpc.c:222:to_s,['src/ruby/ext/grpc']
grpc,1.81.1,prefork,grpc_rb_mGRPC,grpc_rb_prefork,0,rb_define_module_function,src/ruby/ext/grpc/rb_grpc.c,491,src/ruby/ext/grpc/rb_grpc.c,362,resolved,grpc_rb_prefork,1.81.1;1.81.1-aarch64-linux-gnu;1.81.1-arm64-darwin;1.81.1-x86-linux-gnu;1.81.1-x86_64-darwin;1.81.1-x86_64-linux-gnu,grpc:src/ruby/ext/grpc/rb_grpc.c:491:prefork,['src/ruby/ext/grpc']
grpc,1.81.1,postfork_child,grpc_rb_mGRPC,grpc_rb_postfork_child,0,rb_define_module_function,src/ruby/ext/grpc/rb_grpc.c,492,src/ruby/ext/grpc/rb_grpc.c,405,resolved,grpc_rb_postfork_child,1.81.1;1.81.1-aarch64-linux-gnu;1.81.1-arm64-darwin;1.81.1-x86-linux-gnu;1.81.1-x86_64-darwin;1.81.1-x86_64-linux-gnu,grpc:src/ruby/ext/grpc/rb_grpc.c:492:postfork_child,['src/ruby/ext/grpc']
grpc,1.81.1,postfork_parent,grpc_rb_mGRPC,grpc_rb_postfork_parent,0,rb_define_module_function,src/ruby/ext/grpc/rb_grpc.c,494,src/ruby/ext/grpc/rb_grpc.c,422,resolved,grpc_rb_postfork_parent,1.81.1;1.81.1-aarch64-linux-gnu;1.81.1-arm64-darwin;1.81.1-x86-linux-gnu;1.81.1-x86_64-darwin;1.81.1-x86_64-linux-gnu,grpc:src/ruby/ext/grpc/rb_grpc.c:494:postfork_parent,['src/ruby/ext/grpc']
grpc,1.81.1,fork_unsafe_begin,grpc_rb_mGrpcCore,grpc_rb_fork_unsafe_begin_api,0,rb_define_module_function,src/ruby/ext/grpc/rb_grpc.c,496,src/ruby/ext/grpc/rb_grpc.c,450,unresolved_arity_or_callback_signature,grpc_rb_fork_unsafe_begin_api,1.81.1;1.81.1-aarch64-linux-gnu;1.81.1-arm64-darwin;1.81.1-x86-linux-gnu;1.81.1-x86_64-darwin;1.81.1-x86_64-linux-gnu,grpc:src/ruby/ext/grpc/rb_grpc.c:496:fork_unsafe_begin,['src/ruby/ext/grpc']
grpc,1.81.1,fork_unsafe_end,grpc_rb_mGrpcCore,grpc_rb_fork_unsafe_end_api,0,rb_define_module_function,src/ruby/ext/grpc/rb_grpc.c,498,src/ruby/ext/grpc/rb_grpc.c,455,unresolved_arity_or_callback_signature,grpc_rb_fork_unsafe_end_api,1.81.1;1.81.1-aarch64-linux-gnu;1.81.1-arm64-darwin;1.81.1-x86-linux-gnu;1.81.1-x86_64-darwin;1.81.1-x86_64-linux-gnu,grpc:src/ruby/ext/grpc/rb_grpc.c:498:fork_unsafe_end,['src/ruby/ext/grpc']
grpc,1.81.1,<allocator>,grpc_rb_cServer,grpc_rb_server_alloc,0,rb_define_alloc_func,src/ruby/ext/grpc/rb_server.c,380,src/ruby/ext/grpc/rb_server.c,129,resolved,grpc_rb_server_alloc,1.81.1;1.81.1-aarch64-linux-gnu;1.81.1-arm64-darwin;1.81.1-x86-linux-gnu;1.81.1-x86_64-darwin;1.81.1-x86_64-linux-gnu,grpc:src/ruby/ext/grpc/rb_server.c:380:<allocator>,['src/ruby/ext/grpc']
grpc,1.81.1,initialize,grpc_rb_cServer,grpc_rb_server_init,1,rb_define_method,src/ruby/ext/grpc/rb_server.c,383,src/ruby/ext/grpc/rb_server.c,143,resolved,grpc_rb_server_init,1.81.1;1.81.1-aarch64-linux-gnu;1.81.1-arm64-darwin;1.81.1-x86-linux-gnu;1.81.1-x86_64-darwin;1.81.1-x86_64-linux-gnu,grpc:src/ruby/ext/grpc/rb_server.c:383:initialize,['src/ruby/ext/grpc']
grpc,1.81.1,initialize_copy,grpc_rb_cServer,grpc_rb_cannot_init_copy,1,rb_define_method,src/ruby/ext/grpc/rb_server.c,384,src/ruby/ext/grpc/rb_grpc.c,83,resolved,grpc_rb_cannot_init_copy,1.81.1;1.81.1-aarch64-linux-gnu;1.81.1-arm64-darwin;1.81.1-x86-linux-gnu;1.81.1-x86_64-darwin;1.81.1-x86_64-linux-gnu,grpc:src/ruby/ext/grpc/rb_server.c:384:initialize_copy,['src/ruby/ext/grpc']
grpc,1.81.1,request_call,grpc_rb_cServer,grpc_rb_server_request_call,0,rb_define_method,src/ruby/ext/grpc/rb_server.c,388,src/ruby/ext/grpc/rb_server.c,256,resolved,grpc_rb_server_request_call,1.81.1;1.81.1-aarch64-linux-gnu;1.81.1-arm64-darwin;1.81.1-x86-linux-gnu;1.81.1-x86_64-darwin;1.81.1-x86_64-linux-gnu,grpc:src/ruby/ext/grpc/rb_server.c:388:request_call,['src/ruby/ext/grpc']
grpc,1.81.1,start,grpc_rb_cServer,grpc_rb_server_start,0,rb_define_method,src/ruby/ext/grpc/rb_server.c,390,src/ruby/ext/grpc/rb_server.c,268,resolved,grpc_rb_server_start,1.81.1;1.81.1-aarch64-linux-gnu;1.81.1-arm64-darwin;1.81.1-x86-linux-gnu;1.81.1-x86_64-darwin;1.81.1-x86_64-linux-gnu,grpc:src/ruby/ext/grpc/rb_server.c:390:start,['src/ruby/ext/grpc']
grpc,1.81.1,shutdown_and_notify,grpc_rb_cServer,grpc_rb_server_shutdown_and_notify,1,rb_define_method,src/ruby/ext/grpc/rb_server.c,391,src/ruby/ext/grpc/rb_server.c,280,resolved,grpc_rb_server_shutdown_and_notify,1.81.1;1.81.1-aarch64-linux-gnu;1.81.1-arm64-darwin;1.81.1-x86-linux-gnu;1.81.1-x86_64-darwin;1.81.1-x86_64-linux-gnu,grpc:src/ruby/ext/grpc/rb_server.c:391:shutdown_and_notify,['src/ruby/ext/grpc']
grpc,1.81.1,destroy,grpc_rb_cServer,grpc_rb_server_destroy,0,rb_define_method,src/ruby/ext/grpc/rb_server.c,393,src/ruby/ext/grpc/rb_server.c,307,resolved,grpc_rb_server_destroy,1.81.1;1.81.1-aarch64-linux-gnu;1.81.1-arm64-darwin;1.81.1-x86-linux-gnu;1.81.1-x86_64-darwin;1.81.1-x86_64-linux-gnu,grpc:src/ruby/ext/grpc/rb_server.c:393:destroy,['src/ruby/ext/grpc']
grpc,1.81.1,add_http2_port,grpc_rb_cServer,grpc_rb_server_add_http2_port,2,rb_define_method,src/ruby/ext/grpc/rb_server.c,395,src/ruby/ext/grpc/rb_server.c,326,resolved,grpc_rb_server_add_http2_port,1.81.1;1.81.1-aarch64-linux-gnu;1.81.1-arm64-darwin;1.81.1-x86-linux-gnu;1.81.1-x86_64-darwin;1.81.1-x86_64-linux-gnu,grpc:src/ruby/ext/grpc/rb_server.c:395:add_http2_port,['src/ruby/ext/grpc']
grpc,1.81.1,<allocator>,grpc_rb_cServerCredentials,grpc_rb_server_credentials_alloc,0,rb_define_alloc_func,src/ruby/ext/grpc/rb_server_credentials.c,231,src/ruby/ext/grpc/rb_server_credentials.c,96,resolved,grpc_rb_server_credentials_alloc,1.81.1;1.81.1-aarch64-linux-gnu;1.81.1-arm64-darwin;1.81.1-x86-linux-gnu;1.81.1-x86_64-darwin;1.81.1-x86_64-linux-gnu,grpc:src/ruby/ext/grpc/rb_server_credentials.c:231:<allocator>,['src/ruby/ext/grpc']
grpc,1.81.1,initialize,grpc_rb_cServerCredentials,grpc_rb_server_credentials_init,3,rb_define_method,src/ruby/ext/grpc/rb_server_credentials.c,235,src/ruby/ext/grpc/rb_server_credentials.c,133,resolved,grpc_rb_server_credentials_init,1.81.1;1.81.1-aarch64-linux-gnu;1.81.1-arm64-darwin;1.81.1-x86-linux-gnu;1.81.1-x86_64-darwin;1.81.1-x86_64-linux-gnu,grpc:src/ruby/ext/grpc/rb_server_credentials.c:235:initialize,['src/ruby/ext/grpc']
grpc,1.81.1,initialize_copy,grpc_rb_cServerCredentials,grpc_rb_cannot_init_copy,1,rb_define_method,src/ruby/ext/grpc/rb_server_credentials.c,237,src/ruby/ext/grpc/rb_grpc.c,83,resolved,grpc_rb_cannot_init_copy,1.81.1;1.81.1-aarch64-linux-gnu;1.81.1-arm64-darwin;1.81.1-x86-linux-gnu;1.81.1-x86_64-darwin;1.81.1-x86_64-linux-gnu,grpc:src/ruby/ext/grpc/rb_server_credentials.c:237:initialize_copy,['src/ruby/ext/grpc']
grpc,1.81.1,<allocator>,grpc_rb_cXdsChannelCredentials,grpc_rb_xds_channel_credentials_alloc,0,rb_define_alloc_func,src/ruby/ext/grpc/rb_xds_channel_credentials.c,191,src/ruby/ext/grpc/rb_xds_channel_credentials.c,92,resolved,grpc_rb_xds_channel_credentials_alloc,1.81.1;1.81.1-aarch64-linux-gnu;1.81.1-arm64-darwin;1.81.1-x86-linux-gnu;1.81.1-x86_64-darwin;1.81.1-x86_64-linux-gnu,grpc:src/ruby/ext/grpc/rb_xds_channel_credentials.c:191:<allocator>,['src/ruby/ext/grpc']
grpc,1.81.1,initialize,grpc_rb_cXdsChannelCredentials,grpc_rb_xds_channel_credentials_init,1,rb_define_method,src/ruby/ext/grpc/rb_xds_channel_credentials.c,195,src/ruby/ext/grpc/rb_xds_channel_credentials.c,128,resolved,grpc_rb_xds_channel_credentials_init,1.81.1;1.81.1-aarch64-linux-gnu;1.81.1-arm64-darwin;1.81.1-x86-linux-gnu;1.81.1-x86_64-darwin;1.81.1-x86_64-linux-gnu,grpc:src/ruby/ext/grpc/rb_xds_channel_credentials.c:195:initialize,['src/ruby/ext/grpc']
grpc,1.81.1,initialize_copy,grpc_rb_cXdsChannelCredentials,grpc_rb_cannot_init_copy,1,rb_define_method,src/ruby/ext/grpc/rb_xds_channel_credentials.c,197,src/ruby/ext/grpc/rb_grpc.c,83,resolved,grpc_rb_cannot_init_copy,1.81.1;1.81.1-aarch64-linux-gnu;1.81.1-arm64-darwin;1.81.1-x86-linux-gnu;1.81.1-x86_64-darwin;1.81.1-x86_64-linux-gnu,grpc:src/ruby/ext/grpc/rb_xds_channel_credentials.c:197:initialize_copy,['src/ruby/ext/grpc']
grpc,1.81.1,compose,grpc_rb_cXdsChannelCredentials,grpc_rb_xds_channel_credentials_compose,-1,rb_define_method,src/ruby/ext/grpc/rb_xds_channel_credentials.c,199,src/ruby/ext/grpc/rb_xds_channel_credentials.c,157,resolved,grpc_rb_xds_channel_credentials_compose,1.81.1;1.81.1-aarch64-linux-gnu;1.81.1-arm64-darwin;1.81.1-x86-linux-gnu;1.81.1-x86_64-darwin;1.81.1-x86_64-linux-gnu,grpc:src/ruby/ext/grpc/rb_xds_channel_credentials.c:199:compose,['src/ruby/ext/grpc']
grpc,1.81.1,<allocator>,grpc_rb_cXdsServerCredentials,grpc_rb_xds_server_credentials_alloc,0,rb_define_alloc_func,src/ruby/ext/grpc/rb_xds_server_credentials.c,145,src/ruby/ext/grpc/rb_xds_server_credentials.c,94,resolved,grpc_rb_xds_server_credentials_alloc,1.81.1;1.81.1-aarch64-linux-gnu;1.81.1-arm64-darwin;1.81.1-x86-linux-gnu;1.81.1-x86_64-darwin;1.81.1-x86_64-linux-gnu,grpc:src/ruby/ext/grpc/rb_xds_server_credentials.c:145:<allocator>,['src/ruby/ext/grpc']
grpc,1.81.1,initialize,grpc_rb_cXdsServerCredentials,grpc_rb_xds_server_credentials_init,1,rb_define_method,src/ruby/ext/grpc/rb_xds_server_credentials.c,149,src/ruby/ext/grpc/rb_xds_server_credentials.c,113,resolved,grpc_rb_xds_server_credentials_init,1.81.1;1.81.1-aarch64-linux-gnu;1.81.1-arm64-darwin;1.81.1-x86-linux-gnu;1.81.1-x86_64-darwin;1.81.1-x86_64-linux-gnu,grpc:src/ruby/ext/grpc/rb_xds_server_credentials.c:149:initialize,['src/ruby/ext/grpc']
grpc,1.81.1,initialize_copy,grpc_rb_cXdsServerCredentials,grpc_rb_cannot_init_copy,1,rb_define_method,src/ruby/ext/grpc/rb_xds_server_credentials.c,151,src/ruby/ext/grpc/rb_grpc.c,83,resolved,grpc_rb_cannot_init_copy,1.81.1;1.81.1-aarch64-linux-gnu;1.81.1-arm64-darwin;1.81.1-x86-linux-gnu;1.81.1-x86_64-darwin;1.81.1-x86_64-linux-gnu,grpc:src/ruby/ext/grpc/rb_xds_server_credentials.c:151:initialize_copy,['src/ruby/ext/grpc']
gvltools,0.4.0,enable_metric,rb_mNative,gt_enable_metric,1,rb_define_singleton_method,ext/gvltools/instrumentation.c,248,ext/gvltools/instrumentation.c,94,resolved,gt_enable_metric,0.4.0,gvltools:ext/gvltools/instrumentation.c:248:enable_metric,['ext/gvltools']
gvltools,0.4.0,disable_metric,rb_mNative,gt_disable_metric,1,rb_define_singleton_method,ext/gvltools/instrumentation.c,249,ext/gvltools/instrumentation.c,106,resolved,gt_disable_metric,0.4.0,gvltools:ext/gvltools/instrumentation.c:249:disable_metric,['ext/gvltools']
gvltools,0.4.0,metric_enabled?,rb_mNative,gt_metric_enabled_p,1,rb_define_singleton_method,ext/gvltools/instrumentation.c,250,ext/gvltools/instrumentation.c,89,resolved,gt_metric_enabled_p,0.4.0,gvltools:ext/gvltools/instrumentation.c:250:metric_enabled?,['ext/gvltools']
gvltools,0.4.0,reset,rb_mGlobalTimer,global_timer_reset,0,rb_define_singleton_method,ext/gvltools/instrumentation.c,253,ext/gvltools/instrumentation.c,124,resolved,global_timer_reset,0.4.0,gvltools:ext/gvltools/instrumentation.c:253:reset,['ext/gvltools']
gvltools,0.4.0,monotonic_time,rb_mGlobalTimer,global_timer_monotonic_time,0,rb_define_singleton_method,ext/gvltools/instrumentation.c,254,ext/gvltools/instrumentation.c,120,resolved,global_timer_monotonic_time,0.4.0,gvltools:ext/gvltools/instrumentation.c:254:monotonic_time,['ext/gvltools']
gvltools,0.4.0,reset,rb_cLocalTimer,local_timer_m_reset,0,rb_define_singleton_method,ext/gvltools/instrumentation.c,259,ext/gvltools/instrumentation.c,133,resolved,local_timer_m_reset,0.4.0,gvltools:ext/gvltools/instrumentation.c:259:reset,['ext/gvltools']
gvltools,0.4.0,monotonic_time,rb_cLocalTimer,local_timer_m_monotonic_time,0,rb_define_singleton_method,ext/gvltools/instrumentation.c,260,ext/gvltools/instrumentation.c,129,resolved,local_timer_m_monotonic_time,0.4.0,gvltools:ext/gvltools/instrumentation.c:260:monotonic_time,['ext/gvltools']
gvltools,0.4.0,for,rb_cLocalTimer,local_timer_for,1,rb_define_singleton_method,ext/gvltools/instrumentation.c,262,ext/gvltools/instrumentation.c,139,resolved,local_timer_for,0.4.0,gvltools:ext/gvltools/instrumentation.c:262:for,['ext/gvltools']
gvltools,0.4.0,reset,rb_cLocalTimer,local_timer_reset,0,rb_define_method,ext/gvltools/instrumentation.c,263,ext/gvltools/instrumentation.c,150,resolved,local_timer_reset,0.4.0,gvltools:ext/gvltools/instrumentation.c:263:reset,['ext/gvltools']
gvltools,0.4.0,monotonic_time,rb_cLocalTimer,local_timer_monotonic_time,0,rb_define_method,ext/gvltools/instrumentation.c,264,ext/gvltools/instrumentation.c,144,resolved,local_timer_monotonic_time,0.4.0,gvltools:ext/gvltools/instrumentation.c:264:monotonic_time,['ext/gvltools']
gvltools,0.4.0,_reset,rb_mWaitingThreads,waiting_threads_reset,0,rb_define_singleton_method,ext/gvltools/instrumentation.c,268,ext/gvltools/instrumentation.c,166,resolved,waiting_threads_reset,0.4.0,gvltools:ext/gvltools/instrumentation.c:268:_reset,['ext/gvltools']
gvltools,0.4.0,count,rb_mWaitingThreads,waiting_threads_count,0,rb_define_singleton_method,ext/gvltools/instrumentation.c,269,ext/gvltools/instrumentation.c,162,resolved,waiting_threads_count,0.4.0,gvltools:ext/gvltools/instrumentation.c:269:count,['ext/gvltools']
hamlit,3.0.3,escape_html,mUtils,rb_escape_html,1,rb_define_singleton_method,ext/hamlit/hamlit.c,514,ext/hamlit/hamlit.c,80,resolved,rb_escape_html,3.0.3,hamlit:ext/hamlit/hamlit.c:514:escape_html,['ext/hamlit']
hamlit,3.0.3,build,mAttributeBuilder,rb_hamlit_build,-1,rb_define_singleton_method,ext/hamlit/hamlit.c,515,ext/hamlit/hamlit.c,493,resolved,rb_hamlit_build,3.0.3,hamlit:ext/hamlit/hamlit.c:515:build,['ext/hamlit']
hamlit,3.0.3,build_id,mAttributeBuilder,rb_hamlit_build_id,-1,rb_define_singleton_method,ext/hamlit/hamlit.c,516,ext/hamlit/hamlit.c,449,resolved,rb_hamlit_build_id,3.0.3,hamlit:ext/hamlit/hamlit.c:516:build_id,['ext/hamlit']
hamlit,3.0.3,build_class,mAttributeBuilder,rb_hamlit_build_class,-1,rb_define_singleton_method,ext/hamlit/hamlit.c,517,ext/hamlit/hamlit.c,460,resolved,rb_hamlit_build_class,3.0.3,hamlit:ext/hamlit/hamlit.c:517:build_class,['ext/hamlit']
hamlit,3.0.3,build_aria,mAttributeBuilder,rb_hamlit_build_aria,-1,rb_define_singleton_method,ext/hamlit/hamlit.c,518,ext/hamlit/hamlit.c,471,resolved,rb_hamlit_build_aria,3.0.3,hamlit:ext/hamlit/hamlit.c:518:build_aria,['ext/hamlit']
hamlit,3.0.3,build_data,mAttributeBuilder,rb_hamlit_build_data,-1,rb_define_singleton_method,ext/hamlit/hamlit.c,519,ext/hamlit/hamlit.c,482,resolved,rb_hamlit_build_data,3.0.3,hamlit:ext/hamlit/hamlit.c:519:build_data,['ext/hamlit']
io-console,0.8.2,raw,rb_cIO,console_raw,-1,rb_define_method,ext/io/console/console.c,1969,ext/io/console/console.c,452,resolved,console_raw,0.8.2,io-console:ext/io/console/console.c:1969:raw,['ext/io/console']
io-console,0.8.2,raw!,rb_cIO,console_set_raw,-1,rb_define_method,ext/io/console/console.c,1970,ext/io/console/console.c,471,resolved,console_set_raw,0.8.2,io-console:ext/io/console/console.c:1970:raw!,['ext/io/console']
io-console,0.8.2,cooked,rb_cIO,console_cooked,0,rb_define_method,ext/io/console/console.c,1971,ext/io/console/console.c,495,resolved,console_cooked,0.8.2,io-console:ext/io/console/console.c:1971:cooked,['ext/io/console']
io-console,0.8.2,cooked!,rb_cIO,console_set_cooked,0,rb_define_method,ext/io/console/console.c,1972,ext/io/console/console.c,511,resolved,console_set_cooked,0.8.2,io-console:ext/io/console/console.c:1972:cooked!,['ext/io/console']
io-console,0.8.2,getch,rb_cIO,console_getch,-1,rb_define_method,ext/io/console/console.c,1973,ext/io/console/console.c,561,resolved,console_getch,0.8.2,io-console:ext/io/console/console.c:1973:getch,['ext/io/console']
io-console,0.8.2,echo=,rb_cIO,console_set_echo,1,rb_define_method,ext/io/console/console.c,1974,ext/io/console/console.c,666,resolved,console_set_echo,0.8.2,io-console:ext/io/console/console.c:1974:echo=,['ext/io/console']
io-console,0.8.2,echo?,rb_cIO,console_echo_p,0,rb_define_method,ext/io/console/console.c,1975,ext/io/console/console.c,692,resolved,console_echo_p,0.8.2,io-console:ext/io/console/console.c:1975:echo?,['ext/io/console']
io-console,0.8.2,console_mode,rb_cIO,console_conmode_get,0,rb_define_method,ext/io/console/console.c,1976,ext/io/console/console.c,773,resolved,console_conmode_get,0.8.2,io-console:ext/io/console/console.c:1976:console_mode,['ext/io/console']
io-console,0.8.2,console_mode=,rb_cIO,console_conmode_set,1,rb_define_method,ext/io/console/console.c,1977,ext/io/console/console.c,792,resolved,console_conmode_set,0.8.2,io-console:ext/io/console/console.c:1977:console_mode=,['ext/io/console']
io-console,0.8.2,noecho,rb_cIO,console_noecho,0,rb_define_method,ext/io/console/console.c,1978,ext/io/console/console.c,650,resolved,console_noecho,0.8.2,io-console:ext/io/console/console.c:1978:noecho,['ext/io/console']
io-console,0.8.2,winsize,rb_cIO,console_winsize,0,rb_define_method,ext/io/console/console.c,1979,ext/io/console/console.c,834,resolved,console_winsize,0.8.2,io-console:ext/io/console/console.c:1979:winsize,['ext/io/console']
io-console,0.8.2,winsize=,rb_cIO,console_set_winsize,1,rb_define_method,ext/io/console/console.c,1980,ext/io/console/console.c,855,resolved,console_set_winsize,0.8.2,io-console:ext/io/console/console.c:1980:winsize=,['ext/io/console']
io-console,0.8.2,iflush,rb_cIO,console_iflush,0,rb_define_method,ext/io/console/console.c,1981,ext/io/console/console.c,1005,resolved,console_iflush,0.8.2,io-console:ext/io/console/console.c:1981:iflush,['ext/io/console']
io-console,0.8.2,oflush,rb_cIO,console_oflush,0,rb_define_method,ext/io/console/console.c,1982,ext/io/console/console.c,1024,resolved,console_oflush,0.8.2,io-console:ext/io/console/console.c:1982:oflush,['ext/io/console']
io-console,0.8.2,ioflush,rb_cIO,console_ioflush,0,rb_define_method,ext/io/console/console.c,1983,ext/io/console/console.c,1043,resolved,console_ioflush,0.8.2,io-console:ext/io/console/console.c:1983:ioflush,['ext/io/console']
io-console,0.8.2,beep,rb_cIO,console_beep,0,rb_define_method,ext/io/console/console.c,1984,ext/io/console/console.c,1070,resolved,console_beep,0.8.2,io-console:ext/io/console/console.c:1984:beep,['ext/io/console']
io-console,0.8.2,goto,rb_cIO,console_goto,2,rb_define_method,ext/io/console/console.c,1985,ext/io/console/console.c,1302,resolved,console_goto,0.8.2,io-console:ext/io/console/console.c:1985:goto,['ext/io/console']
io-console,0.8.2,cursor,rb_cIO,console_cursor_pos,0,rb_define_method,ext/io/console/console.c,1986,ext/io/console/console.c,1264,resolved,console_cursor_pos,0.8.2,io-console:ext/io/console/console.c:1986:cursor,['ext/io/console']
io-console,0.8.2,cursor=,rb_cIO,console_cursor_set,1,rb_define_method,ext/io/console/console.c,1987,ext/io/console/console.c,1496,resolved,console_cursor_set,0.8.2,io-console:ext/io/console/console.c:1987:cursor=,['ext/io/console']
io-console,0.8.2,cursor_up,rb_cIO,console_cursor_up,1,rb_define_method,ext/io/console/console.c,1988,ext/io/console/console.c,1512,resolved,console_cursor_up,0.8.2,io-console:ext/io/console/console.c:1988:cursor_up,['ext/io/console']
io-console,0.8.2,cursor_down,rb_cIO,console_cursor_down,1,rb_define_method,ext/io/console/console.c,1989,ext/io/console/console.c,1526,resolved,console_cursor_down,0.8.2,io-console:ext/io/console/console.c:1989:cursor_down,['ext/io/console']
io-console,0.8.2,cursor_left,rb_cIO,console_cursor_left,1,rb_define_method,ext/io/console/console.c,1990,ext/io/console/console.c,1540,resolved,console_cursor_left,0.8.2,io-console:ext/io/console/console.c:1990:cursor_left,['ext/io/console']
io-console,0.8.2,cursor_right,rb_cIO,console_cursor_right,1,rb_define_method,ext/io/console/console.c,1991,ext/io/console/console.c,1554,resolved,console_cursor_right,0.8.2,io-console:ext/io/console/console.c:1991:cursor_right,['ext/io/console']
io-console,0.8.2,goto_column,rb_cIO,console_goto_column,1,rb_define_method,ext/io/console/console.c,1992,ext/io/console/console.c,1363,resolved,console_goto_column,0.8.2,io-console:ext/io/console/console.c:1992:goto_column,['ext/io/console']
io-console,0.8.2,erase_line,rb_cIO,console_erase_line,1,rb_define_method,ext/io/console/console.c,1993,ext/io/console/console.c,1397,resolved,console_erase_line,0.8.2,io-console:ext/io/console/console.c:1993:erase_line,['ext/io/console']
io-console,0.8.2,erase_screen,rb_cIO,console_erase_screen,1,rb_define_method,ext/io/console/console.c,1994,ext/io/console/console.c,1444,resolved,console_erase_screen,0.8.2,io-console:ext/io/console/console.c:1994:erase_screen,['ext/io/console']
io-console,0.8.2,scroll_forward,rb_cIO,console_scroll_forward,1,rb_define_method,ext/io/console/console.c,1995,ext/io/console/console.c,1568,resolved,console_scroll_forward,0.8.2,io-console:ext/io/console/console.c:1995:scroll_forward,['ext/io/console']
io-console,0.8.2,scroll_backward,rb_cIO,console_scroll_backward,1,rb_define_method,ext/io/console/console.c,1996,ext/io/console/console.c,1582,resolved,console_scroll_backward,0.8.2,io-console:ext/io/console/console.c:1996:scroll_backward,['ext/io/console']
io-console,0.8.2,clear_screen,rb_cIO,console_clear_screen,0,rb_define_method,ext/io/console/console.c,1997,ext/io/console/console.c,1596,resolved,console_clear_screen,0.8.2,io-console:ext/io/console/console.c:1997:clear_screen,['ext/io/console']
io-console,0.8.2,pressed?,rb_cIO,console_key_pressed_p,1,rb_define_method,ext/io/console/console.c,1998,ext/io/console/console.c,1151,resolved,console_key_pressed_p,0.8.2,io-console:ext/io/console/console.c:1998:pressed?,['ext/io/console']
io-console,0.8.2,check_winsize_changed,rb_cIO,console_check_winsize_changed,0,rb_define_method,ext/io/console/console.c,1999,ext/io/console/console.c,976,resolved,console_check_winsize_changed,0.8.2,io-console:ext/io/console/console.c:1999:check_winsize_changed,['ext/io/console']
io-console,0.8.2,getpass,rb_cIO,console_getpass,-1,rb_define_method,ext/io/console/console.c,2000,ext/io/console/console.c,1847,resolved,console_getpass,0.8.2,io-console:ext/io/console/console.c:2000:getpass,['ext/io/console']
io-console,0.8.2,ttyname,rb_cIO,console_ttyname,0,rb_define_method,ext/io/console/console.c,2001,ext/io/console/console.c,1887,resolved,console_ttyname,0.8.2,io-console:ext/io/console/console.c:2001:ttyname,['ext/io/console']
io-console,0.8.2,console,rb_cIO,console_dev,-1,rb_define_singleton_method,ext/io/console/console.c,2002,ext/io/console/console.c,1703,resolved,console_dev,0.8.2,io-console:ext/io/console/console.c:2002:console,['ext/io/console']
io-console,0.8.2,getch,mReadable,io_getch,-1,rb_define_method,ext/io/console/console.c,2007,ext/io/console/console.c,1784,resolved,io_getch,0.8.2,io-console:ext/io/console/console.c:2007:getch,['ext/io/console']
io-console,0.8.2,getpass,mReadable,io_getpass,-1,rb_define_method,ext/io/console/console.c,2008,ext/io/console/console.c,1867,resolved,io_getpass,0.8.2,io-console:ext/io/console/console.c:2008:getpass,['ext/io/console']
io-console,0.8.2,<allocator>,cConmode,conmode_alloc,0,rb_define_alloc_func,ext/io/console/console.c,2014,ext/io/console/console.c,710,resolved,conmode_alloc,0.8.2,io-console:ext/io/console/console.c:2014:<allocator>,['ext/io/console']
io-console,0.8.2,initialize_copy,cConmode,conmode_init_copy,1,rb_define_method,ext/io/console/console.c,2016,ext/io/console/console.c,724,resolved,conmode_init_copy,0.8.2,io-console:ext/io/console/console.c:2016:initialize_copy,['ext/io/console']
io-console,0.8.2,echo=,cConmode,conmode_set_echo,1,rb_define_method,ext/io/console/console.c,2017,ext/io/console/console.c,733,resolved,conmode_set_echo,0.8.2,io-console:ext/io/console/console.c:2017:echo=,['ext/io/console']
io-console,0.8.2,raw!,cConmode,conmode_set_raw,-1,rb_define_method,ext/io/console/console.c,2018,ext/io/console/console.c,744,resolved,conmode_set_raw,0.8.2,io-console:ext/io/console/console.c:2018:raw!,['ext/io/console']
io-console,0.8.2,raw,cConmode,conmode_raw_new,-1,rb_define_method,ext/io/console/console.c,2019,ext/io/console/console.c,754,resolved,conmode_raw_new,0.8.2,io-console:ext/io/console/console.c:2019:raw,['ext/io/console']
io-event,1.21.1,<allocator>,IO_Event_Selector_EPoll,IO_Event_Selector_EPoll_allocate,0,rb_define_alloc_func,ext/io/event/selector/epoll.c,1162,ext/io/event/selector/epoll.c,311,resolved,IO_Event_Selector_EPoll_allocate,1.21.1,io-event:ext/io/event/selector/epoll.c:1162:<allocator>,['ext']
io-event,1.21.1,initialize,IO_Event_Selector_EPoll,IO_Event_Selector_EPoll_initialize,1,rb_define_method,ext/io/event/selector/epoll.c,1163,ext/io/event/selector/epoll.c,340,resolved,IO_Event_Selector_EPoll_initialize,1.21.1,io-event:ext/io/event/selector/epoll.c:1163:initialize,['ext']
io-event,1.21.1,loop,IO_Event_Selector_EPoll,IO_Event_Selector_EPoll_loop,0,rb_define_method,ext/io/event/selector/epoll.c,1165,ext/io/event/selector/epoll.c,362,resolved,IO_Event_Selector_EPoll_loop,1.21.1,io-event:ext/io/event/selector/epoll.c:1165:loop,['ext']
io-event,1.21.1,idle_duration,IO_Event_Selector_EPoll,IO_Event_Selector_EPoll_idle_duration,0,rb_define_method,ext/io/event/selector/epoll.c,1166,ext/io/event/selector/epoll.c,369,resolved,IO_Event_Selector_EPoll_idle_duration,1.21.1,io-event:ext/io/event/selector/epoll.c:1166:idle_duration,['ext']
io-event,1.21.1,transfer,IO_Event_Selector_EPoll,IO_Event_Selector_EPoll_transfer,0,rb_define_method,ext/io/event/selector/epoll.c,1168,ext/io/event/selector/epoll.c,394,resolved,IO_Event_Selector_EPoll_transfer,1.21.1,io-event:ext/io/event/selector/epoll.c:1168:transfer,['ext']
io-event,1.21.1,resume,IO_Event_Selector_EPoll,IO_Event_Selector_EPoll_resume,-1,rb_define_method,ext/io/event/selector/epoll.c,1169,ext/io/event/selector/epoll.c,402,resolved,IO_Event_Selector_EPoll_resume,1.21.1,io-event:ext/io/event/selector/epoll.c:1169:resume,['ext']
io-event,1.21.1,yield,IO_Event_Selector_EPoll,IO_Event_Selector_EPoll_yield,0,rb_define_method,ext/io/event/selector/epoll.c,1170,ext/io/event/selector/epoll.c,410,resolved,IO_Event_Selector_EPoll_yield,1.21.1,io-event:ext/io/event/selector/epoll.c:1170:yield,['ext']
io-event,1.21.1,push,IO_Event_Selector_EPoll,IO_Event_Selector_EPoll_push,1,rb_define_method,ext/io/event/selector/epoll.c,1171,ext/io/event/selector/epoll.c,418,resolved,IO_Event_Selector_EPoll_push,1.21.1,io-event:ext/io/event/selector/epoll.c:1171:push,['ext']
io-event,1.21.1,raise,IO_Event_Selector_EPoll,IO_Event_Selector_EPoll_raise,-1,rb_define_method,ext/io/event/selector/epoll.c,1172,ext/io/event/selector/epoll.c,428,resolved,IO_Event_Selector_EPoll_raise,1.21.1,io-event:ext/io/event/selector/epoll.c:1172:raise,['ext']
io-event,1.21.1,ready?,IO_Event_Selector_EPoll,IO_Event_Selector_EPoll_ready_p,0,rb_define_method,ext/io/event/selector/epoll.c,1174,ext/io/event/selector/epoll.c,436,resolved,IO_Event_Selector_EPoll_ready_p,1.21.1,io-event:ext/io/event/selector/epoll.c:1174:ready?,['ext']
io-event,1.21.1,select,IO_Event_Selector_EPoll,IO_Event_Selector_EPoll_select,1,rb_define_method,ext/io/event/selector/epoll.c,1176,ext/io/event/selector/epoll.c,1074,resolved,IO_Event_Selector_EPoll_select,1.21.1,io-event:ext/io/event/selector/epoll.c:1176:select,['ext']
io-event,1.21.1,wakeup,IO_Event_Selector_EPoll,IO_Event_Selector_EPoll_wakeup,0,rb_define_method,ext/io/event/selector/epoll.c,1177,ext/io/event/selector/epoll.c,1127,resolved,IO_Event_Selector_EPoll_wakeup,1.21.1,io-event:ext/io/event/selector/epoll.c:1177:wakeup,['ext']
io-event,1.21.1,close,IO_Event_Selector_EPoll,IO_Event_Selector_EPoll_close,0,rb_define_method,ext/io/event/selector/epoll.c,1178,ext/io/event/selector/epoll.c,378,resolved,IO_Event_Selector_EPoll_close,1.21.1,io-event:ext/io/event/selector/epoll.c:1178:close,['ext']
io-event,1.21.1,closed?,IO_Event_Selector_EPoll,IO_Event_Selector_EPoll_closed_p,0,rb_define_method,ext/io/event/selector/epoll.c,1179,ext/io/event/selector/epoll.c,387,resolved,IO_Event_Selector_EPoll_closed_p,1.21.1,io-event:ext/io/event/selector/epoll.c:1179:closed?,['ext']
io-event,1.21.1,io_wait,IO_Event_Selector_EPoll,IO_Event_Selector_EPoll_io_wait,3,rb_define_method,ext/io/event/selector/epoll.c,1181,ext/io/event/selector/epoll.c,559,resolved,IO_Event_Selector_EPoll_io_wait,1.21.1,io-event:ext/io/event/selector/epoll.c:1181:io_wait,['ext']
io-event,1.21.1,io_read,IO_Event_Selector_EPoll,IO_Event_Selector_EPoll_io_read,5,rb_define_method,ext/io/event/selector/epoll.c,1185,ext/io/event/selector/epoll.c,658,resolved,IO_Event_Selector_EPoll_io_read,1.21.1,io-event:ext/io/event/selector/epoll.c:1185:io_read,['ext']
io-event,1.21.1,io_write,IO_Event_Selector_EPoll,IO_Event_Selector_EPoll_io_write,5,rb_define_method,ext/io/event/selector/epoll.c,1186,ext/io/event/selector/epoll.c,790,resolved,IO_Event_Selector_EPoll_io_write,1.21.1,io-event:ext/io/event/selector/epoll.c:1186:io_write,['ext']
io-event,1.21.1,io_read,IO_Event_Selector_EPoll,IO_Event_Selector_EPoll_io_read_compatible,-1,rb_define_method,ext/io/event/selector/epoll.c,1188,ext/io/event/selector/epoll.c,713,resolved,IO_Event_Selector_EPoll_io_read_compatible,1.21.1,io-event:ext/io/event/selector/epoll.c:1188:io_read,['ext']
io-event,1.21.1,io_write,IO_Event_Selector_EPoll,IO_Event_Selector_EPoll_io_write_compatible,-1,rb_define_method,ext/io/event/selector/epoll.c,1189,ext/io/event/selector/epoll.c,849,resolved,IO_Event_Selector_EPoll_io_write_compatible,1.21.1,io-event:ext/io/event/selector/epoll.c:1189:io_write,['ext']
io-event,1.21.1,process_wait,IO_Event_Selector_EPoll,IO_Event_Selector_EPoll_process_wait,3,rb_define_method,ext/io/event/selector/epoll.c,1193,ext/io/event/selector/epoll.c,477,resolved,IO_Event_Selector_EPoll_process_wait,1.21.1,io-event:ext/io/event/selector/epoll.c:1193:process_wait,['ext']
io-event,1.21.1,<allocator>,IO_Event_Selector_KQueue,IO_Event_Selector_KQueue_allocate,0,rb_define_alloc_func,ext/io/event/selector/kqueue.c,1164,ext/io/event/selector/kqueue.c,290,resolved,IO_Event_Selector_KQueue_allocate,1.21.1,io-event:ext/io/event/selector/kqueue.c:1164:<allocator>,['ext']
io-event,1.21.1,initialize,IO_Event_Selector_KQueue,IO_Event_Selector_KQueue_initialize,1,rb_define_method,ext/io/event/selector/kqueue.c,1165,ext/io/event/selector/kqueue.c,323,resolved,IO_Event_Selector_KQueue_initialize,1.21.1,io-event:ext/io/event/selector/kqueue.c:1165:initialize,['ext']
io-event,1.21.1,loop,IO_Event_Selector_KQueue,IO_Event_Selector_KQueue_loop,0,rb_define_method,ext/io/event/selector/kqueue.c,1167,ext/io/event/selector/kqueue.c,350,resolved,IO_Event_Selector_KQueue_loop,1.21.1,io-event:ext/io/event/selector/kqueue.c:1167:loop,['ext']
io-event,1.21.1,idle_duration,IO_Event_Selector_KQueue,IO_Event_Selector_KQueue_idle_duration,0,rb_define_method,ext/io/event/selector/kqueue.c,1168,ext/io/event/selector/kqueue.c,357,resolved,IO_Event_Selector_KQueue_idle_duration,1.21.1,io-event:ext/io/event/selector/kqueue.c:1168:idle_duration,['ext']
io-event,1.21.1,transfer,IO_Event_Selector_KQueue,IO_Event_Selector_KQueue_transfer,0,rb_define_method,ext/io/event/selector/kqueue.c,1170,ext/io/event/selector/kqueue.c,382,resolved,IO_Event_Selector_KQueue_transfer,1.21.1,io-event:ext/io/event/selector/kqueue.c:1170:transfer,['ext']
io-event,1.21.1,resume,IO_Event_Selector_KQueue,IO_Event_Selector_KQueue_resume,-1,rb_define_method,ext/io/event/selector/kqueue.c,1171,ext/io/event/selector/kqueue.c,390,resolved,IO_Event_Selector_KQueue_resume,1.21.1,io-event:ext/io/event/selector/kqueue.c:1171:resume,['ext']
io-event,1.21.1,yield,IO_Event_Selector_KQueue,IO_Event_Selector_KQueue_yield,0,rb_define_method,ext/io/event/selector/kqueue.c,1172,ext/io/event/selector/kqueue.c,398,resolved,IO_Event_Selector_KQueue_yield,1.21.1,io-event:ext/io/event/selector/kqueue.c:1172:yield,['ext']
io-event,1.21.1,push,IO_Event_Selector_KQueue,IO_Event_Selector_KQueue_push,1,rb_define_method,ext/io/event/selector/kqueue.c,1173,ext/io/event/selector/kqueue.c,406,resolved,IO_Event_Selector_KQueue_push,1.21.1,io-event:ext/io/event/selector/kqueue.c:1173:push,['ext']
io-event,1.21.1,raise,IO_Event_Selector_KQueue,IO_Event_Selector_KQueue_raise,-1,rb_define_method,ext/io/event/selector/kqueue.c,1174,ext/io/event/selector/kqueue.c,416,resolved,IO_Event_Selector_KQueue_raise,1.21.1,io-event:ext/io/event/selector/kqueue.c:1174:raise,['ext']
io-event,1.21.1,ready?,IO_Event_Selector_KQueue,IO_Event_Selector_KQueue_ready_p,0,rb_define_method,ext/io/event/selector/kqueue.c,1176,ext/io/event/selector/kqueue.c,424,resolved,IO_Event_Selector_KQueue_ready_p,1.21.1,io-event:ext/io/event/selector/kqueue.c:1176:ready?,['ext']
io-event,1.21.1,select,IO_Event_Selector_KQueue,IO_Event_Selector_KQueue_select,1,rb_define_method,ext/io/event/selector/kqueue.c,1178,ext/io/event/selector/kqueue.c,1045,resolved,IO_Event_Selector_KQueue_select,1.21.1,io-event:ext/io/event/selector/kqueue.c:1178:select,['ext']
io-event,1.21.1,wakeup,IO_Event_Selector_KQueue,IO_Event_Selector_KQueue_wakeup,0,rb_define_method,ext/io/event/selector/kqueue.c,1179,ext/io/event/selector/kqueue.c,1106,resolved,IO_Event_Selector_KQueue_wakeup,1.21.1,io-event:ext/io/event/selector/kqueue.c:1179:wakeup,['ext']
io-event,1.21.1,close,IO_Event_Selector_KQueue,IO_Event_Selector_KQueue_close,0,rb_define_method,ext/io/event/selector/kqueue.c,1180,ext/io/event/selector/kqueue.c,366,resolved,IO_Event_Selector_KQueue_close,1.21.1,io-event:ext/io/event/selector/kqueue.c:1180:close,['ext']
io-event,1.21.1,closed?,IO_Event_Selector_KQueue,IO_Event_Selector_KQueue_closed_p,0,rb_define_method,ext/io/event/selector/kqueue.c,1181,ext/io/event/selector/kqueue.c,375,resolved,IO_Event_Selector_KQueue_closed_p,1.21.1,io-event:ext/io/event/selector/kqueue.c:1181:closed?,['ext']
io-event,1.21.1,io_wait,IO_Event_Selector_KQueue,IO_Event_Selector_KQueue_io_wait,3,rb_define_method,ext/io/event/selector/kqueue.c,1183,ext/io/event/selector/kqueue.c,553,resolved,IO_Event_Selector_KQueue_io_wait,1.21.1,io-event:ext/io/event/selector/kqueue.c:1183:io_wait,['ext']
io-event,1.21.1,io_read,IO_Event_Selector_KQueue,IO_Event_Selector_KQueue_io_read,5,rb_define_method,ext/io/event/selector/kqueue.c,1187,ext/io/event/selector/kqueue.c,654,resolved,IO_Event_Selector_KQueue_io_read,1.21.1,io-event:ext/io/event/selector/kqueue.c:1187:io_read,['ext']
io-event,1.21.1,io_write,IO_Event_Selector_KQueue,IO_Event_Selector_KQueue_io_write,5,rb_define_method,ext/io/event/selector/kqueue.c,1188,ext/io/event/selector/kqueue.c,796,resolved,IO_Event_Selector_KQueue_io_write,1.21.1,io-event:ext/io/event/selector/kqueue.c:1188:io_write,['ext']
io-event,1.21.1,io_read,IO_Event_Selector_KQueue,IO_Event_Selector_KQueue_io_read_compatible,-1,rb_define_method,ext/io/event/selector/kqueue.c,1190,ext/io/event/selector/kqueue.c,712,resolved,IO_Event_Selector_KQueue_io_read_compatible,1.21.1,io-event:ext/io/event/selector/kqueue.c:1190:io_read,['ext']
io-event,1.21.1,io_write,IO_Event_Selector_KQueue,IO_Event_Selector_KQueue_io_write_compatible,-1,rb_define_method,ext/io/event/selector/kqueue.c,1191,ext/io/event/selector/kqueue.c,858,resolved,IO_Event_Selector_KQueue_io_write_compatible,1.21.1,io-event:ext/io/event/selector/kqueue.c:1191:io_write,['ext']
io-event,1.21.1,process_wait,IO_Event_Selector_KQueue,IO_Event_Selector_KQueue_process_wait,3,rb_define_method,ext/io/event/selector/kqueue.c,1195,ext/io/event/selector/kqueue.c,482,resolved,IO_Event_Selector_KQueue_process_wait,1.21.1,io-event:ext/io/event/selector/kqueue.c:1195:process_wait,['ext']
io-event,1.21.1,nonblock,IO_Event_Selector,IO_Event_Selector_nonblock,1,rb_define_singleton_method,ext/io/event/selector/selector.c,167,ext/io/event/selector/selector.c,125,resolved,IO_Event_Selector_nonblock,1.21.1,io-event:ext/io/event/selector/selector.c:167:nonblock,['ext']
io-event,1.21.1,<allocator>,IO_Event_Selector_URing,IO_Event_Selector_URing_allocate,0,rb_define_alloc_func,ext/io/event/selector/uring.c,1770,ext/io/event/selector/uring.c,303,resolved,IO_Event_Selector_URing_allocate,1.21.1,io-event:ext/io/event/selector/uring.c:1770:<allocator>,['ext']
io-event,1.21.1,initialize,IO_Event_Selector_URing,IO_Event_Selector_URing_initialize,1,rb_define_method,ext/io/event/selector/uring.c,1771,ext/io/event/selector/uring.c,325,resolved,IO_Event_Selector_URing_initialize,1.21.1,io-event:ext/io/event/selector/uring.c:1771:initialize,['ext']
io-event,1.21.1,loop,IO_Event_Selector_URing,IO_Event_Selector_URing_loop,0,rb_define_method,ext/io/event/selector/uring.c,1773,ext/io/event/selector/uring.c,388,resolved,IO_Event_Selector_URing_loop,1.21.1,io-event:ext/io/event/selector/uring.c:1773:loop,['ext']
io-event,1.21.1,idle_duration,IO_Event_Selector_URing,IO_Event_Selector_URing_idle_duration,0,rb_define_method,ext/io/event/selector/uring.c,1774,ext/io/event/selector/uring.c,395,resolved,IO_Event_Selector_URing_idle_duration,1.21.1,io-event:ext/io/event/selector/uring.c:1774:idle_duration,['ext']
io-event,1.21.1,transfer,IO_Event_Selector_URing,IO_Event_Selector_URing_transfer,0,rb_define_method,ext/io/event/selector/uring.c,1776,ext/io/event/selector/uring.c,420,resolved,IO_Event_Selector_URing_transfer,1.21.1,io-event:ext/io/event/selector/uring.c:1776:transfer,['ext']
io-event,1.21.1,resume,IO_Event_Selector_URing,IO_Event_Selector_URing_resume,-1,rb_define_method,ext/io/event/selector/uring.c,1777,ext/io/event/selector/uring.c,428,resolved,IO_Event_Selector_URing_resume,1.21.1,io-event:ext/io/event/selector/uring.c:1777:resume,['ext']
io-event,1.21.1,yield,IO_Event_Selector_URing,IO_Event_Selector_URing_yield,0,rb_define_method,ext/io/event/selector/uring.c,1778,ext/io/event/selector/uring.c,436,resolved,IO_Event_Selector_URing_yield,1.21.1,io-event:ext/io/event/selector/uring.c:1778:yield,['ext']
io-event,1.21.1,push,IO_Event_Selector_URing,IO_Event_Selector_URing_push,1,rb_define_method,ext/io/event/selector/uring.c,1779,ext/io/event/selector/uring.c,444,resolved,IO_Event_Selector_URing_push,1.21.1,io-event:ext/io/event/selector/uring.c:1779:push,['ext']
io-event,1.21.1,raise,IO_Event_Selector_URing,IO_Event_Selector_URing_raise,-1,rb_define_method,ext/io/event/selector/uring.c,1780,ext/io/event/selector/uring.c,454,resolved,IO_Event_Selector_URing_raise,1.21.1,io-event:ext/io/event/selector/uring.c:1780:raise,['ext']
io-event,1.21.1,ready?,IO_Event_Selector_URing,IO_Event_Selector_URing_ready_p,0,rb_define_method,ext/io/event/selector/uring.c,1782,ext/io/event/selector/uring.c,462,resolved,IO_Event_Selector_URing_ready_p,1.21.1,io-event:ext/io/event/selector/uring.c:1782:ready?,['ext']
io-event,1.21.1,select,IO_Event_Selector_URing,IO_Event_Selector_URing_select,1,rb_define_method,ext/io/event/selector/uring.c,1784,ext/io/event/selector/uring.c,1642,resolved,IO_Event_Selector_URing_select,1.21.1,io-event:ext/io/event/selector/uring.c:1784:select,['ext']
io-event,1.21.1,wakeup,IO_Event_Selector_URing,IO_Event_Selector_URing_wakeup,0,rb_define_method,ext/io/event/selector/uring.c,1785,ext/io/event/selector/uring.c,1711,resolved,IO_Event_Selector_URing_wakeup,1.21.1,io-event:ext/io/event/selector/uring.c:1785:wakeup,['ext']
io-event,1.21.1,close,IO_Event_Selector_URing,IO_Event_Selector_URing_close,0,rb_define_method,ext/io/event/selector/uring.c,1786,ext/io/event/selector/uring.c,404,resolved,IO_Event_Selector_URing_close,1.21.1,io-event:ext/io/event/selector/uring.c:1786:close,['ext']
io-event,1.21.1,closed?,IO_Event_Selector_URing,IO_Event_Selector_URing_closed_p,0,rb_define_method,ext/io/event/selector/uring.c,1787,ext/io/event/selector/uring.c,413,resolved,IO_Event_Selector_URing_closed_p,1.21.1,io-event:ext/io/event/selector/uring.c:1787:closed?,['ext']
io-event,1.21.1,io_wait,IO_Event_Selector_URing,IO_Event_Selector_URing_io_wait,3,rb_define_method,ext/io/event/selector/uring.c,1789,ext/io/event/selector/uring.c,875,resolved,IO_Event_Selector_URing_io_wait,1.21.1,io-event:ext/io/event/selector/uring.c:1789:io_wait,['ext']
io-event,1.21.1,io_read,IO_Event_Selector_URing,IO_Event_Selector_URing_io_read,5,rb_define_method,ext/io/event/selector/uring.c,1793,ext/io/event/selector/uring.c,1051,resolved,IO_Event_Selector_URing_io_read,1.21.1,io-event:ext/io/event/selector/uring.c:1793:io_read,['ext']
io-event,1.21.1,io_write,IO_Event_Selector_URing,IO_Event_Selector_URing_io_write,5,rb_define_method,ext/io/event/selector/uring.c,1794,ext/io/event/selector/uring.c,1318,resolved,IO_Event_Selector_URing_io_write,1.21.1,io-event:ext/io/event/selector/uring.c:1794:io_write,['ext']
io-event,1.21.1,io_read,IO_Event_Selector_URing,IO_Event_Selector_URing_io_read_compatible,-1,rb_define_method,ext/io/event/selector/uring.c,1796,ext/io/event/selector/uring.c,1123,resolved,IO_Event_Selector_URing_io_read_compatible,1.21.1,io-event:ext/io/event/selector/uring.c:1796:io_read,['ext']
io-event,1.21.1,io_write,IO_Event_Selector_URing,IO_Event_Selector_URing_io_write_compatible,-1,rb_define_method,ext/io/event/selector/uring.c,1797,ext/io/event/selector/uring.c,1380,resolved,IO_Event_Selector_URing_io_write_compatible,1.21.1,io-event:ext/io/event/selector/uring.c:1797:io_write,['ext']
io-event,1.21.1,io_pread,IO_Event_Selector_URing,IO_Event_Selector_URing_io_pread,6,rb_define_method,ext/io/event/selector/uring.c,1799,ext/io/event/selector/uring.c,1137,resolved,IO_Event_Selector_URing_io_pread,1.21.1,io-event:ext/io/event/selector/uring.c:1799:io_pread,['ext']
io-event,1.21.1,io_pwrite,IO_Event_Selector_URing,IO_Event_Selector_URing_io_pwrite,6,rb_define_method,ext/io/event/selector/uring.c,1800,ext/io/event/selector/uring.c,1394,resolved,IO_Event_Selector_URing_io_pwrite,1.21.1,io-event:ext/io/event/selector/uring.c:1800:io_pwrite,['ext']
io-event,1.21.1,io_close,IO_Event_Selector_URing,IO_Event_Selector_URing_io_close,1,rb_define_method,ext/io/event/selector/uring.c,1803,ext/io/event/selector/uring.c,1462,resolved,IO_Event_Selector_URing_io_close,1.21.1,io-event:ext/io/event/selector/uring.c:1803:io_close,['ext']
io-event,1.21.1,process_wait,IO_Event_Selector_URing,IO_Event_Selector_URing_process_wait,3,rb_define_method,ext/io/event/selector/uring.c,1805,ext/io/event/selector/uring.c,744,resolved,IO_Event_Selector_URing_process_wait,1.21.1,io-event:ext/io/event/selector/uring.c:1805:process_wait,['ext']
io-event,1.21.1,<allocator>,IO_Event_WorkerPool,worker_pool_allocate,0,rb_define_alloc_func,ext/io/event/worker_pool.c,500,ext/io/event/worker_pool.c,405,resolved,worker_pool_allocate,1.21.1,io-event:ext/io/event/worker_pool.c:500:<allocator>,['ext']
io-event,1.21.1,initialize,IO_Event_WorkerPool,worker_pool_initialize,-1,rb_define_method,ext/io/event/worker_pool.c,502,ext/io/event/worker_pool.c,252,resolved,worker_pool_initialize,1.21.1,io-event:ext/io/event/worker_pool.c:502:initialize,['ext']
io-event,1.21.1,call,IO_Event_WorkerPool,worker_pool_call,1,rb_define_method,ext/io/event/worker_pool.c,503,ext/io/event/worker_pool.c,358,resolved,worker_pool_call,1.21.1,io-event:ext/io/event/worker_pool.c:503:call,['ext']
io-event,1.21.1,close,IO_Event_WorkerPool,worker_pool_close,0,rb_define_method,ext/io/event/worker_pool.c,504,ext/io/event/worker_pool.c,416,resolved,worker_pool_close,1.21.1,io-event:ext/io/event/worker_pool.c:504:close,['ext']
io-event,1.21.1,statistics,IO_Event_WorkerPool,worker_pool_statistics,0,rb_define_method,ext/io/event/worker_pool.c,506,ext/io/event/worker_pool.c,461,resolved,worker_pool_statistics,1.21.1,io-event:ext/io/event/worker_pool.c:506:statistics,['ext']
io-event,1.21.1,busy,IO_Event_WorkerPool,worker_pool_test_busy,-1,rb_define_singleton_method,ext/io/event/worker_pool_test.c,198,ext/io/event/worker_pool_test.c,115,resolved,worker_pool_test_busy,1.21.1,io-event:ext/io/event/worker_pool_test.c:198:busy,['ext']
jaro_winkler,1.6.1,distance,rb_mJaroWinkler,rb_jaro_winkler_distance,-1,rb_define_singleton_method,ext/jaro_winkler/jaro_winkler.c,26,ext/jaro_winkler/jaro_winkler.c,86,resolved,rb_jaro_winkler_distance,1.6.1,jaro_winkler:ext/jaro_winkler/jaro_winkler.c:26:distance,['ext/jaro_winkler']
jaro_winkler,1.6.1,jaro_distance,rb_mJaroWinkler,rb_jaro_distance,-1,rb_define_singleton_method,ext/jaro_winkler/jaro_winkler.c,28,ext/jaro_winkler/jaro_winkler.c,77,resolved,rb_jaro_distance,1.6.1,jaro_winkler:ext/jaro_winkler/jaro_winkler.c:28:jaro_distance,['ext/jaro_winkler']
jaro_winkler,1.6.1,similarity,rb_mJaroWinkler,rb_jaro_winkler_similarity,-1,rb_define_singleton_method,ext/jaro_winkler/jaro_winkler.c,30,ext/jaro_winkler/jaro_winkler.c,91,resolved,rb_jaro_winkler_similarity,1.6.1,jaro_winkler:ext/jaro_winkler/jaro_winkler.c:30:similarity,['ext/jaro_winkler']
jaro_winkler,1.6.1,jaro_similarity,rb_mJaroWinkler,rb_jaro_similarity,-1,rb_define_singleton_method,ext/jaro_winkler/jaro_winkler.c,32,ext/jaro_winkler/jaro_winkler.c,82,resolved,rb_jaro_similarity,1.6.1,jaro_winkler:ext/jaro_winkler/jaro_winkler.c:32:jaro_similarity,['ext/jaro_winkler']
json,2.21.2,<allocator>,cState,cState_s_allocate,0,rb_define_alloc_func,ext/json/ext/generator/generator.c,1983,ext/json/ext/generator/generator.c,754,resolved,cState_s_allocate,2.21.2,json:ext/json/ext/generator/generator.c:1983:<allocator>,['ext/json/ext/generator']
json,2.21.2,from_state,cState,cState_from_state_s,1,rb_define_singleton_method,ext/json/ext/generator/generator.c,1984,ext/json/ext/generator/generator.c,1400,resolved,cState_from_state_s,2.21.2,json:ext/json/ext/generator/generator.c:1984:from_state,['ext/json/ext/generator']
json,2.21.2,default_sort_keys_proc=,cState,cState_set_default_sort_keys_proc,1,rb_define_singleton_method,ext/json/ext/generator/generator.c,1985,ext/json/ext/generator/generator.c,1735,resolved,cState_set_default_sort_keys_proc,2.21.2,json:ext/json/ext/generator/generator.c:1985:default_sort_keys_proc=,['ext/json/ext/generator']
json,2.21.2,initialize,cState,cState_initialize,-1,rb_define_method,ext/json/ext/generator/generator.c,1987,ext/json/ext/generator/generator.c,1359,resolved,cState_initialize,2.21.2,json:ext/json/ext/generator/generator.c:1987:initialize,['ext/json/ext/generator']
json,2.21.2,_configure,cState,cState_configure,1,rb_define_private_method,ext/json/ext/generator/generator.c,1989,ext/json/ext/generator/generator.c,1918,resolved,cState_configure,2.21.2,json:ext/json/ext/generator/generator.c:1989:_configure,['ext/json/ext/generator']
json,2.21.2,initialize_copy,cState,cState_init_copy,1,rb_define_method,ext/json/ext/generator/generator.c,1991,ext/json/ext/generator/generator.c,1371,resolved,cState_init_copy,2.21.2,json:ext/json/ext/generator/generator.c:1991:initialize_copy,['ext/json/ext/generator']
json,2.21.2,indent,cState,cState_indent,0,rb_define_method,ext/json/ext/generator/generator.c,1992,ext/json/ext/generator/generator.c,1416,resolved,cState_indent,2.21.2,json:ext/json/ext/generator/generator.c:1992:indent,['ext/json/ext/generator']
json,2.21.2,indent=,cState,cState_indent_set,1,rb_define_method,ext/json/ext/generator/generator.c,1993,ext/json/ext/generator/generator.c,1438,resolved,cState_indent_set,2.21.2,json:ext/json/ext/generator/generator.c:1993:indent=,['ext/json/ext/generator']
json,2.21.2,space,cState,cState_space,0,rb_define_method,ext/json/ext/generator/generator.c,1994,ext/json/ext/generator/generator.c,1452,resolved,cState_space,2.21.2,json:ext/json/ext/generator/generator.c:1994:space,['ext/json/ext/generator']
json,2.21.2,space=,cState,cState_space_set,1,rb_define_method,ext/json/ext/generator/generator.c,1995,ext/json/ext/generator/generator.c,1464,resolved,cState_space_set,2.21.2,json:ext/json/ext/generator/generator.c:1995:space=,['ext/json/ext/generator']
json,2.21.2,space_before,cState,cState_space_before,0,rb_define_method,ext/json/ext/generator/generator.c,1996,ext/json/ext/generator/generator.c,1477,resolved,cState_space_before,2.21.2,json:ext/json/ext/generator/generator.c:1996:space_before,['ext/json/ext/generator']
json,2.21.2,space_before=,cState,cState_space_before_set,1,rb_define_method,ext/json/ext/generator/generator.c,1997,ext/json/ext/generator/generator.c,1488,resolved,cState_space_before_set,2.21.2,json:ext/json/ext/generator/generator.c:1997:space_before=,['ext/json/ext/generator']
json,2.21.2,object_nl,cState,cState_object_nl,0,rb_define_method,ext/json/ext/generator/generator.c,1998,ext/json/ext/generator/generator.c,1502,resolved,cState_object_nl,2.21.2,json:ext/json/ext/generator/generator.c:1998:object_nl,['ext/json/ext/generator']
json,2.21.2,object_nl=,cState,cState_object_nl_set,1,rb_define_method,ext/json/ext/generator/generator.c,1999,ext/json/ext/generator/generator.c,1514,resolved,cState_object_nl_set,2.21.2,json:ext/json/ext/generator/generator.c:1999:object_nl=,['ext/json/ext/generator']
json,2.21.2,array_nl,cState,cState_array_nl,0,rb_define_method,ext/json/ext/generator/generator.c,2000,ext/json/ext/generator/generator.c,1527,resolved,cState_array_nl,2.21.2,json:ext/json/ext/generator/generator.c:2000:array_nl,['ext/json/ext/generator']
json,2.21.2,array_nl=,cState,cState_array_nl_set,1,rb_define_method,ext/json/ext/generator/generator.c,2001,ext/json/ext/generator/generator.c,1538,resolved,cState_array_nl_set,2.21.2,json:ext/json/ext/generator/generator.c:2001:array_nl=,['ext/json/ext/generator']
json,2.21.2,as_json,cState,cState_as_json,0,rb_define_method,ext/json/ext/generator/generator.c,2002,ext/json/ext/generator/generator.c,1551,resolved,cState_as_json,2.21.2,json:ext/json/ext/generator/generator.c:2002:as_json,['ext/json/ext/generator']
json,2.21.2,as_json=,cState,cState_as_json_set,1,rb_define_method,ext/json/ext/generator/generator.c,2003,ext/json/ext/generator/generator.c,1562,resolved,cState_as_json_set,2.21.2,json:ext/json/ext/generator/generator.c:2003:as_json=,['ext/json/ext/generator']
json,2.21.2,max_nesting,cState,cState_max_nesting,0,rb_define_method,ext/json/ext/generator/generator.c,2004,ext/json/ext/generator/generator.c,1588,resolved,cState_max_nesting,2.21.2,json:ext/json/ext/generator/generator.c:2004:max_nesting,['ext/json/ext/generator']
json,2.21.2,max_nesting=,cState,cState_max_nesting_set,1,rb_define_method,ext/json/ext/generator/generator.c,2005,ext/json/ext/generator/generator.c,1619,resolved,cState_max_nesting_set,2.21.2,json:ext/json/ext/generator/generator.c:2005:max_nesting=,['ext/json/ext/generator']
json,2.21.2,script_safe,cState,cState_script_safe,0,rb_define_method,ext/json/ext/generator/generator.c,2006,ext/json/ext/generator/generator.c,1633,resolved,cState_script_safe,2.21.2,json:ext/json/ext/generator/generator.c:2006:script_safe,['ext/json/ext/generator']
json,2.21.2,script_safe?,cState,cState_script_safe,0,rb_define_method,ext/json/ext/generator/generator.c,2007,ext/json/ext/generator/generator.c,1633,resolved,cState_script_safe,2.21.2,json:ext/json/ext/generator/generator.c:2007:script_safe?,['ext/json/ext/generator']
json,2.21.2,script_safe=,cState,cState_script_safe_set,1,rb_define_method,ext/json/ext/generator/generator.c,2008,ext/json/ext/generator/generator.c,1645,resolved,cState_script_safe_set,2.21.2,json:ext/json/ext/generator/generator.c:2008:script_safe=,['ext/json/ext/generator']
json,2.21.2,strict,cState,cState_strict,0,rb_define_method,ext/json/ext/generator/generator.c,2012,ext/json/ext/generator/generator.c,1661,resolved,cState_strict,2.21.2,json:ext/json/ext/generator/generator.c:2012:strict,['ext/json/ext/generator']
json,2.21.2,strict?,cState,cState_strict,0,rb_define_method,ext/json/ext/generator/generator.c,2013,ext/json/ext/generator/generator.c,1661,resolved,cState_strict,2.21.2,json:ext/json/ext/generator/generator.c:2013:strict?,['ext/json/ext/generator']
json,2.21.2,strict=,cState,cState_strict_set,1,rb_define_method,ext/json/ext/generator/generator.c,2014,ext/json/ext/generator/generator.c,1677,resolved,cState_strict_set,2.21.2,json:ext/json/ext/generator/generator.c:2014:strict=,['ext/json/ext/generator']
json,2.21.2,check_circular?,cState,cState_check_circular_p,0,rb_define_method,ext/json/ext/generator/generator.c,2015,ext/json/ext/generator/generator.c,1576,resolved,cState_check_circular_p,2.21.2,json:ext/json/ext/generator/generator.c:2015:check_circular?,['ext/json/ext/generator']
json,2.21.2,allow_nan?,cState,cState_allow_nan_p,0,rb_define_method,ext/json/ext/generator/generator.c,2016,ext/json/ext/generator/generator.c,1691,resolved,cState_allow_nan_p,2.21.2,json:ext/json/ext/generator/generator.c:2016:allow_nan?,['ext/json/ext/generator']
json,2.21.2,allow_nan=,cState,cState_allow_nan_set,1,rb_define_method,ext/json/ext/generator/generator.c,2017,ext/json/ext/generator/generator.c,1702,resolved,cState_allow_nan_set,2.21.2,json:ext/json/ext/generator/generator.c:2017:allow_nan=,['ext/json/ext/generator']
json,2.21.2,ascii_only?,cState,cState_ascii_only_p,0,rb_define_method,ext/json/ext/generator/generator.c,2018,ext/json/ext/generator/generator.c,1716,resolved,cState_ascii_only_p,2.21.2,json:ext/json/ext/generator/generator.c:2018:ascii_only?,['ext/json/ext/generator']
json,2.21.2,ascii_only=,cState,cState_ascii_only_set,1,rb_define_method,ext/json/ext/generator/generator.c,2019,ext/json/ext/generator/generator.c,1727,resolved,cState_ascii_only_set,2.21.2,json:ext/json/ext/generator/generator.c:2019:ascii_only=,['ext/json/ext/generator']
json,2.21.2,depth,cState,cState_depth,0,rb_define_method,ext/json/ext/generator/generator.c,2020,ext/json/ext/generator/generator.c,1802,resolved,cState_depth,2.21.2,json:ext/json/ext/generator/generator.c:2020:depth,['ext/json/ext/generator']
json,2.21.2,depth=,cState,cState_depth_set,1,rb_define_method,ext/json/ext/generator/generator.c,2021,ext/json/ext/generator/generator.c,1814,resolved,cState_depth_set,2.21.2,json:ext/json/ext/generator/generator.c:2021:depth=,['ext/json/ext/generator']
json,2.21.2,buffer_initial_length,cState,cState_buffer_initial_length,0,rb_define_method,ext/json/ext/generator/generator.c,2022,ext/json/ext/generator/generator.c,1827,resolved,cState_buffer_initial_length,2.21.2,json:ext/json/ext/generator/generator.c:2022:buffer_initial_length,['ext/json/ext/generator']
json,2.21.2,buffer_initial_length=,cState,cState_buffer_initial_length_set,1,rb_define_method,ext/json/ext/generator/generator.c,2023,ext/json/ext/generator/generator.c,1848,resolved,cState_buffer_initial_length_set,2.21.2,json:ext/json/ext/generator/generator.c:2023:buffer_initial_length=,['ext/json/ext/generator']
json,2.21.2,generate,cState,cState_generate,-1,rb_define_method,ext/json/ext/generator/generator.c,2024,ext/json/ext/generator/generator.c,1342,resolved,cState_generate,2.21.2,json:ext/json/ext/generator/generator.c:2024:generate,['ext/json/ext/generator']
json,2.21.2,_generate_no_fallback,cState,cState_generate_no_fallback,-1,rb_define_method,ext/json/ext/generator/generator.c,2025,ext/json/ext/generator/generator.c,1351,resolved,cState_generate_no_fallback,2.21.2,json:ext/json/ext/generator/generator.c:2025:_generate_no_fallback,['ext/json/ext/generator']
json,2.21.2,sort_keys,cState,cState_sort_keys_p,0,rb_define_method,ext/json/ext/generator/generator.c,2026,ext/json/ext/generator/generator.c,1761,resolved,cState_sort_keys_p,2.21.2,json:ext/json/ext/generator/generator.c:2026:sort_keys,['ext/json/ext/generator']
json,2.21.2,sort_keys=,cState,cState_sort_keys_set,1,rb_define_method,ext/json/ext/generator/generator.c,2027,ext/json/ext/generator/generator.c,1776,resolved,cState_sort_keys_set,2.21.2,json:ext/json/ext/generator/generator.c:2027:sort_keys=,['ext/json/ext/generator']
json,2.21.2,allow_duplicate_key?,cState,cState_allow_duplicate_key_p,0,rb_define_private_method,ext/json/ext/generator/generator.c,2029,ext/json/ext/generator/generator.c,1784,resolved,cState_allow_duplicate_key_p,2.21.2,json:ext/json/ext/generator/generator.c:2029:allow_duplicate_key?,['ext/json/ext/generator']
json,2.21.2,generate,cState,cState_m_generate,3,rb_define_singleton_method,ext/json/ext/generator/generator.c,2031,ext/json/ext/generator/generator.c,1947,resolved,cState_m_generate,2.21.2,json:ext/json/ext/generator/generator.c:2031:generate,['ext/json/ext/generator']
json,2.21.2,_generate_no_fallback,cState,cState_m_generate_no_fallback,3,rb_define_singleton_method,ext/json/ext/generator/generator.c,2032,ext/json/ext/generator/generator.c,1952,resolved,cState_m_generate_no_fallback,2.21.2,json:ext/json/ext/generator/generator.c:2032:_generate_no_fallback,['ext/json/ext/generator']
json,2.21.2,<allocator>,cParserConfig,cJSON_parser_s_allocate,0,rb_define_alloc_func,ext/json/ext/parser/parser.c,2860,ext/json/ext/parser/parser.c,2239,resolved,cJSON_parser_s_allocate,2.21.2,json:ext/json/ext/parser/parser.c:2860:<allocator>,['ext/json/ext/parser']
json,2.21.2,initialize,cParserConfig,cParserConfig_initialize,1,rb_define_private_method,ext/json/ext/parser/parser.c,2861,ext/json/ext/parser/parser.c,2099,resolved,cParserConfig_initialize,2.21.2,json:ext/json/ext/parser/parser.c:2861:initialize,['ext/json/ext/parser']
json,2.21.2,parse,cParserConfig,cParserConfig_parse,1,rb_define_method,ext/json/ext/parser/parser.c,2862,ext/json/ext/parser/parser.c,2190,resolved,cParserConfig_parse,2.21.2,json:ext/json/ext/parser/parser.c:2862:parse,['ext/json/ext/parser']
json,2.21.2,parse,cParser,cParser_m_parse,2,rb_define_singleton_method,ext/json/ext/parser/parser.c,2865,ext/json/ext/parser/parser.c,2196,resolved,cParser_m_parse,2.21.2,json:ext/json/ext/parser/parser.c:2865:parse,['ext/json/ext/parser']
json,2.21.2,<allocator>,cResumableParser,cResumableParser_allocate,0,rb_define_alloc_func,ext/json/ext/parser/parser.c,2868,ext/json/ext/parser/parser.c,2324,resolved,cResumableParser_allocate,2.21.2,json:ext/json/ext/parser/parser.c:2868:<allocator>,['ext/json/ext/parser']
json,2.21.2,initialize,cResumableParser,cResumableParser_initialize,-1,rb_define_private_method,ext/json/ext/parser/parser.c,2869,ext/json/ext/parser/parser.c,2395,resolved,cResumableParser_initialize,2.21.2,json:ext/json/ext/parser/parser.c:2869:initialize,['ext/json/ext/parser']
json,2.21.2,<<,cResumableParser,cResumableParser_feed,1,rb_define_method,ext/json/ext/parser/parser.c,2870,ext/json/ext/parser/parser.c,2416,resolved,cResumableParser_feed,2.21.2,json:ext/json/ext/parser/parser.c:2870:<<,['ext/json/ext/parser']
json,2.21.2,parse,cResumableParser,cResumableParser_parse,0,rb_define_method,ext/json/ext/parser/parser.c,2871,ext/json/ext/parser/parser.c,2521,resolved,cResumableParser_parse,2.21.2,json:ext/json/ext/parser/parser.c:2871:parse,['ext/json/ext/parser']
json,2.21.2,value,cResumableParser,cResumableParser_value,0,rb_define_method,ext/json/ext/parser/parser.c,2872,ext/json/ext/parser/parser.c,2615,resolved,cResumableParser_value,2.21.2,json:ext/json/ext/parser/parser.c:2872:value,['ext/json/ext/parser']
json,2.21.2,value?,cResumableParser,cResumableParser_value_p,0,rb_define_method,ext/json/ext/parser/parser.c,2873,ext/json/ext/parser/parser.c,2591,resolved,cResumableParser_value_p,2.21.2,json:ext/json/ext/parser/parser.c:2873:value?,['ext/json/ext/parser']
json,2.21.2,partial_value,cResumableParser,cResumableParser_partial_value,0,rb_define_method,ext/json/ext/parser/parser.c,2874,ext/json/ext/parser/parser.c,2737,resolved,cResumableParser_partial_value,2.21.2,json:ext/json/ext/parser/parser.c:2874:partial_value,['ext/json/ext/parser']
json,2.21.2,partial_value?,cResumableParser,cResumableParser_partial_value_p,0,rb_define_method,ext/json/ext/parser/parser.c,2875,ext/json/ext/parser/parser.c,2800,resolved,cResumableParser_partial_value_p,2.21.2,json:ext/json/ext/parser/parser.c:2875:partial_value?,['ext/json/ext/parser']
json,2.21.2,clear,cResumableParser,cResumableParser_clear,0,rb_define_method,ext/json/ext/parser/parser.c,2876,ext/json/ext/parser/parser.c,2637,resolved,cResumableParser_clear,2.21.2,json:ext/json/ext/parser/parser.c:2876:clear,['ext/json/ext/parser']
json,2.21.2,rest,cResumableParser,cResumableParser_rest,0,rb_define_method,ext/json/ext/parser/parser.c,2877,ext/json/ext/parser/parser.c,2758,resolved,cResumableParser_rest,2.21.2,json:ext/json/ext/parser/parser.c:2877:rest,['ext/json/ext/parser']
json,2.21.2,eos?,cResumableParser,cResumableParser_eos_p,0,rb_define_method,ext/json/ext/parser/parser.c,2878,ext/json/ext/parser/parser.c,2778,resolved,cResumableParser_eos_p,2.21.2,json:ext/json/ext/parser/parser.c:2878:eos?,['ext/json/ext/parser']
json,2.21.2,parsed_bytes,cResumableParser,cResumableParser_parsed_bytes,0,rb_define_method,ext/json/ext/parser/parser.c,2879,ext/json/ext/parser/parser.c,2836,resolved,cResumableParser_parsed_bytes,2.21.2,json:ext/json/ext/parser/parser.c:2879:parsed_bytes,['ext/json/ext/parser']
msgpack,1.8.4,<allocator>,cMessagePack_Buffer,Buffer_alloc,0,rb_define_alloc_func,ext/msgpack/buffer_class.c,596,ext/msgpack/buffer_class.c,158,resolved,Buffer_alloc,1.8.4,msgpack:ext/msgpack/buffer_class.c:596:<allocator>,['ext/msgpack']
msgpack,1.8.4,initialize,cMessagePack_Buffer,Buffer_initialize,-1,rb_define_method,ext/msgpack/buffer_class.c,598,ext/msgpack/buffer_class.c,220,resolved,Buffer_initialize,1.8.4,msgpack:ext/msgpack/buffer_class.c:598:initialize,['ext/msgpack']
msgpack,1.8.4,clear,cMessagePack_Buffer,Buffer_clear,0,rb_define_method,ext/msgpack/buffer_class.c,599,ext/msgpack/buffer_class.c,254,resolved,Buffer_clear,1.8.4,msgpack:ext/msgpack/buffer_class.c:599:clear,['ext/msgpack']
msgpack,1.8.4,size,cMessagePack_Buffer,Buffer_size,0,rb_define_method,ext/msgpack/buffer_class.c,600,ext/msgpack/buffer_class.c,261,resolved,Buffer_size,1.8.4,msgpack:ext/msgpack/buffer_class.c:600:size,['ext/msgpack']
msgpack,1.8.4,empty?,cMessagePack_Buffer,Buffer_empty_p,0,rb_define_method,ext/msgpack/buffer_class.c,601,ext/msgpack/buffer_class.c,268,resolved,Buffer_empty_p,1.8.4,msgpack:ext/msgpack/buffer_class.c:601:empty?,['ext/msgpack']
msgpack,1.8.4,write,cMessagePack_Buffer,Buffer_write,1,rb_define_method,ext/msgpack/buffer_class.c,602,ext/msgpack/buffer_class.c,278,resolved,Buffer_write,1.8.4,msgpack:ext/msgpack/buffer_class.c:602:write,['ext/msgpack']
msgpack,1.8.4,<<,cMessagePack_Buffer,Buffer_append,1,rb_define_method,ext/msgpack/buffer_class.c,603,ext/msgpack/buffer_class.c,290,resolved,Buffer_append,1.8.4,msgpack:ext/msgpack/buffer_class.c:603:<<,['ext/msgpack']
msgpack,1.8.4,skip,cMessagePack_Buffer,Buffer_skip,1,rb_define_method,ext/msgpack/buffer_class.c,604,ext/msgpack/buffer_class.c,395,resolved,Buffer_skip,1.8.4,msgpack:ext/msgpack/buffer_class.c:604:skip,['ext/msgpack']
msgpack,1.8.4,skip_all,cMessagePack_Buffer,Buffer_skip_all,1,rb_define_method,ext/msgpack/buffer_class.c,605,ext/msgpack/buffer_class.c,410,resolved,Buffer_skip_all,1.8.4,msgpack:ext/msgpack/buffer_class.c:605:skip_all,['ext/msgpack']
msgpack,1.8.4,read,cMessagePack_Buffer,Buffer_read,-1,rb_define_method,ext/msgpack/buffer_class.c,606,ext/msgpack/buffer_class.c,476,resolved,Buffer_read,1.8.4,msgpack:ext/msgpack/buffer_class.c:606:read,['ext/msgpack']
msgpack,1.8.4,read_all,cMessagePack_Buffer,Buffer_read_all,-1,rb_define_method,ext/msgpack/buffer_class.c,607,ext/msgpack/buffer_class.c,430,resolved,Buffer_read_all,1.8.4,msgpack:ext/msgpack/buffer_class.c:607:read_all,['ext/msgpack']
msgpack,1.8.4,io,cMessagePack_Buffer,Buffer_io,0,rb_define_method,ext/msgpack/buffer_class.c,608,ext/msgpack/buffer_class.c,554,resolved,Buffer_io,1.8.4,msgpack:ext/msgpack/buffer_class.c:608:io,['ext/msgpack']
msgpack,1.8.4,flush,cMessagePack_Buffer,Buffer_flush,0,rb_define_method,ext/msgpack/buffer_class.c,609,ext/msgpack/buffer_class.c,547,resolved,Buffer_flush,1.8.4,msgpack:ext/msgpack/buffer_class.c:609:flush,['ext/msgpack']
msgpack,1.8.4,close,cMessagePack_Buffer,Buffer_close,0,rb_define_method,ext/msgpack/buffer_class.c,610,ext/msgpack/buffer_class.c,560,resolved,Buffer_close,1.8.4,msgpack:ext/msgpack/buffer_class.c:610:close,['ext/msgpack']
msgpack,1.8.4,write_to,cMessagePack_Buffer,Buffer_write_to,1,rb_define_method,ext/msgpack/buffer_class.c,611,ext/msgpack/buffer_class.c,569,resolved,Buffer_write_to,1.8.4,msgpack:ext/msgpack/buffer_class.c:611:write_to,['ext/msgpack']
msgpack,1.8.4,to_str,cMessagePack_Buffer,Buffer_to_str,0,rb_define_method,ext/msgpack/buffer_class.c,612,ext/msgpack/buffer_class.c,535,resolved,Buffer_to_str,1.8.4,msgpack:ext/msgpack/buffer_class.c:612:to_str,['ext/msgpack']
msgpack,1.8.4,to_a,cMessagePack_Buffer,Buffer_to_a,0,rb_define_method,ext/msgpack/buffer_class.c,614,ext/msgpack/buffer_class.c,541,resolved,Buffer_to_a,1.8.4,msgpack:ext/msgpack/buffer_class.c:614:to_a,['ext/msgpack']
msgpack,1.8.4,<allocator>,cMessagePack_Factory,Factory_alloc,0,rb_define_alloc_func,ext/msgpack/factory_class.c,265,ext/msgpack/factory_class.c,91,resolved,Factory_alloc,1.8.4,msgpack:ext/msgpack/factory_class.c:265:<allocator>,['ext/msgpack']
msgpack,1.8.4,initialize,cMessagePack_Factory,Factory_initialize,-1,rb_define_method,ext/msgpack/factory_class.c,267,ext/msgpack/factory_class.c,97,resolved,Factory_initialize,1.8.4,msgpack:ext/msgpack/factory_class.c:267:initialize,['ext/msgpack']
msgpack,1.8.4,dup,cMessagePack_Factory,Factory_dup,0,rb_define_method,ext/msgpack/factory_class.c,268,ext/msgpack/factory_class.c,117,resolved,Factory_dup,1.8.4,msgpack:ext/msgpack/factory_class.c:268:dup,['ext/msgpack']
msgpack,1.8.4,freeze,cMessagePack_Factory,Factory_freeze,0,rb_define_method,ext/msgpack/factory_class.c,269,ext/msgpack/factory_class.c,132,resolved,Factory_freeze,1.8.4,msgpack:ext/msgpack/factory_class.c:269:freeze,['ext/msgpack']
msgpack,1.8.4,packer,cMessagePack_Factory,MessagePack_Factory_packer,-1,rb_define_method,ext/msgpack/factory_class.c,271,ext/msgpack/factory_class.c,152,resolved,MessagePack_Factory_packer,1.8.4,msgpack:ext/msgpack/factory_class.c:271:packer,['ext/msgpack']
msgpack,1.8.4,unpacker,cMessagePack_Factory,MessagePack_Factory_unpacker,-1,rb_define_method,ext/msgpack/factory_class.c,272,ext/msgpack/factory_class.c,168,resolved,MessagePack_Factory_unpacker,1.8.4,msgpack:ext/msgpack/factory_class.c:272:unpacker,['ext/msgpack']
msgpack,1.8.4,registered_types_internal,cMessagePack_Factory,Factory_registered_types_internal,0,rb_define_private_method,ext/msgpack/factory_class.c,274,ext/msgpack/factory_class.c,183,resolved,Factory_registered_types_internal,1.8.4,msgpack:ext/msgpack/factory_class.c:274:registered_types_internal,['ext/msgpack']
msgpack,1.8.4,register_type_internal,cMessagePack_Factory,Factory_register_type_internal,3,rb_define_private_method,ext/msgpack/factory_class.c,275,ext/msgpack/factory_class.c,203,resolved,Factory_register_type_internal,1.8.4,msgpack:ext/msgpack/factory_class.c:275:register_type_internal,['ext/msgpack']
msgpack,1.8.4,<allocator>,cMessagePack_Packer,MessagePack_Packer_alloc,0,rb_define_alloc_func,ext/msgpack/packer_class.c,403,ext/msgpack/packer_class.c,72,resolved,MessagePack_Packer_alloc,1.8.4,msgpack:ext/msgpack/packer_class.c:403:<allocator>,['ext/msgpack']
msgpack,1.8.4,initialize,cMessagePack_Packer,MessagePack_Packer_initialize,-1,rb_define_method,ext/msgpack/packer_class.c,405,ext/msgpack/packer_class.c,81,resolved,MessagePack_Packer_initialize,1.8.4,msgpack:ext/msgpack/packer_class.c:405:initialize,['ext/msgpack']
msgpack,1.8.4,compatibility_mode?,cMessagePack_Packer,Packer_compatibility_mode_p,0,rb_define_method,ext/msgpack/packer_class.c,406,ext/msgpack/packer_class.c,124,resolved,Packer_compatibility_mode_p,1.8.4,msgpack:ext/msgpack/packer_class.c:406:compatibility_mode?,['ext/msgpack']
msgpack,1.8.4,buffer,cMessagePack_Packer,Packer_buffer,0,rb_define_method,ext/msgpack/packer_class.c,407,ext/msgpack/packer_class.c,130,resolved,Packer_buffer,1.8.4,msgpack:ext/msgpack/packer_class.c:407:buffer,['ext/msgpack']
msgpack,1.8.4,write,cMessagePack_Packer,Packer_write,1,rb_define_method,ext/msgpack/packer_class.c,408,ext/msgpack/packer_class.c,139,resolved,Packer_write,1.8.4,msgpack:ext/msgpack/packer_class.c:408:write,['ext/msgpack']
msgpack,1.8.4,write_nil,cMessagePack_Packer,Packer_write_nil,0,rb_define_method,ext/msgpack/packer_class.c,410,ext/msgpack/packer_class.c,146,resolved,Packer_write_nil,1.8.4,msgpack:ext/msgpack/packer_class.c:410:write_nil,['ext/msgpack']
msgpack,1.8.4,write_true,cMessagePack_Packer,Packer_write_true,0,rb_define_method,ext/msgpack/packer_class.c,411,ext/msgpack/packer_class.c,153,resolved,Packer_write_true,1.8.4,msgpack:ext/msgpack/packer_class.c:411:write_true,['ext/msgpack']
msgpack,1.8.4,write_false,cMessagePack_Packer,Packer_write_false,0,rb_define_method,ext/msgpack/packer_class.c,412,ext/msgpack/packer_class.c,160,resolved,Packer_write_false,1.8.4,msgpack:ext/msgpack/packer_class.c:412:write_false,['ext/msgpack']
msgpack,1.8.4,write_float,cMessagePack_Packer,Packer_write_float,1,rb_define_method,ext/msgpack/packer_class.c,413,ext/msgpack/packer_class.c,167,resolved,Packer_write_float,1.8.4,msgpack:ext/msgpack/packer_class.c:413:write_float,['ext/msgpack']
msgpack,1.8.4,write_string,cMessagePack_Packer,Packer_write_string,1,rb_define_method,ext/msgpack/packer_class.c,414,ext/msgpack/packer_class.c,174,resolved,Packer_write_string,1.8.4,msgpack:ext/msgpack/packer_class.c:414:write_string,['ext/msgpack']
msgpack,1.8.4,write_bin,cMessagePack_Packer,Packer_write_bin,1,rb_define_method,ext/msgpack/packer_class.c,415,ext/msgpack/packer_class.c,182,resolved,Packer_write_bin,1.8.4,msgpack:ext/msgpack/packer_class.c:415:write_bin,['ext/msgpack']
msgpack,1.8.4,write_array,cMessagePack_Packer,Packer_write_array,1,rb_define_method,ext/msgpack/packer_class.c,416,ext/msgpack/packer_class.c,194,resolved,Packer_write_array,1.8.4,msgpack:ext/msgpack/packer_class.c:416:write_array,['ext/msgpack']
msgpack,1.8.4,write_hash,cMessagePack_Packer,Packer_write_hash,1,rb_define_method,ext/msgpack/packer_class.c,417,ext/msgpack/packer_class.c,202,resolved,Packer_write_hash,1.8.4,msgpack:ext/msgpack/packer_class.c:417:write_hash,['ext/msgpack']
msgpack,1.8.4,write_symbol,cMessagePack_Packer,Packer_write_symbol,1,rb_define_method,ext/msgpack/packer_class.c,418,ext/msgpack/packer_class.c,210,resolved,Packer_write_symbol,1.8.4,msgpack:ext/msgpack/packer_class.c:418:write_symbol,['ext/msgpack']
msgpack,1.8.4,write_int,cMessagePack_Packer,Packer_write_int,1,rb_define_method,ext/msgpack/packer_class.c,419,ext/msgpack/packer_class.c,218,resolved,Packer_write_int,1.8.4,msgpack:ext/msgpack/packer_class.c:419:write_int,['ext/msgpack']
msgpack,1.8.4,write_extension,cMessagePack_Packer,Packer_write_extension,1,rb_define_method,ext/msgpack/packer_class.c,420,ext/msgpack/packer_class.c,231,resolved,Packer_write_extension,1.8.4,msgpack:ext/msgpack/packer_class.c:420:write_extension,['ext/msgpack']
msgpack,1.8.4,write_array_header,cMessagePack_Packer,Packer_write_array_header,1,rb_define_method,ext/msgpack/packer_class.c,421,ext/msgpack/packer_class.c,252,resolved,Packer_write_array_header,1.8.4,msgpack:ext/msgpack/packer_class.c:421:write_array_header,['ext/msgpack']
msgpack,1.8.4,write_map_header,cMessagePack_Packer,Packer_write_map_header,1,rb_define_method,ext/msgpack/packer_class.c,422,ext/msgpack/packer_class.c,259,resolved,Packer_write_map_header,1.8.4,msgpack:ext/msgpack/packer_class.c:422:write_map_header,['ext/msgpack']
msgpack,1.8.4,write_bin_header,cMessagePack_Packer,Packer_write_bin_header,1,rb_define_method,ext/msgpack/packer_class.c,423,ext/msgpack/packer_class.c,266,resolved,Packer_write_bin_header,1.8.4,msgpack:ext/msgpack/packer_class.c:423:write_bin_header,['ext/msgpack']
msgpack,1.8.4,write_ext,cMessagePack_Packer,Packer_write_ext,2,rb_define_method,ext/msgpack/packer_class.c,424,ext/msgpack/packer_class.c,284,resolved,Packer_write_ext,1.8.4,msgpack:ext/msgpack/packer_class.c:424:write_ext,['ext/msgpack']
msgpack,1.8.4,write_float32,cMessagePack_Packer,Packer_write_float32,1,rb_define_method,ext/msgpack/packer_class.c,425,ext/msgpack/packer_class.c,273,resolved,Packer_write_float32,1.8.4,msgpack:ext/msgpack/packer_class.c:425:write_float32,['ext/msgpack']
msgpack,1.8.4,flush,cMessagePack_Packer,Packer_flush,0,rb_define_method,ext/msgpack/packer_class.c,426,ext/msgpack/packer_class.c,296,resolved,Packer_flush,1.8.4,msgpack:ext/msgpack/packer_class.c:426:flush,['ext/msgpack']
msgpack,1.8.4,reset,cMessagePack_Packer,Packer_reset,0,rb_define_method,ext/msgpack/packer_class.c,429,ext/msgpack/packer_class.c,303,resolved,Packer_reset,1.8.4,msgpack:ext/msgpack/packer_class.c:429:reset,['ext/msgpack']
msgpack,1.8.4,size,cMessagePack_Packer,Packer_size,0,rb_define_method,ext/msgpack/packer_class.c,431,ext/msgpack/packer_class.c,310,resolved,Packer_size,1.8.4,msgpack:ext/msgpack/packer_class.c:431:size,['ext/msgpack']
msgpack,1.8.4,empty?,cMessagePack_Packer,Packer_empty_p,0,rb_define_method,ext/msgpack/packer_class.c,432,ext/msgpack/packer_class.c,317,resolved,Packer_empty_p,1.8.4,msgpack:ext/msgpack/packer_class.c:432:empty?,['ext/msgpack']
msgpack,1.8.4,write_to,cMessagePack_Packer,Packer_write_to,1,rb_define_method,ext/msgpack/packer_class.c,433,ext/msgpack/packer_class.c,339,resolved,Packer_write_to,1.8.4,msgpack:ext/msgpack/packer_class.c:433:write_to,['ext/msgpack']
msgpack,1.8.4,to_str,cMessagePack_Packer,Packer_to_str,0,rb_define_method,ext/msgpack/packer_class.c,434,ext/msgpack/packer_class.c,327,resolved,Packer_to_str,1.8.4,msgpack:ext/msgpack/packer_class.c:434:to_str,['ext/msgpack']
msgpack,1.8.4,to_a,cMessagePack_Packer,Packer_to_a,0,rb_define_method,ext/msgpack/packer_class.c,436,ext/msgpack/packer_class.c,333,resolved,Packer_to_a,1.8.4,msgpack:ext/msgpack/packer_class.c:436:to_a,['ext/msgpack']
msgpack,1.8.4,registered_types_internal,cMessagePack_Packer,Packer_registered_types_internal,0,rb_define_private_method,ext/msgpack/packer_class.c,438,ext/msgpack/packer_class.c,346,resolved,Packer_registered_types_internal,1.8.4,msgpack:ext/msgpack/packer_class.c:438:registered_types_internal,['ext/msgpack']
msgpack,1.8.4,register_type_internal,cMessagePack_Packer,Packer_register_type_internal,3,rb_define_method,ext/msgpack/packer_class.c,439,ext/msgpack/packer_class.c,355,resolved,Packer_register_type_internal,1.8.4,msgpack:ext/msgpack/packer_class.c:439:register_type_internal,['ext/msgpack']
msgpack,1.8.4,full_pack,cMessagePack_Packer,Packer_full_pack,0,rb_define_method,ext/msgpack/packer_class.c,441,ext/msgpack/packer_class.c,377,resolved,Packer_full_pack,1.8.4,msgpack:ext/msgpack/packer_class.c:441:full_pack,['ext/msgpack']
msgpack,1.8.4,<allocator>,cMessagePack_Unpacker,MessagePack_Unpacker_alloc,0,rb_define_alloc_func,ext/msgpack/unpacker_class.c,424,ext/msgpack/unpacker_class.c,87,resolved,MessagePack_Unpacker_alloc,1.8.4,msgpack:ext/msgpack/unpacker_class.c:424:<allocator>,['ext/msgpack']
msgpack,1.8.4,initialize,cMessagePack_Unpacker,MessagePack_Unpacker_initialize,-1,rb_define_method,ext/msgpack/unpacker_class.c,426,ext/msgpack/unpacker_class.c,96,resolved,MessagePack_Unpacker_initialize,1.8.4,msgpack:ext/msgpack/unpacker_class.c:426:initialize,['ext/msgpack']
msgpack,1.8.4,symbolize_keys?,cMessagePack_Unpacker,Unpacker_symbolized_keys_p,0,rb_define_method,ext/msgpack/unpacker_class.c,427,ext/msgpack/unpacker_class.c,148,resolved,Unpacker_symbolized_keys_p,1.8.4,msgpack:ext/msgpack/unpacker_class.c:427:symbolize_keys?,['ext/msgpack']
msgpack,1.8.4,freeze?,cMessagePack_Unpacker,Unpacker_freeze_p,0,rb_define_method,ext/msgpack/unpacker_class.c,428,ext/msgpack/unpacker_class.c,154,resolved,Unpacker_freeze_p,1.8.4,msgpack:ext/msgpack/unpacker_class.c:428:freeze?,['ext/msgpack']
msgpack,1.8.4,allow_unknown_ext?,cMessagePack_Unpacker,Unpacker_allow_unknown_ext_p,0,rb_define_method,ext/msgpack/unpacker_class.c,429,ext/msgpack/unpacker_class.c,160,resolved,Unpacker_allow_unknown_ext_p,1.8.4,msgpack:ext/msgpack/unpacker_class.c:429:allow_unknown_ext?,['ext/msgpack']
msgpack,1.8.4,buffer,cMessagePack_Unpacker,Unpacker_buffer,0,rb_define_method,ext/msgpack/unpacker_class.c,430,ext/msgpack/unpacker_class.c,193,resolved,Unpacker_buffer,1.8.4,msgpack:ext/msgpack/unpacker_class.c:430:buffer,['ext/msgpack']
msgpack,1.8.4,read,cMessagePack_Unpacker,Unpacker_read,0,rb_define_method,ext/msgpack/unpacker_class.c,431,ext/msgpack/unpacker_class.c,202,resolved,Unpacker_read,1.8.4,msgpack:ext/msgpack/unpacker_class.c:431:read,['ext/msgpack']
msgpack,1.8.4,skip,cMessagePack_Unpacker,Unpacker_skip,0,rb_define_method,ext/msgpack/unpacker_class.c,433,ext/msgpack/unpacker_class.c,214,resolved,Unpacker_skip,1.8.4,msgpack:ext/msgpack/unpacker_class.c:433:skip,['ext/msgpack']
msgpack,1.8.4,skip_nil,cMessagePack_Unpacker,Unpacker_skip_nil,0,rb_define_method,ext/msgpack/unpacker_class.c,434,ext/msgpack/unpacker_class.c,226,resolved,Unpacker_skip_nil,1.8.4,msgpack:ext/msgpack/unpacker_class.c:434:skip_nil,['ext/msgpack']
msgpack,1.8.4,read_array_header,cMessagePack_Unpacker,Unpacker_read_array_header,0,rb_define_method,ext/msgpack/unpacker_class.c,435,ext/msgpack/unpacker_class.c,241,resolved,Unpacker_read_array_header,1.8.4,msgpack:ext/msgpack/unpacker_class.c:435:read_array_header,['ext/msgpack']
msgpack,1.8.4,read_map_header,cMessagePack_Unpacker,Unpacker_read_map_header,0,rb_define_method,ext/msgpack/unpacker_class.c,436,ext/msgpack/unpacker_class.c,254,resolved,Unpacker_read_map_header,1.8.4,msgpack:ext/msgpack/unpacker_class.c:436:read_map_header,['ext/msgpack']
msgpack,1.8.4,feed,cMessagePack_Unpacker,Unpacker_feed_reference,1,rb_define_method,ext/msgpack/unpacker_class.c,437,ext/msgpack/unpacker_class.c,267,resolved,Unpacker_feed_reference,1.8.4,msgpack:ext/msgpack/unpacker_class.c:437:feed,['ext/msgpack']
msgpack,1.8.4,each,cMessagePack_Unpacker,Unpacker_each,0,rb_define_method,ext/msgpack/unpacker_class.c,439,ext/msgpack/unpacker_class.c,302,resolved,Unpacker_each,1.8.4,msgpack:ext/msgpack/unpacker_class.c:439:each,['ext/msgpack']
msgpack,1.8.4,feed_each,cMessagePack_Unpacker,Unpacker_feed_each,1,rb_define_method,ext/msgpack/unpacker_class.c,440,ext/msgpack/unpacker_class.c,320,resolved,Unpacker_feed_each,1.8.4,msgpack:ext/msgpack/unpacker_class.c:440:feed_each,['ext/msgpack']
msgpack,1.8.4,reset,cMessagePack_Unpacker,Unpacker_reset,0,rb_define_method,ext/msgpack/unpacker_class.c,441,ext/msgpack/unpacker_class.c,333,resolved,Unpacker_reset,1.8.4,msgpack:ext/msgpack/unpacker_class.c:441:reset,['ext/msgpack']
msgpack,1.8.4,registered_types_internal,cMessagePack_Unpacker,Unpacker_registered_types_internal,0,rb_define_private_method,ext/msgpack/unpacker_class.c,443,ext/msgpack/unpacker_class.c,342,resolved,Unpacker_registered_types_internal,1.8.4,msgpack:ext/msgpack/unpacker_class.c:443:registered_types_internal,['ext/msgpack']
msgpack,1.8.4,register_type_internal,cMessagePack_Unpacker,Unpacker_register_type_internal,3,rb_define_private_method,ext/msgpack/unpacker_class.c,444,ext/msgpack/unpacker_class.c,358,resolved,Unpacker_register_type_internal,1.8.4,msgpack:ext/msgpack/unpacker_class.c:444:register_type_internal,['ext/msgpack']
msgpack,1.8.4,full_unpack,cMessagePack_Unpacker,Unpacker_full_unpack,0,rb_define_method,ext/msgpack/unpacker_class.c,446,ext/msgpack/unpacker_class.c,375,resolved,Unpacker_full_unpack,1.8.4,msgpack:ext/msgpack/unpacker_class.c:446:full_unpack,['ext/msgpack']
nio4r,2.7.5,<allocator>,cNIO_ByteBuffer,NIO_ByteBuffer_allocate,0,rb_define_alloc_func,ext/nio4r/bytebuffer.c,63,ext/nio4r/bytebuffer.c,107,resolved,NIO_ByteBuffer_allocate,2.7.5,nio4r:ext/nio4r/bytebuffer.c:63:<allocator>,['ext/nio4r']
nio4r,2.7.5,initialize,cNIO_ByteBuffer,NIO_ByteBuffer_initialize,1,rb_define_method,ext/nio4r/bytebuffer.c,71,ext/nio4r/bytebuffer.c,131,resolved,NIO_ByteBuffer_initialize,2.7.5,nio4r:ext/nio4r/bytebuffer.c:71:initialize,['ext/nio4r']
nio4r,2.7.5,clear,cNIO_ByteBuffer,NIO_ByteBuffer_clear,0,rb_define_method,ext/nio4r/bytebuffer.c,72,ext/nio4r/bytebuffer.c,144,resolved,NIO_ByteBuffer_clear,2.7.5,nio4r:ext/nio4r/bytebuffer.c:72:clear,['ext/nio4r']
nio4r,2.7.5,position,cNIO_ByteBuffer,NIO_ByteBuffer_get_position,0,rb_define_method,ext/nio4r/bytebuffer.c,73,ext/nio4r/bytebuffer.c,158,resolved,NIO_ByteBuffer_get_position,2.7.5,nio4r:ext/nio4r/bytebuffer.c:73:position,['ext/nio4r']
nio4r,2.7.5,position=,cNIO_ByteBuffer,NIO_ByteBuffer_set_position,1,rb_define_method,ext/nio4r/bytebuffer.c,74,ext/nio4r/bytebuffer.c,166,resolved,NIO_ByteBuffer_set_position,2.7.5,nio4r:ext/nio4r/bytebuffer.c:74:position=,['ext/nio4r']
nio4r,2.7.5,limit,cNIO_ByteBuffer,NIO_ByteBuffer_get_limit,0,rb_define_method,ext/nio4r/bytebuffer.c,75,ext/nio4r/bytebuffer.c,191,resolved,NIO_ByteBuffer_get_limit,2.7.5,nio4r:ext/nio4r/bytebuffer.c:75:limit,['ext/nio4r']
nio4r,2.7.5,limit=,cNIO_ByteBuffer,NIO_ByteBuffer_set_limit,1,rb_define_method,ext/nio4r/bytebuffer.c,76,ext/nio4r/bytebuffer.c,199,resolved,NIO_ByteBuffer_set_limit,2.7.5,nio4r:ext/nio4r/bytebuffer.c:76:limit=,['ext/nio4r']
nio4r,2.7.5,capacity,cNIO_ByteBuffer,NIO_ByteBuffer_capacity,0,rb_define_method,ext/nio4r/bytebuffer.c,77,ext/nio4r/bytebuffer.c,228,resolved,NIO_ByteBuffer_capacity,2.7.5,nio4r:ext/nio4r/bytebuffer.c:77:capacity,['ext/nio4r']
nio4r,2.7.5,size,cNIO_ByteBuffer,NIO_ByteBuffer_capacity,0,rb_define_method,ext/nio4r/bytebuffer.c,78,ext/nio4r/bytebuffer.c,228,resolved,NIO_ByteBuffer_capacity,2.7.5,nio4r:ext/nio4r/bytebuffer.c:78:size,['ext/nio4r']
nio4r,2.7.5,remaining,cNIO_ByteBuffer,NIO_ByteBuffer_remaining,0,rb_define_method,ext/nio4r/bytebuffer.c,79,ext/nio4r/bytebuffer.c,236,resolved,NIO_ByteBuffer_remaining,2.7.5,nio4r:ext/nio4r/bytebuffer.c:79:remaining,['ext/nio4r']
nio4r,2.7.5,full?,cNIO_ByteBuffer,NIO_ByteBuffer_full,0,rb_define_method,ext/nio4r/bytebuffer.c,80,ext/nio4r/bytebuffer.c,244,resolved,NIO_ByteBuffer_full,2.7.5,nio4r:ext/nio4r/bytebuffer.c:80:full?,['ext/nio4r']
nio4r,2.7.5,get,cNIO_ByteBuffer,NIO_ByteBuffer_get,-1,rb_define_method,ext/nio4r/bytebuffer.c,81,ext/nio4r/bytebuffer.c,252,resolved,NIO_ByteBuffer_get,2.7.5,nio4r:ext/nio4r/bytebuffer.c:81:get,['ext/nio4r']
nio4r,2.7.5,[],cNIO_ByteBuffer,NIO_ByteBuffer_fetch,1,rb_define_method,ext/nio4r/bytebuffer.c,82,ext/nio4r/bytebuffer.c,281,resolved,NIO_ByteBuffer_fetch,2.7.5,nio4r:ext/nio4r/bytebuffer.c:82:[],['ext/nio4r']
nio4r,2.7.5,<<,cNIO_ByteBuffer,NIO_ByteBuffer_put,1,rb_define_method,ext/nio4r/bytebuffer.c,83,ext/nio4r/bytebuffer.c,300,resolved,NIO_ByteBuffer_put,2.7.5,nio4r:ext/nio4r/bytebuffer.c:83:<<,['ext/nio4r']
nio4r,2.7.5,read_from,cNIO_ByteBuffer,NIO_ByteBuffer_read_from,1,rb_define_method,ext/nio4r/bytebuffer.c,84,ext/nio4r/bytebuffer.c,319,resolved,NIO_ByteBuffer_read_from,2.7.5,nio4r:ext/nio4r/bytebuffer.c:84:read_from,['ext/nio4r']
nio4r,2.7.5,write_to,cNIO_ByteBuffer,NIO_ByteBuffer_write_to,1,rb_define_method,ext/nio4r/bytebuffer.c,85,ext/nio4r/bytebuffer.c,349,resolved,NIO_ByteBuffer_write_to,2.7.5,nio4r:ext/nio4r/bytebuffer.c:85:write_to,['ext/nio4r']
nio4r,2.7.5,flip,cNIO_ByteBuffer,NIO_ByteBuffer_flip,0,rb_define_method,ext/nio4r/bytebuffer.c,86,ext/nio4r/bytebuffer.c,378,resolved,NIO_ByteBuffer_flip,2.7.5,nio4r:ext/nio4r/bytebuffer.c:86:flip,['ext/nio4r']
nio4r,2.7.5,rewind,cNIO_ByteBuffer,NIO_ByteBuffer_rewind,0,rb_define_method,ext/nio4r/bytebuffer.c,87,ext/nio4r/bytebuffer.c,390,resolved,NIO_ByteBuffer_rewind,2.7.5,nio4r:ext/nio4r/bytebuffer.c:87:rewind,['ext/nio4r']
nio4r,2.7.5,mark,cNIO_ByteBuffer,NIO_ByteBuffer_mark,0,rb_define_method,ext/nio4r/bytebuffer.c,88,ext/nio4r/bytebuffer.c,401,resolved,NIO_ByteBuffer_mark,2.7.5,nio4r:ext/nio4r/bytebuffer.c:88:mark,['ext/nio4r']
nio4r,2.7.5,reset,cNIO_ByteBuffer,NIO_ByteBuffer_reset,0,rb_define_method,ext/nio4r/bytebuffer.c,89,ext/nio4r/bytebuffer.c,410,resolved,NIO_ByteBuffer_reset,2.7.5,nio4r:ext/nio4r/bytebuffer.c:89:reset,['ext/nio4r']
nio4r,2.7.5,compact,cNIO_ByteBuffer,NIO_ByteBuffer_compact,0,rb_define_method,ext/nio4r/bytebuffer.c,90,ext/nio4r/bytebuffer.c,424,resolved,NIO_ByteBuffer_compact,2.7.5,nio4r:ext/nio4r/bytebuffer.c:90:compact,['ext/nio4r']
nio4r,2.7.5,each,cNIO_ByteBuffer,NIO_ByteBuffer_each,0,rb_define_method,ext/nio4r/bytebuffer.c,91,ext/nio4r/bytebuffer.c,436,resolved,NIO_ByteBuffer_each,2.7.5,nio4r:ext/nio4r/bytebuffer.c:91:each,['ext/nio4r']
nio4r,2.7.5,inspect,cNIO_ByteBuffer,NIO_ByteBuffer_inspect,0,rb_define_method,ext/nio4r/bytebuffer.c,92,ext/nio4r/bytebuffer.c,453,resolved,NIO_ByteBuffer_inspect,2.7.5,nio4r:ext/nio4r/bytebuffer.c:92:inspect,['ext/nio4r']
nio4r,2.7.5,<allocator>,cNIO_Monitor,NIO_Monitor_allocate,0,rb_define_alloc_func,ext/nio4r/monitor.c,54,ext/nio4r/monitor.c,85,resolved,NIO_Monitor_allocate,2.7.5,nio4r:ext/nio4r/monitor.c:54:<allocator>,['ext/nio4r']
nio4r,2.7.5,initialize,cNIO_Monitor,NIO_Monitor_initialize,3,rb_define_method,ext/nio4r/monitor.c,56,ext/nio4r/monitor.c,105,resolved,NIO_Monitor_initialize,2.7.5,nio4r:ext/nio4r/monitor.c:56:initialize,['ext/nio4r']
nio4r,2.7.5,close,cNIO_Monitor,NIO_Monitor_close,-1,rb_define_method,ext/nio4r/monitor.c,57,ext/nio4r/monitor.c,148,resolved,NIO_Monitor_close,2.7.5,nio4r:ext/nio4r/monitor.c:57:close,['ext/nio4r']
nio4r,2.7.5,closed?,cNIO_Monitor,NIO_Monitor_is_closed,0,rb_define_method,ext/nio4r/monitor.c,58,ext/nio4r/monitor.c,175,resolved,NIO_Monitor_is_closed,2.7.5,nio4r:ext/nio4r/monitor.c:58:closed?,['ext/nio4r']
nio4r,2.7.5,io,cNIO_Monitor,NIO_Monitor_io,0,rb_define_method,ext/nio4r/monitor.c,59,ext/nio4r/monitor.c,183,resolved,NIO_Monitor_io,2.7.5,nio4r:ext/nio4r/monitor.c:59:io,['ext/nio4r']
nio4r,2.7.5,interests,cNIO_Monitor,NIO_Monitor_interests,0,rb_define_method,ext/nio4r/monitor.c,60,ext/nio4r/monitor.c,188,resolved,NIO_Monitor_interests,2.7.5,nio4r:ext/nio4r/monitor.c:60:interests,['ext/nio4r']
nio4r,2.7.5,interests=,cNIO_Monitor,NIO_Monitor_set_interests,1,rb_define_method,ext/nio4r/monitor.c,61,ext/nio4r/monitor.c,193,resolved,NIO_Monitor_set_interests,2.7.5,nio4r:ext/nio4r/monitor.c:61:interests=,['ext/nio4r']
nio4r,2.7.5,add_interest,cNIO_Monitor,NIO_Monitor_add_interest,1,rb_define_method,ext/nio4r/monitor.c,62,ext/nio4r/monitor.c,204,resolved,NIO_Monitor_add_interest,2.7.5,nio4r:ext/nio4r/monitor.c:62:add_interest,['ext/nio4r']
nio4r,2.7.5,remove_interest,cNIO_Monitor,NIO_Monitor_remove_interest,1,rb_define_method,ext/nio4r/monitor.c,63,ext/nio4r/monitor.c,215,resolved,NIO_Monitor_remove_interest,2.7.5,nio4r:ext/nio4r/monitor.c:63:remove_interest,['ext/nio4r']
nio4r,2.7.5,selector,cNIO_Monitor,NIO_Monitor_selector,0,rb_define_method,ext/nio4r/monitor.c,64,ext/nio4r/monitor.c,226,resolved,NIO_Monitor_selector,2.7.5,nio4r:ext/nio4r/monitor.c:64:selector,['ext/nio4r']
nio4r,2.7.5,value,cNIO_Monitor,NIO_Monitor_value,0,rb_define_method,ext/nio4r/monitor.c,65,ext/nio4r/monitor.c,231,resolved,NIO_Monitor_value,2.7.5,nio4r:ext/nio4r/monitor.c:65:value,['ext/nio4r']
nio4r,2.7.5,value=,cNIO_Monitor,NIO_Monitor_set_value,1,rb_define_method,ext/nio4r/monitor.c,66,ext/nio4r/monitor.c,236,resolved,NIO_Monitor_set_value,2.7.5,nio4r:ext/nio4r/monitor.c:66:value=,['ext/nio4r']
nio4r,2.7.5,readiness,cNIO_Monitor,NIO_Monitor_readiness,0,rb_define_method,ext/nio4r/monitor.c,67,ext/nio4r/monitor.c,241,resolved,NIO_Monitor_readiness,2.7.5,nio4r:ext/nio4r/monitor.c:67:readiness,['ext/nio4r']
nio4r,2.7.5,readable?,cNIO_Monitor,NIO_Monitor_is_readable,0,rb_define_method,ext/nio4r/monitor.c,68,ext/nio4r/monitor.c,257,resolved,NIO_Monitor_is_readable,2.7.5,nio4r:ext/nio4r/monitor.c:68:readable?,['ext/nio4r']
nio4r,2.7.5,writable?,cNIO_Monitor,NIO_Monitor_is_writable,0,rb_define_method,ext/nio4r/monitor.c,69,ext/nio4r/monitor.c,269,resolved,NIO_Monitor_is_writable,2.7.5,nio4r:ext/nio4r/monitor.c:69:writable?,['ext/nio4r']
nio4r,2.7.5,writeable?,cNIO_Monitor,NIO_Monitor_is_writable,0,rb_define_method,ext/nio4r/monitor.c,70,ext/nio4r/monitor.c,269,resolved,NIO_Monitor_is_writable,2.7.5,nio4r:ext/nio4r/monitor.c:70:writeable?,['ext/nio4r']
nio4r,2.7.5,<allocator>,cNIO_Selector,NIO_Selector_allocate,0,rb_define_alloc_func,ext/nio4r/selector.c,70,ext/nio4r/selector.c,100,resolved,NIO_Selector_allocate,2.7.5,nio4r:ext/nio4r/selector.c:70:<allocator>,['ext/nio4r']
nio4r,2.7.5,backends,cNIO_Selector,NIO_Selector_supported_backends,0,rb_define_singleton_method,ext/nio4r/selector.c,72,ext/nio4r/selector.c,186,resolved,NIO_Selector_supported_backends,2.7.5,nio4r:ext/nio4r/selector.c:72:backends,['ext/nio4r']
nio4r,2.7.5,initialize,cNIO_Selector,NIO_Selector_initialize,-1,rb_define_method,ext/nio4r/selector.c,73,ext/nio4r/selector.c,224,resolved,NIO_Selector_initialize,2.7.5,nio4r:ext/nio4r/selector.c:73:initialize,['ext/nio4r']
nio4r,2.7.5,backend,cNIO_Selector,NIO_Selector_backend,0,rb_define_method,ext/nio4r/selector.c,74,ext/nio4r/selector.c,283,resolved,NIO_Selector_backend,2.7.5,nio4r:ext/nio4r/selector.c:74:backend,['ext/nio4r']
nio4r,2.7.5,register,cNIO_Selector,NIO_Selector_register,2,rb_define_method,ext/nio4r/selector.c,75,ext/nio4r/selector.c,347,resolved,NIO_Selector_register,2.7.5,nio4r:ext/nio4r/selector.c:75:register,['ext/nio4r']
nio4r,2.7.5,deregister,cNIO_Selector,NIO_Selector_deregister,1,rb_define_method,ext/nio4r/selector.c,76,ext/nio4r/selector.c,388,resolved,NIO_Selector_deregister,2.7.5,nio4r:ext/nio4r/selector.c:76:deregister,['ext/nio4r']
nio4r,2.7.5,registered?,cNIO_Selector,NIO_Selector_is_registered,1,rb_define_method,ext/nio4r/selector.c,77,ext/nio4r/selector.c,414,resolved,NIO_Selector_is_registered,2.7.5,nio4r:ext/nio4r/selector.c:77:registered?,['ext/nio4r']
nio4r,2.7.5,select,cNIO_Selector,NIO_Selector_select,-1,rb_define_method,ext/nio4r/selector.c,78,ext/nio4r/selector.c,423,resolved,NIO_Selector_select,2.7.5,nio4r:ext/nio4r/selector.c:78:select,['ext/nio4r']
nio4r,2.7.5,wakeup,cNIO_Selector,NIO_Selector_wakeup,0,rb_define_method,ext/nio4r/selector.c,79,ext/nio4r/selector.c,515,resolved,NIO_Selector_wakeup,2.7.5,nio4r:ext/nio4r/selector.c:79:wakeup,['ext/nio4r']
nio4r,2.7.5,close,cNIO_Selector,NIO_Selector_close,0,rb_define_method,ext/nio4r/selector.c,80,ext/nio4r/selector.c,531,resolved,NIO_Selector_close,2.7.5,nio4r:ext/nio4r/selector.c:80:close,['ext/nio4r']
nio4r,2.7.5,closed?,cNIO_Selector,NIO_Selector_closed,0,rb_define_method,ext/nio4r/selector.c,81,ext/nio4r/selector.c,548,resolved,NIO_Selector_closed,2.7.5,nio4r:ext/nio4r/selector.c:81:closed?,['ext/nio4r']
nio4r,2.7.5,empty?,cNIO_Selector,NIO_Selector_is_empty,0,rb_define_method,ext/nio4r/selector.c,82,ext/nio4r/selector.c,563,resolved,NIO_Selector_is_empty,2.7.5,nio4r:ext/nio4r/selector.c:82:empty?,['ext/nio4r']
nkf,0.2.0,nkf,mNKF,rb_nkf_convert,2,rb_define_module_function,ext/nkf/nkf.c,482,ext/nkf/nkf.c,136,resolved,rb_nkf_convert,0.2.0,nkf:ext/nkf/nkf.c:482:nkf,['ext/nkf']
nkf,0.2.0,guess,mNKF,rb_nkf_guess,1,rb_define_module_function,ext/nkf/nkf.c,483,ext/nkf/nkf.c,190,resolved,rb_nkf_guess,0.2.0,nkf:ext/nkf/nkf.c:483:guess,['ext/nkf']
nokogiri,1.19.4,parse,mNokogiriGumbo,noko_gumbo_s_parse,-1,rb_define_singleton_method,ext/nokogiri/gumbo.c,606,ext/nokogiri/gumbo.c,336,resolved,noko_gumbo_s_parse,1.19.4;1.19.4-aarch64-linux-gnu;1.19.4-arm64-darwin;1.19.4-x86_64-darwin;1.19.4-x86_64-linux-gnu,nokogiri:ext/nokogiri/gumbo.c:606:parse,['ext/nokogiri']
nokogiri,1.19.4,fragment,mNokogiriGumbo,noko_gumbo_s_fragment,-1,rb_define_singleton_method,ext/nokogiri/gumbo.c,607,ext/nokogiri/gumbo.c,433,resolved,noko_gumbo_s_fragment,1.19.4;1.19.4-aarch64-linux-gnu;1.19.4-arm64-darwin;1.19.4-x86_64-darwin;1.19.4-x86_64-linux-gnu,nokogiri:ext/nokogiri/gumbo.c:607:fragment,['ext/nokogiri']
nokogiri,1.19.4,read_memory,cNokogiriHtml4Document,rb_html_document_s_read_memory,4,rb_define_singleton_method,ext/nokogiri/html4_document.c,163,ext/nokogiri/html4_document.c,97,resolved,rb_html_document_s_read_memory,1.19.4;1.19.4-aarch64-linux-gnu;1.19.4-arm64-darwin;1.19.4-x86_64-darwin;1.19.4-x86_64-linux-gnu,nokogiri:ext/nokogiri/html4_document.c:163:read_memory,['ext/nokogiri']
nokogiri,1.19.4,read_io,cNokogiriHtml4Document,rb_html_document_s_read_io,4,rb_define_singleton_method,ext/nokogiri/html4_document.c,164,ext/nokogiri/html4_document.c,39,resolved,rb_html_document_s_read_io,1.19.4;1.19.4-aarch64-linux-gnu;1.19.4-arm64-darwin;1.19.4-x86_64-darwin;1.19.4-x86_64-linux-gnu,nokogiri:ext/nokogiri/html4_document.c:164:read_io,['ext/nokogiri']
nokogiri,1.19.4,new,cNokogiriHtml4Document,rb_html_document_s_new,-1,rb_define_singleton_method,ext/nokogiri/html4_document.c,165,ext/nokogiri/html4_document.c,14,resolved,rb_html_document_s_new,1.19.4;1.19.4-aarch64-linux-gnu;1.19.4-arm64-darwin;1.19.4-x86_64-darwin;1.19.4-x86_64-linux-gnu,nokogiri:ext/nokogiri/html4_document.c:165:new,['ext/nokogiri']
nokogiri,1.19.4,type,cNokogiriHtml4Document,rb_html_document_type,0,rb_define_method,ext/nokogiri/html4_document.c,167,ext/nokogiri/html4_document.c,144,resolved,rb_html_document_type,1.19.4;1.19.4-aarch64-linux-gnu;1.19.4-arm64-darwin;1.19.4-x86_64-darwin;1.19.4-x86_64-linux-gnu,nokogiri:ext/nokogiri/html4_document.c:167:type,['ext/nokogiri']
nokogiri,1.19.4,[],cNokogiriHtml4ElementDescription,get_description,1,rb_define_singleton_method,ext/nokogiri/html4_element_description.c,284,ext/nokogiri/html4_element_description.c,266,resolved,get_description,1.19.4;1.19.4-aarch64-linux-gnu;1.19.4-arm64-darwin;1.19.4-x86_64-darwin;1.19.4-x86_64-linux-gnu,nokogiri:ext/nokogiri/html4_element_description.c:284:[],['ext/nokogiri']
nokogiri,1.19.4,name,cNokogiriHtml4ElementDescription,name,0,rb_define_method,ext/nokogiri/html4_element_description.c,286,ext/nokogiri/html4_element_description.c,250,resolved,name,1.19.4;1.19.4-aarch64-linux-gnu;1.19.4-arm64-darwin;1.19.4-x86_64-darwin;1.19.4-x86_64-linux-gnu,nokogiri:ext/nokogiri/html4_element_description.c:286:name,['ext/nokogiri']
nokogiri,1.19.4,implied_start_tag?,cNokogiriHtml4ElementDescription,implied_start_tag_eh,0,rb_define_method,ext/nokogiri/html4_element_description.c,287,ext/nokogiri/html4_element_description.c,234,resolved,implied_start_tag_eh,1.19.4;1.19.4-aarch64-linux-gnu;1.19.4-arm64-darwin;1.19.4-x86_64-darwin;1.19.4-x86_64-linux-gnu,nokogiri:ext/nokogiri/html4_element_description.c:287:implied_start_tag?,['ext/nokogiri']
nokogiri,1.19.4,implied_end_tag?,cNokogiriHtml4ElementDescription,implied_end_tag_eh,0,rb_define_method,ext/nokogiri/html4_element_description.c,288,ext/nokogiri/html4_element_description.c,218,resolved,implied_end_tag_eh,1.19.4;1.19.4-aarch64-linux-gnu;1.19.4-arm64-darwin;1.19.4-x86_64-darwin;1.19.4-x86_64-linux-gnu,nokogiri:ext/nokogiri/html4_element_description.c:288:implied_end_tag?,['ext/nokogiri']
nokogiri,1.19.4,save_end_tag?,cNokogiriHtml4ElementDescription,save_end_tag_eh,0,rb_define_method,ext/nokogiri/html4_element_description.c,289,ext/nokogiri/html4_element_description.c,202,resolved,save_end_tag_eh,1.19.4;1.19.4-aarch64-linux-gnu;1.19.4-arm64-darwin;1.19.4-x86_64-darwin;1.19.4-x86_64-linux-gnu,nokogiri:ext/nokogiri/html4_element_description.c:289:save_end_tag?,['ext/nokogiri']
nokogiri,1.19.4,empty?,cNokogiriHtml4ElementDescription,empty_eh,0,rb_define_method,ext/nokogiri/html4_element_description.c,290,ext/nokogiri/html4_element_description.c,186,resolved,empty_eh,1.19.4;1.19.4-aarch64-linux-gnu;1.19.4-arm64-darwin;1.19.4-x86_64-darwin;1.19.4-x86_64-linux-gnu,nokogiri:ext/nokogiri/html4_element_description.c:290:empty?,['ext/nokogiri']
nokogiri,1.19.4,deprecated?,cNokogiriHtml4ElementDescription,deprecated_eh,0,rb_define_method,ext/nokogiri/html4_element_description.c,291,ext/nokogiri/html4_element_description.c,170,resolved,deprecated_eh,1.19.4;1.19.4-aarch64-linux-gnu;1.19.4-arm64-darwin;1.19.4-x86_64-darwin;1.19.4-x86_64-linux-gnu,nokogiri:ext/nokogiri/html4_element_description.c:291:deprecated?,['ext/nokogiri']
nokogiri,1.19.4,inline?,cNokogiriHtml4ElementDescription,inline_eh,0,rb_define_method,ext/nokogiri/html4_element_description.c,292,ext/nokogiri/html4_element_description.c,154,resolved,inline_eh,1.19.4;1.19.4-aarch64-linux-gnu;1.19.4-arm64-darwin;1.19.4-x86_64-darwin;1.19.4-x86_64-linux-gnu,nokogiri:ext/nokogiri/html4_element_description.c:292:inline?,['ext/nokogiri']
nokogiri,1.19.4,description,cNokogiriHtml4ElementDescription,description,0,rb_define_method,ext/nokogiri/html4_element_description.c,293,ext/nokogiri/html4_element_description.c,139,resolved,description,1.19.4;1.19.4-aarch64-linux-gnu;1.19.4-arm64-darwin;1.19.4-x86_64-darwin;1.19.4-x86_64-linux-gnu,nokogiri:ext/nokogiri/html4_element_description.c:293:description,['ext/nokogiri']
nokogiri,1.19.4,sub_elements,cNokogiriHtml4ElementDescription,sub_elements,0,rb_define_method,ext/nokogiri/html4_element_description.c,294,ext/nokogiri/html4_element_description.c,113,resolved,sub_elements,1.19.4;1.19.4-aarch64-linux-gnu;1.19.4-arm64-darwin;1.19.4-x86_64-darwin;1.19.4-x86_64-linux-gnu,nokogiri:ext/nokogiri/html4_element_description.c:294:sub_elements,['ext/nokogiri']
nokogiri,1.19.4,default_sub_element,cNokogiriHtml4ElementDescription,default_sub_element,0,rb_define_method,ext/nokogiri/html4_element_description.c,295,ext/nokogiri/html4_element_description.c,94,resolved,default_sub_element,1.19.4;1.19.4-aarch64-linux-gnu;1.19.4-arm64-darwin;1.19.4-x86_64-darwin;1.19.4-x86_64-linux-gnu,nokogiri:ext/nokogiri/html4_element_description.c:295:default_sub_element,['ext/nokogiri']
nokogiri,1.19.4,optional_attributes,cNokogiriHtml4ElementDescription,optional_attributes,0,rb_define_method,ext/nokogiri/html4_element_description.c,296,ext/nokogiri/html4_element_description.c,68,resolved,optional_attributes,1.19.4;1.19.4-aarch64-linux-gnu;1.19.4-arm64-darwin;1.19.4-x86_64-darwin;1.19.4-x86_64-linux-gnu,nokogiri:ext/nokogiri/html4_element_description.c:296:optional_attributes,['ext/nokogiri']
nokogiri,1.19.4,deprecated_attributes,cNokogiriHtml4ElementDescription,deprecated_attributes,0,rb_define_method,ext/nokogiri/html4_element_description.c,297,ext/nokogiri/html4_element_description.c,42,resolved,deprecated_attributes,1.19.4;1.19.4-aarch64-linux-gnu;1.19.4-arm64-darwin;1.19.4-x86_64-darwin;1.19.4-x86_64-linux-gnu,nokogiri:ext/nokogiri/html4_element_description.c:297:deprecated_attributes,['ext/nokogiri']
nokogiri,1.19.4,required_attributes,cNokogiriHtml4ElementDescription,required_attributes,0,rb_define_method,ext/nokogiri/html4_element_description.c,298,ext/nokogiri/html4_element_description.c,16,resolved,required_attributes,1.19.4;1.19.4-aarch64-linux-gnu;1.19.4-arm64-darwin;1.19.4-x86_64-darwin;1.19.4-x86_64-linux-gnu,nokogiri:ext/nokogiri/html4_element_description.c:298:required_attributes,['ext/nokogiri']
nokogiri,1.19.4,get,cNokogiriHtml4EntityLookup,get,1,rb_define_method,ext/nokogiri/html4_entity_lookup.c,36,ext/nokogiri/html4_entity_lookup.c,11,resolved,get,1.19.4;1.19.4-aarch64-linux-gnu;1.19.4-arm64-darwin;1.19.4-x86_64-darwin;1.19.4-x86_64-linux-gnu,nokogiri:ext/nokogiri/html4_entity_lookup.c:36:get,['ext/nokogiri']
nokogiri,1.19.4,initialize_native,cNokogiriHtml4SaxParser,noko_html4_sax_parser_initialize,0,rb_define_private_method,ext/nokogiri/html4_sax_parser.c,36,ext/nokogiri/html4_sax_parser.c,19,resolved,noko_html4_sax_parser_initialize,1.19.4;1.19.4-aarch64-linux-gnu;1.19.4-arm64-darwin;1.19.4-x86_64-darwin;1.19.4-x86_64-linux-gnu,nokogiri:ext/nokogiri/html4_sax_parser.c:36:initialize_native,['ext/nokogiri']
nokogiri,1.19.4,native_memory,cNokogiriHtml4SaxParserContext,noko_html4_sax_parser_context_s_native_memory,2,rb_define_singleton_method,ext/nokogiri/html4_sax_parser_context.c,91,ext/nokogiri/html4_sax_parser_context.c,6,resolved,noko_html4_sax_parser_context_s_native_memory,1.19.4;1.19.4-aarch64-linux-gnu;1.19.4-arm64-darwin;1.19.4-x86_64-darwin;1.19.4-x86_64-linux-gnu,nokogiri:ext/nokogiri/html4_sax_parser_context.c:91:native_memory,['ext/nokogiri']
nokogiri,1.19.4,native_file,cNokogiriHtml4SaxParserContext,noko_html4_sax_parser_context_s_native_file,2,rb_define_singleton_method,ext/nokogiri/html4_sax_parser_context.c,93,ext/nokogiri/html4_sax_parser_context.c,35,resolved,noko_html4_sax_parser_context_s_native_file,1.19.4;1.19.4-aarch64-linux-gnu;1.19.4-arm64-darwin;1.19.4-x86_64-darwin;1.19.4-x86_64-linux-gnu,nokogiri:ext/nokogiri/html4_sax_parser_context.c:93:native_file,['ext/nokogiri']
nokogiri,1.19.4,parse_with,cNokogiriHtml4SaxParserContext,noko_html4_sax_parser_context__parse_with,1,rb_define_method,ext/nokogiri/html4_sax_parser_context.c,96,ext/nokogiri/html4_sax_parser_context.c,57,resolved,noko_html4_sax_parser_context__parse_with,1.19.4;1.19.4-aarch64-linux-gnu;1.19.4-arm64-darwin;1.19.4-x86_64-darwin;1.19.4-x86_64-linux-gnu,nokogiri:ext/nokogiri/html4_sax_parser_context.c:96:parse_with,['ext/nokogiri']
nokogiri,1.19.4,initialize_native,cNokogiriHtml4SaxPushParser,noko_html4_sax_push_parser__initialize_native,3,rb_define_private_method,ext/nokogiri/html4_sax_push_parser.c,92,ext/nokogiri/html4_sax_push_parser.c,42,resolved,noko_html4_sax_push_parser__initialize_native,1.19.4;1.19.4-aarch64-linux-gnu;1.19.4-arm64-darwin;1.19.4-x86_64-darwin;1.19.4-x86_64-linux-gnu,nokogiri:ext/nokogiri/html4_sax_push_parser.c:92:initialize_native,['ext/nokogiri']
nokogiri,1.19.4,native_write,cNokogiriHtml4SaxPushParser,noko_html4_sax_push_parser__native_write,2,rb_define_private_method,ext/nokogiri/html4_sax_push_parser.c,94,ext/nokogiri/html4_sax_push_parser.c,8,resolved,noko_html4_sax_push_parser__native_write,1.19.4;1.19.4-aarch64-linux-gnu;1.19.4-arm64-darwin;1.19.4-x86_64-darwin;1.19.4-x86_64-linux-gnu,nokogiri:ext/nokogiri/html4_sax_push_parser.c:94:native_write,['ext/nokogiri']
nokogiri,1.19.4,__foreign_error_handler,mNokogiriTest,rb_foreign_error_handler,0,rb_define_singleton_method,ext/nokogiri/test_global_handlers.c,39,ext/nokogiri/test_global_handlers.c,19,resolved,rb_foreign_error_handler,1.19.4;1.19.4-aarch64-linux-gnu;1.19.4-arm64-darwin;1.19.4-x86_64-darwin;1.19.4-x86_64-linux-gnu,nokogiri:ext/nokogiri/test_global_handlers.c:39:__foreign_error_handler,['ext/nokogiri']
nokogiri,1.19.4,new,cNokogiriXmlAttr,noko_xml_attr__new,-1,rb_define_singleton_method,ext/nokogiri/xml_attr.c,105,ext/nokogiri/xml_attr.c,60,resolved,noko_xml_attr__new,1.19.4;1.19.4-aarch64-linux-gnu;1.19.4-arm64-darwin;1.19.4-x86_64-darwin;1.19.4-x86_64-linux-gnu,nokogiri:ext/nokogiri/xml_attr.c:105:new,['ext/nokogiri']
nokogiri,1.19.4,value=,cNokogiriXmlAttr,noko_xml_attr_set_value,1,rb_define_method,ext/nokogiri/xml_attr.c,107,ext/nokogiri/xml_attr.c,12,resolved,noko_xml_attr_set_value,1.19.4;1.19.4-aarch64-linux-gnu;1.19.4-arm64-darwin;1.19.4-x86_64-darwin;1.19.4-x86_64-linux-gnu,nokogiri:ext/nokogiri/xml_attr.c:107:value=,['ext/nokogiri']
nokogiri,1.19.4,attribute_type,cNokogiriXmlAttributeDecl,attribute_type,0,rb_define_method,ext/nokogiri/xml_attribute_decl.c,67,ext/nokogiri/xml_attribute_decl.c,11,resolved,attribute_type,1.19.4;1.19.4-aarch64-linux-gnu;1.19.4-arm64-darwin;1.19.4-x86_64-darwin;1.19.4-x86_64-linux-gnu,nokogiri:ext/nokogiri/xml_attribute_decl.c:67:attribute_type,['ext/nokogiri']
nokogiri,1.19.4,default,cNokogiriXmlAttributeDecl,default_value,0,rb_define_method,ext/nokogiri/xml_attribute_decl.c,68,ext/nokogiri/xml_attribute_decl.c,25,resolved,default_value,1.19.4;1.19.4-aarch64-linux-gnu;1.19.4-arm64-darwin;1.19.4-x86_64-darwin;1.19.4-x86_64-linux-gnu,nokogiri:ext/nokogiri/xml_attribute_decl.c:68:default,['ext/nokogiri']
nokogiri,1.19.4,enumeration,cNokogiriXmlAttributeDecl,enumeration,0,rb_define_method,ext/nokogiri/xml_attribute_decl.c,69,ext/nokogiri/xml_attribute_decl.c,41,resolved,enumeration,1.19.4;1.19.4-aarch64-linux-gnu;1.19.4-arm64-darwin;1.19.4-x86_64-darwin;1.19.4-x86_64-linux-gnu,nokogiri:ext/nokogiri/xml_attribute_decl.c:69:enumeration,['ext/nokogiri']
nokogiri,1.19.4,new,cNokogiriXmlCData,rb_xml_cdata_s_new,-1,rb_define_singleton_method,ext/nokogiri/xml_cdata.c,61,ext/nokogiri/xml_cdata.c,14,resolved,rb_xml_cdata_s_new,1.19.4;1.19.4-aarch64-linux-gnu;1.19.4-arm64-darwin;1.19.4-x86_64-darwin;1.19.4-x86_64-linux-gnu,nokogiri:ext/nokogiri/xml_cdata.c:61:new,['ext/nokogiri']
nokogiri,1.19.4,new,cNokogiriXmlComment,new,-1,rb_define_singleton_method,ext/nokogiri/xml_comment.c,54,ext/nokogiri/xml_comment.c,14,resolved,new,1.19.4;1.19.4-aarch64-linux-gnu;1.19.4-arm64-darwin;1.19.4-x86_64-darwin;1.19.4-x86_64-linux-gnu,nokogiri:ext/nokogiri/xml_comment.c:54:new,['ext/nokogiri']
nokogiri,1.19.4,<allocator>,cNokogiriXmlDocument,_xml_document_alloc,0,rb_define_alloc_func,ext/nokogiri/xml_document.c,778,ext/nokogiri/xml_document.c,148,resolved,_xml_document_alloc,1.19.4;1.19.4-aarch64-linux-gnu;1.19.4-arm64-darwin;1.19.4-x86_64-darwin;1.19.4-x86_64-linux-gnu,nokogiri:ext/nokogiri/xml_document.c:778:<allocator>,['ext/nokogiri']
nokogiri,1.19.4,read_memory,cNokogiriXmlDocument,noko_xml_document_s_read_memory,4,rb_define_singleton_method,ext/nokogiri/xml_document.c,780,ext/nokogiri/xml_document.c,420,resolved,noko_xml_document_s_read_memory,1.19.4;1.19.4-aarch64-linux-gnu;1.19.4-arm64-darwin;1.19.4-x86_64-darwin;1.19.4-x86_64-linux-gnu,nokogiri:ext/nokogiri/xml_document.c:780:read_memory,['ext/nokogiri']
nokogiri,1.19.4,read_io,cNokogiriXmlDocument,noko_xml_document_s_read_io,4,rb_define_singleton_method,ext/nokogiri/xml_document.c,781,ext/nokogiri/xml_document.c,371,resolved,noko_xml_document_s_read_io,1.19.4;1.19.4-aarch64-linux-gnu;1.19.4-arm64-darwin;1.19.4-x86_64-darwin;1.19.4-x86_64-linux-gnu,nokogiri:ext/nokogiri/xml_document.c:781:read_io,['ext/nokogiri']
nokogiri,1.19.4,new,cNokogiriXmlDocument,new,-1,rb_define_singleton_method,ext/nokogiri/xml_document.c,782,ext/nokogiri/xml_document.c,460,resolved,new,1.19.4;1.19.4-aarch64-linux-gnu;1.19.4-arm64-darwin;1.19.4-x86_64-darwin;1.19.4-x86_64-linux-gnu,nokogiri:ext/nokogiri/xml_document.c:782:new,['ext/nokogiri']
nokogiri,1.19.4,root,cNokogiriXmlDocument,rb_xml_document_root,0,rb_define_method,ext/nokogiri/xml_document.c,784,ext/nokogiri/xml_document.c,298,resolved,rb_xml_document_root,1.19.4;1.19.4-aarch64-linux-gnu;1.19.4-arm64-darwin;1.19.4-x86_64-darwin;1.19.4-x86_64-linux-gnu,nokogiri:ext/nokogiri/xml_document.c:784:root,['ext/nokogiri']
nokogiri,1.19.4,root=,cNokogiriXmlDocument,rb_xml_document_root_set,1,rb_define_method,ext/nokogiri/xml_document.c,785,ext/nokogiri/xml_document.c,250,resolved,rb_xml_document_root_set,1.19.4;1.19.4-aarch64-linux-gnu;1.19.4-arm64-darwin;1.19.4-x86_64-darwin;1.19.4-x86_64-linux-gnu,nokogiri:ext/nokogiri/xml_document.c:785:root=,['ext/nokogiri']
nokogiri,1.19.4,encoding,cNokogiriXmlDocument,encoding,0,rb_define_method,ext/nokogiri/xml_document.c,786,ext/nokogiri/xml_document.c,341,resolved,encoding,1.19.4;1.19.4-aarch64-linux-gnu;1.19.4-arm64-darwin;1.19.4-x86_64-darwin;1.19.4-x86_64-linux-gnu,nokogiri:ext/nokogiri/xml_document.c:786:encoding,['ext/nokogiri']
nokogiri,1.19.4,encoding=,cNokogiriXmlDocument,set_encoding,1,rb_define_method,ext/nokogiri/xml_document.c,787,ext/nokogiri/xml_document.c,320,resolved,set_encoding,1.19.4;1.19.4-aarch64-linux-gnu;1.19.4-arm64-darwin;1.19.4-x86_64-darwin;1.19.4-x86_64-linux-gnu,nokogiri:ext/nokogiri/xml_document.c:787:encoding=,['ext/nokogiri']
nokogiri,1.19.4,version,cNokogiriXmlDocument,version,0,rb_define_method,ext/nokogiri/xml_document.c,788,ext/nokogiri/xml_document.c,356,resolved,version,1.19.4;1.19.4-aarch64-linux-gnu;1.19.4-arm64-darwin;1.19.4-x86_64-darwin;1.19.4-x86_64-linux-gnu,nokogiri:ext/nokogiri/xml_document.c:788:version,['ext/nokogiri']
nokogiri,1.19.4,canonicalize,cNokogiriXmlDocument,rb_xml_document_canonicalize,-1,rb_define_method,ext/nokogiri/xml_document.c,789,ext/nokogiri/xml_document.c,605,resolved,rb_xml_document_canonicalize,1.19.4;1.19.4-aarch64-linux-gnu;1.19.4-arm64-darwin;1.19.4-x86_64-darwin;1.19.4-x86_64-linux-gnu,nokogiri:ext/nokogiri/xml_document.c:789:canonicalize,['ext/nokogiri']
nokogiri,1.19.4,url,cNokogiriXmlDocument,url,0,rb_define_method,ext/nokogiri/xml_document.c,790,ext/nokogiri/xml_document.c,234,resolved,url,1.19.4;1.19.4-aarch64-linux-gnu;1.19.4-arm64-darwin;1.19.4-x86_64-darwin;1.19.4-x86_64-linux-gnu,nokogiri:ext/nokogiri/xml_document.c:790:url,['ext/nokogiri']
nokogiri,1.19.4,create_entity,cNokogiriXmlDocument,noko_xml_document__create_entity,-1,rb_define_method,ext/nokogiri/xml_document.c,791,ext/nokogiri/xml_document.c,533,resolved,noko_xml_document__create_entity,1.19.4;1.19.4-aarch64-linux-gnu;1.19.4-arm64-darwin;1.19.4-x86_64-darwin;1.19.4-x86_64-linux-gnu,nokogiri:ext/nokogiri/xml_document.c:791:create_entity,['ext/nokogiri']
nokogiri,1.19.4,remove_namespaces!,cNokogiriXmlDocument,remove_namespaces_bang,0,rb_define_method,ext/nokogiri/xml_document.c,792,ext/nokogiri/xml_document.c,512,resolved,remove_namespaces_bang,1.19.4;1.19.4-aarch64-linux-gnu;1.19.4-arm64-darwin;1.19.4-x86_64-darwin;1.19.4-x86_64-linux-gnu,nokogiri:ext/nokogiri/xml_document.c:792:remove_namespaces!,['ext/nokogiri']
nokogiri,1.19.4,initialize_copy_with_args,cNokogiriXmlDocument,rb_xml_document_initialize_copy_with_args,2,rb_define_protected_method,ext/nokogiri/xml_document.c,794,ext/nokogiri/xml_document.c,177,resolved,rb_xml_document_initialize_copy_with_args,1.19.4;1.19.4-aarch64-linux-gnu;1.19.4-arm64-darwin;1.19.4-x86_64-darwin;1.19.4-x86_64-linux-gnu,nokogiri:ext/nokogiri/xml_document.c:794:initialize_copy_with_args,['ext/nokogiri']
nokogiri,1.19.4,native_new,cNokogiriXmlDocumentFragment,noko_xml_document_fragment_s_native_new,1,rb_define_singleton_method,ext/nokogiri/xml_document_fragment.c,28,ext/nokogiri/xml_document_fragment.c,6,resolved,noko_xml_document_fragment_s_native_new,1.19.4;1.19.4-aarch64-linux-gnu;1.19.4-arm64-darwin;1.19.4-x86_64-darwin;1.19.4-x86_64-linux-gnu,nokogiri:ext/nokogiri/xml_document_fragment.c:28:native_new,['ext/nokogiri']
nokogiri,1.19.4,notations,cNokogiriXmlDtd,notations,0,rb_define_method,ext/nokogiri/xml_dtd.c,201,ext/nokogiri/xml_dtd.c,64,resolved,notations,1.19.4;1.19.4-aarch64-linux-gnu;1.19.4-arm64-darwin;1.19.4-x86_64-darwin;1.19.4-x86_64-linux-gnu,nokogiri:ext/nokogiri/xml_dtd.c:201:notations,['ext/nokogiri']
nokogiri,1.19.4,elements,cNokogiriXmlDtd,elements,0,rb_define_method,ext/nokogiri/xml_dtd.c,202,ext/nokogiri/xml_dtd.c,110,resolved,elements,1.19.4;1.19.4-aarch64-linux-gnu;1.19.4-arm64-darwin;1.19.4-x86_64-darwin;1.19.4-x86_64-linux-gnu,nokogiri:ext/nokogiri/xml_dtd.c:202:elements,['ext/nokogiri']
nokogiri,1.19.4,entities,cNokogiriXmlDtd,entities,0,rb_define_method,ext/nokogiri/xml_dtd.c,203,ext/nokogiri/xml_dtd.c,41,resolved,entities,1.19.4;1.19.4-aarch64-linux-gnu;1.19.4-arm64-darwin;1.19.4-x86_64-darwin;1.19.4-x86_64-linux-gnu,nokogiri:ext/nokogiri/xml_dtd.c:203:entities,['ext/nokogiri']
nokogiri,1.19.4,validate,cNokogiriXmlDtd,validate,1,rb_define_method,ext/nokogiri/xml_dtd.c,204,ext/nokogiri/xml_dtd.c,133,resolved,validate,1.19.4;1.19.4-aarch64-linux-gnu;1.19.4-arm64-darwin;1.19.4-x86_64-darwin;1.19.4-x86_64-linux-gnu,nokogiri:ext/nokogiri/xml_dtd.c:204:validate,['ext/nokogiri']
nokogiri,1.19.4,attributes,cNokogiriXmlDtd,attributes,0,rb_define_method,ext/nokogiri/xml_dtd.c,205,ext/nokogiri/xml_dtd.c,87,resolved,attributes,1.19.4;1.19.4-aarch64-linux-gnu;1.19.4-arm64-darwin;1.19.4-x86_64-darwin;1.19.4-x86_64-linux-gnu,nokogiri:ext/nokogiri/xml_dtd.c:205:attributes,['ext/nokogiri']
nokogiri,1.19.4,system_id,cNokogiriXmlDtd,system_id,0,rb_define_method,ext/nokogiri/xml_dtd.c,206,ext/nokogiri/xml_dtd.c,164,resolved,system_id,1.19.4;1.19.4-aarch64-linux-gnu;1.19.4-arm64-darwin;1.19.4-x86_64-darwin;1.19.4-x86_64-linux-gnu,nokogiri:ext/nokogiri/xml_dtd.c:206:system_id,['ext/nokogiri']
nokogiri,1.19.4,external_id,cNokogiriXmlDtd,external_id,0,rb_define_method,ext/nokogiri/xml_dtd.c,207,ext/nokogiri/xml_dtd.c,181,resolved,external_id,1.19.4;1.19.4-aarch64-linux-gnu;1.19.4-arm64-darwin;1.19.4-x86_64-darwin;1.19.4-x86_64-linux-gnu,nokogiri:ext/nokogiri/xml_dtd.c:207:external_id,['ext/nokogiri']
nokogiri,1.19.4,name,cNokogiriXmlElementContent,get_name,0,rb_define_method,ext/nokogiri/xml_element_content.c,124,ext/nokogiri/xml_element_content.c,16,resolved,get_name,1.19.4;1.19.4-aarch64-linux-gnu;1.19.4-arm64-darwin;1.19.4-x86_64-darwin;1.19.4-x86_64-linux-gnu,nokogiri:ext/nokogiri/xml_element_content.c:124:name,['ext/nokogiri']
nokogiri,1.19.4,type,cNokogiriXmlElementContent,get_type,0,rb_define_method,ext/nokogiri/xml_element_content.c,125,ext/nokogiri/xml_element_content.c,32,resolved,get_type,1.19.4;1.19.4-aarch64-linux-gnu;1.19.4-arm64-darwin;1.19.4-x86_64-darwin;1.19.4-x86_64-linux-gnu,nokogiri:ext/nokogiri/xml_element_content.c:125:type,['ext/nokogiri']
nokogiri,1.19.4,occur,cNokogiriXmlElementContent,get_occur,0,rb_define_method,ext/nokogiri/xml_element_content.c,126,ext/nokogiri/xml_element_content.c,73,resolved,get_occur,1.19.4;1.19.4-aarch64-linux-gnu;1.19.4-arm64-darwin;1.19.4-x86_64-darwin;1.19.4-x86_64-linux-gnu,nokogiri:ext/nokogiri/xml_element_content.c:126:occur,['ext/nokogiri']
nokogiri,1.19.4,prefix,cNokogiriXmlElementContent,get_prefix,0,rb_define_method,ext/nokogiri/xml_element_content.c,127,ext/nokogiri/xml_element_content.c,88,resolved,get_prefix,1.19.4;1.19.4-aarch64-linux-gnu;1.19.4-arm64-darwin;1.19.4-x86_64-darwin;1.19.4-x86_64-linux-gnu,nokogiri:ext/nokogiri/xml_element_content.c:127:prefix,['ext/nokogiri']
nokogiri,1.19.4,c1,cNokogiriXmlElementContent,get_c1,0,rb_define_private_method,ext/nokogiri/xml_element_content.c,129,ext/nokogiri/xml_element_content.c,44,resolved,get_c1,1.19.4;1.19.4-aarch64-linux-gnu;1.19.4-arm64-darwin;1.19.4-x86_64-darwin;1.19.4-x86_64-linux-gnu,nokogiri:ext/nokogiri/xml_element_content.c:129:c1,['ext/nokogiri']
nokogiri,1.19.4,c2,cNokogiriXmlElementContent,get_c2,0,rb_define_private_method,ext/nokogiri/xml_element_content.c,130,ext/nokogiri/xml_element_content.c,57,resolved,get_c2,1.19.4;1.19.4-aarch64-linux-gnu;1.19.4-arm64-darwin;1.19.4-x86_64-darwin;1.19.4-x86_64-linux-gnu,nokogiri:ext/nokogiri/xml_element_content.c:130:c2,['ext/nokogiri']
nokogiri,1.19.4,element_type,cNokogiriXmlElementDecl,element_type,0,rb_define_method,ext/nokogiri/xml_element_decl.c,64,ext/nokogiri/xml_element_decl.c,13,resolved,element_type,1.19.4;1.19.4-aarch64-linux-gnu;1.19.4-arm64-darwin;1.19.4-x86_64-darwin;1.19.4-x86_64-linux-gnu,nokogiri:ext/nokogiri/xml_element_decl.c:64:element_type,['ext/nokogiri']
nokogiri,1.19.4,content,cNokogiriXmlElementDecl,content,0,rb_define_method,ext/nokogiri/xml_element_decl.c,65,ext/nokogiri/xml_element_decl.c,27,resolved,content,1.19.4;1.19.4-aarch64-linux-gnu;1.19.4-arm64-darwin;1.19.4-x86_64-darwin;1.19.4-x86_64-linux-gnu,nokogiri:ext/nokogiri/xml_element_decl.c:65:content,['ext/nokogiri']
nokogiri,1.19.4,prefix,cNokogiriXmlElementDecl,prefix,0,rb_define_method,ext/nokogiri/xml_element_decl.c,66,ext/nokogiri/xml_element_decl.c,47,resolved,prefix,1.19.4;1.19.4-aarch64-linux-gnu;1.19.4-arm64-darwin;1.19.4-x86_64-darwin;1.19.4-x86_64-linux-gnu,nokogiri:ext/nokogiri/xml_element_decl.c:66:prefix,['ext/nokogiri']
nokogiri,1.19.4,[],cNokogiriEncodingHandler,rb_xml_encoding_handler_s_get,1,rb_define_singleton_method,ext/nokogiri/xml_encoding_handler.c,106,ext/nokogiri/xml_encoding_handler.c,27,resolved,rb_xml_encoding_handler_s_get,1.19.4;1.19.4-aarch64-linux-gnu;1.19.4-arm64-darwin;1.19.4-x86_64-darwin;1.19.4-x86_64-linux-gnu,nokogiri:ext/nokogiri/xml_encoding_handler.c:106:[],['ext/nokogiri']
nokogiri,1.19.4,delete,cNokogiriEncodingHandler,rb_xml_encoding_handler_s_delete,1,rb_define_singleton_method,ext/nokogiri/xml_encoding_handler.c,107,ext/nokogiri/xml_encoding_handler.c,46,resolved,rb_xml_encoding_handler_s_delete,1.19.4;1.19.4-aarch64-linux-gnu;1.19.4-arm64-darwin;1.19.4-x86_64-darwin;1.19.4-x86_64-linux-gnu,nokogiri:ext/nokogiri/xml_encoding_handler.c:107:delete,['ext/nokogiri']
nokogiri,1.19.4,alias,cNokogiriEncodingHandler,rb_xml_encoding_handler_s_alias,2,rb_define_singleton_method,ext/nokogiri/xml_encoding_handler.c,108,ext/nokogiri/xml_encoding_handler.c,60,resolved,rb_xml_encoding_handler_s_alias,1.19.4;1.19.4-aarch64-linux-gnu;1.19.4-arm64-darwin;1.19.4-x86_64-darwin;1.19.4-x86_64-linux-gnu,nokogiri:ext/nokogiri/xml_encoding_handler.c:108:alias,['ext/nokogiri']
nokogiri,1.19.4,clear_aliases!,cNokogiriEncodingHandler,rb_xml_encoding_handler_s_clear_aliases,0,rb_define_singleton_method,ext/nokogiri/xml_encoding_handler.c,109,ext/nokogiri/xml_encoding_handler.c,74,resolved,rb_xml_encoding_handler_s_clear_aliases,1.19.4;1.19.4-aarch64-linux-gnu;1.19.4-arm64-darwin;1.19.4-x86_64-darwin;1.19.4-x86_64-linux-gnu,nokogiri:ext/nokogiri/xml_encoding_handler.c:109:clear_aliases!,['ext/nokogiri']
nokogiri,1.19.4,name,cNokogiriEncodingHandler,rb_xml_encoding_handler_name,0,rb_define_method,ext/nokogiri/xml_encoding_handler.c,111,ext/nokogiri/xml_encoding_handler.c,88,resolved,rb_xml_encoding_handler_name,1.19.4;1.19.4-aarch64-linux-gnu;1.19.4-arm64-darwin;1.19.4-x86_64-darwin;1.19.4-x86_64-linux-gnu,nokogiri:ext/nokogiri/xml_encoding_handler.c:111:name,['ext/nokogiri']
nokogiri,1.19.4,original_content,cNokogiriXmlEntityDecl,original_content,0,rb_define_method,ext/nokogiri/xml_entity_decl.c,94,ext/nokogiri/xml_entity_decl.c,11,resolved,original_content,1.19.4;1.19.4-aarch64-linux-gnu;1.19.4-arm64-darwin;1.19.4-x86_64-darwin;1.19.4-x86_64-linux-gnu,nokogiri:ext/nokogiri/xml_entity_decl.c:94:original_content,['ext/nokogiri']
nokogiri,1.19.4,content,cNokogiriXmlEntityDecl,get_content,0,rb_define_method,ext/nokogiri/xml_entity_decl.c,95,ext/nokogiri/xml_entity_decl.c,28,resolved,get_content,1.19.4;1.19.4-aarch64-linux-gnu;1.19.4-arm64-darwin;1.19.4-x86_64-darwin;1.19.4-x86_64-linux-gnu,nokogiri:ext/nokogiri/xml_entity_decl.c:95:content,['ext/nokogiri']
nokogiri,1.19.4,entity_type,cNokogiriXmlEntityDecl,entity_type,0,rb_define_method,ext/nokogiri/xml_entity_decl.c,96,ext/nokogiri/xml_entity_decl.c,45,resolved,entity_type,1.19.4;1.19.4-aarch64-linux-gnu;1.19.4-arm64-darwin;1.19.4-x86_64-darwin;1.19.4-x86_64-linux-gnu,nokogiri:ext/nokogiri/xml_entity_decl.c:96:entity_type,['ext/nokogiri']
nokogiri,1.19.4,external_id,cNokogiriXmlEntityDecl,external_id,0,rb_define_method,ext/nokogiri/xml_entity_decl.c,97,ext/nokogiri/xml_entity_decl.c,60,resolved,external_id,1.19.4;1.19.4-aarch64-linux-gnu;1.19.4-arm64-darwin;1.19.4-x86_64-darwin;1.19.4-x86_64-linux-gnu,nokogiri:ext/nokogiri/xml_entity_decl.c:97:external_id,['ext/nokogiri']
nokogiri,1.19.4,system_id,cNokogiriXmlEntityDecl,system_id,0,rb_define_method,ext/nokogiri/xml_entity_decl.c,98,ext/nokogiri/xml_entity_decl.c,77,resolved,system_id,1.19.4;1.19.4-aarch64-linux-gnu;1.19.4-arm64-darwin;1.19.4-x86_64-darwin;1.19.4-x86_64-linux-gnu,nokogiri:ext/nokogiri/xml_entity_decl.c:98:system_id,['ext/nokogiri']
nokogiri,1.19.4,new,cNokogiriXmlEntityReference,new,-1,rb_define_singleton_method,ext/nokogiri/xml_entity_reference.c,49,ext/nokogiri/xml_entity_reference.c,11,resolved,new,1.19.4;1.19.4-aarch64-linux-gnu;1.19.4-arm64-darwin;1.19.4-x86_64-darwin;1.19.4-x86_64-linux-gnu,nokogiri:ext/nokogiri/xml_entity_reference.c:49:new,['ext/nokogiri']
nokogiri,1.19.4,prefix,cNokogiriXmlNamespace,prefix,0,rb_define_method,ext/nokogiri/xml_namespace.c,179,ext/nokogiri/xml_namespace.c,93,resolved,prefix,1.19.4;1.19.4-aarch64-linux-gnu;1.19.4-arm64-darwin;1.19.4-x86_64-darwin;1.19.4-x86_64-linux-gnu,nokogiri:ext/nokogiri/xml_namespace.c:179:prefix,['ext/nokogiri']
nokogiri,1.19.4,href,cNokogiriXmlNamespace,href,0,rb_define_method,ext/nokogiri/xml_namespace.c,180,ext/nokogiri/xml_namespace.c,126,resolved,href,1.19.4;1.19.4-aarch64-linux-gnu;1.19.4-arm64-darwin;1.19.4-x86_64-darwin;1.19.4-x86_64-linux-gnu,nokogiri:ext/nokogiri/xml_namespace.c:180:href,['ext/nokogiri']
nokogiri,1.19.4,<allocator>,cNokogiriXmlNode,_xml_node_alloc,0,rb_define_alloc_func,ext/nokogiri/xml_node.c,2459,ext/nokogiri/xml_node.c,50,resolved,_xml_node_alloc,1.19.4;1.19.4-aarch64-linux-gnu;1.19.4-arm64-darwin;1.19.4-x86_64-darwin;1.19.4-x86_64-linux-gnu,nokogiri:ext/nokogiri/xml_node.c:2459:<allocator>,['ext/nokogiri']
nokogiri,1.19.4,new,cNokogiriXmlNode,rb_xml_node_new,-1,rb_define_singleton_method,ext/nokogiri/xml_node.c,2461,ext/nokogiri/xml_node.c,2082,resolved,rb_xml_node_new,1.19.4;1.19.4-aarch64-linux-gnu;1.19.4-arm64-darwin;1.19.4-x86_64-darwin;1.19.4-x86_64-linux-gnu,nokogiri:ext/nokogiri/xml_node.c:2461:new,['ext/nokogiri']
nokogiri,1.19.4,add_namespace_definition,cNokogiriXmlNode,rb_xml_node_add_namespace_definition,2,rb_define_method,ext/nokogiri/xml_node.c,2463,ext/nokogiri/xml_node.c,466,resolved,rb_xml_node_add_namespace_definition,1.19.4;1.19.4-aarch64-linux-gnu;1.19.4-arm64-darwin;1.19.4-x86_64-darwin;1.19.4-x86_64-linux-gnu,nokogiri:ext/nokogiri/xml_node.c:2463:add_namespace_definition,['ext/nokogiri']
nokogiri,1.19.4,attribute,cNokogiriXmlNode,rb_xml_node_attribute,1,rb_define_method,ext/nokogiri/xml_node.c,2464,ext/nokogiri/xml_node.c,535,resolved,rb_xml_node_attribute,1.19.4;1.19.4-aarch64-linux-gnu;1.19.4-arm64-darwin;1.19.4-x86_64-darwin;1.19.4-x86_64-linux-gnu,nokogiri:ext/nokogiri/xml_node.c:2464:attribute,['ext/nokogiri']
nokogiri,1.19.4,attribute_nodes,cNokogiriXmlNode,rb_xml_node_attribute_nodes,0,rb_define_method,ext/nokogiri/xml_node.c,2465,ext/nokogiri/xml_node.c,586,resolved,rb_xml_node_attribute_nodes,1.19.4;1.19.4-aarch64-linux-gnu;1.19.4-arm64-darwin;1.19.4-x86_64-darwin;1.19.4-x86_64-linux-gnu,nokogiri:ext/nokogiri/xml_node.c:2465:attribute_nodes,['ext/nokogiri']
nokogiri,1.19.4,attribute_with_ns,cNokogiriXmlNode,rb_xml_node_attribute_with_ns,2,rb_define_method,ext/nokogiri/xml_node.c,2466,ext/nokogiri/xml_node.c,638,resolved,rb_xml_node_attribute_with_ns,1.19.4;1.19.4-aarch64-linux-gnu;1.19.4-arm64-darwin;1.19.4-x86_64-darwin;1.19.4-x86_64-linux-gnu,nokogiri:ext/nokogiri/xml_node.c:2466:attribute_with_ns,['ext/nokogiri']
nokogiri,1.19.4,blank?,cNokogiriXmlNode,rb_xml_node_blank_eh,0,rb_define_method,ext/nokogiri/xml_node.c,2467,ext/nokogiri/xml_node.c,666,resolved,rb_xml_node_blank_eh,1.19.4;1.19.4-aarch64-linux-gnu;1.19.4-arm64-darwin;1.19.4-x86_64-darwin;1.19.4-x86_64-linux-gnu,nokogiri:ext/nokogiri/xml_node.c:2467:blank?,['ext/nokogiri']
nokogiri,1.19.4,child,cNokogiriXmlNode,rb_xml_node_child,0,rb_define_method,ext/nokogiri/xml_node.c,2468,ext/nokogiri/xml_node.c,688,resolved,rb_xml_node_child,1.19.4;1.19.4-aarch64-linux-gnu;1.19.4-arm64-darwin;1.19.4-x86_64-darwin;1.19.4-x86_64-linux-gnu,nokogiri:ext/nokogiri/xml_node.c:2468:child,['ext/nokogiri']
nokogiri,1.19.4,children,cNokogiriXmlNode,rb_xml_node_children,0,rb_define_method,ext/nokogiri/xml_node.c,2469,ext/nokogiri/xml_node.c,708,resolved,rb_xml_node_children,1.19.4;1.19.4-aarch64-linux-gnu;1.19.4-arm64-darwin;1.19.4-x86_64-darwin;1.19.4-x86_64-linux-gnu,nokogiri:ext/nokogiri/xml_node.c:2469:children,['ext/nokogiri']
nokogiri,1.19.4,content,cNokogiriXmlNode,rb_xml_node_content,0,rb_define_method,ext/nokogiri/xml_node.c,2470,ext/nokogiri/xml_node.c,770,resolved,rb_xml_node_content,1.19.4;1.19.4-aarch64-linux-gnu;1.19.4-arm64-darwin;1.19.4-x86_64-darwin;1.19.4-x86_64-linux-gnu,nokogiri:ext/nokogiri/xml_node.c:2470:content,['ext/nokogiri']
nokogiri,1.19.4,create_external_subset,cNokogiriXmlNode,create_external_subset,3,rb_define_method,ext/nokogiri/xml_node.c,2471,ext/nokogiri/xml_node.c,888,resolved,create_external_subset,1.19.4;1.19.4-aarch64-linux-gnu;1.19.4-arm64-darwin;1.19.4-x86_64-darwin;1.19.4-x86_64-linux-gnu,nokogiri:ext/nokogiri/xml_node.c:2471:create_external_subset,['ext/nokogiri']
nokogiri,1.19.4,create_internal_subset,cNokogiriXmlNode,create_internal_subset,3,rb_define_method,ext/nokogiri/xml_node.c,2472,ext/nokogiri/xml_node.c,855,resolved,create_internal_subset,1.19.4;1.19.4-aarch64-linux-gnu;1.19.4-arm64-darwin;1.19.4-x86_64-darwin;1.19.4-x86_64-linux-gnu,nokogiri:ext/nokogiri/xml_node.c:2472:create_internal_subset,['ext/nokogiri']
nokogiri,1.19.4,data_ptr?,cNokogiriXmlNode,rb_xml_node_data_ptr_eh,0,rb_define_method,ext/nokogiri/xml_node.c,2473,ext/nokogiri/xml_node.c,2351,resolved,rb_xml_node_data_ptr_eh,1.19.4;1.19.4-aarch64-linux-gnu;1.19.4-arm64-darwin;1.19.4-x86_64-darwin;1.19.4-x86_64-linux-gnu,nokogiri:ext/nokogiri/xml_node.c:2473:data_ptr?,['ext/nokogiri']
nokogiri,1.19.4,document,cNokogiriXmlNode,rb_xml_node_document,0,rb_define_method,ext/nokogiri/xml_node.c,2474,ext/nokogiri/xml_node.c,795,resolved,rb_xml_node_document,1.19.4;1.19.4-aarch64-linux-gnu;1.19.4-arm64-darwin;1.19.4-x86_64-darwin;1.19.4-x86_64-linux-gnu,nokogiri:ext/nokogiri/xml_node.c:2474:document,['ext/nokogiri']
nokogiri,1.19.4,element_children,cNokogiriXmlNode,rb_xml_node_element_children,0,rb_define_method,ext/nokogiri/xml_node.c,2475,ext/nokogiri/xml_node.c,1117,resolved,rb_xml_node_element_children,1.19.4;1.19.4-aarch64-linux-gnu;1.19.4-arm64-darwin;1.19.4-x86_64-darwin;1.19.4-x86_64-linux-gnu,nokogiri:ext/nokogiri/xml_node.c:2475:element_children,['ext/nokogiri']
nokogiri,1.19.4,encode_special_chars,cNokogiriXmlNode,encode_special_chars,1,rb_define_method,ext/nokogiri/xml_node.c,2476,ext/nokogiri/xml_node.c,824,resolved,encode_special_chars,1.19.4;1.19.4-aarch64-linux-gnu;1.19.4-arm64-darwin;1.19.4-x86_64-darwin;1.19.4-x86_64-linux-gnu,nokogiri:ext/nokogiri/xml_node.c:2476:encode_special_chars,['ext/nokogiri']
nokogiri,1.19.4,external_subset,cNokogiriXmlNode,external_subset,0,rb_define_method,ext/nokogiri/xml_node.c,2477,ext/nokogiri/xml_node.c,921,resolved,external_subset,1.19.4;1.19.4-aarch64-linux-gnu;1.19.4-arm64-darwin;1.19.4-x86_64-darwin;1.19.4-x86_64-linux-gnu,nokogiri:ext/nokogiri/xml_node.c:2477:external_subset,['ext/nokogiri']
nokogiri,1.19.4,first_element_child,cNokogiriXmlNode,rb_xml_node_first_element_child,0,rb_define_method,ext/nokogiri/xml_node.c,2478,ext/nokogiri/xml_node.c,1161,resolved,rb_xml_node_first_element_child,1.19.4;1.19.4-aarch64-linux-gnu;1.19.4-arm64-darwin;1.19.4-x86_64-darwin;1.19.4-x86_64-linux-gnu,nokogiri:ext/nokogiri/xml_node.c:2478:first_element_child,['ext/nokogiri']
nokogiri,1.19.4,internal_subset,cNokogiriXmlNode,internal_subset,0,rb_define_method,ext/nokogiri/xml_node.c,2479,ext/nokogiri/xml_node.c,946,resolved,internal_subset,1.19.4;1.19.4-aarch64-linux-gnu;1.19.4-arm64-darwin;1.19.4-x86_64-darwin;1.19.4-x86_64-linux-gnu,nokogiri:ext/nokogiri/xml_node.c:2479:internal_subset,['ext/nokogiri']
nokogiri,1.19.4,key?,cNokogiriXmlNode,key_eh,1,rb_define_method,ext/nokogiri/xml_node.c,2480,ext/nokogiri/xml_node.c,1206,resolved,key_eh,1.19.4;1.19.4-aarch64-linux-gnu;1.19.4-arm64-darwin;1.19.4-x86_64-darwin;1.19.4-x86_64-linux-gnu,nokogiri:ext/nokogiri/xml_node.c:2480:key?,['ext/nokogiri']
nokogiri,1.19.4,lang,cNokogiriXmlNode,get_lang,0,rb_define_method,ext/nokogiri/xml_node.c,2481,ext/nokogiri/xml_node.c,1581,resolved,get_lang,1.19.4;1.19.4-aarch64-linux-gnu;1.19.4-arm64-darwin;1.19.4-x86_64-darwin;1.19.4-x86_64-linux-gnu,nokogiri:ext/nokogiri/xml_node.c:2481:lang,['ext/nokogiri']
nokogiri,1.19.4,lang=,cNokogiriXmlNode,set_lang,1,rb_define_method,ext/nokogiri/xml_node.c,2482,ext/nokogiri/xml_node.c,1560,resolved,set_lang,1.19.4;1.19.4-aarch64-linux-gnu;1.19.4-arm64-darwin;1.19.4-x86_64-darwin;1.19.4-x86_64-linux-gnu,nokogiri:ext/nokogiri/xml_node.c:2482:lang=,['ext/nokogiri']
nokogiri,1.19.4,last_element_child,cNokogiriXmlNode,rb_xml_node_last_element_child,0,rb_define_method,ext/nokogiri/xml_node.c,2483,ext/nokogiri/xml_node.c,1188,resolved,rb_xml_node_last_element_child,1.19.4;1.19.4-aarch64-linux-gnu;1.19.4-arm64-darwin;1.19.4-x86_64-darwin;1.19.4-x86_64-linux-gnu,nokogiri:ext/nokogiri/xml_node.c:2483:last_element_child,['ext/nokogiri']
nokogiri,1.19.4,line,cNokogiriXmlNode,rb_xml_node_line,0,rb_define_method,ext/nokogiri/xml_node.c,2484,ext/nokogiri/xml_node.c,2044,resolved,rb_xml_node_line,1.19.4;1.19.4-aarch64-linux-gnu;1.19.4-arm64-darwin;1.19.4-x86_64-darwin;1.19.4-x86_64-linux-gnu,nokogiri:ext/nokogiri/xml_node.c:2484:line,['ext/nokogiri']
nokogiri,1.19.4,line=,cNokogiriXmlNode,rb_xml_node_line_set,1,rb_define_method,ext/nokogiri/xml_node.c,2485,ext/nokogiri/xml_node.c,2059,resolved,rb_xml_node_line_set,1.19.4;1.19.4-aarch64-linux-gnu;1.19.4-arm64-darwin;1.19.4-x86_64-darwin;1.19.4-x86_64-linux-gnu,nokogiri:ext/nokogiri/xml_node.c:2485:line=,['ext/nokogiri']
nokogiri,1.19.4,namespace,cNokogiriXmlNode,rb_xml_node_namespace,0,rb_define_method,ext/nokogiri/xml_node.c,2486,ext/nokogiri/xml_node.c,1366,resolved,rb_xml_node_namespace,1.19.4;1.19.4-aarch64-linux-gnu;1.19.4-arm64-darwin;1.19.4-x86_64-darwin;1.19.4-x86_64-linux-gnu,nokogiri:ext/nokogiri/xml_node.c:2486:namespace,['ext/nokogiri']
nokogiri,1.19.4,namespace_definitions,cNokogiriXmlNode,namespace_definitions,0,rb_define_method,ext/nokogiri/xml_node.c,2487,ext/nokogiri/xml_node.c,1407,resolved,namespace_definitions,1.19.4;1.19.4-aarch64-linux-gnu;1.19.4-arm64-darwin;1.19.4-x86_64-darwin;1.19.4-x86_64-linux-gnu,nokogiri:ext/nokogiri/xml_node.c:2487:namespace_definitions,['ext/nokogiri']
nokogiri,1.19.4,namespace_scopes,cNokogiriXmlNode,rb_xml_node_namespace_scopes,0,rb_define_method,ext/nokogiri/xml_node.c,2488,ext/nokogiri/xml_node.c,1458,resolved,rb_xml_node_namespace_scopes,1.19.4;1.19.4-aarch64-linux-gnu;1.19.4-arm64-darwin;1.19.4-x86_64-darwin;1.19.4-x86_64-linux-gnu,nokogiri:ext/nokogiri/xml_node.c:2488:namespace_scopes,['ext/nokogiri']
nokogiri,1.19.4,namespaced_key?,cNokogiriXmlNode,namespaced_key_eh,2,rb_define_method,ext/nokogiri/xml_node.c,2489,ext/nokogiri/xml_node.c,1223,resolved,namespaced_key_eh,1.19.4;1.19.4-aarch64-linux-gnu;1.19.4-arm64-darwin;1.19.4-x86_64-darwin;1.19.4-x86_64-linux-gnu,nokogiri:ext/nokogiri/xml_node.c:2489:namespaced_key?,['ext/nokogiri']
nokogiri,1.19.4,native_content=,cNokogiriXmlNode,set_native_content,1,rb_define_method,ext/nokogiri/xml_node.c,2490,ext/nokogiri/xml_node.c,1536,resolved,set_native_content,1.19.4;1.19.4-aarch64-linux-gnu;1.19.4-arm64-darwin;1.19.4-x86_64-darwin;1.19.4-x86_64-linux-gnu,nokogiri:ext/nokogiri/xml_node.c:2490:native_content=,['ext/nokogiri']
nokogiri,1.19.4,next_element,cNokogiriXmlNode,next_element,0,rb_define_method,ext/nokogiri/xml_node.c,2491,ext/nokogiri/xml_node.c,1054,resolved,next_element,1.19.4;1.19.4-aarch64-linux-gnu;1.19.4-arm64-darwin;1.19.4-x86_64-darwin;1.19.4-x86_64-linux-gnu,nokogiri:ext/nokogiri/xml_node.c:2491:next_element,['ext/nokogiri']
nokogiri,1.19.4,next_sibling,cNokogiriXmlNode,next_sibling,0,rb_define_method,ext/nokogiri/xml_node.c,2492,ext/nokogiri/xml_node.c,1018,resolved,next_sibling,1.19.4;1.19.4-aarch64-linux-gnu;1.19.4-arm64-darwin;1.19.4-x86_64-darwin;1.19.4-x86_64-linux-gnu,nokogiri:ext/nokogiri/xml_node.c:2492:next_sibling,['ext/nokogiri']
nokogiri,1.19.4,node_name,cNokogiriXmlNode,get_name,0,rb_define_method,ext/nokogiri/xml_node.c,2493,ext/nokogiri/xml_node.c,1646,resolved,get_name,1.19.4;1.19.4-aarch64-linux-gnu;1.19.4-arm64-darwin;1.19.4-x86_64-darwin;1.19.4-x86_64-linux-gnu,nokogiri:ext/nokogiri/xml_node.c:2493:node_name,['ext/nokogiri']
nokogiri,1.19.4,node_name=,cNokogiriXmlNode,set_name,1,rb_define_method,ext/nokogiri/xml_node.c,2494,ext/nokogiri/xml_node.c,1631,resolved,set_name,1.19.4;1.19.4-aarch64-linux-gnu;1.19.4-arm64-darwin;1.19.4-x86_64-darwin;1.19.4-x86_64-linux-gnu,nokogiri:ext/nokogiri/xml_node.c:2494:node_name=,['ext/nokogiri']
nokogiri,1.19.4,node_type,cNokogiriXmlNode,node_type,0,rb_define_method,ext/nokogiri/xml_node.c,2495,ext/nokogiri/xml_node.c,1487,resolved,node_type,1.19.4;1.19.4-aarch64-linux-gnu;1.19.4-arm64-darwin;1.19.4-x86_64-darwin;1.19.4-x86_64-linux-gnu,nokogiri:ext/nokogiri/xml_node.c:2495:node_type,['ext/nokogiri']
nokogiri,1.19.4,parent,cNokogiriXmlNode,get_parent,0,rb_define_method,ext/nokogiri/xml_node.c,2496,ext/nokogiri/xml_node.c,1613,resolved,get_parent,1.19.4;1.19.4-aarch64-linux-gnu;1.19.4-arm64-darwin;1.19.4-x86_64-darwin;1.19.4-x86_64-linux-gnu,nokogiri:ext/nokogiri/xml_node.c:2496:parent,['ext/nokogiri']
nokogiri,1.19.4,path,cNokogiriXmlNode,rb_xml_node_path,0,rb_define_method,ext/nokogiri/xml_node.c,2497,ext/nokogiri/xml_node.c,1663,resolved,rb_xml_node_path,1.19.4;1.19.4-aarch64-linux-gnu;1.19.4-arm64-darwin;1.19.4-x86_64-darwin;1.19.4-x86_64-linux-gnu,nokogiri:ext/nokogiri/xml_node.c:2497:path,['ext/nokogiri']
nokogiri,1.19.4,pointer_id,cNokogiriXmlNode,rb_xml_node_pointer_id,0,rb_define_method,ext/nokogiri/xml_node.c,2498,ext/nokogiri/xml_node.c,810,resolved,rb_xml_node_pointer_id,1.19.4;1.19.4-aarch64-linux-gnu;1.19.4-arm64-darwin;1.19.4-x86_64-darwin;1.19.4-x86_64-linux-gnu,nokogiri:ext/nokogiri/xml_node.c:2498:pointer_id,['ext/nokogiri']
nokogiri,1.19.4,previous_element,cNokogiriXmlNode,previous_element,0,rb_define_method,ext/nokogiri/xml_node.c,2499,ext/nokogiri/xml_node.c,1072,resolved,previous_element,1.19.4;1.19.4-aarch64-linux-gnu;1.19.4-arm64-darwin;1.19.4-x86_64-darwin;1.19.4-x86_64-linux-gnu,nokogiri:ext/nokogiri/xml_node.c:2499:previous_element,['ext/nokogiri']
nokogiri,1.19.4,previous_sibling,cNokogiriXmlNode,previous_sibling,0,rb_define_method,ext/nokogiri/xml_node.c,2500,ext/nokogiri/xml_node.c,1036,resolved,previous_sibling,1.19.4;1.19.4-aarch64-linux-gnu;1.19.4-arm64-darwin;1.19.4-x86_64-darwin;1.19.4-x86_64-linux-gnu,nokogiri:ext/nokogiri/xml_node.c:2500:previous_sibling,['ext/nokogiri']
nokogiri,1.19.4,unlink,cNokogiriXmlNode,unlink_node,0,rb_define_method,ext/nokogiri/xml_node.c,2501,ext/nokogiri/xml_node.c,1001,resolved,unlink_node,1.19.4;1.19.4-aarch64-linux-gnu;1.19.4-arm64-darwin;1.19.4-x86_64-darwin;1.19.4-x86_64-linux-gnu,nokogiri:ext/nokogiri/xml_node.c:2501:unlink,['ext/nokogiri']
nokogiri,1.19.4,initialize_copy_with_args,cNokogiriXmlNode,rb_xml_node_initialize_copy_with_args,3,rb_define_protected_method,ext/nokogiri/xml_node.c,2503,ext/nokogiri/xml_node.c,966,resolved,rb_xml_node_initialize_copy_with_args,1.19.4;1.19.4-aarch64-linux-gnu;1.19.4-arm64-darwin;1.19.4-x86_64-darwin;1.19.4-x86_64-linux-gnu,nokogiri:ext/nokogiri/xml_node.c:2503:initialize_copy_with_args,['ext/nokogiri']
nokogiri,1.19.4,safe_process_xinclude,cNokogiriXmlNode,noko_xml_node__safe_process_xinclude,1,rb_define_protected_method,ext/nokogiri/xml_node.c,2504,ext/nokogiri/xml_node.c,2229,resolved,noko_xml_node__safe_process_xinclude,1.19.4;1.19.4-aarch64-linux-gnu;1.19.4-arm64-darwin;1.19.4-x86_64-darwin;1.19.4-x86_64-linux-gnu,nokogiri:ext/nokogiri/xml_node.c:2504:safe_process_xinclude,['ext/nokogiri']
nokogiri,1.19.4,add_child_node,cNokogiriXmlNode,add_child,1,rb_define_private_method,ext/nokogiri/xml_node.c,2506,ext/nokogiri/xml_node.c,1601,resolved,add_child,1.19.4;1.19.4-aarch64-linux-gnu;1.19.4-arm64-darwin;1.19.4-x86_64-darwin;1.19.4-x86_64-linux-gnu,nokogiri:ext/nokogiri/xml_node.c:2506:add_child_node,['ext/nokogiri']
nokogiri,1.19.4,add_next_sibling_node,cNokogiriXmlNode,add_next_sibling,1,rb_define_private_method,ext/nokogiri/xml_node.c,2507,ext/nokogiri/xml_node.c,1687,resolved,add_next_sibling,1.19.4;1.19.4-aarch64-linux-gnu;1.19.4-arm64-darwin;1.19.4-x86_64-darwin;1.19.4-x86_64-linux-gnu,nokogiri:ext/nokogiri/xml_node.c:2507:add_next_sibling_node,['ext/nokogiri']
nokogiri,1.19.4,add_previous_sibling_node,cNokogiriXmlNode,add_previous_sibling,1,rb_define_private_method,ext/nokogiri/xml_node.c,2508,ext/nokogiri/xml_node.c,1694,resolved,add_previous_sibling,1.19.4;1.19.4-aarch64-linux-gnu;1.19.4-arm64-darwin;1.19.4-x86_64-darwin;1.19.4-x86_64-linux-gnu,nokogiri:ext/nokogiri/xml_node.c:2508:add_previous_sibling_node,['ext/nokogiri']
nokogiri,1.19.4,compare,cNokogiriXmlNode,compare,1,rb_define_private_method,ext/nokogiri/xml_node.c,2509,ext/nokogiri/xml_node.c,2145,resolved,compare,1.19.4;1.19.4-aarch64-linux-gnu;1.19.4-arm64-darwin;1.19.4-x86_64-darwin;1.19.4-x86_64-linux-gnu,nokogiri:ext/nokogiri/xml_node.c:2509:compare,['ext/nokogiri']
nokogiri,1.19.4,dump_html,cNokogiriXmlNode,dump_html,0,rb_define_private_method,ext/nokogiri/xml_node.c,2510,ext/nokogiri/xml_node.c,2123,resolved,dump_html,1.19.4;1.19.4-aarch64-linux-gnu;1.19.4-arm64-darwin;1.19.4-x86_64-darwin;1.19.4-x86_64-linux-gnu,nokogiri:ext/nokogiri/xml_node.c:2510:dump_html,['ext/nokogiri']
nokogiri,1.19.4,get,cNokogiriXmlNode,get,1,rb_define_private_method,ext/nokogiri/xml_node.c,2511,ext/nokogiri/xml_node.c,1279,resolved,get,1.19.4;1.19.4-aarch64-linux-gnu;1.19.4-arm64-darwin;1.19.4-x86_64-darwin;1.19.4-x86_64-linux-gnu,nokogiri:ext/nokogiri/xml_node.c:2511:get,['ext/nokogiri']
nokogiri,1.19.4,in_context,cNokogiriXmlNode,in_context,2,rb_define_private_method,ext/nokogiri/xml_node.c,2512,ext/nokogiri/xml_node.c,2255,resolved,in_context,1.19.4;1.19.4-aarch64-linux-gnu;1.19.4-arm64-darwin;1.19.4-x86_64-darwin;1.19.4-x86_64-linux-gnu,nokogiri:ext/nokogiri/xml_node.c:2512:in_context,['ext/nokogiri']
nokogiri,1.19.4,native_write_to,cNokogiriXmlNode,native_write_to,4,rb_define_private_method,ext/nokogiri/xml_node.c,2513,ext/nokogiri/xml_node.c,1706,resolved,native_write_to,1.19.4;1.19.4-aarch64-linux-gnu;1.19.4-arm64-darwin;1.19.4-x86_64-darwin;1.19.4-x86_64-linux-gnu,nokogiri:ext/nokogiri/xml_node.c:2513:native_write_to,['ext/nokogiri']
nokogiri,1.19.4,prepend_newline?,cNokogiriXmlNode,rb_prepend_newline,0,rb_define_private_method,ext/nokogiri/xml_node.c,2514,ext/nokogiri/xml_node.c,1866,resolved,rb_prepend_newline,1.19.4;1.19.4-aarch64-linux-gnu;1.19.4-arm64-darwin;1.19.4-x86_64-darwin;1.19.4-x86_64-linux-gnu,nokogiri:ext/nokogiri/xml_node.c:2514:prepend_newline?,['ext/nokogiri']
nokogiri,1.19.4,html_standard_serialize,cNokogiriXmlNode,html_standard_serialize,1,rb_define_private_method,ext/nokogiri/xml_node.c,2515,ext/nokogiri/xml_node.c,2004,resolved,html_standard_serialize,1.19.4;1.19.4-aarch64-linux-gnu;1.19.4-arm64-darwin;1.19.4-x86_64-darwin;1.19.4-x86_64-linux-gnu,nokogiri:ext/nokogiri/xml_node.c:2515:html_standard_serialize,['ext/nokogiri']
nokogiri,1.19.4,process_xincludes,cNokogiriXmlNode,noko_xml_node__process_xincludes,1,rb_define_private_method,ext/nokogiri/xml_node.c,2516,ext/nokogiri/xml_node.c,2206,resolved,noko_xml_node__process_xincludes,1.19.4;1.19.4-aarch64-linux-gnu;1.19.4-arm64-darwin;1.19.4-x86_64-darwin;1.19.4-x86_64-linux-gnu,nokogiri:ext/nokogiri/xml_node.c:2516:process_xincludes,['ext/nokogiri']
nokogiri,1.19.4,replace_node,cNokogiriXmlNode,replace,1,rb_define_private_method,ext/nokogiri/xml_node.c,2517,ext/nokogiri/xml_node.c,1085,resolved,replace,1.19.4;1.19.4-aarch64-linux-gnu;1.19.4-arm64-darwin;1.19.4-x86_64-darwin;1.19.4-x86_64-linux-gnu,nokogiri:ext/nokogiri/xml_node.c:2517:replace_node,['ext/nokogiri']
nokogiri,1.19.4,set,cNokogiriXmlNode,set,2,rb_define_private_method,ext/nokogiri/xml_node.c,2518,ext/nokogiri/xml_node.c,1241,resolved,set,1.19.4;1.19.4-aarch64-linux-gnu;1.19.4-arm64-darwin;1.19.4-x86_64-darwin;1.19.4-x86_64-linux-gnu,nokogiri:ext/nokogiri/xml_node.c:2518:set,['ext/nokogiri']
nokogiri,1.19.4,set_namespace,cNokogiriXmlNode,set_namespace,1,rb_define_private_method,ext/nokogiri/xml_node.c,2519,ext/nokogiri/xml_node.c,1327,resolved,set_namespace,1.19.4;1.19.4-aarch64-linux-gnu;1.19.4-arm64-darwin;1.19.4-x86_64-darwin;1.19.4-x86_64-linux-gnu,nokogiri:ext/nokogiri/xml_node.c:2519:set_namespace,['ext/nokogiri']
nokogiri,1.19.4,<allocator>,cNokogiriXmlNodeSet,xml_node_set_allocate,0,rb_define_alloc_func,ext/nokogiri/xml_node_set.c,501,ext/nokogiri/xml_node_set.c,80,resolved,xml_node_set_allocate,1.19.4;1.19.4-aarch64-linux-gnu;1.19.4-arm64-darwin;1.19.4-x86_64-darwin;1.19.4-x86_64-linux-gnu,nokogiri:ext/nokogiri/xml_node_set.c:501:<allocator>,['ext/nokogiri']
nokogiri,1.19.4,&,cNokogiriXmlNodeSet,intersection,1,rb_define_method,ext/nokogiri/xml_node_set.c,503,ext/nokogiri/xml_node_set.c,205,resolved,intersection,1.19.4;1.19.4-aarch64-linux-gnu;1.19.4-arm64-darwin;1.19.4-x86_64-darwin;1.19.4-x86_64-linux-gnu,nokogiri:ext/nokogiri/xml_node_set.c:503:&,['ext/nokogiri']
nokogiri,1.19.4,-,cNokogiriXmlNodeSet,minus,1,rb_define_method,ext/nokogiri/xml_node_set.c,504,ext/nokogiri/xml_node_set.c,277,resolved,minus,1.19.4;1.19.4-aarch64-linux-gnu;1.19.4-arm64-darwin;1.19.4-x86_64-darwin;1.19.4-x86_64-linux-gnu,nokogiri:ext/nokogiri/xml_node_set.c:504:-,['ext/nokogiri']
nokogiri,1.19.4,[],cNokogiriXmlNodeSet,slice,-1,rb_define_method,ext/nokogiri/xml_node_set.c,505,ext/nokogiri/xml_node_set.c,354,resolved,slice,1.19.4;1.19.4-aarch64-linux-gnu;1.19.4-arm64-darwin;1.19.4-x86_64-darwin;1.19.4-x86_64-linux-gnu,nokogiri:ext/nokogiri/xml_node_set.c:505:[],['ext/nokogiri']
nokogiri,1.19.4,delete,cNokogiriXmlNodeSet,delete,1,rb_define_method,ext/nokogiri/xml_node_set.c,506,ext/nokogiri/xml_node_set.c,180,resolved,delete,1.19.4;1.19.4-aarch64-linux-gnu;1.19.4-arm64-darwin;1.19.4-x86_64-darwin;1.19.4-x86_64-linux-gnu,nokogiri:ext/nokogiri/xml_node_set.c:506:delete,['ext/nokogiri']
nokogiri,1.19.4,include?,cNokogiriXmlNodeSet,include_eh,1,rb_define_method,ext/nokogiri/xml_node_set.c,507,ext/nokogiri/xml_node_set.c,229,resolved,include_eh,1.19.4;1.19.4-aarch64-linux-gnu;1.19.4-arm64-darwin;1.19.4-x86_64-darwin;1.19.4-x86_64-linux-gnu,nokogiri:ext/nokogiri/xml_node_set.c:507:include?,['ext/nokogiri']
nokogiri,1.19.4,length,cNokogiriXmlNodeSet,length,0,rb_define_method,ext/nokogiri/xml_node_set.c,508,ext/nokogiri/xml_node_set.c,141,resolved,length,1.19.4;1.19.4-aarch64-linux-gnu;1.19.4-arm64-darwin;1.19.4-x86_64-darwin;1.19.4-x86_64-linux-gnu,nokogiri:ext/nokogiri/xml_node_set.c:508:length,['ext/nokogiri']
nokogiri,1.19.4,push,cNokogiriXmlNodeSet,push,1,rb_define_method,ext/nokogiri/xml_node_set.c,509,ext/nokogiri/xml_node_set.c,157,resolved,push,1.19.4;1.19.4-aarch64-linux-gnu;1.19.4-arm64-darwin;1.19.4-x86_64-darwin;1.19.4-x86_64-linux-gnu,nokogiri:ext/nokogiri/xml_node_set.c:509:push,['ext/nokogiri']
nokogiri,1.19.4,slice,cNokogiriXmlNodeSet,slice,-1,rb_define_method,ext/nokogiri/xml_node_set.c,510,ext/nokogiri/xml_node_set.c,354,resolved,slice,1.19.4;1.19.4-aarch64-linux-gnu;1.19.4-arm64-darwin;1.19.4-x86_64-darwin;1.19.4-x86_64-linux-gnu,nokogiri:ext/nokogiri/xml_node_set.c:510:slice,['ext/nokogiri']
nokogiri,1.19.4,to_a,cNokogiriXmlNodeSet,to_array,0,rb_define_method,ext/nokogiri/xml_node_set.c,511,ext/nokogiri/xml_node_set.c,401,resolved,to_array,1.19.4;1.19.4-aarch64-linux-gnu;1.19.4-arm64-darwin;1.19.4-x86_64-darwin;1.19.4-x86_64-linux-gnu,nokogiri:ext/nokogiri/xml_node_set.c:511:to_a,['ext/nokogiri']
nokogiri,1.19.4,unlink,cNokogiriXmlNodeSet,unlink_nodeset,0,rb_define_method,ext/nokogiri/xml_node_set.c,512,ext/nokogiri/xml_node_set.c,425,resolved,unlink_nodeset,1.19.4;1.19.4-aarch64-linux-gnu;1.19.4-arm64-darwin;1.19.4-x86_64-darwin;1.19.4-x86_64-linux-gnu,nokogiri:ext/nokogiri/xml_node_set.c:512:unlink,['ext/nokogiri']
nokogiri,1.19.4,|,cNokogiriXmlNodeSet,rb_xml_node_set_union,1,rb_define_method,ext/nokogiri/xml_node_set.c,513,ext/nokogiri/xml_node_set.c,251,resolved,rb_xml_node_set_union,1.19.4;1.19.4-aarch64-linux-gnu;1.19.4-arm64-darwin;1.19.4-x86_64-darwin;1.19.4-x86_64-linux-gnu,nokogiri:ext/nokogiri/xml_node_set.c:513:|,['ext/nokogiri']
nokogiri,1.19.4,initialize_copy,cNokogiriXmlNodeSet,rb_xml_node_set_initialize_copy,1,rb_define_private_method,ext/nokogiri/xml_node_set.c,515,ext/nokogiri/xml_node_set.c,87,resolved,rb_xml_node_set_initialize_copy,1.19.4;1.19.4-aarch64-linux-gnu;1.19.4-arm64-darwin;1.19.4-x86_64-darwin;1.19.4-x86_64-linux-gnu,nokogiri:ext/nokogiri/xml_node_set.c:515:initialize_copy,['ext/nokogiri']
nokogiri,1.19.4,new,cNokogiriXmlProcessingInstruction,new,-1,rb_define_singleton_method,ext/nokogiri/xml_processing_instruction.c,53,ext/nokogiri/xml_processing_instruction.c,12,resolved,new,1.19.4;1.19.4-aarch64-linux-gnu;1.19.4-arm64-darwin;1.19.4-x86_64-darwin;1.19.4-x86_64-linux-gnu,nokogiri:ext/nokogiri/xml_processing_instruction.c:53:new,['ext/nokogiri']
nokogiri,1.19.4,from_memory,cNokogiriXmlReader,from_memory,-1,rb_define_singleton_method,ext/nokogiri/xml_reader.c,750,ext/nokogiri/xml_reader.c,613,resolved,from_memory,1.19.4;1.19.4-aarch64-linux-gnu;1.19.4-arm64-darwin;1.19.4-x86_64-darwin;1.19.4-x86_64-linux-gnu,nokogiri:ext/nokogiri/xml_reader.c:750:from_memory,['ext/nokogiri']
nokogiri,1.19.4,from_io,cNokogiriXmlReader,from_io,-1,rb_define_singleton_method,ext/nokogiri/xml_reader.c,751,ext/nokogiri/xml_reader.c,660,resolved,from_io,1.19.4;1.19.4-aarch64-linux-gnu;1.19.4-arm64-darwin;1.19.4-x86_64-darwin;1.19.4-x86_64-linux-gnu,nokogiri:ext/nokogiri/xml_reader.c:751:from_io,['ext/nokogiri']
nokogiri,1.19.4,attribute,cNokogiriXmlReader,reader_attribute,1,rb_define_method,ext/nokogiri/xml_reader.c,753,ext/nokogiri/xml_reader.c,266,resolved,reader_attribute,1.19.4;1.19.4-aarch64-linux-gnu;1.19.4-arm64-darwin;1.19.4-x86_64-darwin;1.19.4-x86_64-linux-gnu,nokogiri:ext/nokogiri/xml_reader.c:753:attribute,['ext/nokogiri']
nokogiri,1.19.4,attribute_at,cNokogiriXmlReader,attribute_at,1,rb_define_method,ext/nokogiri/xml_reader.c,754,ext/nokogiri/xml_reader.c,237,resolved,attribute_at,1.19.4;1.19.4-aarch64-linux-gnu;1.19.4-arm64-darwin;1.19.4-x86_64-darwin;1.19.4-x86_64-linux-gnu,nokogiri:ext/nokogiri/xml_reader.c:754:attribute_at,['ext/nokogiri']
nokogiri,1.19.4,attribute_count,cNokogiriXmlReader,attribute_count,0,rb_define_method,ext/nokogiri/xml_reader.c,755,ext/nokogiri/xml_reader.c,292,resolved,attribute_count,1.19.4;1.19.4-aarch64-linux-gnu;1.19.4-arm64-darwin;1.19.4-x86_64-darwin;1.19.4-x86_64-linux-gnu,nokogiri:ext/nokogiri/xml_reader.c:755:attribute_count,['ext/nokogiri']
nokogiri,1.19.4,attribute_hash,cNokogiriXmlReader,rb_xml_reader_attribute_hash,0,rb_define_method,ext/nokogiri/xml_reader.c,756,ext/nokogiri/xml_reader.c,182,resolved,rb_xml_reader_attribute_hash,1.19.4;1.19.4-aarch64-linux-gnu;1.19.4-arm64-darwin;1.19.4-x86_64-darwin;1.19.4-x86_64-linux-gnu,nokogiri:ext/nokogiri/xml_reader.c:756:attribute_hash,['ext/nokogiri']
nokogiri,1.19.4,attributes?,cNokogiriXmlReader,attributes_eh,0,rb_define_method,ext/nokogiri/xml_reader.c,757,ext/nokogiri/xml_reader.c,121,resolved,attributes_eh,1.19.4;1.19.4-aarch64-linux-gnu;1.19.4-arm64-darwin;1.19.4-x86_64-darwin;1.19.4-x86_64-linux-gnu,nokogiri:ext/nokogiri/xml_reader.c:757:attributes?,['ext/nokogiri']
nokogiri,1.19.4,base_uri,cNokogiriXmlReader,rb_xml_reader_base_uri,0,rb_define_method,ext/nokogiri/xml_reader.c,758,ext/nokogiri/xml_reader.c,463,resolved,rb_xml_reader_base_uri,1.19.4;1.19.4-aarch64-linux-gnu;1.19.4-arm64-darwin;1.19.4-x86_64-darwin;1.19.4-x86_64-linux-gnu,nokogiri:ext/nokogiri/xml_reader.c:758:base_uri,['ext/nokogiri']
nokogiri,1.19.4,default?,cNokogiriXmlReader,default_eh,0,rb_define_method,ext/nokogiri/xml_reader.c,759,ext/nokogiri/xml_reader.c,81,resolved,default_eh,1.19.4;1.19.4-aarch64-linux-gnu;1.19.4-arm64-darwin;1.19.4-x86_64-darwin;1.19.4-x86_64-linux-gnu,nokogiri:ext/nokogiri/xml_reader.c:759:default?,['ext/nokogiri']
nokogiri,1.19.4,depth,cNokogiriXmlReader,depth,0,rb_define_method,ext/nokogiri/xml_reader.c,760,ext/nokogiri/xml_reader.c,311,resolved,depth,1.19.4;1.19.4-aarch64-linux-gnu;1.19.4-arm64-darwin;1.19.4-x86_64-darwin;1.19.4-x86_64-linux-gnu,nokogiri:ext/nokogiri/xml_reader.c:760:depth,['ext/nokogiri']
nokogiri,1.19.4,empty_element?,cNokogiriXmlReader,empty_element_p,0,rb_define_method,ext/nokogiri/xml_reader.c,761,ext/nokogiri/xml_reader.c,708,resolved,empty_element_p,1.19.4;1.19.4-aarch64-linux-gnu;1.19.4-arm64-darwin;1.19.4-x86_64-darwin;1.19.4-x86_64-linux-gnu,nokogiri:ext/nokogiri/xml_reader.c:761:empty_element?,['ext/nokogiri']
nokogiri,1.19.4,encoding,cNokogiriXmlReader,rb_xml_reader_encoding,0,rb_define_method,ext/nokogiri/xml_reader.c,762,ext/nokogiri/xml_reader.c,722,resolved,rb_xml_reader_encoding,1.19.4;1.19.4-aarch64-linux-gnu;1.19.4-arm64-darwin;1.19.4-x86_64-darwin;1.19.4-x86_64-linux-gnu,nokogiri:ext/nokogiri/xml_reader.c:762:encoding,['ext/nokogiri']
nokogiri,1.19.4,inner_xml,cNokogiriXmlReader,inner_xml,0,rb_define_method,ext/nokogiri/xml_reader.c,763,ext/nokogiri/xml_reader.c,562,resolved,inner_xml,1.19.4;1.19.4-aarch64-linux-gnu;1.19.4-arm64-darwin;1.19.4-x86_64-darwin;1.19.4-x86_64-linux-gnu,nokogiri:ext/nokogiri/xml_reader.c:763:inner_xml,['ext/nokogiri']
nokogiri,1.19.4,lang,cNokogiriXmlReader,lang,0,rb_define_method,ext/nokogiri/xml_reader.c,764,ext/nokogiri/xml_reader.c,349,resolved,lang,1.19.4;1.19.4-aarch64-linux-gnu;1.19.4-arm64-darwin;1.19.4-x86_64-darwin;1.19.4-x86_64-linux-gnu,nokogiri:ext/nokogiri/xml_reader.c:764:lang,['ext/nokogiri']
nokogiri,1.19.4,local_name,cNokogiriXmlReader,local_name,0,rb_define_method,ext/nokogiri/xml_reader.c,765,ext/nokogiri/xml_reader.c,425,resolved,local_name,1.19.4;1.19.4-aarch64-linux-gnu;1.19.4-arm64-darwin;1.19.4-x86_64-darwin;1.19.4-x86_64-linux-gnu,nokogiri:ext/nokogiri/xml_reader.c:765:local_name,['ext/nokogiri']
nokogiri,1.19.4,name,cNokogiriXmlReader,name,0,rb_define_method,ext/nokogiri/xml_reader.c,766,ext/nokogiri/xml_reader.c,444,resolved,name,1.19.4;1.19.4-aarch64-linux-gnu;1.19.4-arm64-darwin;1.19.4-x86_64-darwin;1.19.4-x86_64-linux-gnu,nokogiri:ext/nokogiri/xml_reader.c:766:name,['ext/nokogiri']
nokogiri,1.19.4,namespace_uri,cNokogiriXmlReader,namespace_uri,0,rb_define_method,ext/nokogiri/xml_reader.c,767,ext/nokogiri/xml_reader.c,406,resolved,namespace_uri,1.19.4;1.19.4-aarch64-linux-gnu;1.19.4-arm64-darwin;1.19.4-x86_64-darwin;1.19.4-x86_64-linux-gnu,nokogiri:ext/nokogiri/xml_reader.c:767:namespace_uri,['ext/nokogiri']
nokogiri,1.19.4,namespaces,cNokogiriXmlReader,rb_xml_reader_namespaces,0,rb_define_method,ext/nokogiri/xml_reader.c,768,ext/nokogiri/xml_reader.c,141,resolved,rb_xml_reader_namespaces,1.19.4;1.19.4-aarch64-linux-gnu;1.19.4-arm64-darwin;1.19.4-x86_64-darwin;1.19.4-x86_64-linux-gnu,nokogiri:ext/nokogiri/xml_reader.c:768:namespaces,['ext/nokogiri']
nokogiri,1.19.4,node_type,cNokogiriXmlReader,node_type,0,rb_define_method,ext/nokogiri/xml_reader.c,769,ext/nokogiri/xml_reader.c,503,resolved,node_type,1.19.4;1.19.4-aarch64-linux-gnu;1.19.4-arm64-darwin;1.19.4-x86_64-darwin;1.19.4-x86_64-linux-gnu,nokogiri:ext/nokogiri/xml_reader.c:769:node_type,['ext/nokogiri']
nokogiri,1.19.4,outer_xml,cNokogiriXmlReader,outer_xml,0,rb_define_method,ext/nokogiri/xml_reader.c,770,ext/nokogiri/xml_reader.c,589,resolved,outer_xml,1.19.4;1.19.4-aarch64-linux-gnu;1.19.4-arm64-darwin;1.19.4-x86_64-darwin;1.19.4-x86_64-linux-gnu,nokogiri:ext/nokogiri/xml_reader.c:770:outer_xml,['ext/nokogiri']
nokogiri,1.19.4,prefix,cNokogiriXmlReader,prefix,0,rb_define_method,ext/nokogiri/xml_reader.c,771,ext/nokogiri/xml_reader.c,387,resolved,prefix,1.19.4;1.19.4-aarch64-linux-gnu;1.19.4-arm64-darwin;1.19.4-x86_64-darwin;1.19.4-x86_64-linux-gnu,nokogiri:ext/nokogiri/xml_reader.c:771:prefix,['ext/nokogiri']
nokogiri,1.19.4,read,cNokogiriXmlReader,read_more,0,rb_define_method,ext/nokogiri/xml_reader.c,772,ext/nokogiri/xml_reader.c,517,resolved,read_more,1.19.4;1.19.4-aarch64-linux-gnu;1.19.4-arm64-darwin;1.19.4-x86_64-darwin;1.19.4-x86_64-linux-gnu,nokogiri:ext/nokogiri/xml_reader.c:772:read,['ext/nokogiri']
nokogiri,1.19.4,state,cNokogiriXmlReader,state,0,rb_define_method,ext/nokogiri/xml_reader.c,773,ext/nokogiri/xml_reader.c,489,resolved,state,1.19.4;1.19.4-aarch64-linux-gnu;1.19.4-arm64-darwin;1.19.4-x86_64-darwin;1.19.4-x86_64-linux-gnu,nokogiri:ext/nokogiri/xml_reader.c:773:state,['ext/nokogiri']
nokogiri,1.19.4,value,cNokogiriXmlReader,value,0,rb_define_method,ext/nokogiri/xml_reader.c,774,ext/nokogiri/xml_reader.c,368,resolved,value,1.19.4;1.19.4-aarch64-linux-gnu;1.19.4-arm64-darwin;1.19.4-x86_64-darwin;1.19.4-x86_64-linux-gnu,nokogiri:ext/nokogiri/xml_reader.c:774:value,['ext/nokogiri']
nokogiri,1.19.4,value?,cNokogiriXmlReader,value_eh,0,rb_define_method,ext/nokogiri/xml_reader.c,775,ext/nokogiri/xml_reader.c,101,resolved,value_eh,1.19.4;1.19.4-aarch64-linux-gnu;1.19.4-arm64-darwin;1.19.4-x86_64-darwin;1.19.4-x86_64-linux-gnu,nokogiri:ext/nokogiri/xml_reader.c:775:value?,['ext/nokogiri']
nokogiri,1.19.4,xml_version,cNokogiriXmlReader,xml_version,0,rb_define_method,ext/nokogiri/xml_reader.c,776,ext/nokogiri/xml_reader.c,330,resolved,xml_version,1.19.4;1.19.4-aarch64-linux-gnu;1.19.4-arm64-darwin;1.19.4-x86_64-darwin;1.19.4-x86_64-linux-gnu,nokogiri:ext/nokogiri/xml_reader.c:776:xml_version,['ext/nokogiri']
nokogiri,1.19.4,from_document,cNokogiriXmlRelaxNG,noko_xml_relax_ng_s_from_document,-1,rb_define_singleton_method,ext/nokogiri/xml_relax_ng.c,146,ext/nokogiri/xml_relax_ng.c,120,resolved,noko_xml_relax_ng_s_from_document,1.19.4;1.19.4-aarch64-linux-gnu;1.19.4-arm64-darwin;1.19.4-x86_64-darwin;1.19.4-x86_64-linux-gnu,nokogiri:ext/nokogiri/xml_relax_ng.c:146:from_document,['ext/nokogiri']
nokogiri,1.19.4,validate_document,cNokogiriXmlRelaxNG,noko_xml_relax_ng__validate_document,1,rb_define_private_method,ext/nokogiri/xml_relax_ng.c,148,ext/nokogiri/xml_relax_ng.c,20,resolved,noko_xml_relax_ng__validate_document,1.19.4;1.19.4-aarch64-linux-gnu;1.19.4-arm64-darwin;1.19.4-x86_64-darwin;1.19.4-x86_64-linux-gnu,nokogiri:ext/nokogiri/xml_relax_ng.c:148:validate_document,['ext/nokogiri']
nokogiri,1.19.4,<allocator>,cNokogiriXmlSaxParser,noko_xml_sax_parser_allocate,0,rb_define_alloc_func,ext/nokogiri/xml_sax_parser.c,384,ext/nokogiri/xml_sax_parser.c,364,resolved,noko_xml_sax_parser_allocate,1.19.4;1.19.4-aarch64-linux-gnu;1.19.4-arm64-darwin;1.19.4-x86_64-darwin;1.19.4-x86_64-linux-gnu,nokogiri:ext/nokogiri/xml_sax_parser.c:384:<allocator>,['ext/nokogiri']
nokogiri,1.19.4,initialize_native,cNokogiriXmlSaxParser,noko_xml_sax_parser__initialize_native,0,rb_define_private_method,ext/nokogiri/xml_sax_parser.c,386,ext/nokogiri/xml_sax_parser.c,328,resolved,noko_xml_sax_parser__initialize_native,1.19.4;1.19.4-aarch64-linux-gnu;1.19.4-arm64-darwin;1.19.4-x86_64-darwin;1.19.4-x86_64-linux-gnu,nokogiri:ext/nokogiri/xml_sax_parser.c:386:initialize_native,['ext/nokogiri']
nokogiri,1.19.4,native_io,cNokogiriXmlSaxParserContext,noko_xml_sax_parser_context_s_native_io,2,rb_define_singleton_method,ext/nokogiri/xml_sax_parser_context.c,378,ext/nokogiri/xml_sax_parser_context.c,78,resolved,noko_xml_sax_parser_context_s_native_io,1.19.4;1.19.4-aarch64-linux-gnu;1.19.4-arm64-darwin;1.19.4-x86_64-darwin;1.19.4-x86_64-linux-gnu,nokogiri:ext/nokogiri/xml_sax_parser_context.c:378:native_io,['ext/nokogiri']
nokogiri,1.19.4,native_memory,cNokogiriXmlSaxParserContext,noko_xml_sax_parser_context_s_native_memory,2,rb_define_singleton_method,ext/nokogiri/xml_sax_parser_context.c,380,ext/nokogiri/xml_sax_parser_context.c,135,resolved,noko_xml_sax_parser_context_s_native_memory,1.19.4;1.19.4-aarch64-linux-gnu;1.19.4-arm64-darwin;1.19.4-x86_64-darwin;1.19.4-x86_64-linux-gnu,nokogiri:ext/nokogiri/xml_sax_parser_context.c:380:native_memory,['ext/nokogiri']
nokogiri,1.19.4,native_file,cNokogiriXmlSaxParserContext,noko_xml_sax_parser_context_s_native_file,2,rb_define_singleton_method,ext/nokogiri/xml_sax_parser_context.c,382,ext/nokogiri/xml_sax_parser_context.c,112,resolved,noko_xml_sax_parser_context_s_native_file,1.19.4;1.19.4-aarch64-linux-gnu;1.19.4-arm64-darwin;1.19.4-x86_64-darwin;1.19.4-x86_64-linux-gnu,nokogiri:ext/nokogiri/xml_sax_parser_context.c:382:native_file,['ext/nokogiri']
nokogiri,1.19.4,parse_with,cNokogiriXmlSaxParserContext,noko_xml_sax_parser_context__parse_with,1,rb_define_method,ext/nokogiri/xml_sax_parser_context.c,385,ext/nokogiri/xml_sax_parser_context.c,175,resolved,noko_xml_sax_parser_context__parse_with,1.19.4;1.19.4-aarch64-linux-gnu;1.19.4-arm64-darwin;1.19.4-x86_64-darwin;1.19.4-x86_64-linux-gnu,nokogiri:ext/nokogiri/xml_sax_parser_context.c:385:parse_with,['ext/nokogiri']
nokogiri,1.19.4,replace_entities=,cNokogiriXmlSaxParserContext,noko_xml_sax_parser_context__replace_entities_set,1,rb_define_method,ext/nokogiri/xml_sax_parser_context.c,386,ext/nokogiri/xml_sax_parser_context.c,226,resolved,noko_xml_sax_parser_context__replace_entities_set,1.19.4;1.19.4-aarch64-linux-gnu;1.19.4-arm64-darwin;1.19.4-x86_64-darwin;1.19.4-x86_64-linux-gnu,nokogiri:ext/nokogiri/xml_sax_parser_context.c:386:replace_entities=,['ext/nokogiri']
nokogiri,1.19.4,replace_entities,cNokogiriXmlSaxParserContext,noko_xml_sax_parser_context__replace_entities_get,0,rb_define_method,ext/nokogiri/xml_sax_parser_context.c,388,ext/nokogiri/xml_sax_parser_context.c,256,resolved,noko_xml_sax_parser_context__replace_entities_get,1.19.4;1.19.4-aarch64-linux-gnu;1.19.4-arm64-darwin;1.19.4-x86_64-darwin;1.19.4-x86_64-linux-gnu,nokogiri:ext/nokogiri/xml_sax_parser_context.c:388:replace_entities,['ext/nokogiri']
nokogiri,1.19.4,recovery=,cNokogiriXmlSaxParserContext,noko_xml_sax_parser_context__recovery_set,1,rb_define_method,ext/nokogiri/xml_sax_parser_context.c,390,ext/nokogiri/xml_sax_parser_context.c,328,resolved,noko_xml_sax_parser_context__recovery_set,1.19.4;1.19.4-aarch64-linux-gnu;1.19.4-arm64-darwin;1.19.4-x86_64-darwin;1.19.4-x86_64-linux-gnu,nokogiri:ext/nokogiri/xml_sax_parser_context.c:390:recovery=,['ext/nokogiri']
nokogiri,1.19.4,recovery,cNokogiriXmlSaxParserContext,noko_xml_sax_parser_context__recovery_get,0,rb_define_method,ext/nokogiri/xml_sax_parser_context.c,391,ext/nokogiri/xml_sax_parser_context.c,359,resolved,noko_xml_sax_parser_context__recovery_get,1.19.4;1.19.4-aarch64-linux-gnu;1.19.4-arm64-darwin;1.19.4-x86_64-darwin;1.19.4-x86_64-linux-gnu,nokogiri:ext/nokogiri/xml_sax_parser_context.c:391:recovery,['ext/nokogiri']
nokogiri,1.19.4,line,cNokogiriXmlSaxParserContext,noko_xml_sax_parser_context__line,0,rb_define_method,ext/nokogiri/xml_sax_parser_context.c,392,ext/nokogiri/xml_sax_parser_context.c,273,resolved,noko_xml_sax_parser_context__line,1.19.4;1.19.4-aarch64-linux-gnu;1.19.4-arm64-darwin;1.19.4-x86_64-darwin;1.19.4-x86_64-linux-gnu,nokogiri:ext/nokogiri/xml_sax_parser_context.c:392:line,['ext/nokogiri']
nokogiri,1.19.4,column,cNokogiriXmlSaxParserContext,noko_xml_sax_parser_context__column,0,rb_define_method,ext/nokogiri/xml_sax_parser_context.c,393,ext/nokogiri/xml_sax_parser_context.c,292,resolved,noko_xml_sax_parser_context__column,1.19.4;1.19.4-aarch64-linux-gnu;1.19.4-arm64-darwin;1.19.4-x86_64-darwin;1.19.4-x86_64-linux-gnu,nokogiri:ext/nokogiri/xml_sax_parser_context.c:393:column,['ext/nokogiri']
nokogiri,1.19.4,<allocator>,cNokogiriXmlSaxPushParser,xml_sax_push_parser_allocate,0,rb_define_alloc_func,ext/nokogiri/xml_sax_push_parser.c,191,ext/nokogiri/xml_sax_push_parser.c,25,resolved,xml_sax_push_parser_allocate,1.19.4;1.19.4-aarch64-linux-gnu;1.19.4-arm64-darwin;1.19.4-x86_64-darwin;1.19.4-x86_64-linux-gnu,nokogiri:ext/nokogiri/xml_sax_push_parser.c:191:<allocator>,['ext/nokogiri']
nokogiri,1.19.4,options,cNokogiriXmlSaxPushParser,noko_xml_sax_push_parser__options_get,0,rb_define_method,ext/nokogiri/xml_sax_push_parser.c,193,ext/nokogiri/xml_sax_push_parser.c,103,resolved,noko_xml_sax_push_parser__options_get,1.19.4;1.19.4-aarch64-linux-gnu;1.19.4-arm64-darwin;1.19.4-x86_64-darwin;1.19.4-x86_64-linux-gnu,nokogiri:ext/nokogiri/xml_sax_push_parser.c:193:options,['ext/nokogiri']
nokogiri,1.19.4,options=,cNokogiriXmlSaxPushParser,noko_xml_sax_push_parser__options_set,1,rb_define_method,ext/nokogiri/xml_sax_push_parser.c,195,ext/nokogiri/xml_sax_push_parser.c,113,resolved,noko_xml_sax_push_parser__options_set,1.19.4;1.19.4-aarch64-linux-gnu;1.19.4-arm64-darwin;1.19.4-x86_64-darwin;1.19.4-x86_64-linux-gnu,nokogiri:ext/nokogiri/xml_sax_push_parser.c:195:options=,['ext/nokogiri']
nokogiri,1.19.4,replace_entities,cNokogiriXmlSaxPushParser,noko_xml_sax_push_parser__replace_entities_get,0,rb_define_method,ext/nokogiri/xml_sax_push_parser.c,197,ext/nokogiri/xml_sax_push_parser.c,140,resolved,noko_xml_sax_push_parser__replace_entities_get,1.19.4;1.19.4-aarch64-linux-gnu;1.19.4-arm64-darwin;1.19.4-x86_64-darwin;1.19.4-x86_64-linux-gnu,nokogiri:ext/nokogiri/xml_sax_push_parser.c:197:replace_entities,['ext/nokogiri']
nokogiri,1.19.4,replace_entities=,cNokogiriXmlSaxPushParser,noko_xml_sax_push_parser__replace_entities_set,1,rb_define_method,ext/nokogiri/xml_sax_push_parser.c,199,ext/nokogiri/xml_sax_push_parser.c,167,resolved,noko_xml_sax_push_parser__replace_entities_set,1.19.4;1.19.4-aarch64-linux-gnu;1.19.4-arm64-darwin;1.19.4-x86_64-darwin;1.19.4-x86_64-linux-gnu,nokogiri:ext/nokogiri/xml_sax_push_parser.c:199:replace_entities=,['ext/nokogiri']
nokogiri,1.19.4,initialize_native,cNokogiriXmlSaxPushParser,noko_xml_sax_push_parser__initialize_native,2,rb_define_private_method,ext/nokogiri/xml_sax_push_parser.c,202,ext/nokogiri/xml_sax_push_parser.c,74,resolved,noko_xml_sax_push_parser__initialize_native,1.19.4;1.19.4-aarch64-linux-gnu;1.19.4-arm64-darwin;1.19.4-x86_64-darwin;1.19.4-x86_64-linux-gnu,nokogiri:ext/nokogiri/xml_sax_push_parser.c:202:initialize_native,['ext/nokogiri']
nokogiri,1.19.4,native_write,cNokogiriXmlSaxPushParser,noko_xml_sax_push_parser__native_write,2,rb_define_private_method,ext/nokogiri/xml_sax_push_parser.c,204,ext/nokogiri/xml_sax_push_parser.c,42,resolved,noko_xml_sax_push_parser__native_write,1.19.4;1.19.4-aarch64-linux-gnu;1.19.4-arm64-darwin;1.19.4-x86_64-darwin;1.19.4-x86_64-linux-gnu,nokogiri:ext/nokogiri/xml_sax_push_parser.c:204:native_write,['ext/nokogiri']
nokogiri,1.19.4,from_document,cNokogiriXmlSchema,noko_xml_schema_s_from_document,-1,rb_define_singleton_method,ext/nokogiri/xml_schema.c,222,ext/nokogiri/xml_schema.c,169,resolved,noko_xml_schema_s_from_document,1.19.4;1.19.4-aarch64-linux-gnu;1.19.4-arm64-darwin;1.19.4-x86_64-darwin;1.19.4-x86_64-linux-gnu,nokogiri:ext/nokogiri/xml_schema.c:222:from_document,['ext/nokogiri']
nokogiri,1.19.4,validate_document,cNokogiriXmlSchema,noko_xml_schema__validate_document,1,rb_define_private_method,ext/nokogiri/xml_schema.c,224,ext/nokogiri/xml_schema.c,20,resolved,noko_xml_schema__validate_document,1.19.4;1.19.4-aarch64-linux-gnu;1.19.4-arm64-darwin;1.19.4-x86_64-darwin;1.19.4-x86_64-linux-gnu,nokogiri:ext/nokogiri/xml_schema.c:224:validate_document,['ext/nokogiri']
nokogiri,1.19.4,validate_file,cNokogiriXmlSchema,noko_xml_schema__validate_file,1,rb_define_private_method,ext/nokogiri/xml_schema.c,225,ext/nokogiri/xml_schema.c,59,resolved,noko_xml_schema__validate_file,1.19.4;1.19.4-aarch64-linux-gnu;1.19.4-arm64-darwin;1.19.4-x86_64-darwin;1.19.4-x86_64-linux-gnu,nokogiri:ext/nokogiri/xml_schema.c:225:validate_file,['ext/nokogiri']
nokogiri,1.19.4,new,cNokogiriXmlText,rb_xml_text_s_new,-1,rb_define_singleton_method,ext/nokogiri/xml_text.c,58,ext/nokogiri/xml_text.c,11,resolved,rb_xml_text_s_new,1.19.4;1.19.4-aarch64-linux-gnu;1.19.4-arm64-darwin;1.19.4-x86_64-darwin;1.19.4-x86_64-linux-gnu,nokogiri:ext/nokogiri/xml_text.c:58:new,['ext/nokogiri']
nokogiri,1.19.4,new,cNokogiriXmlXpathContext,noko_xml_xpath_context_new,1,rb_define_singleton_method,ext/nokogiri/xml_xpath_context.c,490,ext/nokogiri/xml_xpath_context.c,432,resolved,noko_xml_xpath_context_new,1.19.4;1.19.4-aarch64-linux-gnu;1.19.4-arm64-darwin;1.19.4-x86_64-darwin;1.19.4-x86_64-linux-gnu,nokogiri:ext/nokogiri/xml_xpath_context.c:490:new,['ext/nokogiri']
nokogiri,1.19.4,evaluate,cNokogiriXmlXpathContext,noko_xml_xpath_context_evaluate,-1,rb_define_method,ext/nokogiri/xml_xpath_context.c,492,ext/nokogiri/xml_xpath_context.c,374,resolved,noko_xml_xpath_context_evaluate,1.19.4;1.19.4-aarch64-linux-gnu;1.19.4-arm64-darwin;1.19.4-x86_64-darwin;1.19.4-x86_64-linux-gnu,nokogiri:ext/nokogiri/xml_xpath_context.c:492:evaluate,['ext/nokogiri']
nokogiri,1.19.4,register_variable,cNokogiriXmlXpathContext,noko_xml_xpath_context_register_variable,2,rb_define_method,ext/nokogiri/xml_xpath_context.c,493,ext/nokogiri/xml_xpath_context.c,169,resolved,noko_xml_xpath_context_register_variable,1.19.4;1.19.4-aarch64-linux-gnu;1.19.4-arm64-darwin;1.19.4-x86_64-darwin;1.19.4-x86_64-linux-gnu,nokogiri:ext/nokogiri/xml_xpath_context.c:493:register_variable,['ext/nokogiri']
nokogiri,1.19.4,register_ns,cNokogiriXmlXpathContext,noko_xml_xpath_context_register_ns,2,rb_define_method,ext/nokogiri/xml_xpath_context.c,494,ext/nokogiri/xml_xpath_context.c,141,resolved,noko_xml_xpath_context_register_ns,1.19.4;1.19.4-aarch64-linux-gnu;1.19.4-arm64-darwin;1.19.4-x86_64-darwin;1.19.4-x86_64-linux-gnu,nokogiri:ext/nokogiri/xml_xpath_context.c:494:register_ns,['ext/nokogiri']
nokogiri,1.19.4,node=,cNokogiriXmlXpathContext,noko_xml_xpath_context_set_node,1,rb_define_method,ext/nokogiri/xml_xpath_context.c,495,ext/nokogiri/xml_xpath_context.c,465,resolved,noko_xml_xpath_context_set_node,1.19.4;1.19.4-aarch64-linux-gnu;1.19.4-arm64-darwin;1.19.4-x86_64-darwin;1.19.4-x86_64-linux-gnu,nokogiri:ext/nokogiri/xml_xpath_context.c:495:node=,['ext/nokogiri']
nokogiri,1.19.4,register,mNokogiriXslt,rb_xslt_s_register,2,rb_define_singleton_method,ext/nokogiri/xslt_stylesheet.c,447,ext/nokogiri/xslt_stylesheet.c,427,resolved,rb_xslt_s_register,1.19.4;1.19.4-aarch64-linux-gnu;1.19.4-arm64-darwin;1.19.4-x86_64-darwin;1.19.4-x86_64-linux-gnu,nokogiri:ext/nokogiri/xslt_stylesheet.c:447:register,['ext/nokogiri']
nokogiri,1.19.4,parse_stylesheet_doc,cNokogiriXsltStylesheet,parse_stylesheet_doc,1,rb_define_singleton_method,ext/nokogiri/xslt_stylesheet.c,454,ext/nokogiri/xslt_stylesheet.c,81,resolved,parse_stylesheet_doc,1.19.4;1.19.4-aarch64-linux-gnu;1.19.4-arm64-darwin;1.19.4-x86_64-darwin;1.19.4-x86_64-linux-gnu,nokogiri:ext/nokogiri/xslt_stylesheet.c:454:parse_stylesheet_doc,['ext/nokogiri']
nokogiri,1.19.4,serialize,cNokogiriXsltStylesheet,rb_xslt_stylesheet_serialize,1,rb_define_method,ext/nokogiri/xslt_stylesheet.c,455,ext/nokogiri/xslt_stylesheet.c,114,resolved,rb_xslt_stylesheet_serialize,1.19.4;1.19.4-aarch64-linux-gnu;1.19.4-arm64-darwin;1.19.4-x86_64-darwin;1.19.4-x86_64-linux-gnu,nokogiri:ext/nokogiri/xslt_stylesheet.c:455:serialize,['ext/nokogiri']
nokogiri,1.19.4,transform,cNokogiriXsltStylesheet,rb_xslt_stylesheet_transform,-1,rb_define_method,ext/nokogiri/xslt_stylesheet.c,456,ext/nokogiri/xslt_stylesheet.c,278,resolved,rb_xslt_stylesheet_transform,1.19.4;1.19.4-aarch64-linux-gnu;1.19.4-arm64-darwin;1.19.4-x86_64-darwin;1.19.4-x86_64-linux-gnu,nokogiri:ext/nokogiri/xslt_stylesheet.c:456:transform,['ext/nokogiri']
oj,3.17.6,open,oj_doc_class,doc_open,1,rb_define_singleton_method,ext/oj/fast.c,1752,ext/oj/fast.c,1139,resolved,doc_open,3.17.6,oj:ext/oj/fast.c:1752:open,['ext/oj']
oj,3.17.6,open_file,oj_doc_class,doc_open_file,1,rb_define_singleton_method,ext/oj/fast.c,1753,ext/oj/fast.c,1174,resolved,doc_open_file,3.17.6,oj:ext/oj/fast.c:1753:open_file,['ext/oj']
oj,3.17.6,parse,oj_doc_class,doc_open,1,rb_define_singleton_method,ext/oj/fast.c,1754,ext/oj/fast.c,1139,resolved,doc_open,3.17.6,oj:ext/oj/fast.c:1754:parse,['ext/oj']
oj,3.17.6,where?,oj_doc_class,doc_where_q,0,rb_define_method,ext/oj/fast.c,1755,ext/oj/fast.c,1279,resolved,doc_where_q,3.17.6,oj:ext/oj/fast.c:1755:where?,['ext/oj']
oj,3.17.6,where,oj_doc_class,doc_where,0,rb_define_method,ext/oj/fast.c,1756,ext/oj/fast.c,1237,resolved,doc_where,3.17.6,oj:ext/oj/fast.c:1756:where,['ext/oj']
oj,3.17.6,path,oj_doc_class,doc_path,0,rb_define_method,ext/oj/fast.c,1757,ext/oj/fast.c,1288,resolved,doc_path,3.17.6,oj:ext/oj/fast.c:1757:path,['ext/oj']
oj,3.17.6,local_key,oj_doc_class,doc_local_key,0,rb_define_method,ext/oj/fast.c,1758,ext/oj/fast.c,1301,resolved,doc_local_key,3.17.6,oj:ext/oj/fast.c:1758:local_key,['ext/oj']
oj,3.17.6,home,oj_doc_class,doc_home,0,rb_define_method,ext/oj/fast.c,1759,ext/oj/fast.c,1326,resolved,doc_home,3.17.6,oj:ext/oj/fast.c:1759:home,['ext/oj']
oj,3.17.6,type,oj_doc_class,doc_type,-1,rb_define_method,ext/oj/fast.c,1760,ext/oj/fast.c,1346,resolved,doc_type,3.17.6,oj:ext/oj/fast.c:1760:type,['ext/oj']
oj,3.17.6,fetch,oj_doc_class,doc_fetch,-1,rb_define_method,ext/oj/fast.c,1761,ext/oj/fast.c,1384,resolved,doc_fetch,3.17.6,oj:ext/oj/fast.c:1761:fetch,['ext/oj']
oj,3.17.6,exists?,oj_doc_class,doc_exists,1,rb_define_method,ext/oj/fast.c,1762,ext/oj/fast.c,1411,resolved,doc_exists,3.17.6,oj:ext/oj/fast.c:1762:exists?,['ext/oj']
oj,3.17.6,each_leaf,oj_doc_class,doc_each_leaf,-1,rb_define_method,ext/oj/fast.c,1763,ext/oj/fast.c,1440,resolved,doc_each_leaf,3.17.6,oj:ext/oj/fast.c:1763:each_leaf,['ext/oj']
oj,3.17.6,move,oj_doc_class,doc_move,1,rb_define_method,ext/oj/fast.c,1764,ext/oj/fast.c,1484,resolved,doc_move,3.17.6,oj:ext/oj/fast.c:1764:move,['ext/oj']
oj,3.17.6,each_child,oj_doc_class,doc_each_child,-1,rb_define_method,ext/oj/fast.c,1765,ext/oj/fast.c,1517,resolved,doc_each_child,3.17.6,oj:ext/oj/fast.c:1765:each_child,['ext/oj']
oj,3.17.6,each_value,oj_doc_class,doc_each_value,-1,rb_define_method,ext/oj/fast.c,1766,ext/oj/fast.c,1596,resolved,doc_each_value,3.17.6,oj:ext/oj/fast.c:1766:each_value,['ext/oj']
oj,3.17.6,dump,oj_doc_class,doc_dump,-1,rb_define_method,ext/oj/fast.c,1767,ext/oj/fast.c,1626,resolved,doc_dump,3.17.6,oj:ext/oj/fast.c:1767:dump,['ext/oj']
oj,3.17.6,size,oj_doc_class,doc_size,0,rb_define_method,ext/oj/fast.c,1768,ext/oj/fast.c,1670,resolved,doc_size,3.17.6,oj:ext/oj/fast.c:1768:size,['ext/oj']
oj,3.17.6,close,oj_doc_class,doc_close,0,rb_define_method,ext/oj/fast.c,1769,ext/oj/fast.c,1685,resolved,doc_close,3.17.6,oj:ext/oj/fast.c:1769:close,['ext/oj']
oj,3.17.6,clone,oj_doc_class,doc_not_implemented,0,rb_define_method,ext/oj/fast.c,1771,ext/oj/fast.c,1700,resolved,doc_not_implemented,3.17.6,oj:ext/oj/fast.c:1771:clone,['ext/oj']
oj,3.17.6,dup,oj_doc_class,doc_not_implemented,0,rb_define_method,ext/oj/fast.c,1772,ext/oj/fast.c,1700,resolved,doc_not_implemented,3.17.6,oj:ext/oj/fast.c:1772:dup,['ext/oj']
oj,3.17.6,create_id=,json,mimic_set_create_id,1,rb_define_module_function,ext/oj/mimic_json.c,800,ext/oj/mimic_json.c,653,resolved,mimic_set_create_id,3.17.6,oj:ext/oj/mimic_json.c:800:create_id=,['ext/oj']
oj,3.17.6,create_id,json,mimic_create_id,0,rb_define_module_function,ext/oj/mimic_json.c,802,ext/oj/mimic_json.c,677,resolved,mimic_create_id,3.17.6,oj:ext/oj/mimic_json.c:802:create_id,['ext/oj']
oj,3.17.6,dump,json,mimic_dump,-1,rb_define_module_function,ext/oj/mimic_json.c,805,ext/oj/mimic_json.c,201,resolved,mimic_dump,3.17.6,oj:ext/oj/mimic_json.c:805:dump,['ext/oj']
oj,3.17.6,load,json,mimic_load,-1,rb_define_module_function,ext/oj/mimic_json.c,807,ext/oj/mimic_json.c,317,resolved,mimic_load,3.17.6,oj:ext/oj/mimic_json.c:807:load,['ext/oj']
oj,3.17.6,restore,json,mimic_load,-1,rb_define_module_function,ext/oj/mimic_json.c,808,ext/oj/mimic_json.c,317,resolved,mimic_load,3.17.6,oj:ext/oj/mimic_json.c:808:restore,['ext/oj']
oj,3.17.6,recurse_proc,json,mimic_recurse_proc,1,rb_define_module_function,ext/oj/mimic_json.c,810,ext/oj/mimic_json.c,636,resolved,mimic_recurse_proc,3.17.6,oj:ext/oj/mimic_json.c:810:recurse_proc,['ext/oj']
oj,3.17.6,[],json,mimic_dump_load,-1,rb_define_module_function,ext/oj/mimic_json.c,812,ext/oj/mimic_json.c,347,resolved,mimic_dump_load,3.17.6,oj:ext/oj/mimic_json.c:812:[],['ext/oj']
oj,3.17.6,generate,json,oj_mimic_generate,-1,rb_define_module_function,ext/oj/mimic_json.c,815,ext/oj/mimic_json.c,430,resolved,oj_mimic_generate,3.17.6,oj:ext/oj/mimic_json.c:815:generate,['ext/oj']
oj,3.17.6,fast_generate,json,oj_mimic_generate,-1,rb_define_module_function,ext/oj/mimic_json.c,817,ext/oj/mimic_json.c,430,resolved,oj_mimic_generate,3.17.6,oj:ext/oj/mimic_json.c:817:fast_generate,['ext/oj']
oj,3.17.6,pretty_generate,json,oj_mimic_pretty_generate,-1,rb_define_module_function,ext/oj/mimic_json.c,819,ext/oj/mimic_json.c,448,resolved,oj_mimic_pretty_generate,3.17.6,oj:ext/oj/mimic_json.c:819:pretty_generate,['ext/oj']
oj,3.17.6,unparse,json,oj_mimic_generate,-1,rb_define_module_function,ext/oj/mimic_json.c,822,ext/oj/mimic_json.c,430,resolved,oj_mimic_generate,3.17.6,oj:ext/oj/mimic_json.c:822:unparse,['ext/oj']
oj,3.17.6,fast_unparse,json,oj_mimic_generate,-1,rb_define_module_function,ext/oj/mimic_json.c,823,ext/oj/mimic_json.c,430,resolved,oj_mimic_generate,3.17.6,oj:ext/oj/mimic_json.c:823:fast_unparse,['ext/oj']
oj,3.17.6,pretty_unparse,json,oj_mimic_pretty_generate,-1,rb_define_module_function,ext/oj/mimic_json.c,824,ext/oj/mimic_json.c,448,resolved,oj_mimic_pretty_generate,3.17.6,oj:ext/oj/mimic_json.c:824:pretty_unparse,['ext/oj']
oj,3.17.6,parse,json,oj_mimic_parse,-1,rb_define_module_function,ext/oj/mimic_json.c,827,ext/oj/mimic_json.c,613,resolved,oj_mimic_parse,3.17.6,oj:ext/oj/mimic_json.c:827:parse,['ext/oj']
oj,3.17.6,parse!,json,mimic_parse_bang,-1,rb_define_module_function,ext/oj/mimic_json.c,829,ext/oj/mimic_json.c,624,resolved,mimic_parse_bang,3.17.6,oj:ext/oj/mimic_json.c:829:parse!,['ext/oj']
oj,3.17.6,state,json,mimic_state,0,rb_define_module_function,ext/oj/mimic_json.c,832,ext/oj/mimic_json.c,784,resolved,mimic_state,3.17.6,oj:ext/oj/mimic_json.c:832:state,['ext/oj']
oj,3.17.6,JSON,rb_cObject,mimic_dump_load,-1,rb_define_module_function,ext/oj/mimic_json.c,897,ext/oj/mimic_json.c,347,resolved,mimic_dump_load,3.17.6,oj:ext/oj/mimic_json.c:897:JSON,['ext/oj']
oj,3.17.6,to_json,rb_cObject,mimic_object_to_json,-1,rb_define_method,ext/oj/mimic_json.c,913,ext/oj/mimic_json.c,749,resolved,mimic_object_to_json,3.17.6,oj:ext/oj/mimic_json.c:913:to_json,['ext/oj']
oj,3.17.6,debug_odd,Oj,debug_odd,1,rb_define_module_function,ext/oj/oj.c,2283,ext/oj/oj.c,2148,resolved,debug_odd,3.17.6,oj:ext/oj/oj.c:2283:debug_odd,['ext/oj']
oj,3.17.6,default_options,Oj,get_def_opts,0,rb_define_module_function,ext/oj/oj.c,2285,ext/oj/oj.c,356,resolved,get_def_opts,3.17.6,oj:ext/oj/oj.c:2285:default_options,['ext/oj']
oj,3.17.6,default_options=,Oj,set_def_opts,1,rb_define_module_function,ext/oj/oj.c,2286,ext/oj/oj.c,645,resolved,set_def_opts,3.17.6,oj:ext/oj/oj.c:2286:default_options=,['ext/oj']
oj,3.17.6,mimic_JSON,Oj,oj_define_mimic_json,-1,rb_define_module_function,ext/oj/oj.c,2288,ext/oj/mimic_json.c,882,resolved,oj_define_mimic_json,3.17.6,oj:ext/oj/oj.c:2288:mimic_JSON,['ext/oj']
oj,3.17.6,load,Oj,load,-1,rb_define_module_function,ext/oj/oj.c,2289,ext/oj/oj.c,1462,resolved,load,3.17.6,oj:ext/oj/oj.c:2289:load,['ext/oj']
oj,3.17.6,load_file,Oj,load_file,-1,rb_define_module_function,ext/oj/oj.c,2290,ext/oj/oj.c,1544,resolved,load_file,3.17.6,oj:ext/oj/oj.c:2290:load_file,['ext/oj']
oj,3.17.6,safe_load,Oj,safe_load,1,rb_define_module_function,ext/oj/oj.c,2291,ext/oj/oj.c,1623,resolved,safe_load,3.17.6,oj:ext/oj/oj.c:2291:safe_load,['ext/oj']
oj,3.17.6,strict_load,Oj,oj_strict_parse,-1,rb_define_module_function,ext/oj/oj.c,2292,ext/oj/strict.c,159,resolved,oj_strict_parse,3.17.6,oj:ext/oj/oj.c:2292:strict_load,['ext/oj']
oj,3.17.6,compat_load,Oj,oj_compat_parse,-1,rb_define_module_function,ext/oj/oj.c,2293,ext/oj/compat.c,183,resolved,oj_compat_parse,3.17.6,oj:ext/oj/oj.c:2293:compat_load,['ext/oj']
oj,3.17.6,object_load,Oj,oj_object_parse,-1,rb_define_module_function,ext/oj/oj.c,2294,ext/oj/object.c,701,resolved,oj_object_parse,3.17.6,oj:ext/oj/oj.c:2294:object_load,['ext/oj']
oj,3.17.6,wab_load,Oj,oj_wab_parse,-1,rb_define_module_function,ext/oj/oj.c,2295,ext/oj/wab.c,546,resolved,oj_wab_parse,3.17.6,oj:ext/oj/oj.c:2295:wab_load,['ext/oj']
oj,3.17.6,dump,Oj,dump,-1,rb_define_module_function,ext/oj/oj.c,2297,ext/oj/oj.c,1702,resolved,dump,3.17.6,oj:ext/oj/oj.c:2297:dump,['ext/oj']
oj,3.17.6,to_file,Oj,to_file,-1,rb_define_module_function,ext/oj/oj.c,2299,ext/oj/oj.c,1799,resolved,to_file,3.17.6,oj:ext/oj/oj.c:2299:to_file,['ext/oj']
oj,3.17.6,to_stream,Oj,to_stream,-1,rb_define_module_function,ext/oj/oj.c,2300,ext/oj/oj.c,1821,resolved,to_stream,3.17.6,oj:ext/oj/oj.c:2300:to_stream,['ext/oj']
oj,3.17.6,to_json,Oj,to_json,-1,rb_define_module_function,ext/oj/oj.c,2302,ext/oj/oj.c,1755,resolved,to_json,3.17.6,oj:ext/oj/oj.c:2302:to_json,['ext/oj']
oj,3.17.6,generate,Oj,oj_mimic_generate,-1,rb_define_module_function,ext/oj/oj.c,2303,ext/oj/mimic_json.c,430,resolved,oj_mimic_generate,3.17.6,oj:ext/oj/oj.c:2303:generate,['ext/oj']
oj,3.17.6,fast_generate,Oj,oj_mimic_generate,-1,rb_define_module_function,ext/oj/oj.c,2304,ext/oj/mimic_json.c,430,resolved,oj_mimic_generate,3.17.6,oj:ext/oj/oj.c:2304:fast_generate,['ext/oj']
oj,3.17.6,add_to_json,Oj,oj_add_to_json,-1,rb_define_module_function,ext/oj/oj.c,2306,ext/oj/dump_compat.c,467,resolved,oj_add_to_json,3.17.6,oj:ext/oj/oj.c:2306:add_to_json,['ext/oj']
oj,3.17.6,remove_to_json,Oj,oj_remove_to_json,-1,rb_define_module_function,ext/oj/oj.c,2307,ext/oj/dump_compat.c,519,resolved,oj_remove_to_json,3.17.6,oj:ext/oj/oj.c:2307:remove_to_json,['ext/oj']
oj,3.17.6,register_odd,Oj,register_odd,-1,rb_define_module_function,ext/oj/oj.c,2309,ext/oj/oj.c,1849,resolved,register_odd,3.17.6,oj:ext/oj/oj.c:2309:register_odd,['ext/oj']
oj,3.17.6,register_odd_raw,Oj,register_odd_raw,-1,rb_define_module_function,ext/oj/oj.c,2310,ext/oj/oj.c,1885,resolved,register_odd_raw,3.17.6,oj:ext/oj/oj.c:2310:register_odd_raw,['ext/oj']
oj,3.17.6,saj_parse,Oj,oj_saj_parse,-1,rb_define_module_function,ext/oj/oj.c,2312,ext/oj/saj.c,647,resolved,oj_saj_parse,3.17.6,oj:ext/oj/oj.c:2312:saj_parse,['ext/oj']
oj,3.17.6,sc_parse,Oj,oj_sc_parse,-1,rb_define_module_function,ext/oj/oj.c,2313,ext/oj/scp.c,121,resolved,oj_sc_parse,3.17.6,oj:ext/oj/oj.c:2313:sc_parse,['ext/oj']
oj,3.17.6,optimize_rails,Oj,oj_optimize_rails,0,rb_define_module_function,ext/oj/oj.c,2315,ext/oj/rails.c,1266,resolved,oj_optimize_rails,3.17.6,oj:ext/oj/oj.c:2315:optimize_rails,['ext/oj']
oj,3.17.6,mem_report,Oj,mem_report,0,rb_define_module_function,ext/oj/oj.c,2317,ext/oj/oj.c,2153,resolved,mem_report,3.17.6,oj:ext/oj/oj.c:2317:mem_report,['ext/oj']
oj,3.17.6,new,parser_class,parser_new,-1,rb_define_module_function,ext/oj/parser.c,1747,ext/oj/parser.c,1284,resolved,parser_new,3.17.6,oj:ext/oj/parser.c:1747:new,['ext/oj']
oj,3.17.6,parse,parser_class,parser_parse,1,rb_define_method,ext/oj/parser.c,1748,ext/oj/parser.c,1466,resolved,parser_parse,3.17.6,oj:ext/oj/parser.c:1748:parse,['ext/oj']
oj,3.17.6,load,parser_class,parser_load,1,rb_define_method,ext/oj/parser.c,1749,ext/oj/parser.c,1520,resolved,parser_load,3.17.6,oj:ext/oj/parser.c:1749:load,['ext/oj']
oj,3.17.6,file,parser_class,parser_file,1,rb_define_method,ext/oj/parser.c,1750,ext/oj/parser.c,1572,resolved,parser_file,3.17.6,oj:ext/oj/parser.c:1750:file,['ext/oj']
oj,3.17.6,just_one,parser_class,parser_just_one,0,rb_define_method,ext/oj/parser.c,1751,ext/oj/parser.c,1611,resolved,parser_just_one,3.17.6,oj:ext/oj/parser.c:1751:just_one,['ext/oj']
oj,3.17.6,just_one=,parser_class,parser_just_one_set,1,rb_define_method,ext/oj/parser.c,1752,ext/oj/parser.c,1627,resolved,parser_just_one_set,3.17.6,oj:ext/oj/parser.c:1752:just_one=,['ext/oj']
oj,3.17.6,method_missing,parser_class,parser_missing,-1,rb_define_method,ext/oj/parser.c,1753,ext/oj/parser.c,1406,resolved,parser_missing,3.17.6,oj:ext/oj/parser.c:1753:method_missing,['ext/oj']
oj,3.17.6,usual,parser_class,parser_usual,0,rb_define_module_function,ext/oj/parser.c,1755,ext/oj/parser.c,1645,resolved,parser_usual,3.17.6,oj:ext/oj/parser.c:1755:usual,['ext/oj']
oj,3.17.6,saj,parser_class,parser_saj,0,rb_define_module_function,ext/oj/parser.c,1756,ext/oj/parser.c,1668,resolved,parser_saj,3.17.6,oj:ext/oj/parser.c:1756:saj,['ext/oj']
oj,3.17.6,validate,parser_class,parser_validate,0,rb_define_module_function,ext/oj/parser.c,1757,ext/oj/parser.c,1690,resolved,parser_validate,3.17.6,oj:ext/oj/parser.c:1757:validate,['ext/oj']
oj,3.17.6,safe,parser_class,parser_safe,-1,rb_define_module_function,ext/oj/parser.c,1758,ext/oj/parser.c,1705,resolved,parser_safe,3.17.6,oj:ext/oj/parser.c:1758:safe,['ext/oj']
oj,3.17.6,use_standard_json_time_format=,encoding,rails_use_standard_json_time_format,1,rb_define_module_function,ext/oj/rails.c,1195,ext/oj/rails.c,1126,resolved,rails_use_standard_json_time_format,3.17.6,oj:ext/oj/rails.c:1195:use_standard_json_time_format=,['ext/oj']
oj,3.17.6,use_standard_json_time_format,encoding,rails_use_standard_json_time_format_get,0,rb_define_module_function,ext/oj/rails.c,1197,ext/oj/rails.c,1140,resolved,rails_use_standard_json_time_format_get,3.17.6,oj:ext/oj/rails.c:1197:use_standard_json_time_format,['ext/oj']
oj,3.17.6,escape_html_entities_in_json=,encoding,rails_escape_html_entities_in_json,1,rb_define_module_function,ext/oj/rails.c,1202,ext/oj/rails.c,1144,resolved,rails_escape_html_entities_in_json,3.17.6,oj:ext/oj/rails.c:1202:escape_html_entities_in_json=,['ext/oj']
oj,3.17.6,escape_html_entities_in_json,encoding,rails_escape_html_entities_in_json_get,0,rb_define_module_function,ext/oj/rails.c,1204,ext/oj/rails.c,1151,resolved,rails_escape_html_entities_in_json_get,3.17.6,oj:ext/oj/rails.c:1204:escape_html_entities_in_json,['ext/oj']
oj,3.17.6,time_precision=,encoding,rails_time_precision,1,rb_define_module_function,ext/oj/rails.c,1210,ext/oj/rails.c,1155,resolved,rails_time_precision,3.17.6,oj:ext/oj/rails.c:1210:time_precision=,['ext/oj']
oj,3.17.6,parse,json,oj_mimic_parse,-1,rb_define_module_function,ext/oj/rails.c,1255,ext/oj/mimic_json.c,613,resolved,oj_mimic_parse,3.17.6,oj:ext/oj/rails.c:1255:parse,['ext/oj']
oj,3.17.6,encode,rails,rails_encode,-1,rb_define_module_function,ext/oj/rails.c,1287,ext/oj/rails.c,1115,resolved,rails_encode,3.17.6,oj:ext/oj/rails.c:1287:encode,['ext/oj']
oj,3.17.6,new,encoder_class,encoder_new,-1,rb_define_module_function,ext/oj/rails.c,1293,ext/oj/rails.c,754,resolved,encoder_new,3.17.6,oj:ext/oj/rails.c:1293:new,['ext/oj']
oj,3.17.6,optimize,rails,rails_optimize,-1,rb_define_module_function,ext/oj/rails.c,1294,ext/oj/rails.c,907,resolved,rails_optimize,3.17.6,oj:ext/oj/rails.c:1294:optimize,['ext/oj']
oj,3.17.6,deoptimize,rails,rails_deoptimize,-1,rb_define_module_function,ext/oj/rails.c,1295,ext/oj/rails.c,959,resolved,rails_deoptimize,3.17.6,oj:ext/oj/rails.c:1295:deoptimize,['ext/oj']
oj,3.17.6,optimized?,rails,rails_optimized,1,rb_define_module_function,ext/oj/rails.c,1296,ext/oj/rails.c,991,resolved,rails_optimized,3.17.6,oj:ext/oj/rails.c:1296:optimized?,['ext/oj']
oj,3.17.6,mimic_JSON,rails,rails_mimic_json,0,rb_define_module_function,ext/oj/rails.c,1297,ext/oj/rails.c,920,resolved,rails_mimic_json,3.17.6,oj:ext/oj/rails.c:1297:mimic_JSON,['ext/oj']
oj,3.17.6,set_encoder,rails,rails_set_encoder,0,rb_define_module_function,ext/oj/rails.c,1299,ext/oj/rails.c,1170,resolved,rails_set_encoder,3.17.6,oj:ext/oj/rails.c:1299:set_encoder,['ext/oj']
oj,3.17.6,set_decoder,rails,rails_set_decoder,0,rb_define_module_function,ext/oj/rails.c,1300,ext/oj/rails.c,1228,resolved,rails_set_decoder,3.17.6,oj:ext/oj/rails.c:1300:set_decoder,['ext/oj']
oj,3.17.6,encode,encoder_class,encoder_encode,1,rb_define_method,ext/oj/rails.c,1302,ext/oj/rails.c,1082,resolved,encoder_encode,3.17.6,oj:ext/oj/rails.c:1302:encode,['ext/oj']
oj,3.17.6,optimize,encoder_class,encoder_optimize,-1,rb_define_method,ext/oj/rails.c,1303,ext/oj/rails.c,886,resolved,encoder_optimize,3.17.6,oj:ext/oj/rails.c:1303:optimize,['ext/oj']
oj,3.17.6,deoptimize,encoder_class,encoder_deoptimize,-1,rb_define_method,ext/oj/rails.c,1304,ext/oj/rails.c,943,resolved,encoder_deoptimize,3.17.6,oj:ext/oj/rails.c:1304:deoptimize,['ext/oj']
oj,3.17.6,optimized?,encoder_class,encoder_optimized,1,rb_define_method,ext/oj/rails.c,1305,ext/oj/rails.c,973,resolved,encoder_optimized,3.17.6,oj:ext/oj/rails.c:1305:optimized?,['ext/oj']
oj,3.17.6,new,oj_stream_writer_class,stream_writer_new,-1,rb_define_module_function,ext/oj/stream_writer.c,335,ext/oj/stream_writer.c,88,resolved,stream_writer_new,3.17.6,oj:ext/oj/stream_writer.c:335:new,['ext/oj']
oj,3.17.6,push_key,oj_stream_writer_class,stream_writer_push_key,1,rb_define_method,ext/oj/stream_writer.c,336,ext/oj/stream_writer.c,151,resolved,stream_writer_push_key,3.17.6,oj:ext/oj/stream_writer.c:336:push_key,['ext/oj']
oj,3.17.6,push_object,oj_stream_writer_class,stream_writer_push_object,-1,rb_define_method,ext/oj/stream_writer.c,337,ext/oj/stream_writer.c,170,resolved,stream_writer_push_object,3.17.6,oj:ext/oj/stream_writer.c:337:push_object,['ext/oj']
oj,3.17.6,push_array,oj_stream_writer_class,stream_writer_push_array,-1,rb_define_method,ext/oj/stream_writer.c,338,ext/oj/stream_writer.c,199,resolved,stream_writer_push_array,3.17.6,oj:ext/oj/stream_writer.c:338:push_array,['ext/oj']
oj,3.17.6,push_value,oj_stream_writer_class,stream_writer_push_value,-1,rb_define_method,ext/oj/stream_writer.c,339,ext/oj/stream_writer.c,227,resolved,stream_writer_push_value,3.17.6,oj:ext/oj/stream_writer.c:339:push_value,['ext/oj']
oj,3.17.6,push_json,oj_stream_writer_class,stream_writer_push_json,-1,rb_define_method,ext/oj/stream_writer.c,340,ext/oj/stream_writer.c,257,resolved,stream_writer_push_json,3.17.6,oj:ext/oj/stream_writer.c:340:push_json,['ext/oj']
oj,3.17.6,pop,oj_stream_writer_class,stream_writer_pop,0,rb_define_method,ext/oj/stream_writer.c,341,ext/oj/stream_writer.c,284,resolved,stream_writer_pop,3.17.6,oj:ext/oj/stream_writer.c:341:pop,['ext/oj']
oj,3.17.6,pop_all,oj_stream_writer_class,stream_writer_pop_all,0,rb_define_method,ext/oj/stream_writer.c,342,ext/oj/stream_writer.c,301,resolved,stream_writer_pop_all,3.17.6,oj:ext/oj/stream_writer.c:342:pop_all,['ext/oj']
oj,3.17.6,flush,oj_stream_writer_class,stream_writer_flush,0,rb_define_method,ext/oj/stream_writer.c,343,ext/oj/stream_writer.c,316,resolved,stream_writer_flush,3.17.6,oj:ext/oj/stream_writer.c:343:flush,['ext/oj']
oj,3.17.6,new,oj_string_writer_class,str_writer_new,-1,rb_define_module_function,ext/oj/string_writer.c,521,ext/oj/string_writer.c,290,resolved,str_writer_new,3.17.6,oj:ext/oj/string_writer.c:521:new,['ext/oj']
oj,3.17.6,push_key,oj_string_writer_class,str_writer_push_key,1,rb_define_method,ext/oj/string_writer.c,522,ext/oj/string_writer.c,313,resolved,str_writer_push_key,3.17.6,oj:ext/oj/string_writer.c:522:push_key,['ext/oj']
oj,3.17.6,push_object,oj_string_writer_class,str_writer_push_object,-1,rb_define_method,ext/oj/string_writer.c,523,ext/oj/string_writer.c,329,resolved,str_writer_push_object,3.17.6,oj:ext/oj/string_writer.c:523:push_object,['ext/oj']
oj,3.17.6,push_array,oj_string_writer_class,str_writer_push_array,-1,rb_define_method,ext/oj/string_writer.c,524,ext/oj/string_writer.c,358,resolved,str_writer_push_array,3.17.6,oj:ext/oj/string_writer.c:524:push_array,['ext/oj']
oj,3.17.6,push_value,oj_string_writer_class,str_writer_push_value,-1,rb_define_method,ext/oj/string_writer.c,525,ext/oj/string_writer.c,387,resolved,str_writer_push_value,3.17.6,oj:ext/oj/string_writer.c:525:push_value,['ext/oj']
oj,3.17.6,push_json,oj_string_writer_class,str_writer_push_json,-1,rb_define_method,ext/oj/string_writer.c,526,ext/oj/string_writer.c,414,resolved,str_writer_push_json,3.17.6,oj:ext/oj/string_writer.c:526:push_json,['ext/oj']
oj,3.17.6,pop,oj_string_writer_class,str_writer_pop,0,rb_define_method,ext/oj/string_writer.c,527,ext/oj/string_writer.c,437,resolved,str_writer_pop,3.17.6,oj:ext/oj/string_writer.c:527:pop,['ext/oj']
oj,3.17.6,pop_all,oj_string_writer_class,str_writer_pop_all,0,rb_define_method,ext/oj/string_writer.c,528,ext/oj/string_writer.c,451,resolved,str_writer_pop_all,3.17.6,oj:ext/oj/string_writer.c:528:pop_all,['ext/oj']
oj,3.17.6,reset,oj_string_writer_class,str_writer_reset,0,rb_define_method,ext/oj/string_writer.c,529,ext/oj/string_writer.c,465,resolved,str_writer_reset,3.17.6,oj:ext/oj/string_writer.c:529:reset,['ext/oj']
oj,3.17.6,to_s,oj_string_writer_class,str_writer_to_s,0,rb_define_method,ext/oj/string_writer.c,530,ext/oj/string_writer.c,485,resolved,str_writer_to_s,3.17.6,oj:ext/oj/string_writer.c:530:to_s,['ext/oj']
oj,3.17.6,raw_json,oj_string_writer_class,str_writer_to_s,0,rb_define_method,ext/oj/string_writer.c,531,ext/oj/string_writer.c,485,resolved,str_writer_to_s,3.17.6,oj:ext/oj/string_writer.c:531:raw_json,['ext/oj']
oj,3.17.6,as_json,oj_string_writer_class,str_writer_as_json,-1,rb_define_method,ext/oj/string_writer.c,532,ext/oj/string_writer.c,501,resolved,str_writer_as_json,3.17.6,oj:ext/oj/string_writer.c:532:as_json,['ext/oj']
oj-introspect,0.9.0,introspect,parser_module,rb_get_default_introspect_parser,0,rb_define_singleton_method,ext/oj-introspect/introspect.c,284,ext/oj-introspect/introspect.c,258,resolved,rb_get_default_introspect_parser,0.9.0,oj-introspect:ext/oj-introspect/introspect.c:284:introspect,['ext/oj-introspect']
oj-introspect,0.9.0,new,introspection_class,rb_new_introspect_parser,-1,rb_define_singleton_method,ext/oj-introspect/introspect.c,285,ext/oj-introspect/introspect.c,233,resolved,rb_new_introspect_parser,0.9.0,oj-introspect:ext/oj-introspect/introspect.c:285:new,['ext/oj-introspect']
openssl,3.3.3,fixed_length_secure_compare,mOSSL,ossl_crypto_fixed_length_secure_compare,2,rb_define_singleton_method,ext/openssl/ossl.c,1068,ext/openssl/ossl.c,568,resolved,ossl_crypto_fixed_length_secure_compare,3.3.3,openssl:ext/openssl/ossl.c:1068:fixed_length_secure_compare,['ext/openssl']
openssl,3.3.3,fips_mode,mOSSL,ossl_fips_mode_get,0,rb_define_module_function,ext/openssl/ossl.c,1121,ext/openssl/ossl.c,406,resolved,ossl_fips_mode_get,3.3.3,openssl:ext/openssl/ossl.c:1121:fips_mode,['ext/openssl']
openssl,3.3.3,fips_mode=,mOSSL,ossl_fips_mode_set,1,rb_define_module_function,ext/openssl/ossl.c,1122,ext/openssl/ossl.c,435,resolved,ossl_fips_mode_set,3.3.3,openssl:ext/openssl/ossl.c:1122:fips_mode=,['ext/openssl']
openssl,3.3.3,debug,mOSSL,ossl_debug_get,0,rb_define_module_function,ext/openssl/ossl.c,1137,ext/openssl/ossl.c,381,resolved,ossl_debug_get,3.3.3,openssl:ext/openssl/ossl.c:1137:debug,['ext/openssl']
openssl,3.3.3,debug=,mOSSL,ossl_debug_set,1,rb_define_module_function,ext/openssl/ossl.c,1138,ext/openssl/ossl.c,394,resolved,ossl_debug_set,3.3.3,openssl:ext/openssl/ossl.c:1138:debug=,['ext/openssl']
openssl,3.3.3,errors,mOSSL,ossl_get_errors,0,rb_define_module_function,ext/openssl/ossl.c,1139,ext/openssl/ossl.c,358,resolved,ossl_get_errors,3.3.3,openssl:ext/openssl/ossl.c:1139:errors,['ext/openssl']
openssl,3.3.3,traverse,mASN1,ossl_asn1_traverse,1,rb_define_module_function,ext/openssl/ossl_asn1.c,1423,ext/openssl/ossl_asn1.c,934,resolved,ossl_asn1_traverse,3.3.3,openssl:ext/openssl/ossl_asn1.c:1423:traverse,['ext/openssl']
openssl,3.3.3,decode,mASN1,ossl_asn1_decode,1,rb_define_module_function,ext/openssl/ossl_asn1.c,1424,ext/openssl/ossl_asn1.c,963,resolved,ossl_asn1_decode,3.3.3,openssl:ext/openssl/ossl_asn1.c:1424:decode,['ext/openssl']
openssl,3.3.3,decode_all,mASN1,ossl_asn1_decode_all,1,rb_define_module_function,ext/openssl/ossl_asn1.c,1425,ext/openssl/ossl_asn1.c,994,resolved,ossl_asn1_decode_all,3.3.3,openssl:ext/openssl/ossl_asn1.c:1425:decode_all,['ext/openssl']
openssl,3.3.3,to_der,cASN1Data,ossl_asn1data_to_der,0,rb_define_method,ext/openssl/ossl_asn1.c,1526,ext/openssl/ossl_asn1.c,698,resolved,ossl_asn1data_to_der,3.3.3,openssl:ext/openssl/ossl_asn1.c:1526:to_der,['ext/openssl']
openssl,3.3.3,to_der,cASN1Primitive,ossl_asn1prim_to_der,0,rb_define_method,ext/openssl/ossl_asn1.c,1593,ext/openssl/ossl_asn1.c,1032,resolved,ossl_asn1prim_to_der,3.3.3,openssl:ext/openssl/ossl_asn1.c:1593:to_der,['ext/openssl']
openssl,3.3.3,to_der,cASN1Constructive,ossl_asn1cons_to_der,0,rb_define_method,ext/openssl/ossl_asn1.c,1623,ext/openssl/ossl_asn1.c,1079,resolved,ossl_asn1cons_to_der,3.3.3,openssl:ext/openssl/ossl_asn1.c:1623:to_der,['ext/openssl']
openssl,3.3.3,register,cASN1ObjectId,ossl_asn1obj_s_register,3,rb_define_singleton_method,ext/openssl/ossl_asn1.c,1665,ext/openssl/ossl_asn1.c,1122,resolved,ossl_asn1obj_s_register,3.3.3,openssl:ext/openssl/ossl_asn1.c:1665:register,['ext/openssl']
openssl,3.3.3,sn,cASN1ObjectId,ossl_asn1obj_get_sn,0,rb_define_method,ext/openssl/ossl_asn1.c,1666,ext/openssl/ossl_asn1.c,1142,resolved,ossl_asn1obj_get_sn,3.3.3,openssl:ext/openssl/ossl_asn1.c:1666:sn,['ext/openssl']
openssl,3.3.3,ln,cASN1ObjectId,ossl_asn1obj_get_ln,0,rb_define_method,ext/openssl/ossl_asn1.c,1667,ext/openssl/ossl_asn1.c,1162,resolved,ossl_asn1obj_get_ln,3.3.3,openssl:ext/openssl/ossl_asn1.c:1667:ln,['ext/openssl']
openssl,3.3.3,oid,cASN1ObjectId,ossl_asn1obj_get_oid,0,rb_define_method,ext/openssl/ossl_asn1.c,1668,ext/openssl/ossl_asn1.c,1204,resolved,ossl_asn1obj_get_oid,3.3.3,openssl:ext/openssl/ossl_asn1.c:1668:oid,['ext/openssl']
openssl,3.3.3,==,cASN1ObjectId,ossl_asn1obj_eq,1,rb_define_method,ext/openssl/ossl_asn1.c,1671,ext/openssl/ossl_asn1.c,1225,resolved,ossl_asn1obj_eq,3.3.3,openssl:ext/openssl/ossl_asn1.c:1671:==,['ext/openssl']
openssl,3.3.3,to_der,cASN1EndOfContent,ossl_asn1eoc_to_der,0,rb_define_method,ext/openssl/ossl_asn1.c,1673,ext/openssl/ossl_asn1.c,1020,resolved,ossl_asn1eoc_to_der,3.3.3,openssl:ext/openssl/ossl_asn1.c:1673:to_der,['ext/openssl']
openssl,3.3.3,<allocator>,cBN,ossl_bn_alloc,0,rb_define_alloc_func,ext/openssl/ossl_bn.c,1220,ext/openssl/ossl_bn.c,206,resolved,ossl_bn_alloc,3.3.3,openssl:ext/openssl/ossl_bn.c:1220:<allocator>,['ext/openssl']
openssl,3.3.3,initialize,cBN,ossl_bn_initialize,-1,rb_define_method,ext/openssl/ossl_bn.c,1221,ext/openssl/ossl_bn.c,246,resolved,ossl_bn_initialize,3.3.3,openssl:ext/openssl/ossl_bn.c:1221:initialize,['ext/openssl']
openssl,3.3.3,initialize_copy,cBN,ossl_bn_copy,1,rb_define_method,ext/openssl/ossl_bn.c,1223,,,unresolved_function_binding,ossl_bn_copy,3.3.3,openssl:ext/openssl/ossl_bn.c:1223:initialize_copy,['ext/openssl']
openssl,3.3.3,copy,cBN,ossl_bn_copy,1,rb_define_method,ext/openssl/ossl_bn.c,1224,,,unresolved_function_binding,ossl_bn_copy,3.3.3,openssl:ext/openssl/ossl_bn.c:1224:copy,['ext/openssl']
openssl,3.3.3,num_bytes,cBN,ossl_bn_num_bytes,0,rb_define_method,ext/openssl/ossl_bn.c,1228,,,unresolved_function_binding,ossl_bn_num_bytes,3.3.3,openssl:ext/openssl/ossl_bn.c:1228:num_bytes,['ext/openssl']
openssl,3.3.3,num_bits,cBN,ossl_bn_num_bits,0,rb_define_method,ext/openssl/ossl_bn.c,1229,,,unresolved_function_binding,ossl_bn_num_bits,3.3.3,openssl:ext/openssl/ossl_bn.c:1229:num_bits,['ext/openssl']
openssl,3.3.3,+@,cBN,ossl_bn_uplus,0,rb_define_method,ext/openssl/ossl_bn.c,1232,ext/openssl/ossl_bn.c,954,resolved,ossl_bn_uplus,3.3.3,openssl:ext/openssl/ossl_bn.c:1232:+@,['ext/openssl']
openssl,3.3.3,-@,cBN,ossl_bn_uminus,0,rb_define_method,ext/openssl/ossl_bn.c,1233,ext/openssl/ossl_bn.c,974,resolved,ossl_bn_uminus,3.3.3,openssl:ext/openssl/ossl_bn.c:1233:-@,['ext/openssl']
openssl,3.3.3,abs,cBN,ossl_bn_abs,0,rb_define_method,ext/openssl/ossl_bn.c,1234,ext/openssl/ossl_bn.c,995,resolved,ossl_bn_abs,3.3.3,openssl:ext/openssl/ossl_bn.c:1234:abs,['ext/openssl']
openssl,3.3.3,+,cBN,ossl_bn_add,1,rb_define_method,ext/openssl/ossl_bn.c,1236,,,unresolved_function_binding,ossl_bn_add,3.3.3,openssl:ext/openssl/ossl_bn.c:1236:+,['ext/openssl']
openssl,3.3.3,-,cBN,ossl_bn_sub,1,rb_define_method,ext/openssl/ossl_bn.c,1237,,,unresolved_function_binding,ossl_bn_sub,3.3.3,openssl:ext/openssl/ossl_bn.c:1237:-,['ext/openssl']
openssl,3.3.3,*,cBN,ossl_bn_mul,1,rb_define_method,ext/openssl/ossl_bn.c,1238,,,unresolved_function_binding,ossl_bn_mul,3.3.3,openssl:ext/openssl/ossl_bn.c:1238:*,['ext/openssl']
openssl,3.3.3,sqr,cBN,ossl_bn_sqr,0,rb_define_method,ext/openssl/ossl_bn.c,1239,,,unresolved_function_binding,ossl_bn_sqr,3.3.3,openssl:ext/openssl/ossl_bn.c:1239:sqr,['ext/openssl']
openssl,3.3.3,/,cBN,ossl_bn_div,1,rb_define_method,ext/openssl/ossl_bn.c,1240,,,unresolved_function_binding,ossl_bn_div,3.3.3,openssl:ext/openssl/ossl_bn.c:1240:/,['ext/openssl']
openssl,3.3.3,%,cBN,ossl_bn_mod,1,rb_define_method,ext/openssl/ossl_bn.c,1241,,,unresolved_function_binding,ossl_bn_mod,3.3.3,openssl:ext/openssl/ossl_bn.c:1241:%,['ext/openssl']
openssl,3.3.3,mod_add,cBN,ossl_bn_mod_add,2,rb_define_method,ext/openssl/ossl_bn.c,1244,,,unresolved_function_binding,ossl_bn_mod_add,3.3.3,openssl:ext/openssl/ossl_bn.c:1244:mod_add,['ext/openssl']
openssl,3.3.3,mod_sub,cBN,ossl_bn_mod_sub,2,rb_define_method,ext/openssl/ossl_bn.c,1245,,,unresolved_function_binding,ossl_bn_mod_sub,3.3.3,openssl:ext/openssl/ossl_bn.c:1245:mod_sub,['ext/openssl']
openssl,3.3.3,mod_mul,cBN,ossl_bn_mod_mul,2,rb_define_method,ext/openssl/ossl_bn.c,1246,,,unresolved_function_binding,ossl_bn_mod_mul,3.3.3,openssl:ext/openssl/ossl_bn.c:1246:mod_mul,['ext/openssl']
openssl,3.3.3,mod_sqr,cBN,ossl_bn_mod_sqr,1,rb_define_method,ext/openssl/ossl_bn.c,1247,,,unresolved_function_binding,ossl_bn_mod_sqr,3.3.3,openssl:ext/openssl/ossl_bn.c:1247:mod_sqr,['ext/openssl']
openssl,3.3.3,mod_sqrt,cBN,ossl_bn_mod_sqrt,1,rb_define_method,ext/openssl/ossl_bn.c,1248,,,unresolved_function_binding,ossl_bn_mod_sqrt,3.3.3,openssl:ext/openssl/ossl_bn.c:1248:mod_sqrt,['ext/openssl']
openssl,3.3.3,**,cBN,ossl_bn_exp,1,rb_define_method,ext/openssl/ossl_bn.c,1249,,,unresolved_function_binding,ossl_bn_exp,3.3.3,openssl:ext/openssl/ossl_bn.c:1249:**,['ext/openssl']
openssl,3.3.3,mod_exp,cBN,ossl_bn_mod_exp,2,rb_define_method,ext/openssl/ossl_bn.c,1250,,,unresolved_function_binding,ossl_bn_mod_exp,3.3.3,openssl:ext/openssl/ossl_bn.c:1250:mod_exp,['ext/openssl']
openssl,3.3.3,gcd,cBN,ossl_bn_gcd,1,rb_define_method,ext/openssl/ossl_bn.c,1251,,,unresolved_function_binding,ossl_bn_gcd,3.3.3,openssl:ext/openssl/ossl_bn.c:1251:gcd,['ext/openssl']
openssl,3.3.3,cmp,cBN,ossl_bn_cmp,1,rb_define_method,ext/openssl/ossl_bn.c,1259,,,unresolved_function_binding,ossl_bn_cmp,3.3.3,openssl:ext/openssl/ossl_bn.c:1259:cmp,['ext/openssl']
openssl,3.3.3,ucmp,cBN,ossl_bn_ucmp,1,rb_define_method,ext/openssl/ossl_bn.c,1261,,,unresolved_function_binding,ossl_bn_ucmp,3.3.3,openssl:ext/openssl/ossl_bn.c:1261:ucmp,['ext/openssl']
openssl,3.3.3,eql?,cBN,ossl_bn_eql,1,rb_define_method,ext/openssl/ossl_bn.c,1262,ext/openssl/ossl_bn.c,1069,resolved,ossl_bn_eql,3.3.3,openssl:ext/openssl/ossl_bn.c:1262:eql?,['ext/openssl']
openssl,3.3.3,hash,cBN,ossl_bn_hash,0,rb_define_method,ext/openssl/ossl_bn.c,1263,ext/openssl/ossl_bn.c,1090,resolved,ossl_bn_hash,3.3.3,openssl:ext/openssl/ossl_bn.c:1263:hash,['ext/openssl']
openssl,3.3.3,==,cBN,ossl_bn_eq,1,rb_define_method,ext/openssl/ossl_bn.c,1264,,,unresolved_function_binding,ossl_bn_eq,3.3.3,openssl:ext/openssl/ossl_bn.c:1264:==,['ext/openssl']
openssl,3.3.3,zero?,cBN,ossl_bn_is_zero,0,rb_define_method,ext/openssl/ossl_bn.c,1266,,,unresolved_function_binding,ossl_bn_is_zero,3.3.3,openssl:ext/openssl/ossl_bn.c:1266:zero?,['ext/openssl']
openssl,3.3.3,one?,cBN,ossl_bn_is_one,0,rb_define_method,ext/openssl/ossl_bn.c,1267,,,unresolved_function_binding,ossl_bn_is_one,3.3.3,openssl:ext/openssl/ossl_bn.c:1267:one?,['ext/openssl']
openssl,3.3.3,odd?,cBN,ossl_bn_is_odd,0,rb_define_method,ext/openssl/ossl_bn.c,1269,,,unresolved_function_binding,ossl_bn_is_odd,3.3.3,openssl:ext/openssl/ossl_bn.c:1269:odd?,['ext/openssl']
openssl,3.3.3,negative?,cBN,ossl_bn_is_negative,0,rb_define_method,ext/openssl/ossl_bn.c,1270,,,unresolved_function_binding,ossl_bn_is_negative,3.3.3,openssl:ext/openssl/ossl_bn.c:1270:negative?,['ext/openssl']
openssl,3.3.3,rand,cBN,ossl_bn_s_rand,-1,rb_define_singleton_method,ext/openssl/ossl_bn.c,1278,,,unresolved_function_binding,ossl_bn_s_rand,3.3.3,openssl:ext/openssl/ossl_bn.c:1278:rand,['ext/openssl']
openssl,3.3.3,rand_range,cBN,ossl_bn_s_rand_range,1,rb_define_singleton_method,ext/openssl/ossl_bn.c,1279,,,unresolved_function_binding,ossl_bn_s_rand_range,3.3.3,openssl:ext/openssl/ossl_bn.c:1279:rand_range,['ext/openssl']
openssl,3.3.3,generate_prime,cBN,ossl_bn_s_generate_prime,-1,rb_define_singleton_method,ext/openssl/ossl_bn.c,1283,,,unresolved_function_binding,ossl_bn_s_generate_prime,3.3.3,openssl:ext/openssl/ossl_bn.c:1283:generate_prime,['ext/openssl']
openssl,3.3.3,prime?,cBN,ossl_bn_is_prime,-1,rb_define_method,ext/openssl/ossl_bn.c,1284,ext/openssl/ossl_bn.c,1121,resolved,ossl_bn_is_prime,3.3.3,openssl:ext/openssl/ossl_bn.c:1284:prime?,['ext/openssl']
openssl,3.3.3,prime_fasttest?,cBN,ossl_bn_is_prime_fasttest,-1,rb_define_method,ext/openssl/ossl_bn.c,1285,ext/openssl/ossl_bn.c,1154,resolved,ossl_bn_is_prime_fasttest,3.3.3,openssl:ext/openssl/ossl_bn.c:1285:prime_fasttest?,['ext/openssl']
openssl,3.3.3,set_bit!,cBN,ossl_bn_set_bit,1,rb_define_method,ext/openssl/ossl_bn.c,1287,,,unresolved_function_binding,ossl_bn_set_bit,3.3.3,openssl:ext/openssl/ossl_bn.c:1287:set_bit!,['ext/openssl']
openssl,3.3.3,clear_bit!,cBN,ossl_bn_clear_bit,1,rb_define_method,ext/openssl/ossl_bn.c,1288,,,unresolved_function_binding,ossl_bn_clear_bit,3.3.3,openssl:ext/openssl/ossl_bn.c:1288:clear_bit!,['ext/openssl']
openssl,3.3.3,bit_set?,cBN,ossl_bn_is_bit_set,1,rb_define_method,ext/openssl/ossl_bn.c,1289,,,unresolved_function_binding,ossl_bn_is_bit_set,3.3.3,openssl:ext/openssl/ossl_bn.c:1289:bit_set?,['ext/openssl']
openssl,3.3.3,mask_bits!,cBN,ossl_bn_mask_bits,1,rb_define_method,ext/openssl/ossl_bn.c,1290,,,unresolved_function_binding,ossl_bn_mask_bits,3.3.3,openssl:ext/openssl/ossl_bn.c:1290:mask_bits!,['ext/openssl']
openssl,3.3.3,<<,cBN,ossl_bn_lshift,1,rb_define_method,ext/openssl/ossl_bn.c,1291,,,unresolved_function_binding,ossl_bn_lshift,3.3.3,openssl:ext/openssl/ossl_bn.c:1291:<<,['ext/openssl']
openssl,3.3.3,>>,cBN,ossl_bn_rshift,1,rb_define_method,ext/openssl/ossl_bn.c,1292,,,unresolved_function_binding,ossl_bn_rshift,3.3.3,openssl:ext/openssl/ossl_bn.c:1292:>>,['ext/openssl']
openssl,3.3.3,lshift!,cBN,ossl_bn_self_lshift,1,rb_define_method,ext/openssl/ossl_bn.c,1293,,,unresolved_function_binding,ossl_bn_self_lshift,3.3.3,openssl:ext/openssl/ossl_bn.c:1293:lshift!,['ext/openssl']
openssl,3.3.3,rshift!,cBN,ossl_bn_self_rshift,1,rb_define_method,ext/openssl/ossl_bn.c,1294,,,unresolved_function_binding,ossl_bn_self_rshift,3.3.3,openssl:ext/openssl/ossl_bn.c:1294:rshift!,['ext/openssl']
openssl,3.3.3,get_flags,cBN,ossl_bn_get_flags,1,rb_define_method,ext/openssl/ossl_bn.c,1298,ext/openssl/ossl_bn.c,1171,resolved,ossl_bn_get_flags,3.3.3,openssl:ext/openssl/ossl_bn.c:1298:get_flags,['ext/openssl']
openssl,3.3.3,set_flags,cBN,ossl_bn_set_flags,1,rb_define_method,ext/openssl/ossl_bn.c,1299,ext/openssl/ossl_bn.c,1187,resolved,ossl_bn_set_flags,3.3.3,openssl:ext/openssl/ossl_bn.c:1299:set_flags,['ext/openssl']
openssl,3.3.3,to_s,cBN,ossl_bn_to_s,-1,rb_define_method,ext/openssl/ossl_bn.c,1327,ext/openssl/ossl_bn.c,329,resolved,ossl_bn_to_s,3.3.3,openssl:ext/openssl/ossl_bn.c:1327:to_s,['ext/openssl']
openssl,3.3.3,to_i,cBN,ossl_bn_to_i,0,rb_define_method,ext/openssl/ossl_bn.c,1328,ext/openssl/ossl_bn.c,373,resolved,ossl_bn_to_i,3.3.3,openssl:ext/openssl/ossl_bn.c:1328:to_i,['ext/openssl']
openssl,3.3.3,to_bn,cBN,ossl_bn_to_bn,0,rb_define_method,ext/openssl/ossl_bn.c,1330,ext/openssl/ossl_bn.c,391,resolved,ossl_bn_to_bn,3.3.3,openssl:ext/openssl/ossl_bn.c:1330:to_bn,['ext/openssl']
openssl,3.3.3,coerce,cBN,ossl_bn_coerce,1,rb_define_method,ext/openssl/ossl_bn.c,1331,ext/openssl/ossl_bn.c,397,resolved,ossl_bn_coerce,3.3.3,openssl:ext/openssl/ossl_bn.c:1331:coerce,['ext/openssl']
openssl,3.3.3,mod_inverse,cBN,ossl_bn_mod_inverse,1,rb_define_method,ext/openssl/ossl_bn.c,1340,,,unresolved_function_binding,ossl_bn_mod_inverse,3.3.3,openssl:ext/openssl/ossl_bn.c:1340:mod_inverse,['ext/openssl']
openssl,3.3.3,<allocator>,cCipher,ossl_cipher_alloc,0,rb_define_alloc_func,ext/openssl/ossl_cipher.c,1061,ext/openssl/ossl_cipher.c,97,resolved,ossl_cipher_alloc,3.3.3,openssl:ext/openssl/ossl_cipher.c:1061:<allocator>,['ext/openssl']
openssl,3.3.3,initialize_copy,cCipher,ossl_cipher_copy,1,rb_define_method,ext/openssl/ossl_cipher.c,1062,ext/openssl/ossl_cipher.c,133,resolved,ossl_cipher_copy,3.3.3,openssl:ext/openssl/ossl_cipher.c:1062:initialize_copy,['ext/openssl']
openssl,3.3.3,ciphers,cCipher,ossl_s_ciphers,0,rb_define_module_function,ext/openssl/ossl_cipher.c,1063,ext/openssl/ossl_cipher.c,165,resolved,ossl_s_ciphers,3.3.3,openssl:ext/openssl/ossl_cipher.c:1063:ciphers,['ext/openssl']
openssl,3.3.3,initialize,cCipher,ossl_cipher_initialize,1,rb_define_method,ext/openssl/ossl_cipher.c,1064,ext/openssl/ossl_cipher.c,111,resolved,ossl_cipher_initialize,3.3.3,openssl:ext/openssl/ossl_cipher.c:1064:initialize,['ext/openssl']
openssl,3.3.3,reset,cCipher,ossl_cipher_reset,0,rb_define_method,ext/openssl/ossl_cipher.c,1065,ext/openssl/ossl_cipher.c,187,resolved,ossl_cipher_reset,3.3.3,openssl:ext/openssl/ossl_cipher.c:1065:reset,['ext/openssl']
openssl,3.3.3,encrypt,cCipher,ossl_cipher_encrypt,-1,rb_define_method,ext/openssl/ossl_cipher.c,1066,ext/openssl/ossl_cipher.c,257,resolved,ossl_cipher_encrypt,3.3.3,openssl:ext/openssl/ossl_cipher.c:1066:encrypt,['ext/openssl']
openssl,3.3.3,decrypt,cCipher,ossl_cipher_decrypt,-1,rb_define_method,ext/openssl/ossl_cipher.c,1067,ext/openssl/ossl_cipher.c,275,resolved,ossl_cipher_decrypt,3.3.3,openssl:ext/openssl/ossl_cipher.c:1067:decrypt,['ext/openssl']
openssl,3.3.3,pkcs5_keyivgen,cCipher,ossl_cipher_pkcs5_keyivgen,-1,rb_define_method,ext/openssl/ossl_cipher.c,1068,ext/openssl/ossl_cipher.c,301,resolved,ossl_cipher_pkcs5_keyivgen,3.3.3,openssl:ext/openssl/ossl_cipher.c:1068:pkcs5_keyivgen,['ext/openssl']
openssl,3.3.3,update,cCipher,ossl_cipher_update,-1,rb_define_method,ext/openssl/ossl_cipher.c,1069,ext/openssl/ossl_cipher.c,372,resolved,ossl_cipher_update,3.3.3,openssl:ext/openssl/ossl_cipher.c:1069:update,['ext/openssl']
openssl,3.3.3,final,cCipher,ossl_cipher_final,0,rb_define_method,ext/openssl/ossl_cipher.c,1070,ext/openssl/ossl_cipher.c,439,resolved,ossl_cipher_final,3.3.3,openssl:ext/openssl/ossl_cipher.c:1070:final,['ext/openssl']
openssl,3.3.3,name,cCipher,ossl_cipher_name,0,rb_define_method,ext/openssl/ossl_cipher.c,1071,ext/openssl/ossl_cipher.c,463,resolved,ossl_cipher_name,3.3.3,openssl:ext/openssl/ossl_cipher.c:1071:name,['ext/openssl']
openssl,3.3.3,key=,cCipher,ossl_cipher_set_key,1,rb_define_method,ext/openssl/ossl_cipher.c,1072,ext/openssl/ossl_cipher.c,484,resolved,ossl_cipher_set_key,3.3.3,openssl:ext/openssl/ossl_cipher.c:1072:key=,['ext/openssl']
openssl,3.3.3,auth_data=,cCipher,ossl_cipher_set_auth_data,1,rb_define_method,ext/openssl/ossl_cipher.c,1073,ext/openssl/ossl_cipher.c,574,resolved,ossl_cipher_set_auth_data,3.3.3,openssl:ext/openssl/ossl_cipher.c:1073:auth_data=,['ext/openssl']
openssl,3.3.3,auth_tag=,cCipher,ossl_cipher_set_auth_tag,1,rb_define_method,ext/openssl/ossl_cipher.c,1074,ext/openssl/ossl_cipher.c,649,resolved,ossl_cipher_set_auth_tag,3.3.3,openssl:ext/openssl/ossl_cipher.c:1074:auth_tag=,['ext/openssl']
openssl,3.3.3,auth_tag,cCipher,ossl_cipher_get_auth_tag,-1,rb_define_method,ext/openssl/ossl_cipher.c,1075,ext/openssl/ossl_cipher.c,611,resolved,ossl_cipher_get_auth_tag,3.3.3,openssl:ext/openssl/ossl_cipher.c:1075:auth_tag,['ext/openssl']
openssl,3.3.3,auth_tag_len=,cCipher,ossl_cipher_set_auth_tag_len,1,rb_define_method,ext/openssl/ossl_cipher.c,1076,ext/openssl/ossl_cipher.c,681,resolved,ossl_cipher_set_auth_tag_len,3.3.3,openssl:ext/openssl/ossl_cipher.c:1076:auth_tag_len=,['ext/openssl']
openssl,3.3.3,authenticated?,cCipher,ossl_cipher_is_authenticated,0,rb_define_method,ext/openssl/ossl_cipher.c,1077,ext/openssl/ossl_cipher.c,546,resolved,ossl_cipher_is_authenticated,3.3.3,openssl:ext/openssl/ossl_cipher.c:1077:authenticated?,['ext/openssl']
openssl,3.3.3,key_len=,cCipher,ossl_cipher_set_key_length,1,rb_define_method,ext/openssl/ossl_cipher.c,1078,ext/openssl/ossl_cipher.c,742,resolved,ossl_cipher_set_key_length,3.3.3,openssl:ext/openssl/ossl_cipher.c:1078:key_len=,['ext/openssl']
openssl,3.3.3,key_len,cCipher,ossl_cipher_key_length,0,rb_define_method,ext/openssl/ossl_cipher.c,1079,ext/openssl/ossl_cipher.c,783,resolved,ossl_cipher_key_length,3.3.3,openssl:ext/openssl/ossl_cipher.c:1079:key_len,['ext/openssl']
openssl,3.3.3,iv=,cCipher,ossl_cipher_set_iv,1,rb_define_method,ext/openssl/ossl_cipher.c,1080,ext/openssl/ossl_cipher.c,517,resolved,ossl_cipher_set_iv,3.3.3,openssl:ext/openssl/ossl_cipher.c:1080:iv=,['ext/openssl']
openssl,3.3.3,iv_len=,cCipher,ossl_cipher_set_iv_length,1,rb_define_method,ext/openssl/ossl_cipher.c,1081,ext/openssl/ossl_cipher.c,708,resolved,ossl_cipher_set_iv_length,3.3.3,openssl:ext/openssl/ossl_cipher.c:1081:iv_len=,['ext/openssl']
openssl,3.3.3,iv_len,cCipher,ossl_cipher_iv_length,0,rb_define_method,ext/openssl/ossl_cipher.c,1082,ext/openssl/ossl_cipher.c,799,resolved,ossl_cipher_iv_length,3.3.3,openssl:ext/openssl/ossl_cipher.c:1082:iv_len,['ext/openssl']
openssl,3.3.3,block_size,cCipher,ossl_cipher_block_size,0,rb_define_method,ext/openssl/ossl_cipher.c,1083,ext/openssl/ossl_cipher.c,820,resolved,ossl_cipher_block_size,3.3.3,openssl:ext/openssl/ossl_cipher.c:1083:block_size,['ext/openssl']
openssl,3.3.3,padding=,cCipher,ossl_cipher_set_padding,1,rb_define_method,ext/openssl/ossl_cipher.c,1084,ext/openssl/ossl_cipher.c,765,resolved,ossl_cipher_set_padding,3.3.3,openssl:ext/openssl/ossl_cipher.c:1084:padding=,['ext/openssl']
openssl,3.3.3,ccm_data_len=,cCipher,ossl_cipher_set_ccm_data_len,1,rb_define_method,ext/openssl/ossl_cipher.c,1085,ext/openssl/ossl_cipher.c,840,resolved,ossl_cipher_set_ccm_data_len,3.3.3,openssl:ext/openssl/ossl_cipher.c:1085:ccm_data_len=,['ext/openssl']
openssl,3.3.3,parse,cConfig,config_s_parse,1,rb_define_singleton_method,ext/openssl/ossl_config.c,441,ext/openssl/ossl_config.c,81,resolved,config_s_parse,3.3.3,openssl:ext/openssl/ossl_config.c:441:parse,['ext/openssl']
openssl,3.3.3,parse_config,cConfig,config_s_parse_config,1,rb_define_singleton_method,ext/openssl/ossl_config.c,442,ext/openssl/ossl_config.c,104,resolved,config_s_parse_config,3.3.3,openssl:ext/openssl/ossl_config.c:442:parse_config,['ext/openssl']
openssl,3.3.3,<allocator>,cConfig,config_s_alloc,0,rb_define_alloc_func,ext/openssl/ossl_config.c,444,ext/openssl/ossl_config.c,39,resolved,config_s_alloc,3.3.3,openssl:ext/openssl/ossl_config.c:444:<allocator>,['ext/openssl']
openssl,3.3.3,initialize,cConfig,config_initialize,-1,rb_define_method,ext/openssl/ossl_config.c,445,ext/openssl/ossl_config.c,133,resolved,config_initialize,3.3.3,openssl:ext/openssl/ossl_config.c:445:initialize,['ext/openssl']
openssl,3.3.3,initialize_copy,cConfig,config_initialize_copy,1,rb_define_method,ext/openssl/ossl_config.c,446,ext/openssl/ossl_config.c,152,resolved,config_initialize_copy,3.3.3,openssl:ext/openssl/ossl_config.c:446:initialize_copy,['ext/openssl']
openssl,3.3.3,get_value,cConfig,config_get_value,2,rb_define_method,ext/openssl/ossl_config.c,447,ext/openssl/ossl_config.c,187,resolved,config_get_value,3.3.3,openssl:ext/openssl/ossl_config.c:447:get_value,['ext/openssl']
openssl,3.3.3,[],cConfig,config_get_section,1,rb_define_method,ext/openssl/ossl_config.c,448,ext/openssl/ossl_config.c,226,resolved,config_get_section,3.3.3,openssl:ext/openssl/ossl_config.c:448:[],['ext/openssl']
openssl,3.3.3,sections,cConfig,config_get_sections,0,rb_define_method,ext/openssl/ossl_config.c,449,ext/openssl/ossl_config.c,258,resolved,config_get_sections,3.3.3,openssl:ext/openssl/ossl_config.c:449:sections,['ext/openssl']
openssl,3.3.3,to_s,cConfig,config_to_s,0,rb_define_method,ext/openssl/ossl_config.c,450,ext/openssl/ossl_config.c,302,resolved,config_to_s,3.3.3,openssl:ext/openssl/ossl_config.c:450:to_s,['ext/openssl']
openssl,3.3.3,each,cConfig,config_each,0,rb_define_method,ext/openssl/ossl_config.c,451,ext/openssl/ossl_config.c,364,resolved,config_each,3.3.3,openssl:ext/openssl/ossl_config.c:451:each,['ext/openssl']
openssl,3.3.3,inspect,cConfig,config_inspect,0,rb_define_method,ext/openssl/ossl_config.c,452,ext/openssl/ossl_config.c,395,resolved,config_inspect,3.3.3,openssl:ext/openssl/ossl_config.c:452:inspect,['ext/openssl']
openssl,3.3.3,<allocator>,cDigest,ossl_digest_alloc,0,rb_define_alloc_func,ext/openssl/ossl_digest.c,431,ext/openssl/ossl_digest.c,93,resolved,ossl_digest_alloc,3.3.3,openssl:ext/openssl/ossl_digest.c:431:<allocator>,['ext/openssl']
openssl,3.3.3,digests,cDigest,ossl_s_digests,0,rb_define_module_function,ext/openssl/ossl_digest.c,433,ext/openssl/ossl_digest.c,179,resolved,ossl_s_digests,3.3.3,openssl:ext/openssl/ossl_digest.c:433:digests,['ext/openssl']
openssl,3.3.3,initialize,cDigest,ossl_digest_initialize,-1,rb_define_method,ext/openssl/ossl_digest.c,434,ext/openssl/ossl_digest.c,119,resolved,ossl_digest_initialize,3.3.3,openssl:ext/openssl/ossl_digest.c:434:initialize,['ext/openssl']
openssl,3.3.3,initialize_copy,cDigest,ossl_digest_copy,1,rb_define_method,ext/openssl/ossl_digest.c,435,ext/openssl/ossl_digest.c,144,resolved,ossl_digest_copy,3.3.3,openssl:ext/openssl/ossl_digest.c:435:initialize_copy,['ext/openssl']
openssl,3.3.3,reset,cDigest,ossl_digest_reset,0,rb_define_method,ext/openssl/ossl_digest.c,436,ext/openssl/ossl_digest.c,200,resolved,ossl_digest_reset,3.3.3,openssl:ext/openssl/ossl_digest.c:436:reset,['ext/openssl']
openssl,3.3.3,update,cDigest,ossl_digest_update,1,rb_define_method,ext/openssl/ossl_digest.c,437,ext/openssl/ossl_digest.c,228,resolved,ossl_digest_update,3.3.3,openssl:ext/openssl/ossl_digest.c:437:update,['ext/openssl']
openssl,3.3.3,finish,cDigest,ossl_digest_finish,0,rb_define_private_method,ext/openssl/ossl_digest.c,439,ext/openssl/ossl_digest.c,247,resolved,ossl_digest_finish,3.3.3,openssl:ext/openssl/ossl_digest.c:439:finish,['ext/openssl']
openssl,3.3.3,digest_length,cDigest,ossl_digest_size,0,rb_define_method,ext/openssl/ossl_digest.c,440,ext/openssl/ossl_digest.c,295,resolved,ossl_digest_size,3.3.3,openssl:ext/openssl/ossl_digest.c:440:digest_length,['ext/openssl']
openssl,3.3.3,block_length,cDigest,ossl_digest_block_length,0,rb_define_method,ext/openssl/ossl_digest.c,441,ext/openssl/ossl_digest.c,318,resolved,ossl_digest_block_length,3.3.3,openssl:ext/openssl/ossl_digest.c:441:block_length,['ext/openssl']
openssl,3.3.3,name,cDigest,ossl_digest_name,0,rb_define_method,ext/openssl/ossl_digest.c,443,ext/openssl/ossl_digest.c,273,resolved,ossl_digest_name,3.3.3,openssl:ext/openssl/ossl_digest.c:443:name,['ext/openssl']
openssl,3.3.3,load,cEngine,ossl_engine_s_load,-1,rb_define_singleton_method,ext/openssl/ossl_engine.c,531,ext/openssl/ossl_engine.c,94,resolved,ossl_engine_s_load,3.3.3,openssl:ext/openssl/ossl_engine.c:531:load,['ext/openssl']
openssl,3.3.3,cleanup,cEngine,ossl_engine_s_cleanup,0,rb_define_singleton_method,ext/openssl/ossl_engine.c,532,ext/openssl/ossl_engine.c,163,resolved,ossl_engine_s_cleanup,3.3.3,openssl:ext/openssl/ossl_engine.c:532:cleanup,['ext/openssl']
openssl,3.3.3,engines,cEngine,ossl_engine_s_engines,0,rb_define_singleton_method,ext/openssl/ossl_engine.c,533,ext/openssl/ossl_engine.c,178,resolved,ossl_engine_s_engines,3.3.3,openssl:ext/openssl/ossl_engine.c:533:engines,['ext/openssl']
openssl,3.3.3,by_id,cEngine,ossl_engine_s_by_id,1,rb_define_singleton_method,ext/openssl/ossl_engine.c,534,ext/openssl/ossl_engine.c,209,resolved,ossl_engine_s_by_id,3.3.3,openssl:ext/openssl/ossl_engine.c:534:by_id,['ext/openssl']
openssl,3.3.3,id,cEngine,ossl_engine_get_id,0,rb_define_method,ext/openssl/ossl_engine.c,536,ext/openssl/ossl_engine.c,242,resolved,ossl_engine_get_id,3.3.3,openssl:ext/openssl/ossl_engine.c:536:id,['ext/openssl']
openssl,3.3.3,name,cEngine,ossl_engine_get_name,0,rb_define_method,ext/openssl/ossl_engine.c,537,ext/openssl/ossl_engine.c,262,resolved,ossl_engine_get_name,3.3.3,openssl:ext/openssl/ossl_engine.c:537:name,['ext/openssl']
openssl,3.3.3,finish,cEngine,ossl_engine_finish,0,rb_define_method,ext/openssl/ossl_engine.c,538,ext/openssl/ossl_engine.c,278,resolved,ossl_engine_finish,3.3.3,openssl:ext/openssl/ossl_engine.c:538:finish,['ext/openssl']
openssl,3.3.3,cipher,cEngine,ossl_engine_get_cipher,1,rb_define_method,ext/openssl/ossl_engine.c,539,ext/openssl/ossl_engine.c,304,resolved,ossl_engine_get_cipher,3.3.3,openssl:ext/openssl/ossl_engine.c:539:cipher,['ext/openssl']
openssl,3.3.3,digest,cEngine,ossl_engine_get_digest,1,rb_define_method,ext/openssl/ossl_engine.c,540,ext/openssl/ossl_engine.c,336,resolved,ossl_engine_get_digest,3.3.3,openssl:ext/openssl/ossl_engine.c:540:digest,['ext/openssl']
openssl,3.3.3,load_private_key,cEngine,ossl_engine_load_privkey,-1,rb_define_method,ext/openssl/ossl_engine.c,541,ext/openssl/ossl_engine.c,362,resolved,ossl_engine_load_privkey,3.3.3,openssl:ext/openssl/ossl_engine.c:541:load_private_key,['ext/openssl']
openssl,3.3.3,load_public_key,cEngine,ossl_engine_load_pubkey,-1,rb_define_method,ext/openssl/ossl_engine.c,542,ext/openssl/ossl_engine.c,391,resolved,ossl_engine_load_pubkey,3.3.3,openssl:ext/openssl/ossl_engine.c:542:load_public_key,['ext/openssl']
openssl,3.3.3,set_default,cEngine,ossl_engine_set_default,1,rb_define_method,ext/openssl/ossl_engine.c,543,ext/openssl/ossl_engine.c,425,resolved,ossl_engine_set_default,3.3.3,openssl:ext/openssl/ossl_engine.c:543:set_default,['ext/openssl']
openssl,3.3.3,ctrl_cmd,cEngine,ossl_engine_ctrl_cmd,-1,rb_define_method,ext/openssl/ossl_engine.c,544,ext/openssl/ossl_engine.c,445,resolved,ossl_engine_ctrl_cmd,3.3.3,openssl:ext/openssl/ossl_engine.c:544:ctrl_cmd,['ext/openssl']
openssl,3.3.3,cmds,cEngine,ossl_engine_get_cmds,0,rb_define_method,ext/openssl/ossl_engine.c,545,ext/openssl/ossl_engine.c,479,resolved,ossl_engine_get_cmds,3.3.3,openssl:ext/openssl/ossl_engine.c:545:cmds,['ext/openssl']
openssl,3.3.3,inspect,cEngine,ossl_engine_inspect,0,rb_define_method,ext/openssl/ossl_engine.c,546,ext/openssl/ossl_engine.c,507,resolved,ossl_engine_inspect,3.3.3,openssl:ext/openssl/ossl_engine.c:546:inspect,['ext/openssl']
openssl,3.3.3,<allocator>,cHMAC,ossl_hmac_alloc,0,rb_define_alloc_func,ext/openssl/ossl_hmac.c,298,ext/openssl/ossl_hmac.c,48,resolved,ossl_hmac_alloc,3.3.3,openssl:ext/openssl/ossl_hmac.c:298:<allocator>,['ext/openssl']
openssl,3.3.3,initialize,cHMAC,ossl_hmac_initialize,2,rb_define_method,ext/openssl/ossl_hmac.c,300,ext/openssl/ossl_hmac.c,92,resolved,ossl_hmac_initialize,3.3.3,openssl:ext/openssl/ossl_hmac.c:300:initialize,['ext/openssl']
openssl,3.3.3,initialize_copy,cHMAC,ossl_hmac_copy,1,rb_define_method,ext/openssl/ossl_hmac.c,301,ext/openssl/ossl_hmac.c,124,resolved,ossl_hmac_copy,3.3.3,openssl:ext/openssl/ossl_hmac.c:301:initialize_copy,['ext/openssl']
openssl,3.3.3,reset,cHMAC,ossl_hmac_reset,0,rb_define_method,ext/openssl/ossl_hmac.c,303,ext/openssl/ossl_hmac.c,242,resolved,ossl_hmac_reset,3.3.3,openssl:ext/openssl/ossl_hmac.c:303:reset,['ext/openssl']
openssl,3.3.3,update,cHMAC,ossl_hmac_update,1,rb_define_method,ext/openssl/ossl_hmac.c,304,ext/openssl/ossl_hmac.c,157,resolved,ossl_hmac_update,3.3.3,openssl:ext/openssl/ossl_hmac.c:304:update,['ext/openssl']
openssl,3.3.3,digest,cHMAC,ossl_hmac_digest,0,rb_define_method,ext/openssl/ossl_hmac.c,306,ext/openssl/ossl_hmac.c,182,resolved,ossl_hmac_digest,3.3.3,openssl:ext/openssl/ossl_hmac.c:306:digest,['ext/openssl']
openssl,3.3.3,hexdigest,cHMAC,ossl_hmac_hexdigest,0,rb_define_method,ext/openssl/ossl_hmac.c,307,ext/openssl/ossl_hmac.c,206,resolved,ossl_hmac_hexdigest,3.3.3,openssl:ext/openssl/ossl_hmac.c:307:hexdigest,['ext/openssl']
openssl,3.3.3,pbkdf2_hmac,mKDF,kdf_pbkdf2_hmac,-1,rb_define_module_function,ext/openssl/ossl_kdf.c,304,ext/openssl/ossl_kdf.c,37,resolved,kdf_pbkdf2_hmac,3.3.3,openssl:ext/openssl/ossl_kdf.c:304:pbkdf2_hmac,['ext/openssl']
openssl,3.3.3,scrypt,mKDF,kdf_scrypt,-1,rb_define_module_function,ext/openssl/ossl_kdf.c,306,ext/openssl/ossl_kdf.c,103,resolved,kdf_scrypt,3.3.3,openssl:ext/openssl/ossl_kdf.c:306:scrypt,['ext/openssl']
openssl,3.3.3,hkdf,mKDF,kdf_hkdf,-1,rb_define_module_function,ext/openssl/ossl_kdf.c,309,ext/openssl/ossl_kdf.c,175,resolved,kdf_hkdf,3.3.3,openssl:ext/openssl/ossl_kdf.c:309:hkdf,['ext/openssl']
openssl,3.3.3,<allocator>,cSPKI,ossl_spki_alloc,0,rb_define_alloc_func,ext/openssl/ossl_ns_spki.c,391,ext/openssl/ossl_ns_spki.c,56,resolved,ossl_spki_alloc,3.3.3,openssl:ext/openssl/ossl_ns_spki.c:391:<allocator>,['ext/openssl']
openssl,3.3.3,initialize,cSPKI,ossl_spki_initialize,-1,rb_define_method,ext/openssl/ossl_ns_spki.c,392,ext/openssl/ossl_ns_spki.c,78,resolved,ossl_spki_initialize,3.3.3,openssl:ext/openssl/ossl_ns_spki.c:392:initialize,['ext/openssl']
openssl,3.3.3,to_der,cSPKI,ossl_spki_to_der,0,rb_define_method,ext/openssl/ossl_ns_spki.c,394,ext/openssl/ossl_ns_spki.c,108,resolved,ossl_spki_to_der,3.3.3,openssl:ext/openssl/ossl_ns_spki.c:394:to_der,['ext/openssl']
openssl,3.3.3,to_pem,cSPKI,ossl_spki_to_pem,0,rb_define_method,ext/openssl/ossl_ns_spki.c,395,ext/openssl/ossl_ns_spki.c,134,resolved,ossl_spki_to_pem,3.3.3,openssl:ext/openssl/ossl_ns_spki.c:395:to_pem,['ext/openssl']
openssl,3.3.3,to_text,cSPKI,ossl_spki_print,0,rb_define_method,ext/openssl/ossl_ns_spki.c,397,ext/openssl/ossl_ns_spki.c,157,resolved,ossl_spki_print,3.3.3,openssl:ext/openssl/ossl_ns_spki.c:397:to_text,['ext/openssl']
openssl,3.3.3,public_key,cSPKI,ossl_spki_get_public_key,0,rb_define_method,ext/openssl/ossl_ns_spki.c,398,ext/openssl/ossl_ns_spki.c,182,resolved,ossl_spki_get_public_key,3.3.3,openssl:ext/openssl/ossl_ns_spki.c:398:public_key,['ext/openssl']
openssl,3.3.3,public_key=,cSPKI,ossl_spki_set_public_key,1,rb_define_method,ext/openssl/ossl_ns_spki.c,399,ext/openssl/ossl_ns_spki.c,207,resolved,ossl_spki_set_public_key,3.3.3,openssl:ext/openssl/ossl_ns_spki.c:399:public_key=,['ext/openssl']
openssl,3.3.3,sign,cSPKI,ossl_spki_sign,2,rb_define_method,ext/openssl/ossl_ns_spki.c,400,ext/openssl/ossl_ns_spki.c,279,resolved,ossl_spki_sign,3.3.3,openssl:ext/openssl/ossl_ns_spki.c:400:sign,['ext/openssl']
openssl,3.3.3,verify,cSPKI,ossl_spki_verify,1,rb_define_method,ext/openssl/ossl_ns_spki.c,401,ext/openssl/ossl_ns_spki.c,306,resolved,ossl_spki_verify,3.3.3,openssl:ext/openssl/ossl_ns_spki.c:401:verify,['ext/openssl']
openssl,3.3.3,challenge,cSPKI,ossl_spki_get_challenge,0,rb_define_method,ext/openssl/ossl_ns_spki.c,402,ext/openssl/ossl_ns_spki.c,227,resolved,ossl_spki_get_challenge,3.3.3,openssl:ext/openssl/ossl_ns_spki.c:402:challenge,['ext/openssl']
openssl,3.3.3,challenge=,cSPKI,ossl_spki_set_challenge,1,rb_define_method,ext/openssl/ossl_ns_spki.c,403,ext/openssl/ossl_ns_spki.c,251,resolved,ossl_spki_set_challenge,3.3.3,openssl:ext/openssl/ossl_ns_spki.c:403:challenge=,['ext/openssl']
openssl,3.3.3,<allocator>,cOCSPReq,ossl_ocspreq_alloc,0,rb_define_alloc_func,ext/openssl/ossl_ocsp.c,1777,ext/openssl/ossl_ocsp.c,162,resolved,ossl_ocspreq_alloc,3.3.3,openssl:ext/openssl/ossl_ocsp.c:1777:<allocator>,['ext/openssl']
openssl,3.3.3,initialize_copy,cOCSPReq,ossl_ocspreq_initialize_copy,1,rb_define_method,ext/openssl/ossl_ocsp.c,1778,ext/openssl/ossl_ocsp.c,176,resolved,ossl_ocspreq_initialize_copy,3.3.3,openssl:ext/openssl/ossl_ocsp.c:1778:initialize_copy,['ext/openssl']
openssl,3.3.3,initialize,cOCSPReq,ossl_ocspreq_initialize,-1,rb_define_method,ext/openssl/ossl_ocsp.c,1779,ext/openssl/ossl_ocsp.c,204,resolved,ossl_ocspreq_initialize,3.3.3,openssl:ext/openssl/ossl_ocsp.c:1779:initialize,['ext/openssl']
openssl,3.3.3,add_nonce,cOCSPReq,ossl_ocspreq_add_nonce,-1,rb_define_method,ext/openssl/ossl_ocsp.c,1780,ext/openssl/ossl_ocsp.c,238,resolved,ossl_ocspreq_add_nonce,3.3.3,openssl:ext/openssl/ossl_ocsp.c:1780:add_nonce,['ext/openssl']
openssl,3.3.3,check_nonce,cOCSPReq,ossl_ocspreq_check_nonce,1,rb_define_method,ext/openssl/ossl_ocsp.c,1781,ext/openssl/ossl_ocsp.c,279,resolved,ossl_ocspreq_check_nonce,3.3.3,openssl:ext/openssl/ossl_ocsp.c:1781:check_nonce,['ext/openssl']
openssl,3.3.3,add_certid,cOCSPReq,ossl_ocspreq_add_certid,1,rb_define_method,ext/openssl/ossl_ocsp.c,1782,ext/openssl/ossl_ocsp.c,300,resolved,ossl_ocspreq_add_certid,3.3.3,openssl:ext/openssl/ossl_ocsp.c:1782:add_certid,['ext/openssl']
openssl,3.3.3,certid,cOCSPReq,ossl_ocspreq_get_certid,0,rb_define_method,ext/openssl/ossl_ocsp.c,1783,ext/openssl/ossl_ocsp.c,326,resolved,ossl_ocspreq_get_certid,3.3.3,openssl:ext/openssl/ossl_ocsp.c:1783:certid,['ext/openssl']
openssl,3.3.3,signed?,cOCSPReq,ossl_ocspreq_signed_p,0,rb_define_method,ext/openssl/ossl_ocsp.c,1784,ext/openssl/ossl_ocsp.c,465,resolved,ossl_ocspreq_signed_p,3.3.3,openssl:ext/openssl/ossl_ocsp.c:1784:signed?,['ext/openssl']
openssl,3.3.3,sign,cOCSPReq,ossl_ocspreq_sign,-1,rb_define_method,ext/openssl/ossl_ocsp.c,1785,ext/openssl/ossl_ocsp.c,366,resolved,ossl_ocspreq_sign,3.3.3,openssl:ext/openssl/ossl_ocsp.c:1785:sign,['ext/openssl']
openssl,3.3.3,verify,cOCSPReq,ossl_ocspreq_verify,-1,rb_define_method,ext/openssl/ossl_ocsp.c,1786,ext/openssl/ossl_ocsp.c,412,resolved,ossl_ocspreq_verify,3.3.3,openssl:ext/openssl/ossl_ocsp.c:1786:verify,['ext/openssl']
openssl,3.3.3,to_der,cOCSPReq,ossl_ocspreq_to_der,0,rb_define_method,ext/openssl/ossl_ocsp.c,1787,ext/openssl/ossl_ocsp.c,438,resolved,ossl_ocspreq_to_der,3.3.3,openssl:ext/openssl/ossl_ocsp.c:1787:to_der,['ext/openssl']
openssl,3.3.3,create,cOCSPRes,ossl_ocspres_s_create,2,rb_define_singleton_method,ext/openssl/ossl_ocsp.c,1795,ext/openssl/ossl_ocsp.c,484,resolved,ossl_ocspres_s_create,3.3.3,openssl:ext/openssl/ossl_ocsp.c:1795:create,['ext/openssl']
openssl,3.3.3,<allocator>,cOCSPRes,ossl_ocspres_alloc,0,rb_define_alloc_func,ext/openssl/ossl_ocsp.c,1796,ext/openssl/ossl_ocsp.c,502,resolved,ossl_ocspres_alloc,3.3.3,openssl:ext/openssl/ossl_ocsp.c:1796:<allocator>,['ext/openssl']
openssl,3.3.3,initialize_copy,cOCSPRes,ossl_ocspres_initialize_copy,1,rb_define_method,ext/openssl/ossl_ocsp.c,1797,ext/openssl/ossl_ocsp.c,516,resolved,ossl_ocspres_initialize_copy,3.3.3,openssl:ext/openssl/ossl_ocsp.c:1797:initialize_copy,['ext/openssl']
openssl,3.3.3,initialize,cOCSPRes,ossl_ocspres_initialize,-1,rb_define_method,ext/openssl/ossl_ocsp.c,1798,ext/openssl/ossl_ocsp.c,544,resolved,ossl_ocspres_initialize,3.3.3,openssl:ext/openssl/ossl_ocsp.c:1798:initialize,['ext/openssl']
openssl,3.3.3,status,cOCSPRes,ossl_ocspres_status,0,rb_define_method,ext/openssl/ossl_ocsp.c,1799,ext/openssl/ossl_ocsp.c,574,resolved,ossl_ocspres_status,3.3.3,openssl:ext/openssl/ossl_ocsp.c:1799:status,['ext/openssl']
openssl,3.3.3,status_string,cOCSPRes,ossl_ocspres_status_string,0,rb_define_method,ext/openssl/ossl_ocsp.c,1800,ext/openssl/ossl_ocsp.c,593,resolved,ossl_ocspres_status_string,3.3.3,openssl:ext/openssl/ossl_ocsp.c:1800:status_string,['ext/openssl']
openssl,3.3.3,basic,cOCSPRes,ossl_ocspres_get_basic,0,rb_define_method,ext/openssl/ossl_ocsp.c,1801,ext/openssl/ossl_ocsp.c,612,resolved,ossl_ocspres_get_basic,3.3.3,openssl:ext/openssl/ossl_ocsp.c:1801:basic,['ext/openssl']
openssl,3.3.3,to_der,cOCSPRes,ossl_ocspres_to_der,0,rb_define_method,ext/openssl/ossl_ocsp.c,1802,ext/openssl/ossl_ocsp.c,635,resolved,ossl_ocspres_to_der,3.3.3,openssl:ext/openssl/ossl_ocsp.c:1802:to_der,['ext/openssl']
openssl,3.3.3,<allocator>,cOCSPBasicRes,ossl_ocspbres_alloc,0,rb_define_alloc_func,ext/openssl/ossl_ocsp.c,1811,ext/openssl/ossl_ocsp.c,658,resolved,ossl_ocspbres_alloc,3.3.3,openssl:ext/openssl/ossl_ocsp.c:1811:<allocator>,['ext/openssl']
openssl,3.3.3,initialize_copy,cOCSPBasicRes,ossl_ocspbres_initialize_copy,1,rb_define_method,ext/openssl/ossl_ocsp.c,1812,ext/openssl/ossl_ocsp.c,672,resolved,ossl_ocspbres_initialize_copy,3.3.3,openssl:ext/openssl/ossl_ocsp.c:1812:initialize_copy,['ext/openssl']
openssl,3.3.3,initialize,cOCSPBasicRes,ossl_ocspbres_initialize,-1,rb_define_method,ext/openssl/ossl_ocsp.c,1813,ext/openssl/ossl_ocsp.c,699,resolved,ossl_ocspbres_initialize,3.3.3,openssl:ext/openssl/ossl_ocsp.c:1813:initialize,['ext/openssl']
openssl,3.3.3,copy_nonce,cOCSPBasicRes,ossl_ocspbres_copy_nonce,1,rb_define_method,ext/openssl/ossl_ocsp.c,1814,ext/openssl/ossl_ocsp.c,730,resolved,ossl_ocspbres_copy_nonce,3.3.3,openssl:ext/openssl/ossl_ocsp.c:1814:copy_nonce,['ext/openssl']
openssl,3.3.3,add_nonce,cOCSPBasicRes,ossl_ocspbres_add_nonce,-1,rb_define_method,ext/openssl/ossl_ocsp.c,1815,ext/openssl/ossl_ocsp.c,752,resolved,ossl_ocspbres_add_nonce,3.3.3,openssl:ext/openssl/ossl_ocsp.c:1815:add_nonce,['ext/openssl']
openssl,3.3.3,add_status,cOCSPBasicRes,ossl_ocspbres_add_status,7,rb_define_method,ext/openssl/ossl_ocsp.c,1816,ext/openssl/ossl_ocsp.c,817,resolved,ossl_ocspbres_add_status,3.3.3,openssl:ext/openssl/ossl_ocsp.c:1816:add_status,['ext/openssl']
openssl,3.3.3,status,cOCSPBasicRes,ossl_ocspbres_get_status,0,rb_define_method,ext/openssl/ossl_ocsp.c,1817,ext/openssl/ossl_ocsp.c,895,resolved,ossl_ocspbres_get_status,3.3.3,openssl:ext/openssl/ossl_ocsp.c:1817:status,['ext/openssl']
openssl,3.3.3,responses,cOCSPBasicRes,ossl_ocspbres_get_responses,0,rb_define_method,ext/openssl/ossl_ocsp.c,1818,ext/openssl/ossl_ocsp.c,948,resolved,ossl_ocspbres_get_responses,3.3.3,openssl:ext/openssl/ossl_ocsp.c:1818:responses,['ext/openssl']
openssl,3.3.3,find_response,cOCSPBasicRes,ossl_ocspbres_find_response,1,rb_define_method,ext/openssl/ossl_ocsp.c,1819,ext/openssl/ossl_ocsp.c,981,resolved,ossl_ocspbres_find_response,3.3.3,openssl:ext/openssl/ossl_ocsp.c:1819:find_response,['ext/openssl']
openssl,3.3.3,sign,cOCSPBasicRes,ossl_ocspbres_sign,-1,rb_define_method,ext/openssl/ossl_ocsp.c,1820,ext/openssl/ossl_ocsp.c,1016,resolved,ossl_ocspbres_sign,3.3.3,openssl:ext/openssl/ossl_ocsp.c:1820:sign,['ext/openssl']
openssl,3.3.3,verify,cOCSPBasicRes,ossl_ocspbres_verify,-1,rb_define_method,ext/openssl/ossl_ocsp.c,1821,ext/openssl/ossl_ocsp.c,1057,resolved,ossl_ocspbres_verify,3.3.3,openssl:ext/openssl/ossl_ocsp.c:1821:verify,['ext/openssl']
openssl,3.3.3,to_der,cOCSPBasicRes,ossl_ocspbres_to_der,0,rb_define_method,ext/openssl/ossl_ocsp.c,1822,ext/openssl/ossl_ocsp.c,1085,resolved,ossl_ocspbres_to_der,3.3.3,openssl:ext/openssl/ossl_ocsp.c:1822:to_der,['ext/openssl']
openssl,3.3.3,<allocator>,cOCSPSingleRes,ossl_ocspsres_alloc,0,rb_define_alloc_func,ext/openssl/ossl_ocsp.c,1830,ext/openssl/ossl_ocsp.c,1119,resolved,ossl_ocspsres_alloc,3.3.3,openssl:ext/openssl/ossl_ocsp.c:1830:<allocator>,['ext/openssl']
openssl,3.3.3,initialize_copy,cOCSPSingleRes,ossl_ocspsres_initialize_copy,1,rb_define_method,ext/openssl/ossl_ocsp.c,1831,ext/openssl/ossl_ocsp.c,1159,resolved,ossl_ocspsres_initialize_copy,3.3.3,openssl:ext/openssl/ossl_ocsp.c:1831:initialize_copy,['ext/openssl']
openssl,3.3.3,initialize,cOCSPSingleRes,ossl_ocspsres_initialize,1,rb_define_method,ext/openssl/ossl_ocsp.c,1832,ext/openssl/ossl_ocsp.c,1139,resolved,ossl_ocspsres_initialize,3.3.3,openssl:ext/openssl/ossl_ocsp.c:1832:initialize,['ext/openssl']
openssl,3.3.3,check_validity,cOCSPSingleRes,ossl_ocspsres_check_validity,-1,rb_define_method,ext/openssl/ossl_ocsp.c,1833,ext/openssl/ossl_ocsp.c,1194,resolved,ossl_ocspsres_check_validity,3.3.3,openssl:ext/openssl/ossl_ocsp.c:1833:check_validity,['ext/openssl']
openssl,3.3.3,certid,cOCSPSingleRes,ossl_ocspsres_get_certid,0,rb_define_method,ext/openssl/ossl_ocsp.c,1834,ext/openssl/ossl_ocsp.c,1227,resolved,ossl_ocspsres_get_certid,3.3.3,openssl:ext/openssl/ossl_ocsp.c:1834:certid,['ext/openssl']
openssl,3.3.3,cert_status,cOCSPSingleRes,ossl_ocspsres_get_cert_status,0,rb_define_method,ext/openssl/ossl_ocsp.c,1835,ext/openssl/ossl_ocsp.c,1253,resolved,ossl_ocspsres_get_cert_status,3.3.3,openssl:ext/openssl/ossl_ocsp.c:1835:cert_status,['ext/openssl']
openssl,3.3.3,this_update,cOCSPSingleRes,ossl_ocspsres_get_this_update,0,rb_define_method,ext/openssl/ossl_ocsp.c,1836,ext/openssl/ossl_ocsp.c,1271,resolved,ossl_ocspsres_get_this_update,3.3.3,openssl:ext/openssl/ossl_ocsp.c:1836:this_update,['ext/openssl']
openssl,3.3.3,next_update,cOCSPSingleRes,ossl_ocspsres_get_next_update,0,rb_define_method,ext/openssl/ossl_ocsp.c,1837,ext/openssl/ossl_ocsp.c,1292,resolved,ossl_ocspsres_get_next_update,3.3.3,openssl:ext/openssl/ossl_ocsp.c:1837:next_update,['ext/openssl']
openssl,3.3.3,revocation_time,cOCSPSingleRes,ossl_ocspsres_get_revocation_time,0,rb_define_method,ext/openssl/ossl_ocsp.c,1838,ext/openssl/ossl_ocsp.c,1313,resolved,ossl_ocspsres_get_revocation_time,3.3.3,openssl:ext/openssl/ossl_ocsp.c:1838:revocation_time,['ext/openssl']
openssl,3.3.3,revocation_reason,cOCSPSingleRes,ossl_ocspsres_get_revocation_reason,0,rb_define_method,ext/openssl/ossl_ocsp.c,1839,ext/openssl/ossl_ocsp.c,1336,resolved,ossl_ocspsres_get_revocation_reason,3.3.3,openssl:ext/openssl/ossl_ocsp.c:1839:revocation_reason,['ext/openssl']
openssl,3.3.3,extensions,cOCSPSingleRes,ossl_ocspsres_get_extensions,0,rb_define_method,ext/openssl/ossl_ocsp.c,1840,ext/openssl/ossl_ocsp.c,1356,resolved,ossl_ocspsres_get_extensions,3.3.3,openssl:ext/openssl/ossl_ocsp.c:1840:extensions,['ext/openssl']
openssl,3.3.3,to_der,cOCSPSingleRes,ossl_ocspsres_to_der,0,rb_define_method,ext/openssl/ossl_ocsp.c,1841,ext/openssl/ossl_ocsp.c,1381,resolved,ossl_ocspsres_to_der,3.3.3,openssl:ext/openssl/ossl_ocsp.c:1841:to_der,['ext/openssl']
openssl,3.3.3,<allocator>,cOCSPCertId,ossl_ocspcid_alloc,0,rb_define_alloc_func,ext/openssl/ossl_ocsp.c,1849,ext/openssl/ossl_ocsp.c,1405,resolved,ossl_ocspcid_alloc,3.3.3,openssl:ext/openssl/ossl_ocsp.c:1849:<allocator>,['ext/openssl']
openssl,3.3.3,initialize_copy,cOCSPCertId,ossl_ocspcid_initialize_copy,1,rb_define_method,ext/openssl/ossl_ocsp.c,1850,ext/openssl/ossl_ocsp.c,1419,resolved,ossl_ocspcid_initialize_copy,3.3.3,openssl:ext/openssl/ossl_ocsp.c:1850:initialize_copy,['ext/openssl']
openssl,3.3.3,initialize,cOCSPCertId,ossl_ocspcid_initialize,-1,rb_define_method,ext/openssl/ossl_ocsp.c,1851,ext/openssl/ossl_ocsp.c,1452,resolved,ossl_ocspcid_initialize,3.3.3,openssl:ext/openssl/ossl_ocsp.c:1851:initialize,['ext/openssl']
openssl,3.3.3,cmp,cOCSPCertId,ossl_ocspcid_cmp,1,rb_define_method,ext/openssl/ossl_ocsp.c,1852,ext/openssl/ossl_ocsp.c,1496,resolved,ossl_ocspcid_cmp,3.3.3,openssl:ext/openssl/ossl_ocsp.c:1852:cmp,['ext/openssl']
openssl,3.3.3,cmp_issuer,cOCSPCertId,ossl_ocspcid_cmp_issuer,1,rb_define_method,ext/openssl/ossl_ocsp.c,1853,ext/openssl/ossl_ocsp.c,1517,resolved,ossl_ocspcid_cmp_issuer,3.3.3,openssl:ext/openssl/ossl_ocsp.c:1853:cmp_issuer,['ext/openssl']
openssl,3.3.3,serial,cOCSPCertId,ossl_ocspcid_get_serial,0,rb_define_method,ext/openssl/ossl_ocsp.c,1854,ext/openssl/ossl_ocsp.c,1537,resolved,ossl_ocspcid_get_serial,3.3.3,openssl:ext/openssl/ossl_ocsp.c:1854:serial,['ext/openssl']
openssl,3.3.3,issuer_name_hash,cOCSPCertId,ossl_ocspcid_get_issuer_name_hash,0,rb_define_method,ext/openssl/ossl_ocsp.c,1855,ext/openssl/ossl_ocsp.c,1556,resolved,ossl_ocspcid_get_issuer_name_hash,3.3.3,openssl:ext/openssl/ossl_ocsp.c:1855:issuer_name_hash,['ext/openssl']
openssl,3.3.3,issuer_key_hash,cOCSPCertId,ossl_ocspcid_get_issuer_key_hash,0,rb_define_method,ext/openssl/ossl_ocsp.c,1856,ext/openssl/ossl_ocsp.c,1580,resolved,ossl_ocspcid_get_issuer_key_hash,3.3.3,openssl:ext/openssl/ossl_ocsp.c:1856:issuer_key_hash,['ext/openssl']
openssl,3.3.3,hash_algorithm,cOCSPCertId,ossl_ocspcid_get_hash_algorithm,0,rb_define_method,ext/openssl/ossl_ocsp.c,1857,ext/openssl/ossl_ocsp.c,1604,resolved,ossl_ocspcid_get_hash_algorithm,3.3.3,openssl:ext/openssl/ossl_ocsp.c:1857:hash_algorithm,['ext/openssl']
openssl,3.3.3,to_der,cOCSPCertId,ossl_ocspcid_to_der,0,rb_define_method,ext/openssl/ossl_ocsp.c,1858,ext/openssl/ossl_ocsp.c,1630,resolved,ossl_ocspcid_to_der,3.3.3,openssl:ext/openssl/ossl_ocsp.c:1858:to_der,['ext/openssl']
openssl,3.3.3,create,cPKCS12,ossl_pkcs12_s_create,-1,rb_define_singleton_method,ext/openssl/ossl_pkcs12.c,312,ext/openssl/ossl_pkcs12.c,104,resolved,ossl_pkcs12_s_create,3.3.3,openssl:ext/openssl/ossl_pkcs12.c:312:create,['ext/openssl']
openssl,3.3.3,<allocator>,cPKCS12,ossl_pkcs12_s_allocate,0,rb_define_alloc_func,ext/openssl/ossl_pkcs12.c,314,ext/openssl/ossl_pkcs12.c,50,resolved,ossl_pkcs12_s_allocate,3.3.3,openssl:ext/openssl/ossl_pkcs12.c:314:<allocator>,['ext/openssl']
openssl,3.3.3,initialize_copy,cPKCS12,ossl_pkcs12_initialize_copy,1,rb_define_method,ext/openssl/ossl_pkcs12.c,315,ext/openssl/ossl_pkcs12.c,63,resolved,ossl_pkcs12_initialize_copy,3.3.3,openssl:ext/openssl/ossl_pkcs12.c:315:initialize_copy,['ext/openssl']
openssl,3.3.3,initialize,cPKCS12,ossl_pkcs12_initialize,-1,rb_define_method,ext/openssl/ossl_pkcs12.c,319,ext/openssl/ossl_pkcs12.c,184,resolved,ossl_pkcs12_initialize,3.3.3,openssl:ext/openssl/ossl_pkcs12.c:319:initialize,['ext/openssl']
openssl,3.3.3,to_der,cPKCS12,ossl_pkcs12_to_der,0,rb_define_method,ext/openssl/ossl_pkcs12.c,320,ext/openssl/ossl_pkcs12.c,234,resolved,ossl_pkcs12_to_der,3.3.3,openssl:ext/openssl/ossl_pkcs12.c:320:to_der,['ext/openssl']
openssl,3.3.3,set_mac,cPKCS12,pkcs12_set_mac,-1,rb_define_method,ext/openssl/ossl_pkcs12.c,321,ext/openssl/ossl_pkcs12.c,267,resolved,pkcs12_set_mac,3.3.3,openssl:ext/openssl/ossl_pkcs12.c:321:set_mac,['ext/openssl']
openssl,3.3.3,read_smime,cPKCS7,ossl_pkcs7_s_read_smime,1,rb_define_singleton_method,ext/openssl/ossl_pkcs7.c,1077,ext/openssl/ossl_pkcs7.c,185,resolved,ossl_pkcs7_s_read_smime,3.3.3,openssl:ext/openssl/ossl_pkcs7.c:1077:read_smime,['ext/openssl']
openssl,3.3.3,write_smime,cPKCS7,ossl_pkcs7_s_write_smime,-1,rb_define_singleton_method,ext/openssl/ossl_pkcs7.c,1078,ext/openssl/ossl_pkcs7.c,216,resolved,ossl_pkcs7_s_write_smime,3.3.3,openssl:ext/openssl/ossl_pkcs7.c:1078:write_smime,['ext/openssl']
openssl,3.3.3,sign,cPKCS7,ossl_pkcs7_s_sign,-1,rb_define_singleton_method,ext/openssl/ossl_pkcs7.c,1079,ext/openssl/ossl_pkcs7.c,251,resolved,ossl_pkcs7_s_sign,3.3.3,openssl:ext/openssl/ossl_pkcs7.c:1079:sign,['ext/openssl']
openssl,3.3.3,encrypt,cPKCS7,ossl_pkcs7_s_encrypt,-1,rb_define_singleton_method,ext/openssl/ossl_pkcs7.c,1080,ext/openssl/ossl_pkcs7.c,302,resolved,ossl_pkcs7_s_encrypt,3.3.3,openssl:ext/openssl/ossl_pkcs7.c:1080:encrypt,['ext/openssl']
openssl,3.3.3,<allocator>,cPKCS7,ossl_pkcs7_alloc,0,rb_define_alloc_func,ext/openssl/ossl_pkcs7.c,1083,ext/openssl/ossl_pkcs7.c,341,resolved,ossl_pkcs7_alloc,3.3.3,openssl:ext/openssl/ossl_pkcs7.c:1083:<allocator>,['ext/openssl']
openssl,3.3.3,initialize_copy,cPKCS7,ossl_pkcs7_copy,1,rb_define_method,ext/openssl/ossl_pkcs7.c,1084,ext/openssl/ossl_pkcs7.c,395,resolved,ossl_pkcs7_copy,3.3.3,openssl:ext/openssl/ossl_pkcs7.c:1084:initialize_copy,['ext/openssl']
openssl,3.3.3,initialize,cPKCS7,ossl_pkcs7_initialize,-1,rb_define_method,ext/openssl/ossl_pkcs7.c,1085,ext/openssl/ossl_pkcs7.c,363,resolved,ossl_pkcs7_initialize,3.3.3,openssl:ext/openssl/ossl_pkcs7.c:1085:initialize,['ext/openssl']
openssl,3.3.3,type=,cPKCS7,ossl_pkcs7_set_type,1,rb_define_method,ext/openssl/ossl_pkcs7.c,1086,ext/openssl/ossl_pkcs7.c,456,resolved,ossl_pkcs7_set_type,3.3.3,openssl:ext/openssl/ossl_pkcs7.c:1086:type=,['ext/openssl']
openssl,3.3.3,type,cPKCS7,ossl_pkcs7_get_type,0,rb_define_method,ext/openssl/ossl_pkcs7.c,1087,ext/openssl/ossl_pkcs7.c,472,resolved,ossl_pkcs7_get_type,3.3.3,openssl:ext/openssl/ossl_pkcs7.c:1087:type,['ext/openssl']
openssl,3.3.3,detached=,cPKCS7,ossl_pkcs7_set_detached,1,rb_define_method,ext/openssl/ossl_pkcs7.c,1088,ext/openssl/ossl_pkcs7.c,491,resolved,ossl_pkcs7_set_detached,3.3.3,openssl:ext/openssl/ossl_pkcs7.c:1088:detached=,['ext/openssl']
openssl,3.3.3,detached,cPKCS7,ossl_pkcs7_get_detached,0,rb_define_method,ext/openssl/ossl_pkcs7.c,1089,ext/openssl/ossl_pkcs7.c,505,resolved,ossl_pkcs7_get_detached,3.3.3,openssl:ext/openssl/ossl_pkcs7.c:1089:detached,['ext/openssl']
openssl,3.3.3,detached?,cPKCS7,ossl_pkcs7_detached_p,0,rb_define_method,ext/openssl/ossl_pkcs7.c,1090,ext/openssl/ossl_pkcs7.c,513,resolved,ossl_pkcs7_detached_p,3.3.3,openssl:ext/openssl/ossl_pkcs7.c:1090:detached?,['ext/openssl']
openssl,3.3.3,cipher=,cPKCS7,ossl_pkcs7_set_cipher,1,rb_define_method,ext/openssl/ossl_pkcs7.c,1091,ext/openssl/ossl_pkcs7.c,521,resolved,ossl_pkcs7_set_cipher,3.3.3,openssl:ext/openssl/ossl_pkcs7.c:1091:cipher=,['ext/openssl']
openssl,3.3.3,add_signer,cPKCS7,ossl_pkcs7_add_signer,1,rb_define_method,ext/openssl/ossl_pkcs7.c,1092,ext/openssl/ossl_pkcs7.c,534,resolved,ossl_pkcs7_add_signer,3.3.3,openssl:ext/openssl/ossl_pkcs7.c:1092:add_signer,['ext/openssl']
openssl,3.3.3,signers,cPKCS7,ossl_pkcs7_get_signer,0,rb_define_method,ext/openssl/ossl_pkcs7.c,1093,ext/openssl/ossl_pkcs7.c,555,resolved,ossl_pkcs7_get_signer,3.3.3,openssl:ext/openssl/ossl_pkcs7.c:1093:signers,['ext/openssl']
openssl,3.3.3,add_recipient,cPKCS7,ossl_pkcs7_add_recipient,1,rb_define_method,ext/openssl/ossl_pkcs7.c,1094,ext/openssl/ossl_pkcs7.c,581,resolved,ossl_pkcs7_add_recipient,3.3.3,openssl:ext/openssl/ossl_pkcs7.c:1094:add_recipient,['ext/openssl']
openssl,3.3.3,recipients,cPKCS7,ossl_pkcs7_get_recipient,0,rb_define_method,ext/openssl/ossl_pkcs7.c,1095,ext/openssl/ossl_pkcs7.c,602,resolved,ossl_pkcs7_get_recipient,3.3.3,openssl:ext/openssl/ossl_pkcs7.c:1095:recipients,['ext/openssl']
openssl,3.3.3,add_certificate,cPKCS7,ossl_pkcs7_add_certificate,1,rb_define_method,ext/openssl/ossl_pkcs7.c,1096,ext/openssl/ossl_pkcs7.c,630,resolved,ossl_pkcs7_add_certificate,3.3.3,openssl:ext/openssl/ossl_pkcs7.c:1096:add_certificate,['ext/openssl']
openssl,3.3.3,certificates=,cPKCS7,ossl_pkcs7_set_certificates,1,rb_define_method,ext/openssl/ossl_pkcs7.c,1097,ext/openssl/ossl_pkcs7.c,697,resolved,ossl_pkcs7_set_certificates,3.3.3,openssl:ext/openssl/ossl_pkcs7.c:1097:certificates=,['ext/openssl']
openssl,3.3.3,certificates,cPKCS7,ossl_pkcs7_get_certificates,0,rb_define_method,ext/openssl/ossl_pkcs7.c,1098,ext/openssl/ossl_pkcs7.c,710,resolved,ossl_pkcs7_get_certificates,3.3.3,openssl:ext/openssl/ossl_pkcs7.c:1098:certificates,['ext/openssl']
openssl,3.3.3,add_crl,cPKCS7,ossl_pkcs7_add_crl,1,rb_define_method,ext/openssl/ossl_pkcs7.c,1099,ext/openssl/ossl_pkcs7.c,716,resolved,ossl_pkcs7_add_crl,3.3.3,openssl:ext/openssl/ossl_pkcs7.c:1099:add_crl,['ext/openssl']
openssl,3.3.3,crls=,cPKCS7,ossl_pkcs7_set_crls,1,rb_define_method,ext/openssl/ossl_pkcs7.c,1100,ext/openssl/ossl_pkcs7.c,737,resolved,ossl_pkcs7_set_crls,3.3.3,openssl:ext/openssl/ossl_pkcs7.c:1100:crls=,['ext/openssl']
openssl,3.3.3,crls,cPKCS7,ossl_pkcs7_get_crls,0,rb_define_method,ext/openssl/ossl_pkcs7.c,1101,ext/openssl/ossl_pkcs7.c,750,resolved,ossl_pkcs7_get_crls,3.3.3,openssl:ext/openssl/ossl_pkcs7.c:1101:crls,['ext/openssl']
openssl,3.3.3,add_data,cPKCS7,ossl_pkcs7_add_data,1,rb_define_method,ext/openssl/ossl_pkcs7.c,1102,ext/openssl/ossl_pkcs7.c,827,resolved,ossl_pkcs7_add_data,3.3.3,openssl:ext/openssl/ossl_pkcs7.c:1102:add_data,['ext/openssl']
openssl,3.3.3,verify,cPKCS7,ossl_pkcs7_verify,-1,rb_define_method,ext/openssl/ossl_pkcs7.c,1104,ext/openssl/ossl_pkcs7.c,756,resolved,ossl_pkcs7_verify,3.3.3,openssl:ext/openssl/ossl_pkcs7.c:1104:verify,['ext/openssl']
openssl,3.3.3,decrypt,cPKCS7,ossl_pkcs7_decrypt,-1,rb_define_method,ext/openssl/ossl_pkcs7.c,1105,ext/openssl/ossl_pkcs7.c,800,resolved,ossl_pkcs7_decrypt,3.3.3,openssl:ext/openssl/ossl_pkcs7.c:1105:decrypt,['ext/openssl']
openssl,3.3.3,to_pem,cPKCS7,ossl_pkcs7_to_pem,0,rb_define_method,ext/openssl/ossl_pkcs7.c,1106,ext/openssl/ossl_pkcs7.c,900,resolved,ossl_pkcs7_to_pem,3.3.3,openssl:ext/openssl/ossl_pkcs7.c:1106:to_pem,['ext/openssl']
openssl,3.3.3,to_der,cPKCS7,ossl_pkcs7_to_der,0,rb_define_method,ext/openssl/ossl_pkcs7.c,1108,ext/openssl/ossl_pkcs7.c,861,resolved,ossl_pkcs7_to_der,3.3.3,openssl:ext/openssl/ossl_pkcs7.c:1108:to_der,['ext/openssl']
openssl,3.3.3,to_text,cPKCS7,ossl_pkcs7_to_text,0,rb_define_method,ext/openssl/ossl_pkcs7.c,1109,ext/openssl/ossl_pkcs7.c,881,resolved,ossl_pkcs7_to_text,3.3.3,openssl:ext/openssl/ossl_pkcs7.c:1109:to_text,['ext/openssl']
openssl,3.3.3,<allocator>,cPKCS7Signer,ossl_pkcs7si_alloc,0,rb_define_alloc_func,ext/openssl/ossl_pkcs7.c,1113,ext/openssl/ossl_pkcs7.c,923,resolved,ossl_pkcs7si_alloc,3.3.3,openssl:ext/openssl/ossl_pkcs7.c:1113:<allocator>,['ext/openssl']
openssl,3.3.3,initialize,cPKCS7Signer,ossl_pkcs7si_initialize,3,rb_define_method,ext/openssl/ossl_pkcs7.c,1114,ext/openssl/ossl_pkcs7.c,938,resolved,ossl_pkcs7si_initialize,3.3.3,openssl:ext/openssl/ossl_pkcs7.c:1114:initialize,['ext/openssl']
openssl,3.3.3,issuer,cPKCS7Signer,ossl_pkcs7si_get_issuer,0,rb_define_method,ext/openssl/ossl_pkcs7.c,1115,ext/openssl/ossl_pkcs7.c,957,resolved,ossl_pkcs7si_get_issuer,3.3.3,openssl:ext/openssl/ossl_pkcs7.c:1115:issuer,['ext/openssl']
openssl,3.3.3,serial,cPKCS7Signer,ossl_pkcs7si_get_serial,0,rb_define_method,ext/openssl/ossl_pkcs7.c,1116,ext/openssl/ossl_pkcs7.c,967,resolved,ossl_pkcs7si_get_serial,3.3.3,openssl:ext/openssl/ossl_pkcs7.c:1116:serial,['ext/openssl']
openssl,3.3.3,signed_time,cPKCS7Signer,ossl_pkcs7si_get_signed_time,0,rb_define_method,ext/openssl/ossl_pkcs7.c,1117,ext/openssl/ossl_pkcs7.c,977,resolved,ossl_pkcs7si_get_signed_time,3.3.3,openssl:ext/openssl/ossl_pkcs7.c:1117:signed_time,['ext/openssl']
openssl,3.3.3,<allocator>,cPKCS7Recipient,ossl_pkcs7ri_alloc,0,rb_define_alloc_func,ext/openssl/ossl_pkcs7.c,1120,ext/openssl/ossl_pkcs7.c,1003,resolved,ossl_pkcs7ri_alloc,3.3.3,openssl:ext/openssl/ossl_pkcs7.c:1120:<allocator>,['ext/openssl']
openssl,3.3.3,initialize,cPKCS7Recipient,ossl_pkcs7ri_initialize,1,rb_define_method,ext/openssl/ossl_pkcs7.c,1121,ext/openssl/ossl_pkcs7.c,1018,resolved,ossl_pkcs7ri_initialize,3.3.3,openssl:ext/openssl/ossl_pkcs7.c:1121:initialize,['ext/openssl']
openssl,3.3.3,issuer,cPKCS7Recipient,ossl_pkcs7ri_get_issuer,0,rb_define_method,ext/openssl/ossl_pkcs7.c,1122,ext/openssl/ossl_pkcs7.c,1033,resolved,ossl_pkcs7ri_get_issuer,3.3.3,openssl:ext/openssl/ossl_pkcs7.c:1122:issuer,['ext/openssl']
openssl,3.3.3,serial,cPKCS7Recipient,ossl_pkcs7ri_get_serial,0,rb_define_method,ext/openssl/ossl_pkcs7.c,1123,ext/openssl/ossl_pkcs7.c,1043,resolved,ossl_pkcs7ri_get_serial,3.3.3,openssl:ext/openssl/ossl_pkcs7.c:1123:serial,['ext/openssl']
openssl,3.3.3,enc_key,cPKCS7Recipient,ossl_pkcs7ri_get_enc_key,0,rb_define_method,ext/openssl/ossl_pkcs7.c,1124,ext/openssl/ossl_pkcs7.c,1053,resolved,ossl_pkcs7ri_get_enc_key,3.3.3,openssl:ext/openssl/ossl_pkcs7.c:1124:enc_key,['ext/openssl']
openssl,3.3.3,read,mPKey,ossl_pkey_new_from_data,-1,rb_define_module_function,ext/openssl/ossl_pkey.c,1792,ext/openssl/ossl_pkey.c,229,resolved,ossl_pkey_new_from_data,3.3.3,openssl:ext/openssl/ossl_pkey.c:1792:read,['ext/openssl']
openssl,3.3.3,generate_parameters,mPKey,ossl_pkey_s_generate_parameters,-1,rb_define_module_function,ext/openssl/ossl_pkey.c,1793,ext/openssl/ossl_pkey.c,469,resolved,ossl_pkey_s_generate_parameters,3.3.3,openssl:ext/openssl/ossl_pkey.c:1793:generate_parameters,['ext/openssl']
openssl,3.3.3,generate_key,mPKey,ossl_pkey_s_generate_key,-1,rb_define_module_function,ext/openssl/ossl_pkey.c,1794,ext/openssl/ossl_pkey.c,495,resolved,ossl_pkey_s_generate_key,3.3.3,openssl:ext/openssl/ossl_pkey.c:1794:generate_key,['ext/openssl']
openssl,3.3.3,new_raw_private_key,mPKey,ossl_pkey_new_raw_private_key,2,rb_define_module_function,ext/openssl/ossl_pkey.c,1796,ext/openssl/ossl_pkey.c,670,resolved,ossl_pkey_new_raw_private_key,3.3.3,openssl:ext/openssl/ossl_pkey.c:1796:new_raw_private_key,['ext/openssl']
openssl,3.3.3,new_raw_public_key,mPKey,ossl_pkey_new_raw_public_key,2,rb_define_module_function,ext/openssl/ossl_pkey.c,1797,ext/openssl/ossl_pkey.c,704,resolved,ossl_pkey_new_raw_public_key,3.3.3,openssl:ext/openssl/ossl_pkey.c:1797:new_raw_public_key,['ext/openssl']
openssl,3.3.3,<allocator>,cPKey,ossl_pkey_alloc,0,rb_define_alloc_func,ext/openssl/ossl_pkey.c,1800,ext/openssl/ossl_pkey.c,596,resolved,ossl_pkey_alloc,3.3.3,openssl:ext/openssl/ossl_pkey.c:1800:<allocator>,['ext/openssl']
openssl,3.3.3,initialize,cPKey,ossl_pkey_initialize,0,rb_define_method,ext/openssl/ossl_pkey.c,1801,ext/openssl/ossl_pkey.c,609,resolved,ossl_pkey_initialize,3.3.3,openssl:ext/openssl/ossl_pkey.c:1801:initialize,['ext/openssl']
openssl,3.3.3,initialize_copy,cPKey,ossl_pkey_initialize_copy,1,rb_define_method,ext/openssl/ossl_pkey.c,1803,ext/openssl/ossl_pkey.c,619,resolved,ossl_pkey_initialize_copy,3.3.3,openssl:ext/openssl/ossl_pkey.c:1803:initialize_copy,['ext/openssl']
openssl,3.3.3,oid,cPKey,ossl_pkey_oid,0,rb_define_method,ext/openssl/ossl_pkey.c,1807,ext/openssl/ossl_pkey.c,736,resolved,ossl_pkey_oid,3.3.3,openssl:ext/openssl/ossl_pkey.c:1807:oid,['ext/openssl']
openssl,3.3.3,inspect,cPKey,ossl_pkey_inspect,0,rb_define_method,ext/openssl/ossl_pkey.c,1808,ext/openssl/ossl_pkey.c,757,resolved,ossl_pkey_inspect,3.3.3,openssl:ext/openssl/ossl_pkey.c:1808:inspect,['ext/openssl']
openssl,3.3.3,to_text,cPKey,ossl_pkey_to_text,0,rb_define_method,ext/openssl/ossl_pkey.c,1809,ext/openssl/ossl_pkey.c,791,resolved,ossl_pkey_to_text,3.3.3,openssl:ext/openssl/ossl_pkey.c:1809:to_text,['ext/openssl']
openssl,3.3.3,private_to_der,cPKey,ossl_pkey_private_to_der,-1,rb_define_method,ext/openssl/ossl_pkey.c,1810,ext/openssl/ossl_pkey.c,912,resolved,ossl_pkey_private_to_der,3.3.3,openssl:ext/openssl/ossl_pkey.c:1810:private_to_der,['ext/openssl']
openssl,3.3.3,private_to_pem,cPKey,ossl_pkey_private_to_pem,-1,rb_define_method,ext/openssl/ossl_pkey.c,1811,ext/openssl/ossl_pkey.c,938,resolved,ossl_pkey_private_to_pem,3.3.3,openssl:ext/openssl/ossl_pkey.c:1811:private_to_pem,['ext/openssl']
openssl,3.3.3,public_to_der,cPKey,ossl_pkey_public_to_der,0,rb_define_method,ext/openssl/ossl_pkey.c,1812,ext/openssl/ossl_pkey.c,1005,resolved,ossl_pkey_public_to_der,3.3.3,openssl:ext/openssl/ossl_pkey.c:1812:public_to_der,['ext/openssl']
openssl,3.3.3,public_to_pem,cPKey,ossl_pkey_public_to_pem,0,rb_define_method,ext/openssl/ossl_pkey.c,1813,ext/openssl/ossl_pkey.c,1023,resolved,ossl_pkey_public_to_pem,3.3.3,openssl:ext/openssl/ossl_pkey.c:1813:public_to_pem,['ext/openssl']
openssl,3.3.3,raw_private_key,cPKey,ossl_pkey_raw_private_key,0,rb_define_method,ext/openssl/ossl_pkey.c,1815,ext/openssl/ossl_pkey.c,952,resolved,ossl_pkey_raw_private_key,3.3.3,openssl:ext/openssl/ossl_pkey.c:1815:raw_private_key,['ext/openssl']
openssl,3.3.3,raw_public_key,cPKey,ossl_pkey_raw_public_key,0,rb_define_method,ext/openssl/ossl_pkey.c,1816,ext/openssl/ossl_pkey.c,1037,resolved,ossl_pkey_raw_public_key,3.3.3,openssl:ext/openssl/ossl_pkey.c:1816:raw_public_key,['ext/openssl']
openssl,3.3.3,compare?,cPKey,ossl_pkey_compare,1,rb_define_method,ext/openssl/ossl_pkey.c,1818,ext/openssl/ossl_pkey.c,1070,resolved,ossl_pkey_compare,3.3.3,openssl:ext/openssl/ossl_pkey.c:1818:compare?,['ext/openssl']
openssl,3.3.3,sign,cPKey,ossl_pkey_sign,-1,rb_define_method,ext/openssl/ossl_pkey.c,1820,ext/openssl/ossl_pkey.c,1129,resolved,ossl_pkey_sign,3.3.3,openssl:ext/openssl/ossl_pkey.c:1820:sign,['ext/openssl']
openssl,3.3.3,verify,cPKey,ossl_pkey_verify,-1,rb_define_method,ext/openssl/ossl_pkey.c,1821,ext/openssl/ossl_pkey.c,1233,resolved,ossl_pkey_verify,3.3.3,openssl:ext/openssl/ossl_pkey.c:1821:verify,['ext/openssl']
openssl,3.3.3,sign_raw,cPKey,ossl_pkey_sign_raw,-1,rb_define_method,ext/openssl/ossl_pkey.c,1822,ext/openssl/ossl_pkey.c,1324,resolved,ossl_pkey_sign_raw,3.3.3,openssl:ext/openssl/ossl_pkey.c:1822:sign_raw,['ext/openssl']
openssl,3.3.3,verify_raw,cPKey,ossl_pkey_verify_raw,-1,rb_define_method,ext/openssl/ossl_pkey.c,1823,ext/openssl/ossl_pkey.c,1400,resolved,ossl_pkey_verify_raw,3.3.3,openssl:ext/openssl/ossl_pkey.c:1823:verify_raw,['ext/openssl']
openssl,3.3.3,verify_recover,cPKey,ossl_pkey_verify_recover,-1,rb_define_method,ext/openssl/ossl_pkey.c,1824,ext/openssl/ossl_pkey.c,1463,resolved,ossl_pkey_verify_recover,3.3.3,openssl:ext/openssl/ossl_pkey.c:1824:verify_recover,['ext/openssl']
openssl,3.3.3,derive,cPKey,ossl_pkey_derive,-1,rb_define_method,ext/openssl/ossl_pkey.c,1825,ext/openssl/ossl_pkey.c,1527,resolved,ossl_pkey_derive,3.3.3,openssl:ext/openssl/ossl_pkey.c:1825:derive,['ext/openssl']
openssl,3.3.3,encrypt,cPKey,ossl_pkey_encrypt,-1,rb_define_method,ext/openssl/ossl_pkey.c,1826,ext/openssl/ossl_pkey.c,1594,resolved,ossl_pkey_encrypt,3.3.3,openssl:ext/openssl/ossl_pkey.c:1826:encrypt,['ext/openssl']
openssl,3.3.3,decrypt,cPKey,ossl_pkey_decrypt,-1,rb_define_method,ext/openssl/ossl_pkey.c,1827,ext/openssl/ossl_pkey.c,1657,resolved,ossl_pkey_decrypt,3.3.3,openssl:ext/openssl/ossl_pkey.c:1827:decrypt,['ext/openssl']
openssl,3.3.3,initialize,cDH,ossl_dh_initialize,-1,rb_define_method,ext/openssl/ossl_pkey_dh.c,429,ext/openssl/ossl_pkey_dh.c,74,resolved,ossl_dh_initialize,3.3.3,openssl:ext/openssl/ossl_pkey_dh.c:429:initialize,['ext/openssl']
openssl,3.3.3,initialize_copy,cDH,ossl_dh_initialize_copy,1,rb_define_method,ext/openssl/ossl_pkey_dh.c,431,ext/openssl/ossl_pkey_dh.c,133,resolved,ossl_dh_initialize_copy,3.3.3,openssl:ext/openssl/ossl_pkey_dh.c:431:initialize_copy,['ext/openssl']
openssl,3.3.3,public?,cDH,ossl_dh_is_public,0,rb_define_method,ext/openssl/ossl_pkey_dh.c,433,ext/openssl/ossl_pkey_dh.c,180,resolved,ossl_dh_is_public,3.3.3,openssl:ext/openssl/ossl_pkey_dh.c:433:public?,['ext/openssl']
openssl,3.3.3,private?,cDH,ossl_dh_is_private,0,rb_define_method,ext/openssl/ossl_pkey_dh.c,434,ext/openssl/ossl_pkey_dh.c,199,resolved,ossl_dh_is_private,3.3.3,openssl:ext/openssl/ossl_pkey_dh.c:434:private?,['ext/openssl']
openssl,3.3.3,export,cDH,ossl_dh_export,0,rb_define_method,ext/openssl/ossl_pkey_dh.c,435,ext/openssl/ossl_pkey_dh.c,236,resolved,ossl_dh_export,3.3.3,openssl:ext/openssl/ossl_pkey_dh.c:435:export,['ext/openssl']
openssl,3.3.3,to_der,cDH,ossl_dh_to_der,0,rb_define_method,ext/openssl/ossl_pkey_dh.c,438,ext/openssl/ossl_pkey_dh.c,269,resolved,ossl_dh_to_der,3.3.3,openssl:ext/openssl/ossl_pkey_dh.c:438:to_der,['ext/openssl']
openssl,3.3.3,params_ok?,cDH,ossl_dh_check_params,0,rb_define_method,ext/openssl/ossl_pkey_dh.c,439,ext/openssl/ossl_pkey_dh.c,328,resolved,ossl_dh_check_params,3.3.3,openssl:ext/openssl/ossl_pkey_dh.c:439:params_ok?,['ext/openssl']
openssl,3.3.3,set_pqg,cDH,ossl_dh_set_pqg,3,rb_define_method,ext/openssl/ossl_pkey_dh.c,446,,,unresolved_function_binding,ossl_dh_set_pqg,3.3.3,openssl:ext/openssl/ossl_pkey_dh.c:446:set_pqg,['ext/openssl']
openssl,3.3.3,set_key,cDH,ossl_dh_set_key,2,rb_define_method,ext/openssl/ossl_pkey_dh.c,447,,,unresolved_function_binding,ossl_dh_set_key,3.3.3,openssl:ext/openssl/ossl_pkey_dh.c:447:set_key,['ext/openssl']
openssl,3.3.3,params,cDH,ossl_dh_get_params,0,rb_define_method,ext/openssl/ossl_pkey_dh.c,449,ext/openssl/ossl_pkey_dh.c,297,resolved,ossl_dh_get_params,3.3.3,openssl:ext/openssl/ossl_pkey_dh.c:449:params,['ext/openssl']
openssl,3.3.3,initialize,cDSA,ossl_dsa_initialize,-1,rb_define_method,ext/openssl/ossl_pkey_dsa.c,382,ext/openssl/ossl_pkey_dsa.c,85,resolved,ossl_dsa_initialize,3.3.3,openssl:ext/openssl/ossl_pkey_dsa.c:382:initialize,['ext/openssl']
openssl,3.3.3,initialize_copy,cDSA,ossl_dsa_initialize_copy,1,rb_define_method,ext/openssl/ossl_pkey_dsa.c,384,ext/openssl/ossl_pkey_dsa.c,145,resolved,ossl_dsa_initialize_copy,3.3.3,openssl:ext/openssl/ossl_pkey_dsa.c:384:initialize_copy,['ext/openssl']
openssl,3.3.3,public?,cDSA,ossl_dsa_is_public,0,rb_define_method,ext/openssl/ossl_pkey_dsa.c,387,ext/openssl/ossl_pkey_dsa.c,181,resolved,ossl_dsa_is_public,3.3.3,openssl:ext/openssl/ossl_pkey_dsa.c:387:public?,['ext/openssl']
openssl,3.3.3,private?,cDSA,ossl_dsa_is_private,0,rb_define_method,ext/openssl/ossl_pkey_dsa.c,388,ext/openssl/ossl_pkey_dsa.c,200,resolved,ossl_dsa_is_private,3.3.3,openssl:ext/openssl/ossl_pkey_dsa.c:388:private?,['ext/openssl']
openssl,3.3.3,export,cDSA,ossl_dsa_export,-1,rb_define_method,ext/openssl/ossl_pkey_dsa.c,389,ext/openssl/ossl_pkey_dsa.c,269,resolved,ossl_dsa_export,3.3.3,openssl:ext/openssl/ossl_pkey_dsa.c:389:export,['ext/openssl']
openssl,3.3.3,to_der,cDSA,ossl_dsa_to_der,0,rb_define_method,ext/openssl/ossl_pkey_dsa.c,392,ext/openssl/ossl_pkey_dsa.c,295,resolved,ossl_dsa_to_der,3.3.3,openssl:ext/openssl/ossl_pkey_dsa.c:392:to_der,['ext/openssl']
openssl,3.3.3,set_pqg,cDSA,ossl_dsa_set_pqg,3,rb_define_method,ext/openssl/ossl_pkey_dsa.c,399,,,unresolved_function_binding,ossl_dsa_set_pqg,3.3.3,openssl:ext/openssl/ossl_pkey_dsa.c:399:set_pqg,['ext/openssl']
openssl,3.3.3,set_key,cDSA,ossl_dsa_set_key,2,rb_define_method,ext/openssl/ossl_pkey_dsa.c,400,,,unresolved_function_binding,ossl_dsa_set_key,3.3.3,openssl:ext/openssl/ossl_pkey_dsa.c:400:set_key,['ext/openssl']
openssl,3.3.3,params,cDSA,ossl_dsa_get_params,0,rb_define_method,ext/openssl/ossl_pkey_dsa.c,402,ext/openssl/ossl_pkey_dsa.c,316,resolved,ossl_dsa_get_params,3.3.3,openssl:ext/openssl/ossl_pkey_dsa.c:402:params,['ext/openssl']
openssl,3.3.3,builtin_curves,cEC,ossl_s_builtin_curves,0,rb_define_singleton_method,ext/openssl/ossl_pkey_ec.c,1618,ext/openssl/ossl_pkey_ec.c,877,resolved,ossl_s_builtin_curves,3.3.3,openssl:ext/openssl/ossl_pkey_ec.c:1618:builtin_curves,['ext/openssl']
openssl,3.3.3,generate,cEC,ossl_ec_key_s_generate,1,rb_define_singleton_method,ext/openssl/ossl_pkey_ec.c,1620,ext/openssl/ossl_pkey_ec.c,106,resolved,ossl_ec_key_s_generate,3.3.3,openssl:ext/openssl/ossl_pkey_ec.c:1620:generate,['ext/openssl']
openssl,3.3.3,initialize,cEC,ossl_ec_key_initialize,-1,rb_define_method,ext/openssl/ossl_pkey_ec.c,1621,ext/openssl/ossl_pkey_ec.c,141,resolved,ossl_ec_key_initialize,3.3.3,openssl:ext/openssl/ossl_pkey_ec.c:1621:initialize,['ext/openssl']
openssl,3.3.3,initialize_copy,cEC,ossl_ec_key_initialize_copy,1,rb_define_method,ext/openssl/ossl_pkey_ec.c,1623,ext/openssl/ossl_pkey_ec.c,196,resolved,ossl_ec_key_initialize_copy,3.3.3,openssl:ext/openssl/ossl_pkey_ec.c:1623:initialize_copy,['ext/openssl']
openssl,3.3.3,group,cEC,ossl_ec_key_get_group,0,rb_define_method,ext/openssl/ossl_pkey_ec.c,1626,ext/openssl/ossl_pkey_ec.c,229,resolved,ossl_ec_key_get_group,3.3.3,openssl:ext/openssl/ossl_pkey_ec.c:1626:group,['ext/openssl']
openssl,3.3.3,group=,cEC,ossl_ec_key_set_group,1,rb_define_method,ext/openssl/ossl_pkey_ec.c,1627,ext/openssl/ossl_pkey_ec.c,250,resolved,ossl_ec_key_set_group,3.3.3,openssl:ext/openssl/ossl_pkey_ec.c:1627:group=,['ext/openssl']
openssl,3.3.3,private_key,cEC,ossl_ec_key_get_private_key,0,rb_define_method,ext/openssl/ossl_pkey_ec.c,1628,ext/openssl/ossl_pkey_ec.c,275,resolved,ossl_ec_key_get_private_key,3.3.3,openssl:ext/openssl/ossl_pkey_ec.c:1628:private_key,['ext/openssl']
openssl,3.3.3,private_key=,cEC,ossl_ec_key_set_private_key,1,rb_define_method,ext/openssl/ossl_pkey_ec.c,1629,ext/openssl/ossl_pkey_ec.c,293,resolved,ossl_ec_key_set_private_key,3.3.3,openssl:ext/openssl/ossl_pkey_ec.c:1629:private_key=,['ext/openssl']
openssl,3.3.3,public_key,cEC,ossl_ec_key_get_public_key,0,rb_define_method,ext/openssl/ossl_pkey_ec.c,1630,ext/openssl/ossl_pkey_ec.c,326,resolved,ossl_ec_key_get_public_key,3.3.3,openssl:ext/openssl/ossl_pkey_ec.c:1630:public_key,['ext/openssl']
openssl,3.3.3,public_key=,cEC,ossl_ec_key_set_public_key,1,rb_define_method,ext/openssl/ossl_pkey_ec.c,1631,ext/openssl/ossl_pkey_ec.c,344,resolved,ossl_ec_key_set_public_key,3.3.3,openssl:ext/openssl/ossl_pkey_ec.c:1631:public_key=,['ext/openssl']
openssl,3.3.3,private?,cEC,ossl_ec_key_is_private,0,rb_define_method,ext/openssl/ossl_pkey_ec.c,1632,ext/openssl/ossl_pkey_ec.c,394,resolved,ossl_ec_key_is_private,3.3.3,openssl:ext/openssl/ossl_pkey_ec.c:1632:private?,['ext/openssl']
openssl,3.3.3,public?,cEC,ossl_ec_key_is_public,0,rb_define_method,ext/openssl/ossl_pkey_ec.c,1633,ext/openssl/ossl_pkey_ec.c,378,resolved,ossl_ec_key_is_public,3.3.3,openssl:ext/openssl/ossl_pkey_ec.c:1633:public?,['ext/openssl']
openssl,3.3.3,generate_key!,cEC,ossl_ec_key_generate_key,0,rb_define_method,ext/openssl/ossl_pkey_ec.c,1643,ext/openssl/ossl_pkey_ec.c,516,resolved,ossl_ec_key_generate_key,3.3.3,openssl:ext/openssl/ossl_pkey_ec.c:1643:generate_key!,['ext/openssl']
openssl,3.3.3,check_key,cEC,ossl_ec_key_check_key,0,rb_define_method,ext/openssl/ossl_pkey_ec.c,1645,ext/openssl/ossl_pkey_ec.c,539,resolved,ossl_ec_key_check_key,3.3.3,openssl:ext/openssl/ossl_pkey_ec.c:1645:check_key,['ext/openssl']
openssl,3.3.3,export,cEC,ossl_ec_key_export,-1,rb_define_method,ext/openssl/ossl_pkey_ec.c,1647,ext/openssl/ossl_pkey_ec.c,461,resolved,ossl_ec_key_export,3.3.3,openssl:ext/openssl/ossl_pkey_ec.c:1647:export,['ext/openssl']
openssl,3.3.3,to_der,cEC,ossl_ec_key_to_der,0,rb_define_method,ext/openssl/ossl_pkey_ec.c,1649,ext/openssl/ossl_pkey_ec.c,489,resolved,ossl_ec_key_to_der,3.3.3,openssl:ext/openssl/ossl_pkey_ec.c:1649:to_der,['ext/openssl']
openssl,3.3.3,<allocator>,cEC_GROUP,ossl_ec_group_alloc,0,rb_define_alloc_func,ext/openssl/ossl_pkey_ec.c,1652,ext/openssl/ossl_pkey_ec.c,594,resolved,ossl_ec_group_alloc,3.3.3,openssl:ext/openssl/ossl_pkey_ec.c:1652:<allocator>,['ext/openssl']
openssl,3.3.3,initialize,cEC_GROUP,ossl_ec_group_initialize,-1,rb_define_method,ext/openssl/ossl_pkey_ec.c,1653,ext/openssl/ossl_pkey_ec.c,627,resolved,ossl_ec_group_initialize,3.3.3,openssl:ext/openssl/ossl_pkey_ec.c:1653:initialize,['ext/openssl']
openssl,3.3.3,initialize_copy,cEC_GROUP,ossl_ec_group_initialize_copy,1,rb_define_method,ext/openssl/ossl_pkey_ec.c,1654,ext/openssl/ossl_pkey_ec.c,708,resolved,ossl_ec_group_initialize_copy,3.3.3,openssl:ext/openssl/ossl_pkey_ec.c:1654:initialize_copy,['ext/openssl']
openssl,3.3.3,eql?,cEC_GROUP,ossl_ec_group_eql,1,rb_define_method,ext/openssl/ossl_pkey_ec.c,1655,ext/openssl/ossl_pkey_ec.c,734,resolved,ossl_ec_group_eql,3.3.3,openssl:ext/openssl/ossl_pkey_ec.c:1655:eql?,['ext/openssl']
openssl,3.3.3,generator,cEC_GROUP,ossl_ec_group_get_generator,0,rb_define_method,ext/openssl/ossl_pkey_ec.c,1659,ext/openssl/ossl_pkey_ec.c,756,resolved,ossl_ec_group_get_generator,3.3.3,openssl:ext/openssl/ossl_pkey_ec.c:1659:generator,['ext/openssl']
openssl,3.3.3,set_generator,cEC_GROUP,ossl_ec_group_set_generator,3,rb_define_method,ext/openssl/ossl_pkey_ec.c,1660,ext/openssl/ossl_pkey_ec.c,778,resolved,ossl_ec_group_set_generator,3.3.3,openssl:ext/openssl/ossl_pkey_ec.c:1660:set_generator,['ext/openssl']
openssl,3.3.3,order,cEC_GROUP,ossl_ec_group_get_order,0,rb_define_method,ext/openssl/ossl_pkey_ec.c,1661,ext/openssl/ossl_pkey_ec.c,803,resolved,ossl_ec_group_get_order,3.3.3,openssl:ext/openssl/ossl_pkey_ec.c:1661:order,['ext/openssl']
openssl,3.3.3,cofactor,cEC_GROUP,ossl_ec_group_get_cofactor,0,rb_define_method,ext/openssl/ossl_pkey_ec.c,1662,ext/openssl/ossl_pkey_ec.c,828,resolved,ossl_ec_group_get_cofactor,3.3.3,openssl:ext/openssl/ossl_pkey_ec.c:1662:cofactor,['ext/openssl']
openssl,3.3.3,curve_name,cEC_GROUP,ossl_ec_group_get_curve_name,0,rb_define_method,ext/openssl/ossl_pkey_ec.c,1664,ext/openssl/ossl_pkey_ec.c,853,resolved,ossl_ec_group_get_curve_name,3.3.3,openssl:ext/openssl/ossl_pkey_ec.c:1664:curve_name,['ext/openssl']
openssl,3.3.3,asn1_flag,cEC_GROUP,ossl_ec_group_get_asn1_flag,0,rb_define_method,ext/openssl/ossl_pkey_ec.c,1667,ext/openssl/ossl_pkey_ec.c,913,resolved,ossl_ec_group_get_asn1_flag,3.3.3,openssl:ext/openssl/ossl_pkey_ec.c:1667:asn1_flag,['ext/openssl']
openssl,3.3.3,asn1_flag=,cEC_GROUP,ossl_ec_group_set_asn1_flag,1,rb_define_method,ext/openssl/ossl_pkey_ec.c,1668,ext/openssl/ossl_pkey_ec.c,938,resolved,ossl_ec_group_set_asn1_flag,3.3.3,openssl:ext/openssl/ossl_pkey_ec.c:1668:asn1_flag=,['ext/openssl']
openssl,3.3.3,point_conversion_form,cEC_GROUP,ossl_ec_group_get_point_conversion_form,0,rb_define_method,ext/openssl/ossl_pkey_ec.c,1670,ext/openssl/ossl_pkey_ec.c,956,resolved,ossl_ec_group_get_point_conversion_form,3.3.3,openssl:ext/openssl/ossl_pkey_ec.c:1670:point_conversion_form,['ext/openssl']
openssl,3.3.3,point_conversion_form=,cEC_GROUP,ossl_ec_group_set_point_conversion_form,1,rb_define_method,ext/openssl/ossl_pkey_ec.c,1671,ext/openssl/ossl_pkey_ec.c,1010,resolved,ossl_ec_group_set_point_conversion_form,3.3.3,openssl:ext/openssl/ossl_pkey_ec.c:1671:point_conversion_form=,['ext/openssl']
openssl,3.3.3,seed,cEC_GROUP,ossl_ec_group_get_seed,0,rb_define_method,ext/openssl/ossl_pkey_ec.c,1673,ext/openssl/ossl_pkey_ec.c,1030,resolved,ossl_ec_group_get_seed,3.3.3,openssl:ext/openssl/ossl_pkey_ec.c:1673:seed,['ext/openssl']
openssl,3.3.3,seed=,cEC_GROUP,ossl_ec_group_set_seed,1,rb_define_method,ext/openssl/ossl_pkey_ec.c,1674,ext/openssl/ossl_pkey_ec.c,1050,resolved,ossl_ec_group_set_seed,3.3.3,openssl:ext/openssl/ossl_pkey_ec.c:1674:seed=,['ext/openssl']
openssl,3.3.3,degree,cEC_GROUP,ossl_ec_group_get_degree,0,rb_define_method,ext/openssl/ossl_pkey_ec.c,1678,ext/openssl/ossl_pkey_ec.c,1071,resolved,ossl_ec_group_get_degree,3.3.3,openssl:ext/openssl/ossl_pkey_ec.c:1678:degree,['ext/openssl']
openssl,3.3.3,to_pem,cEC_GROUP,ossl_ec_group_to_pem,0,rb_define_method,ext/openssl/ossl_pkey_ec.c,1683,ext/openssl/ossl_pkey_ec.c,1120,resolved,ossl_ec_group_to_pem,3.3.3,openssl:ext/openssl/ossl_pkey_ec.c:1683:to_pem,['ext/openssl']
openssl,3.3.3,to_der,cEC_GROUP,ossl_ec_group_to_der,0,rb_define_method,ext/openssl/ossl_pkey_ec.c,1684,ext/openssl/ossl_pkey_ec.c,1131,resolved,ossl_ec_group_to_der,3.3.3,openssl:ext/openssl/ossl_pkey_ec.c:1684:to_der,['ext/openssl']
openssl,3.3.3,to_text,cEC_GROUP,ossl_ec_group_to_text,0,rb_define_method,ext/openssl/ossl_pkey_ec.c,1685,ext/openssl/ossl_pkey_ec.c,1142,resolved,ossl_ec_group_to_text,3.3.3,openssl:ext/openssl/ossl_pkey_ec.c:1685:to_text,['ext/openssl']
openssl,3.3.3,<allocator>,cEC_POINT,ossl_ec_point_alloc,0,rb_define_alloc_func,ext/openssl/ossl_pkey_ec.c,1688,ext/openssl/ossl_pkey_ec.c,1179,resolved,ossl_ec_point_alloc,3.3.3,openssl:ext/openssl/ossl_pkey_ec.c:1688:<allocator>,['ext/openssl']
openssl,3.3.3,initialize,cEC_POINT,ossl_ec_point_initialize,-1,rb_define_method,ext/openssl/ossl_pkey_ec.c,1689,ext/openssl/ossl_pkey_ec.c,1214,resolved,ossl_ec_point_initialize,3.3.3,openssl:ext/openssl/ossl_pkey_ec.c:1689:initialize,['ext/openssl']
openssl,3.3.3,initialize_copy,cEC_POINT,ossl_ec_point_initialize_copy,1,rb_define_method,ext/openssl/ossl_pkey_ec.c,1690,ext/openssl/ossl_pkey_ec.c,1263,resolved,ossl_ec_point_initialize_copy,3.3.3,openssl:ext/openssl/ossl_pkey_ec.c:1690:initialize_copy,['ext/openssl']
openssl,3.3.3,eql?,cEC_POINT,ossl_ec_point_eql,1,rb_define_method,ext/openssl/ossl_pkey_ec.c,1692,ext/openssl/ossl_pkey_ec.c,1292,resolved,ossl_ec_point_eql,3.3.3,openssl:ext/openssl/ossl_pkey_ec.c:1692:eql?,['ext/openssl']
openssl,3.3.3,infinity?,cEC_POINT,ossl_ec_point_is_at_infinity,0,rb_define_method,ext/openssl/ossl_pkey_ec.c,1695,ext/openssl/ossl_pkey_ec.c,1319,resolved,ossl_ec_point_is_at_infinity,3.3.3,openssl:ext/openssl/ossl_pkey_ec.c:1695:infinity?,['ext/openssl']
openssl,3.3.3,on_curve?,cEC_POINT,ossl_ec_point_is_on_curve,0,rb_define_method,ext/openssl/ossl_pkey_ec.c,1696,ext/openssl/ossl_pkey_ec.c,1340,resolved,ossl_ec_point_is_on_curve,3.3.3,openssl:ext/openssl/ossl_pkey_ec.c:1696:on_curve?,['ext/openssl']
openssl,3.3.3,make_affine!,cEC_POINT,ossl_ec_point_make_affine,0,rb_define_method,ext/openssl/ossl_pkey_ec.c,1697,ext/openssl/ossl_pkey_ec.c,1363,resolved,ossl_ec_point_make_affine,3.3.3,openssl:ext/openssl/ossl_pkey_ec.c:1697:make_affine!,['ext/openssl']
openssl,3.3.3,invert!,cEC_POINT,ossl_ec_point_invert,0,rb_define_method,ext/openssl/ossl_pkey_ec.c,1698,ext/openssl/ossl_pkey_ec.c,1384,resolved,ossl_ec_point_invert,3.3.3,openssl:ext/openssl/ossl_pkey_ec.c:1698:invert!,['ext/openssl']
openssl,3.3.3,set_to_infinity!,cEC_POINT,ossl_ec_point_set_to_infinity,0,rb_define_method,ext/openssl/ossl_pkey_ec.c,1699,ext/openssl/ossl_pkey_ec.c,1402,resolved,ossl_ec_point_set_to_infinity,3.3.3,openssl:ext/openssl/ossl_pkey_ec.c:1699:set_to_infinity!,['ext/openssl']
openssl,3.3.3,to_octet_string,cEC_POINT,ossl_ec_point_to_octet_string,1,rb_define_method,ext/openssl/ossl_pkey_ec.c,1702,ext/openssl/ossl_pkey_ec.c,1428,resolved,ossl_ec_point_to_octet_string,3.3.3,openssl:ext/openssl/ossl_pkey_ec.c:1702:to_octet_string,['ext/openssl']
openssl,3.3.3,add,cEC_POINT,ossl_ec_point_add,1,rb_define_method,ext/openssl/ossl_pkey_ec.c,1703,ext/openssl/ossl_pkey_ec.c,1458,resolved,ossl_ec_point_add,3.3.3,openssl:ext/openssl/ossl_pkey_ec.c:1703:add,['ext/openssl']
openssl,3.3.3,mul,cEC_POINT,ossl_ec_point_mul,-1,rb_define_method,ext/openssl/ossl_pkey_ec.c,1704,ext/openssl/ossl_pkey_ec.c,1497,resolved,ossl_ec_point_mul,3.3.3,openssl:ext/openssl/ossl_pkey_ec.c:1704:mul,['ext/openssl']
openssl,3.3.3,initialize,cRSA,ossl_rsa_initialize,-1,rb_define_method,ext/openssl/ossl_pkey_rsa.c,596,ext/openssl/ossl_pkey_rsa.c,78,resolved,ossl_rsa_initialize,3.3.3,openssl:ext/openssl/ossl_pkey_rsa.c:596:initialize,['ext/openssl']
openssl,3.3.3,initialize_copy,cRSA,ossl_rsa_initialize_copy,1,rb_define_method,ext/openssl/ossl_pkey_rsa.c,598,ext/openssl/ossl_pkey_rsa.c,141,resolved,ossl_rsa_initialize_copy,3.3.3,openssl:ext/openssl/ossl_pkey_rsa.c:598:initialize_copy,['ext/openssl']
openssl,3.3.3,public?,cRSA,ossl_rsa_is_public,0,rb_define_method,ext/openssl/ossl_pkey_rsa.c,601,ext/openssl/ossl_pkey_rsa.c,176,resolved,ossl_rsa_is_public,3.3.3,openssl:ext/openssl/ossl_pkey_rsa.c:601:public?,['ext/openssl']
openssl,3.3.3,private?,cRSA,ossl_rsa_is_private,0,rb_define_method,ext/openssl/ossl_pkey_rsa.c,602,ext/openssl/ossl_pkey_rsa.c,195,resolved,ossl_rsa_is_private,3.3.3,openssl:ext/openssl/ossl_pkey_rsa.c:602:private?,['ext/openssl']
openssl,3.3.3,export,cRSA,ossl_rsa_export,-1,rb_define_method,ext/openssl/ossl_pkey_rsa.c,603,ext/openssl/ossl_pkey_rsa.c,278,resolved,ossl_rsa_export,3.3.3,openssl:ext/openssl/ossl_pkey_rsa.c:603:export,['ext/openssl']
openssl,3.3.3,to_der,cRSA,ossl_rsa_to_der,0,rb_define_method,ext/openssl/ossl_pkey_rsa.c,606,ext/openssl/ossl_pkey_rsa.c,300,resolved,ossl_rsa_to_der,3.3.3,openssl:ext/openssl/ossl_pkey_rsa.c:606:to_der,['ext/openssl']
openssl,3.3.3,sign_pss,cRSA,ossl_rsa_sign_pss,-1,rb_define_method,ext/openssl/ossl_pkey_rsa.c,607,ext/openssl/ossl_pkey_rsa.c,342,resolved,ossl_rsa_sign_pss,3.3.3,openssl:ext/openssl/ossl_pkey_rsa.c:607:sign_pss,['ext/openssl']
openssl,3.3.3,verify_pss,cRSA,ossl_rsa_verify_pss,-1,rb_define_method,ext/openssl/ossl_pkey_rsa.c,608,ext/openssl/ossl_pkey_rsa.c,429,resolved,ossl_rsa_verify_pss,3.3.3,openssl:ext/openssl/ossl_pkey_rsa.c:608:verify_pss,['ext/openssl']
openssl,3.3.3,set_key,cRSA,ossl_rsa_set_key,3,rb_define_method,ext/openssl/ossl_pkey_rsa.c,618,,,unresolved_function_binding,ossl_rsa_set_key,3.3.3,openssl:ext/openssl/ossl_pkey_rsa.c:618:set_key,['ext/openssl']
openssl,3.3.3,set_factors,cRSA,ossl_rsa_set_factors,2,rb_define_method,ext/openssl/ossl_pkey_rsa.c,619,,,unresolved_function_binding,ossl_rsa_set_factors,3.3.3,openssl:ext/openssl/ossl_pkey_rsa.c:619:set_factors,['ext/openssl']
openssl,3.3.3,set_crt_params,cRSA,ossl_rsa_set_crt_params,3,rb_define_method,ext/openssl/ossl_pkey_rsa.c,620,,,unresolved_function_binding,ossl_rsa_set_crt_params,3.3.3,openssl:ext/openssl/ossl_pkey_rsa.c:620:set_crt_params,['ext/openssl']
openssl,3.3.3,params,cRSA,ossl_rsa_get_params,0,rb_define_method,ext/openssl/ossl_pkey_rsa.c,622,ext/openssl/ossl_pkey_rsa.c,510,resolved,ossl_rsa_get_params,3.3.3,openssl:ext/openssl/ossl_pkey_rsa.c:622:params,['ext/openssl']
openssl,3.3.3,load,cProvider,ossl_provider_s_load,1,rb_define_singleton_method,ext/openssl/ossl_provider.c,197,ext/openssl/ossl_provider.c,52,resolved,ossl_provider_s_load,3.3.3,openssl:ext/openssl/ossl_provider.c:197:load,['ext/openssl']
openssl,3.3.3,provider_names,cProvider,ossl_provider_s_provider_names,0,rb_define_singleton_method,ext/openssl/ossl_provider.c,198,ext/openssl/ossl_provider.c,102,resolved,ossl_provider_s_provider_names,3.3.3,openssl:ext/openssl/ossl_provider.c:198:provider_names,['ext/openssl']
openssl,3.3.3,unload,cProvider,ossl_provider_unload,0,rb_define_method,ext/openssl/ossl_provider.c,200,ext/openssl/ossl_provider.c,128,resolved,ossl_provider_unload,3.3.3,openssl:ext/openssl/ossl_provider.c:200:unload,['ext/openssl']
openssl,3.3.3,name,cProvider,ossl_provider_get_name,0,rb_define_method,ext/openssl/ossl_provider.c,201,ext/openssl/ossl_provider.c,154,resolved,ossl_provider_get_name,3.3.3,openssl:ext/openssl/ossl_provider.c:201:name,['ext/openssl']
openssl,3.3.3,inspect,cProvider,ossl_provider_inspect,0,rb_define_method,ext/openssl/ossl_provider.c,202,ext/openssl/ossl_provider.c,172,resolved,ossl_provider_inspect,3.3.3,openssl:ext/openssl/ossl_provider.c:202:inspect,['ext/openssl']
openssl,3.3.3,seed,mRandom,ossl_rand_seed,1,rb_define_module_function,ext/openssl/ossl_rand.c,187,ext/openssl/ossl_rand.c,21,resolved,ossl_rand_seed,3.3.3,openssl:ext/openssl/ossl_rand.c:187:seed,['ext/openssl']
openssl,3.3.3,random_add,mRandom,ossl_rand_add,2,rb_define_module_function,ext/openssl/ossl_rand.c,188,ext/openssl/ossl_rand.c,52,resolved,ossl_rand_add,3.3.3,openssl:ext/openssl/ossl_rand.c:188:random_add,['ext/openssl']
openssl,3.3.3,load_random_file,mRandom,ossl_rand_load_file,1,rb_define_module_function,ext/openssl/ossl_rand.c,189,ext/openssl/ossl_rand.c,67,resolved,ossl_rand_load_file,3.3.3,openssl:ext/openssl/ossl_rand.c:189:load_random_file,['ext/openssl']
openssl,3.3.3,write_random_file,mRandom,ossl_rand_write_file,1,rb_define_module_function,ext/openssl/ossl_rand.c,190,ext/openssl/ossl_rand.c,84,resolved,ossl_rand_write_file,3.3.3,openssl:ext/openssl/ossl_rand.c:190:write_random_file,['ext/openssl']
openssl,3.3.3,random_bytes,mRandom,ossl_rand_bytes,1,rb_define_module_function,ext/openssl/ossl_rand.c,191,ext/openssl/ossl_rand.c,105,resolved,ossl_rand_bytes,3.3.3,openssl:ext/openssl/ossl_rand.c:191:random_bytes,['ext/openssl']
openssl,3.3.3,egd,mRandom,ossl_rand_egd,1,rb_define_module_function,ext/openssl/ossl_rand.c,196,ext/openssl/ossl_rand.c,130,resolved,ossl_rand_egd,3.3.3,openssl:ext/openssl/ossl_rand.c:196:egd,['ext/openssl']
openssl,3.3.3,egd_bytes,mRandom,ossl_rand_egd_bytes,2,rb_define_module_function,ext/openssl/ossl_rand.c,197,ext/openssl/ossl_rand.c,148,resolved,ossl_rand_egd_bytes,3.3.3,openssl:ext/openssl/ossl_rand.c:197:egd_bytes,['ext/openssl']
openssl,3.3.3,status?,mRandom,ossl_rand_status,0,rb_define_module_function,ext/openssl/ossl_rand.c,199,ext/openssl/ossl_rand.c,166,resolved,ossl_rand_status,3.3.3,openssl:ext/openssl/ossl_rand.c:199:status?,['ext/openssl']
openssl,3.3.3,<allocator>,cSSLContext,ossl_sslctx_s_alloc,0,rb_define_alloc_func,ext/openssl/ossl_ssl.c,2653,ext/openssl/ossl_ssl.c,82,resolved,ossl_sslctx_s_alloc,3.3.3,openssl:ext/openssl/ossl_ssl.c:2653:<allocator>,['ext/openssl']
openssl,3.3.3,set_minmax_proto_version,cSSLContext,ossl_sslctx_set_minmax_proto_version,2,rb_define_private_method,ext/openssl/ossl_ssl.c,2900,ext/openssl/ossl_ssl.c,160,resolved,ossl_sslctx_set_minmax_proto_version,3.3.3,openssl:ext/openssl/ossl_ssl.c:2900:set_minmax_proto_version,['ext/openssl']
openssl,3.3.3,ciphers,cSSLContext,ossl_sslctx_get_ciphers,0,rb_define_method,ext/openssl/ossl_ssl.c,2902,ext/openssl/ossl_ssl.c,1004,resolved,ossl_sslctx_get_ciphers,3.3.3,openssl:ext/openssl/ossl_ssl.c:2902:ciphers,['ext/openssl']
openssl,3.3.3,ciphers=,cSSLContext,ossl_sslctx_set_ciphers,1,rb_define_method,ext/openssl/ossl_ssl.c,2903,ext/openssl/ossl_ssl.c,1060,resolved,ossl_sslctx_set_ciphers,3.3.3,openssl:ext/openssl/ossl_ssl.c:2903:ciphers=,['ext/openssl']
openssl,3.3.3,ciphersuites=,cSSLContext,ossl_sslctx_set_ciphersuites,1,rb_define_method,ext/openssl/ossl_ssl.c,2905,ext/openssl/ossl_ssl.c,1088,resolved,ossl_sslctx_set_ciphersuites,3.3.3,openssl:ext/openssl/ossl_ssl.c:2905:ciphersuites=,['ext/openssl']
openssl,3.3.3,tmp_dh=,cSSLContext,ossl_sslctx_set_tmp_dh,1,rb_define_method,ext/openssl/ossl_ssl.c,2908,ext/openssl/ossl_ssl.c,1128,resolved,ossl_sslctx_set_tmp_dh,3.3.3,openssl:ext/openssl/ossl_ssl.c:2908:tmp_dh=,['ext/openssl']
openssl,3.3.3,ecdh_curves=,cSSLContext,ossl_sslctx_set_ecdh_curves,1,rb_define_method,ext/openssl/ossl_ssl.c,2910,ext/openssl/ossl_ssl.c,1179,resolved,ossl_sslctx_set_ecdh_curves,3.3.3,openssl:ext/openssl/ossl_ssl.c:2910:ecdh_curves=,['ext/openssl']
openssl,3.3.3,security_level,cSSLContext,ossl_sslctx_get_security_level,0,rb_define_method,ext/openssl/ossl_ssl.c,2911,ext/openssl/ossl_ssl.c,1204,resolved,ossl_sslctx_get_security_level,3.3.3,openssl:ext/openssl/ossl_ssl.c:2911:security_level,['ext/openssl']
openssl,3.3.3,security_level=,cSSLContext,ossl_sslctx_set_security_level,1,rb_define_method,ext/openssl/ossl_ssl.c,2912,ext/openssl/ossl_ssl.c,1238,resolved,ossl_sslctx_set_security_level,3.3.3,openssl:ext/openssl/ossl_ssl.c:2912:security_level=,['ext/openssl']
openssl,3.3.3,enable_fallback_scsv,cSSLContext,ossl_sslctx_enable_fallback_scsv,0,rb_define_method,ext/openssl/ossl_ssl.c,2914,ext/openssl/ossl_ssl.c,1266,resolved,ossl_sslctx_enable_fallback_scsv,3.3.3,openssl:ext/openssl/ossl_ssl.c:2914:enable_fallback_scsv,['ext/openssl']
openssl,3.3.3,add_certificate,cSSLContext,ossl_sslctx_add_certificate,-1,rb_define_method,ext/openssl/ossl_ssl.c,2916,ext/openssl/ossl_ssl.c,1313,resolved,ossl_sslctx_add_certificate,3.3.3,openssl:ext/openssl/ossl_ssl.c:2916:add_certificate,['ext/openssl']
openssl,3.3.3,setup,cSSLContext,ossl_sslctx_setup,0,rb_define_method,ext/openssl/ossl_ssl.c,2918,ext/openssl/ossl_ssl.c,807,resolved,ossl_sslctx_setup,3.3.3,openssl:ext/openssl/ossl_ssl.c:2918:setup,['ext/openssl']
openssl,3.3.3,session_add,cSSLContext,ossl_sslctx_session_add,1,rb_define_method,ext/openssl/ossl_ssl.c,2968,ext/openssl/ossl_ssl.c,1363,resolved,ossl_sslctx_session_add,3.3.3,openssl:ext/openssl/ossl_ssl.c:2968:session_add,['ext/openssl']
openssl,3.3.3,session_remove,cSSLContext,ossl_sslctx_session_remove,1,rb_define_method,ext/openssl/ossl_ssl.c,2969,ext/openssl/ossl_ssl.c,1381,resolved,ossl_sslctx_session_remove,3.3.3,openssl:ext/openssl/ossl_ssl.c:2969:session_remove,['ext/openssl']
openssl,3.3.3,session_cache_mode,cSSLContext,ossl_sslctx_get_session_cache_mode,0,rb_define_method,ext/openssl/ossl_ssl.c,2970,ext/openssl/ossl_ssl.c,1399,resolved,ossl_sslctx_get_session_cache_mode,3.3.3,openssl:ext/openssl/ossl_ssl.c:2970:session_cache_mode,['ext/openssl']
openssl,3.3.3,session_cache_mode=,cSSLContext,ossl_sslctx_set_session_cache_mode,1,rb_define_method,ext/openssl/ossl_ssl.c,2971,ext/openssl/ossl_ssl.c,1417,resolved,ossl_sslctx_set_session_cache_mode,3.3.3,openssl:ext/openssl/ossl_ssl.c:2971:session_cache_mode=,['ext/openssl']
openssl,3.3.3,session_cache_size,cSSLContext,ossl_sslctx_get_session_cache_size,0,rb_define_method,ext/openssl/ossl_ssl.c,2972,ext/openssl/ossl_ssl.c,1436,resolved,ossl_sslctx_get_session_cache_size,3.3.3,openssl:ext/openssl/ossl_ssl.c:2972:session_cache_size,['ext/openssl']
openssl,3.3.3,session_cache_size=,cSSLContext,ossl_sslctx_set_session_cache_size,1,rb_define_method,ext/openssl/ossl_ssl.c,2973,ext/openssl/ossl_ssl.c,1453,resolved,ossl_sslctx_set_session_cache_size,3.3.3,openssl:ext/openssl/ossl_ssl.c:2973:session_cache_size=,['ext/openssl']
openssl,3.3.3,session_cache_stats,cSSLContext,ossl_sslctx_get_session_cache_stats,0,rb_define_method,ext/openssl/ossl_ssl.c,2974,ext/openssl/ossl_ssl.c,1487,resolved,ossl_sslctx_get_session_cache_stats,3.3.3,openssl:ext/openssl/ossl_ssl.c:2974:session_cache_stats,['ext/openssl']
openssl,3.3.3,flush_sessions,cSSLContext,ossl_sslctx_flush_sessions,-1,rb_define_method,ext/openssl/ossl_ssl.c,2975,ext/openssl/ossl_ssl.c,1519,resolved,ossl_sslctx_flush_sessions,3.3.3,openssl:ext/openssl/ossl_ssl.c:2975:flush_sessions,['ext/openssl']
openssl,3.3.3,options,cSSLContext,ossl_sslctx_get_options,0,rb_define_method,ext/openssl/ossl_ssl.c,2976,ext/openssl/ossl_ssl.c,754,resolved,ossl_sslctx_get_options,3.3.3,openssl:ext/openssl/ossl_ssl.c:2976:options,['ext/openssl']
openssl,3.3.3,options=,cSSLContext,ossl_sslctx_set_options,1,rb_define_method,ext/openssl/ossl_ssl.c,2977,ext/openssl/ossl_ssl.c,779,resolved,ossl_sslctx_set_options,3.3.3,openssl:ext/openssl/ossl_ssl.c:2977:options=,['ext/openssl']
openssl,3.3.3,<allocator>,cSSLSocket,ossl_ssl_s_alloc,0,rb_define_alloc_func,ext/openssl/ossl_ssl.c,2983,ext/openssl/ossl_ssl.c,1574,resolved,ossl_ssl_s_alloc,3.3.3,openssl:ext/openssl/ossl_ssl.c:2983:<allocator>,['ext/openssl']
openssl,3.3.3,initialize,cSSLSocket,ossl_ssl_initialize,-1,rb_define_method,ext/openssl/ossl_ssl.c,2984,ext/openssl/ossl_ssl.c,1619,resolved,ossl_ssl_initialize,3.3.3,openssl:ext/openssl/ossl_ssl.c:2984:initialize,['ext/openssl']
openssl,3.3.3,connect,cSSLSocket,ossl_ssl_connect,0,rb_define_method,ext/openssl/ossl_ssl.c,2986,ext/openssl/ossl_ssl.c,1839,resolved,ossl_ssl_connect,3.3.3,openssl:ext/openssl/ossl_ssl.c:2986:connect,['ext/openssl']
openssl,3.3.3,connect_nonblock,cSSLSocket,ossl_ssl_connect_nonblock,-1,rb_define_method,ext/openssl/ossl_ssl.c,2987,ext/openssl/ossl_ssl.c,1869,resolved,ossl_ssl_connect_nonblock,3.3.3,openssl:ext/openssl/ossl_ssl.c:2987:connect_nonblock,['ext/openssl']
openssl,3.3.3,accept,cSSLSocket,ossl_ssl_accept,0,rb_define_method,ext/openssl/ossl_ssl.c,2988,ext/openssl/ossl_ssl.c,1886,resolved,ossl_ssl_accept,3.3.3,openssl:ext/openssl/ossl_ssl.c:2988:accept,['ext/openssl']
openssl,3.3.3,accept_nonblock,cSSLSocket,ossl_ssl_accept_nonblock,-1,rb_define_method,ext/openssl/ossl_ssl.c,2989,ext/openssl/ossl_ssl.c,1916,resolved,ossl_ssl_accept_nonblock,3.3.3,openssl:ext/openssl/ossl_ssl.c:2989:accept_nonblock,['ext/openssl']
openssl,3.3.3,sysread,cSSLSocket,ossl_ssl_read,-1,rb_define_method,ext/openssl/ossl_ssl.c,2990,ext/openssl/ossl_ssl.c,2031,resolved,ossl_ssl_read,3.3.3,openssl:ext/openssl/ossl_ssl.c:2990:sysread,['ext/openssl']
openssl,3.3.3,sysread_nonblock,cSSLSocket,ossl_ssl_read_nonblock,-1,rb_define_private_method,ext/openssl/ossl_ssl.c,2991,ext/openssl/ossl_ssl.c,2050,resolved,ossl_ssl_read_nonblock,3.3.3,openssl:ext/openssl/ossl_ssl.c:2991:sysread_nonblock,['ext/openssl']
openssl,3.3.3,syswrite,cSSLSocket,ossl_ssl_write,1,rb_define_method,ext/openssl/ossl_ssl.c,2992,ext/openssl/ossl_ssl.c,2125,resolved,ossl_ssl_write,3.3.3,openssl:ext/openssl/ossl_ssl.c:2992:syswrite,['ext/openssl']
openssl,3.3.3,syswrite_nonblock,cSSLSocket,ossl_ssl_write_nonblock,-1,rb_define_private_method,ext/openssl/ossl_ssl.c,2993,ext/openssl/ossl_ssl.c,2138,resolved,ossl_ssl_write_nonblock,3.3.3,openssl:ext/openssl/ossl_ssl.c:2993:syswrite_nonblock,['ext/openssl']
openssl,3.3.3,stop,cSSLSocket,ossl_ssl_stop,0,rb_define_private_method,ext/openssl/ossl_ssl.c,2994,ext/openssl/ossl_ssl.c,2155,resolved,ossl_ssl_stop,3.3.3,openssl:ext/openssl/ossl_ssl.c:2994:stop,['ext/openssl']
openssl,3.3.3,cert,cSSLSocket,ossl_ssl_get_cert,0,rb_define_method,ext/openssl/ossl_ssl.c,2995,ext/openssl/ossl_ssl.c,2186,resolved,ossl_ssl_get_cert,3.3.3,openssl:ext/openssl/ossl_ssl.c:2995:cert,['ext/openssl']
openssl,3.3.3,peer_cert,cSSLSocket,ossl_ssl_get_peer_cert,0,rb_define_method,ext/openssl/ossl_ssl.c,2996,ext/openssl/ossl_ssl.c,2212,resolved,ossl_ssl_get_peer_cert,3.3.3,openssl:ext/openssl/ossl_ssl.c:2996:peer_cert,['ext/openssl']
openssl,3.3.3,peer_cert_chain,cSSLSocket,ossl_ssl_get_peer_cert_chain,0,rb_define_method,ext/openssl/ossl_ssl.c,2997,ext/openssl/ossl_ssl.c,2238,resolved,ossl_ssl_get_peer_cert_chain,3.3.3,openssl:ext/openssl/ossl_ssl.c:2997:peer_cert_chain,['ext/openssl']
openssl,3.3.3,ssl_version,cSSLSocket,ossl_ssl_get_version,0,rb_define_method,ext/openssl/ossl_ssl.c,2998,ext/openssl/ossl_ssl.c,2268,resolved,ossl_ssl_get_version,3.3.3,openssl:ext/openssl/ossl_ssl.c:2998:ssl_version,['ext/openssl']
openssl,3.3.3,cipher,cSSLSocket,ossl_ssl_get_cipher,0,rb_define_method,ext/openssl/ossl_ssl.c,2999,ext/openssl/ossl_ssl.c,2285,resolved,ossl_ssl_get_cipher,3.3.3,openssl:ext/openssl/ossl_ssl.c:2999:cipher,['ext/openssl']
openssl,3.3.3,state,cSSLSocket,ossl_ssl_get_state,0,rb_define_method,ext/openssl/ossl_ssl.c,3000,ext/openssl/ossl_ssl.c,2303,resolved,ossl_ssl_get_state,3.3.3,openssl:ext/openssl/ossl_ssl.c:3000:state,['ext/openssl']
openssl,3.3.3,pending,cSSLSocket,ossl_ssl_pending,0,rb_define_method,ext/openssl/ossl_ssl.c,3001,ext/openssl/ossl_ssl.c,2325,resolved,ossl_ssl_pending,3.3.3,openssl:ext/openssl/ossl_ssl.c:3001:pending,['ext/openssl']
openssl,3.3.3,session_reused?,cSSLSocket,ossl_ssl_session_reused,0,rb_define_method,ext/openssl/ossl_ssl.c,3002,ext/openssl/ossl_ssl.c,2341,resolved,ossl_ssl_session_reused,3.3.3,openssl:ext/openssl/ossl_ssl.c:3002:session_reused?,['ext/openssl']
openssl,3.3.3,session=,cSSLSocket,ossl_ssl_set_session,1,rb_define_method,ext/openssl/ossl_ssl.c,3004,ext/openssl/ossl_ssl.c,2357,resolved,ossl_ssl_set_session,3.3.3,openssl:ext/openssl/ossl_ssl.c:3004:session=,['ext/openssl']
openssl,3.3.3,verify_result,cSSLSocket,ossl_ssl_get_verify_result,0,rb_define_method,ext/openssl/ossl_ssl.c,3005,ext/openssl/ossl_ssl.c,2408,resolved,ossl_ssl_get_verify_result,3.3.3,openssl:ext/openssl/ossl_ssl.c:3005:verify_result,['ext/openssl']
openssl,3.3.3,client_ca,cSSLSocket,ossl_ssl_get_client_ca_list,0,rb_define_method,ext/openssl/ossl_ssl.c,3006,ext/openssl/ossl_ssl.c,2479,resolved,ossl_ssl_get_client_ca_list,3.3.3,openssl:ext/openssl/ossl_ssl.c:3006:client_ca,['ext/openssl']
openssl,3.3.3,hostname=,cSSLSocket,ossl_ssl_set_hostname,1,rb_define_method,ext/openssl/ossl_ssl.c,3008,ext/openssl/ossl_ssl.c,2379,resolved,ossl_ssl_set_hostname,3.3.3,openssl:ext/openssl/ossl_ssl.c:3008:hostname=,['ext/openssl']
openssl,3.3.3,finished_message,cSSLSocket,ossl_ssl_get_finished,0,rb_define_method,ext/openssl/ossl_ssl.c,3009,ext/openssl/ossl_ssl.c,2425,resolved,ossl_ssl_get_finished,3.3.3,openssl:ext/openssl/ossl_ssl.c:3009:finished_message,['ext/openssl']
openssl,3.3.3,peer_finished_message,cSSLSocket,ossl_ssl_get_peer_finished,0,rb_define_method,ext/openssl/ossl_ssl.c,3010,ext/openssl/ossl_ssl.c,2450,resolved,ossl_ssl_get_peer_finished,3.3.3,openssl:ext/openssl/ossl_ssl.c:3010:peer_finished_message,['ext/openssl']
openssl,3.3.3,tmp_key,cSSLSocket,ossl_ssl_tmp_key,0,rb_define_method,ext/openssl/ossl_ssl.c,3011,ext/openssl/ossl_ssl.c,2588,resolved,ossl_ssl_tmp_key,3.3.3,openssl:ext/openssl/ossl_ssl.c:3011:tmp_key,['ext/openssl']
openssl,3.3.3,alpn_protocol,cSSLSocket,ossl_ssl_alpn_protocol,0,rb_define_method,ext/openssl/ossl_ssl.c,3012,ext/openssl/ossl_ssl.c,2523,resolved,ossl_ssl_alpn_protocol,3.3.3,openssl:ext/openssl/ossl_ssl.c:3012:alpn_protocol,['ext/openssl']
openssl,3.3.3,export_keying_material,cSSLSocket,ossl_ssl_export_keying_material,-1,rb_define_method,ext/openssl/ossl_ssl.c,3013,ext/openssl/ossl_ssl.c,2545,resolved,ossl_ssl_export_keying_material,3.3.3,openssl:ext/openssl/ossl_ssl.c:3013:export_keying_material,['ext/openssl']
openssl,3.3.3,npn_protocol,cSSLSocket,ossl_ssl_npn_protocol,0,rb_define_method,ext/openssl/ossl_ssl.c,3015,ext/openssl/ossl_ssl.c,2499,resolved,ossl_ssl_npn_protocol,3.3.3,openssl:ext/openssl/ossl_ssl.c:3015:npn_protocol,['ext/openssl']
openssl,3.3.3,<allocator>,cSSLSession,ossl_ssl_session_alloc,0,rb_define_alloc_func,ext/openssl/ossl_ssl_session.c,316,ext/openssl/ossl_ssl_session.c,25,resolved,ossl_ssl_session_alloc,3.3.3,openssl:ext/openssl/ossl_ssl_session.c:316:<allocator>,['ext/openssl']
openssl,3.3.3,initialize,cSSLSession,ossl_ssl_session_initialize,1,rb_define_method,ext/openssl/ossl_ssl_session.c,317,ext/openssl/ossl_ssl_session.c,38,resolved,ossl_ssl_session_initialize,3.3.3,openssl:ext/openssl/ossl_ssl_session.c:317:initialize,['ext/openssl']
openssl,3.3.3,initialize_copy,cSSLSession,ossl_ssl_session_initialize_copy,1,rb_define_method,ext/openssl/ossl_ssl_session.c,318,ext/openssl/ossl_ssl_session.c,72,resolved,ossl_ssl_session_initialize_copy,3.3.3,openssl:ext/openssl/ossl_ssl_session.c:318:initialize_copy,['ext/openssl']
openssl,3.3.3,==,cSSLSession,ossl_ssl_session_eq,1,rb_define_method,ext/openssl/ossl_ssl_session.c,320,ext/openssl/ossl_ssl_session.c,114,resolved,ossl_ssl_session_eq,3.3.3,openssl:ext/openssl/ossl_ssl_session.c:320:==,['ext/openssl']
openssl,3.3.3,time,cSSLSession,ossl_ssl_session_get_time,0,rb_define_method,ext/openssl/ossl_ssl_session.c,322,ext/openssl/ossl_ssl_session.c,133,resolved,ossl_ssl_session_get_time,3.3.3,openssl:ext/openssl/ossl_ssl_session.c:322:time,['ext/openssl']
openssl,3.3.3,time=,cSSLSession,ossl_ssl_session_set_time,1,rb_define_method,ext/openssl/ossl_ssl_session.c,323,ext/openssl/ossl_ssl_session.c,175,resolved,ossl_ssl_session_set_time,3.3.3,openssl:ext/openssl/ossl_ssl_session.c:323:time=,['ext/openssl']
openssl,3.3.3,timeout,cSSLSession,ossl_ssl_session_get_timeout,0,rb_define_method,ext/openssl/ossl_ssl_session.c,324,ext/openssl/ossl_ssl_session.c,155,resolved,ossl_ssl_session_get_timeout,3.3.3,openssl:ext/openssl/ossl_ssl_session.c:324:timeout,['ext/openssl']
openssl,3.3.3,timeout=,cSSLSession,ossl_ssl_session_set_timeout,1,rb_define_method,ext/openssl/ossl_ssl_session.c,325,ext/openssl/ossl_ssl_session.c,195,resolved,ossl_ssl_session_set_timeout,3.3.3,openssl:ext/openssl/ossl_ssl_session.c:325:timeout=,['ext/openssl']
openssl,3.3.3,id,cSSLSession,ossl_ssl_session_get_id,0,rb_define_method,ext/openssl/ossl_ssl_session.c,326,ext/openssl/ossl_ssl_session.c,212,resolved,ossl_ssl_session_get_id,3.3.3,openssl:ext/openssl/ossl_ssl_session.c:326:id,['ext/openssl']
openssl,3.3.3,to_der,cSSLSession,ossl_ssl_session_to_der,0,rb_define_method,ext/openssl/ossl_ssl_session.c,327,ext/openssl/ossl_ssl_session.c,231,resolved,ossl_ssl_session_to_der,3.3.3,openssl:ext/openssl/ossl_ssl_session.c:327:to_der,['ext/openssl']
openssl,3.3.3,to_pem,cSSLSession,ossl_ssl_session_to_pem,0,rb_define_method,ext/openssl/ossl_ssl_session.c,328,ext/openssl/ossl_ssl_session.c,257,resolved,ossl_ssl_session_to_pem,3.3.3,openssl:ext/openssl/ossl_ssl_session.c:328:to_pem,['ext/openssl']
openssl,3.3.3,to_text,cSSLSession,ossl_ssl_session_to_text,0,rb_define_method,ext/openssl/ossl_ssl_session.c,329,ext/openssl/ossl_ssl_session.c,284,resolved,ossl_ssl_session_to_text,3.3.3,openssl:ext/openssl/ossl_ssl_session.c:329:to_text,['ext/openssl']
openssl,3.3.3,<allocator>,cTimestampResponse,ossl_ts_resp_alloc,0,rb_define_alloc_func,ext/openssl/ossl_ts.c,1401,ext/openssl/ossl_ts.c,528,resolved,ossl_ts_resp_alloc,3.3.3,openssl:ext/openssl/ossl_ts.c:1401:<allocator>,['ext/openssl']
openssl,3.3.3,initialize,cTimestampResponse,ossl_ts_resp_initialize,1,rb_define_method,ext/openssl/ossl_ts.c,1402,ext/openssl/ossl_ts.c,552,resolved,ossl_ts_resp_initialize,3.3.3,openssl:ext/openssl/ossl_ts.c:1402:initialize,['ext/openssl']
openssl,3.3.3,status,cTimestampResponse,ossl_ts_resp_get_status,0,rb_define_method,ext/openssl/ossl_ts.c,1403,ext/openssl/ossl_ts.c,579,resolved,ossl_ts_resp_get_status,3.3.3,openssl:ext/openssl/ossl_ts.c:1403:status,['ext/openssl']
openssl,3.3.3,failure_info,cTimestampResponse,ossl_ts_resp_get_failure_info,0,rb_define_method,ext/openssl/ossl_ts.c,1404,ext/openssl/ossl_ts.c,618,resolved,ossl_ts_resp_get_failure_info,3.3.3,openssl:ext/openssl/ossl_ts.c:1404:failure_info,['ext/openssl']
openssl,3.3.3,status_text,cTimestampResponse,ossl_ts_resp_get_status_text,0,rb_define_method,ext/openssl/ossl_ts.c,1405,ext/openssl/ossl_ts.c,664,resolved,ossl_ts_resp_get_status_text,3.3.3,openssl:ext/openssl/ossl_ts.c:1405:status_text,['ext/openssl']
openssl,3.3.3,token,cTimestampResponse,ossl_ts_resp_get_token,0,rb_define_method,ext/openssl/ossl_ts.c,1406,ext/openssl/ossl_ts.c,693,resolved,ossl_ts_resp_get_token,3.3.3,openssl:ext/openssl/ossl_ts.c:1406:token,['ext/openssl']
openssl,3.3.3,token_info,cTimestampResponse,ossl_ts_resp_get_token_info,0,rb_define_method,ext/openssl/ossl_ts.c,1407,ext/openssl/ossl_ts.c,711,resolved,ossl_ts_resp_get_token_info,3.3.3,openssl:ext/openssl/ossl_ts.c:1407:token_info,['ext/openssl']
openssl,3.3.3,tsa_certificate,cTimestampResponse,ossl_ts_resp_get_tsa_certificate,0,rb_define_method,ext/openssl/ossl_ts.c,1408,ext/openssl/ossl_ts.c,740,resolved,ossl_ts_resp_get_tsa_certificate,3.3.3,openssl:ext/openssl/ossl_ts.c:1408:tsa_certificate,['ext/openssl']
openssl,3.3.3,to_der,cTimestampResponse,ossl_ts_resp_to_der,0,rb_define_method,ext/openssl/ossl_ts.c,1409,ext/openssl/ossl_ts.c,764,resolved,ossl_ts_resp_to_der,3.3.3,openssl:ext/openssl/ossl_ts.c:1409:to_der,['ext/openssl']
openssl,3.3.3,to_text,cTimestampResponse,ossl_ts_resp_to_text,0,rb_define_method,ext/openssl/ossl_ts.c,1410,ext/openssl/ossl_ts.c,773,resolved,ossl_ts_resp_to_text,3.3.3,openssl:ext/openssl/ossl_ts.c:1410:to_text,['ext/openssl']
openssl,3.3.3,verify,cTimestampResponse,ossl_ts_resp_verify,-1,rb_define_method,ext/openssl/ossl_ts.c,1411,ext/openssl/ossl_ts.c,812,resolved,ossl_ts_resp_verify,3.3.3,openssl:ext/openssl/ossl_ts.c:1411:verify,['ext/openssl']
openssl,3.3.3,<allocator>,cTimestampTokenInfo,ossl_ts_token_info_alloc,0,rb_define_alloc_func,ext/openssl/ossl_ts.c,1418,ext/openssl/ossl_ts.c,879,resolved,ossl_ts_token_info_alloc,3.3.3,openssl:ext/openssl/ossl_ts.c:1418:<allocator>,['ext/openssl']
openssl,3.3.3,initialize,cTimestampTokenInfo,ossl_ts_token_info_initialize,1,rb_define_method,ext/openssl/ossl_ts.c,1419,ext/openssl/ossl_ts.c,903,resolved,ossl_ts_token_info_initialize,3.3.3,openssl:ext/openssl/ossl_ts.c:1419:initialize,['ext/openssl']
openssl,3.3.3,version,cTimestampTokenInfo,ossl_ts_token_info_get_version,0,rb_define_method,ext/openssl/ossl_ts.c,1420,ext/openssl/ossl_ts.c,930,resolved,ossl_ts_token_info_get_version,3.3.3,openssl:ext/openssl/ossl_ts.c:1420:version,['ext/openssl']
openssl,3.3.3,policy_id,cTimestampTokenInfo,ossl_ts_token_info_get_policy_id,0,rb_define_method,ext/openssl/ossl_ts.c,1421,ext/openssl/ossl_ts.c,951,resolved,ossl_ts_token_info_get_policy_id,3.3.3,openssl:ext/openssl/ossl_ts.c:1421:policy_id,['ext/openssl']
openssl,3.3.3,algorithm,cTimestampTokenInfo,ossl_ts_token_info_get_algorithm,0,rb_define_method,ext/openssl/ossl_ts.c,1422,ext/openssl/ossl_ts.c,973,resolved,ossl_ts_token_info_get_algorithm,3.3.3,openssl:ext/openssl/ossl_ts.c:1422:algorithm,['ext/openssl']
openssl,3.3.3,message_imprint,cTimestampTokenInfo,ossl_ts_token_info_get_msg_imprint,0,rb_define_method,ext/openssl/ossl_ts.c,1423,ext/openssl/ossl_ts.c,998,resolved,ossl_ts_token_info_get_msg_imprint,3.3.3,openssl:ext/openssl/ossl_ts.c:1423:message_imprint,['ext/openssl']
openssl,3.3.3,serial_number,cTimestampTokenInfo,ossl_ts_token_info_get_serial_number,0,rb_define_method,ext/openssl/ossl_ts.c,1424,ext/openssl/ossl_ts.c,1022,resolved,ossl_ts_token_info_get_serial_number,3.3.3,openssl:ext/openssl/ossl_ts.c:1424:serial_number,['ext/openssl']
openssl,3.3.3,gen_time,cTimestampTokenInfo,ossl_ts_token_info_get_gen_time,0,rb_define_method,ext/openssl/ossl_ts.c,1425,ext/openssl/ossl_ts.c,1038,resolved,ossl_ts_token_info_get_gen_time,3.3.3,openssl:ext/openssl/ossl_ts.c:1425:gen_time,['ext/openssl']
openssl,3.3.3,ordering,cTimestampTokenInfo,ossl_ts_token_info_get_ordering,0,rb_define_method,ext/openssl/ossl_ts.c,1426,ext/openssl/ossl_ts.c,1064,resolved,ossl_ts_token_info_get_ordering,3.3.3,openssl:ext/openssl/ossl_ts.c:1426:ordering,['ext/openssl']
openssl,3.3.3,nonce,cTimestampTokenInfo,ossl_ts_token_info_get_nonce,0,rb_define_method,ext/openssl/ossl_ts.c,1427,ext/openssl/ossl_ts.c,1080,resolved,ossl_ts_token_info_get_nonce,3.3.3,openssl:ext/openssl/ossl_ts.c:1427:nonce,['ext/openssl']
openssl,3.3.3,to_der,cTimestampTokenInfo,ossl_ts_token_info_to_der,0,rb_define_method,ext/openssl/ossl_ts.c,1428,ext/openssl/ossl_ts.c,1099,resolved,ossl_ts_token_info_to_der,3.3.3,openssl:ext/openssl/ossl_ts.c:1428:to_der,['ext/openssl']
openssl,3.3.3,to_text,cTimestampTokenInfo,ossl_ts_token_info_to_text,0,rb_define_method,ext/openssl/ossl_ts.c,1429,ext/openssl/ossl_ts.c,1108,resolved,ossl_ts_token_info_to_text,3.3.3,openssl:ext/openssl/ossl_ts.c:1429:to_text,['ext/openssl']
openssl,3.3.3,<allocator>,cTimestampRequest,ossl_ts_req_alloc,0,rb_define_alloc_func,ext/openssl/ossl_ts.c,1440,ext/openssl/ossl_ts.c,175,resolved,ossl_ts_req_alloc,3.3.3,openssl:ext/openssl/ossl_ts.c:1440:<allocator>,['ext/openssl']
openssl,3.3.3,initialize,cTimestampRequest,ossl_ts_req_initialize,-1,rb_define_method,ext/openssl/ossl_ts.c,1441,ext/openssl/ossl_ts.c,202,resolved,ossl_ts_req_initialize,3.3.3,openssl:ext/openssl/ossl_ts.c:1441:initialize,['ext/openssl']
openssl,3.3.3,version=,cTimestampRequest,ossl_ts_req_set_version,1,rb_define_method,ext/openssl/ossl_ts.c,1442,ext/openssl/ossl_ts.c,342,resolved,ossl_ts_req_set_version,3.3.3,openssl:ext/openssl/ossl_ts.c:1442:version=,['ext/openssl']
openssl,3.3.3,version,cTimestampRequest,ossl_ts_req_get_version,0,rb_define_method,ext/openssl/ossl_ts.c,1443,ext/openssl/ossl_ts.c,326,resolved,ossl_ts_req_get_version,3.3.3,openssl:ext/openssl/ossl_ts.c:1443:version,['ext/openssl']
openssl,3.3.3,algorithm=,cTimestampRequest,ossl_ts_req_set_algorithm,1,rb_define_method,ext/openssl/ossl_ts.c,1444,ext/openssl/ossl_ts.c,256,resolved,ossl_ts_req_set_algorithm,3.3.3,openssl:ext/openssl/ossl_ts.c:1444:algorithm=,['ext/openssl']
openssl,3.3.3,algorithm,cTimestampRequest,ossl_ts_req_get_algorithm,0,rb_define_method,ext/openssl/ossl_ts.c,1445,ext/openssl/ossl_ts.c,233,resolved,ossl_ts_req_get_algorithm,3.3.3,openssl:ext/openssl/ossl_ts.c:1445:algorithm,['ext/openssl']
openssl,3.3.3,message_imprint=,cTimestampRequest,ossl_ts_req_set_msg_imprint,1,rb_define_method,ext/openssl/ossl_ts.c,1446,ext/openssl/ossl_ts.c,305,resolved,ossl_ts_req_set_msg_imprint,3.3.3,openssl:ext/openssl/ossl_ts.c:1446:message_imprint=,['ext/openssl']
openssl,3.3.3,message_imprint,cTimestampRequest,ossl_ts_req_get_msg_imprint,0,rb_define_method,ext/openssl/ossl_ts.c,1447,ext/openssl/ossl_ts.c,282,resolved,ossl_ts_req_get_msg_imprint,3.3.3,openssl:ext/openssl/ossl_ts.c:1447:message_imprint,['ext/openssl']
openssl,3.3.3,policy_id=,cTimestampRequest,ossl_ts_req_set_policy_id,1,rb_define_method,ext/openssl/ossl_ts.c,1448,ext/openssl/ossl_ts.c,387,resolved,ossl_ts_req_set_policy_id,3.3.3,openssl:ext/openssl/ossl_ts.c:1448:policy_id=,['ext/openssl']
openssl,3.3.3,policy_id,cTimestampRequest,ossl_ts_req_get_policy_id,0,rb_define_method,ext/openssl/ossl_ts.c,1449,ext/openssl/ossl_ts.c,364,resolved,ossl_ts_req_get_policy_id,3.3.3,openssl:ext/openssl/ossl_ts.c:1449:policy_id,['ext/openssl']
openssl,3.3.3,nonce=,cTimestampRequest,ossl_ts_req_set_nonce,1,rb_define_method,ext/openssl/ossl_ts.c,1450,ext/openssl/ossl_ts.c,431,resolved,ossl_ts_req_set_nonce,3.3.3,openssl:ext/openssl/ossl_ts.c:1450:nonce=,['ext/openssl']
openssl,3.3.3,nonce,cTimestampRequest,ossl_ts_req_get_nonce,0,rb_define_method,ext/openssl/ossl_ts.c,1451,ext/openssl/ossl_ts.c,411,resolved,ossl_ts_req_get_nonce,3.3.3,openssl:ext/openssl/ossl_ts.c:1451:nonce,['ext/openssl']
openssl,3.3.3,cert_requested=,cTimestampRequest,ossl_ts_req_set_cert_requested,1,rb_define_method,ext/openssl/ossl_ts.c,1452,ext/openssl/ossl_ts.c,470,resolved,ossl_ts_req_set_cert_requested,3.3.3,openssl:ext/openssl/ossl_ts.c:1452:cert_requested=,['ext/openssl']
openssl,3.3.3,cert_requested?,cTimestampRequest,ossl_ts_req_get_cert_requested,0,rb_define_method,ext/openssl/ossl_ts.c,1453,ext/openssl/ossl_ts.c,454,resolved,ossl_ts_req_get_cert_requested,3.3.3,openssl:ext/openssl/ossl_ts.c:1453:cert_requested?,['ext/openssl']
openssl,3.3.3,to_der,cTimestampRequest,ossl_ts_req_to_der,0,rb_define_method,ext/openssl/ossl_ts.c,1454,ext/openssl/ossl_ts.c,487,resolved,ossl_ts_req_to_der,3.3.3,openssl:ext/openssl/ossl_ts.c:1454:to_der,['ext/openssl']
openssl,3.3.3,to_text,cTimestampRequest,ossl_ts_req_to_text,0,rb_define_method,ext/openssl/ossl_ts.c,1455,ext/openssl/ossl_ts.c,509,resolved,ossl_ts_req_to_text,3.3.3,openssl:ext/openssl/ossl_ts.c:1455:to_text,['ext/openssl']
openssl,3.3.3,create_timestamp,cTimestampFactory,ossl_tsfac_create_ts,3,rb_define_method,ext/openssl/ossl_ts.c,1590,ext/openssl/ossl_ts.c,1184,resolved,ossl_tsfac_create_ts,3.3.3,openssl:ext/openssl/ossl_ts.c:1590:create_timestamp,['ext/openssl']
openssl,3.3.3,<allocator>,cX509Attr,ossl_x509attr_alloc,0,rb_define_alloc_func,ext/openssl/ossl_x509attr.c,316,ext/openssl/ossl_x509attr.c,84,resolved,ossl_x509attr_alloc,3.3.3,openssl:ext/openssl/ossl_x509attr.c:316:<allocator>,['ext/openssl']
openssl,3.3.3,initialize,cX509Attr,ossl_x509attr_initialize,-1,rb_define_method,ext/openssl/ossl_x509attr.c,317,ext/openssl/ossl_x509attr.c,102,resolved,ossl_x509attr_initialize,3.3.3,openssl:ext/openssl/ossl_x509attr.c:317:initialize,['ext/openssl']
openssl,3.3.3,initialize_copy,cX509Attr,ossl_x509attr_initialize_copy,1,rb_define_method,ext/openssl/ossl_x509attr.c,318,ext/openssl/ossl_x509attr.c,127,resolved,ossl_x509attr_initialize_copy,3.3.3,openssl:ext/openssl/ossl_x509attr.c:318:initialize_copy,['ext/openssl']
openssl,3.3.3,oid=,cX509Attr,ossl_x509attr_set_oid,1,rb_define_method,ext/openssl/ossl_x509attr.c,319,ext/openssl/ossl_x509attr.c,150,resolved,ossl_x509attr_set_oid,3.3.3,openssl:ext/openssl/ossl_x509attr.c:319:oid=,['ext/openssl']
openssl,3.3.3,oid,cX509Attr,ossl_x509attr_get_oid,0,rb_define_method,ext/openssl/ossl_x509attr.c,320,ext/openssl/ossl_x509attr.c,174,resolved,ossl_x509attr_get_oid,3.3.3,openssl:ext/openssl/ossl_x509attr.c:320:oid,['ext/openssl']
openssl,3.3.3,value=,cX509Attr,ossl_x509attr_set_value,1,rb_define_method,ext/openssl/ossl_x509attr.c,321,ext/openssl/ossl_x509attr.c,201,resolved,ossl_x509attr_set_value,3.3.3,openssl:ext/openssl/ossl_x509attr.c:321:value=,['ext/openssl']
openssl,3.3.3,value,cX509Attr,ossl_x509attr_get_value,0,rb_define_method,ext/openssl/ossl_x509attr.c,322,ext/openssl/ossl_x509attr.c,243,resolved,ossl_x509attr_get_value,3.3.3,openssl:ext/openssl/ossl_x509attr.c:322:value,['ext/openssl']
openssl,3.3.3,to_der,cX509Attr,ossl_x509attr_to_der,0,rb_define_method,ext/openssl/ossl_x509attr.c,323,ext/openssl/ossl_x509attr.c,281,resolved,ossl_x509attr_to_der,3.3.3,openssl:ext/openssl/ossl_x509attr.c:323:to_der,['ext/openssl']
openssl,3.3.3,load,cX509Cert,ossl_x509_load,1,rb_define_singleton_method,ext/openssl/ossl_x509cert.c,1005,ext/openssl/ossl_x509cert.c,889,resolved,ossl_x509_load,3.3.3,openssl:ext/openssl/ossl_x509cert.c:1005:load,['ext/openssl']
openssl,3.3.3,<allocator>,cX509Cert,ossl_x509_alloc,0,rb_define_alloc_func,ext/openssl/ossl_x509cert.c,1007,ext/openssl/ossl_x509cert.c,96,resolved,ossl_x509_alloc,3.3.3,openssl:ext/openssl/ossl_x509cert.c:1007:<allocator>,['ext/openssl']
openssl,3.3.3,initialize,cX509Cert,ossl_x509_initialize,-1,rb_define_method,ext/openssl/ossl_x509cert.c,1008,ext/openssl/ossl_x509cert.c,115,resolved,ossl_x509_initialize,3.3.3,openssl:ext/openssl/ossl_x509cert.c:1008:initialize,['ext/openssl']
openssl,3.3.3,initialize_copy,cX509Cert,ossl_x509_copy,1,rb_define_method,ext/openssl/ossl_x509cert.c,1009,ext/openssl/ossl_x509cert.c,144,resolved,ossl_x509_copy,3.3.3,openssl:ext/openssl/ossl_x509cert.c:1009:initialize_copy,['ext/openssl']
openssl,3.3.3,to_der,cX509Cert,ossl_x509_to_der,0,rb_define_method,ext/openssl/ossl_x509cert.c,1011,ext/openssl/ossl_x509cert.c,168,resolved,ossl_x509_to_der,3.3.3,openssl:ext/openssl/ossl_x509cert.c:1011:to_der,['ext/openssl']
openssl,3.3.3,to_pem,cX509Cert,ossl_x509_to_pem,0,rb_define_method,ext/openssl/ossl_x509cert.c,1012,ext/openssl/ossl_x509cert.c,192,resolved,ossl_x509_to_pem,3.3.3,openssl:ext/openssl/ossl_x509cert.c:1012:to_pem,['ext/openssl']
openssl,3.3.3,to_text,cX509Cert,ossl_x509_to_text,0,rb_define_method,ext/openssl/ossl_x509cert.c,1014,ext/openssl/ossl_x509cert.c,216,resolved,ossl_x509_to_text,3.3.3,openssl:ext/openssl/ossl_x509cert.c:1014:to_text,['ext/openssl']
openssl,3.3.3,version,cX509Cert,ossl_x509_get_version,0,rb_define_method,ext/openssl/ossl_x509cert.c,1015,ext/openssl/ossl_x509cert.c,263,resolved,ossl_x509_get_version,3.3.3,openssl:ext/openssl/ossl_x509cert.c:1015:version,['ext/openssl']
openssl,3.3.3,version=,cX509Cert,ossl_x509_set_version,1,rb_define_method,ext/openssl/ossl_x509cert.c,1016,ext/openssl/ossl_x509cert.c,277,resolved,ossl_x509_set_version,3.3.3,openssl:ext/openssl/ossl_x509cert.c:1016:version=,['ext/openssl']
openssl,3.3.3,signature_algorithm,cX509Cert,ossl_x509_get_signature_algorithm,0,rb_define_method,ext/openssl/ossl_x509cert.c,1017,ext/openssl/ossl_x509cert.c,327,resolved,ossl_x509_get_signature_algorithm,3.3.3,openssl:ext/openssl/ossl_x509cert.c:1017:signature_algorithm,['ext/openssl']
openssl,3.3.3,serial,cX509Cert,ossl_x509_get_serial,0,rb_define_method,ext/openssl/ossl_x509cert.c,1018,ext/openssl/ossl_x509cert.c,298,resolved,ossl_x509_get_serial,3.3.3,openssl:ext/openssl/ossl_x509cert.c:1018:serial,['ext/openssl']
openssl,3.3.3,serial=,cX509Cert,ossl_x509_set_serial,1,rb_define_method,ext/openssl/ossl_x509cert.c,1019,ext/openssl/ossl_x509cert.c,312,resolved,ossl_x509_set_serial,3.3.3,openssl:ext/openssl/ossl_x509cert.c:1019:serial=,['ext/openssl']
openssl,3.3.3,subject,cX509Cert,ossl_x509_get_subject,0,rb_define_method,ext/openssl/ossl_x509cert.c,1020,ext/openssl/ossl_x509cert.c,351,resolved,ossl_x509_get_subject,3.3.3,openssl:ext/openssl/ossl_x509cert.c:1020:subject,['ext/openssl']
openssl,3.3.3,subject=,cX509Cert,ossl_x509_set_subject,1,rb_define_method,ext/openssl/ossl_x509cert.c,1021,ext/openssl/ossl_x509cert.c,369,resolved,ossl_x509_set_subject,3.3.3,openssl:ext/openssl/ossl_x509cert.c:1021:subject=,['ext/openssl']
openssl,3.3.3,issuer,cX509Cert,ossl_x509_get_issuer,0,rb_define_method,ext/openssl/ossl_x509cert.c,1022,ext/openssl/ossl_x509cert.c,386,resolved,ossl_x509_get_issuer,3.3.3,openssl:ext/openssl/ossl_x509cert.c:1022:issuer,['ext/openssl']
openssl,3.3.3,issuer=,cX509Cert,ossl_x509_set_issuer,1,rb_define_method,ext/openssl/ossl_x509cert.c,1023,ext/openssl/ossl_x509cert.c,404,resolved,ossl_x509_set_issuer,3.3.3,openssl:ext/openssl/ossl_x509cert.c:1023:issuer=,['ext/openssl']
openssl,3.3.3,not_before,cX509Cert,ossl_x509_get_not_before,0,rb_define_method,ext/openssl/ossl_x509cert.c,1024,ext/openssl/ossl_x509cert.c,421,resolved,ossl_x509_get_not_before,3.3.3,openssl:ext/openssl/ossl_x509cert.c:1024:not_before,['ext/openssl']
openssl,3.3.3,not_before=,cX509Cert,ossl_x509_set_not_before,1,rb_define_method,ext/openssl/ossl_x509cert.c,1025,ext/openssl/ossl_x509cert.c,439,resolved,ossl_x509_set_not_before,3.3.3,openssl:ext/openssl/ossl_x509cert.c:1025:not_before=,['ext/openssl']
openssl,3.3.3,not_after,cX509Cert,ossl_x509_get_not_after,0,rb_define_method,ext/openssl/ossl_x509cert.c,1026,ext/openssl/ossl_x509cert.c,460,resolved,ossl_x509_get_not_after,3.3.3,openssl:ext/openssl/ossl_x509cert.c:1026:not_after,['ext/openssl']
openssl,3.3.3,not_after=,cX509Cert,ossl_x509_set_not_after,1,rb_define_method,ext/openssl/ossl_x509cert.c,1027,ext/openssl/ossl_x509cert.c,478,resolved,ossl_x509_set_not_after,3.3.3,openssl:ext/openssl/ossl_x509cert.c:1027:not_after=,['ext/openssl']
openssl,3.3.3,public_key,cX509Cert,ossl_x509_get_public_key,0,rb_define_method,ext/openssl/ossl_x509cert.c,1028,ext/openssl/ossl_x509cert.c,499,resolved,ossl_x509_get_public_key,3.3.3,openssl:ext/openssl/ossl_x509cert.c:1028:public_key,['ext/openssl']
openssl,3.3.3,public_key=,cX509Cert,ossl_x509_set_public_key,1,rb_define_method,ext/openssl/ossl_x509cert.c,1029,ext/openssl/ossl_x509cert.c,517,resolved,ossl_x509_set_public_key,3.3.3,openssl:ext/openssl/ossl_x509cert.c:1029:public_key=,['ext/openssl']
openssl,3.3.3,sign,cX509Cert,ossl_x509_sign,2,rb_define_method,ext/openssl/ossl_x509cert.c,1030,ext/openssl/ossl_x509cert.c,535,resolved,ossl_x509_sign,3.3.3,openssl:ext/openssl/ossl_x509cert.c:1030:sign,['ext/openssl']
openssl,3.3.3,verify,cX509Cert,ossl_x509_verify,1,rb_define_method,ext/openssl/ossl_x509cert.c,1031,ext/openssl/ossl_x509cert.c,563,resolved,ossl_x509_verify,3.3.3,openssl:ext/openssl/ossl_x509cert.c:1031:verify,['ext/openssl']
openssl,3.3.3,check_private_key,cX509Cert,ossl_x509_check_private_key,1,rb_define_method,ext/openssl/ossl_x509cert.c,1032,ext/openssl/ossl_x509cert.c,590,resolved,ossl_x509_check_private_key,3.3.3,openssl:ext/openssl/ossl_x509cert.c:1032:check_private_key,['ext/openssl']
openssl,3.3.3,extensions,cX509Cert,ossl_x509_get_extensions,0,rb_define_method,ext/openssl/ossl_x509cert.c,1033,ext/openssl/ossl_x509cert.c,611,resolved,ossl_x509_get_extensions,3.3.3,openssl:ext/openssl/ossl_x509cert.c:1033:extensions,['ext/openssl']
openssl,3.3.3,extensions=,cX509Cert,ossl_x509_set_extensions,1,rb_define_method,ext/openssl/ossl_x509cert.c,1034,ext/openssl/ossl_x509cert.c,636,resolved,ossl_x509_set_extensions,3.3.3,openssl:ext/openssl/ossl_x509cert.c:1034:extensions=,['ext/openssl']
openssl,3.3.3,add_extension,cX509Cert,ossl_x509_add_extension,1,rb_define_method,ext/openssl/ossl_x509cert.c,1035,ext/openssl/ossl_x509cert.c,665,resolved,ossl_x509_add_extension,3.3.3,openssl:ext/openssl/ossl_x509cert.c:1035:add_extension,['ext/openssl']
openssl,3.3.3,inspect,cX509Cert,ossl_x509_inspect,0,rb_define_method,ext/openssl/ossl_x509cert.c,1036,ext/openssl/ossl_x509cert.c,680,resolved,ossl_x509_inspect,3.3.3,openssl:ext/openssl/ossl_x509cert.c:1036:inspect,['ext/openssl']
openssl,3.3.3,==,cX509Cert,ossl_x509_eq,1,rb_define_method,ext/openssl/ossl_x509cert.c,1037,ext/openssl/ossl_x509cert.c,701,resolved,ossl_x509_eq,3.3.3,openssl:ext/openssl/ossl_x509cert.c:1037:==,['ext/openssl']
openssl,3.3.3,tbs_bytes,cX509Cert,ossl_x509_tbs_bytes,0,rb_define_method,ext/openssl/ossl_x509cert.c,1039,ext/openssl/ossl_x509cert.c,722,resolved,ossl_x509_tbs_bytes,3.3.3,openssl:ext/openssl/ossl_x509cert.c:1039:tbs_bytes,['ext/openssl']
openssl,3.3.3,<allocator>,cX509CRL,ossl_x509crl_alloc,0,rb_define_alloc_func,ext/openssl/ossl_x509crl.c,524,ext/openssl/ossl_x509crl.c,78,resolved,ossl_x509crl_alloc,3.3.3,openssl:ext/openssl/ossl_x509crl.c:524:<allocator>,['ext/openssl']
openssl,3.3.3,initialize,cX509CRL,ossl_x509crl_initialize,-1,rb_define_method,ext/openssl/ossl_x509crl.c,525,ext/openssl/ossl_x509crl.c,93,resolved,ossl_x509crl_initialize,3.3.3,openssl:ext/openssl/ossl_x509crl.c:525:initialize,['ext/openssl']
openssl,3.3.3,initialize_copy,cX509CRL,ossl_x509crl_copy,1,rb_define_method,ext/openssl/ossl_x509crl.c,526,ext/openssl/ossl_x509crl.c,121,resolved,ossl_x509crl_copy,3.3.3,openssl:ext/openssl/ossl_x509crl.c:526:initialize_copy,['ext/openssl']
openssl,3.3.3,version,cX509CRL,ossl_x509crl_get_version,0,rb_define_method,ext/openssl/ossl_x509crl.c,528,ext/openssl/ossl_x509crl.c,139,resolved,ossl_x509crl_get_version,3.3.3,openssl:ext/openssl/ossl_x509crl.c:528:version,['ext/openssl']
openssl,3.3.3,version=,cX509CRL,ossl_x509crl_set_version,1,rb_define_method,ext/openssl/ossl_x509crl.c,529,ext/openssl/ossl_x509crl.c,151,resolved,ossl_x509crl_set_version,3.3.3,openssl:ext/openssl/ossl_x509crl.c:529:version=,['ext/openssl']
openssl,3.3.3,signature_algorithm,cX509CRL,ossl_x509crl_get_signature_algorithm,0,rb_define_method,ext/openssl/ossl_x509crl.c,530,ext/openssl/ossl_x509crl.c,168,resolved,ossl_x509crl_get_signature_algorithm,3.3.3,openssl:ext/openssl/ossl_x509crl.c:530:signature_algorithm,['ext/openssl']
openssl,3.3.3,issuer,cX509CRL,ossl_x509crl_get_issuer,0,rb_define_method,ext/openssl/ossl_x509crl.c,531,ext/openssl/ossl_x509crl.c,188,resolved,ossl_x509crl_get_issuer,3.3.3,openssl:ext/openssl/ossl_x509crl.c:531:issuer,['ext/openssl']
openssl,3.3.3,issuer=,cX509CRL,ossl_x509crl_set_issuer,1,rb_define_method,ext/openssl/ossl_x509crl.c,532,ext/openssl/ossl_x509crl.c,198,resolved,ossl_x509crl_set_issuer,3.3.3,openssl:ext/openssl/ossl_x509crl.c:532:issuer=,['ext/openssl']
openssl,3.3.3,last_update,cX509CRL,ossl_x509crl_get_last_update,0,rb_define_method,ext/openssl/ossl_x509crl.c,533,ext/openssl/ossl_x509crl.c,211,resolved,ossl_x509crl_get_last_update,3.3.3,openssl:ext/openssl/ossl_x509crl.c:533:last_update,['ext/openssl']
openssl,3.3.3,last_update=,cX509CRL,ossl_x509crl_set_last_update,1,rb_define_method,ext/openssl/ossl_x509crl.c,534,ext/openssl/ossl_x509crl.c,225,resolved,ossl_x509crl_set_last_update,3.3.3,openssl:ext/openssl/ossl_x509crl.c:534:last_update=,['ext/openssl']
openssl,3.3.3,next_update,cX509CRL,ossl_x509crl_get_next_update,0,rb_define_method,ext/openssl/ossl_x509crl.c,535,ext/openssl/ossl_x509crl.c,242,resolved,ossl_x509crl_get_next_update,3.3.3,openssl:ext/openssl/ossl_x509crl.c:535:next_update,['ext/openssl']
openssl,3.3.3,next_update=,cX509CRL,ossl_x509crl_set_next_update,1,rb_define_method,ext/openssl/ossl_x509crl.c,536,ext/openssl/ossl_x509crl.c,256,resolved,ossl_x509crl_set_next_update,3.3.3,openssl:ext/openssl/ossl_x509crl.c:536:next_update=,['ext/openssl']
openssl,3.3.3,revoked,cX509CRL,ossl_x509crl_get_revoked,0,rb_define_method,ext/openssl/ossl_x509crl.c,537,ext/openssl/ossl_x509crl.c,273,resolved,ossl_x509crl_get_revoked,3.3.3,openssl:ext/openssl/ossl_x509crl.c:537:revoked,['ext/openssl']
openssl,3.3.3,revoked=,cX509CRL,ossl_x509crl_set_revoked,1,rb_define_method,ext/openssl/ossl_x509crl.c,538,ext/openssl/ossl_x509crl.c,298,resolved,ossl_x509crl_set_revoked,3.3.3,openssl:ext/openssl/ossl_x509crl.c:538:revoked=,['ext/openssl']
openssl,3.3.3,add_revoked,cX509CRL,ossl_x509crl_add_revoked,1,rb_define_method,ext/openssl/ossl_x509crl.c,539,ext/openssl/ossl_x509crl.c,328,resolved,ossl_x509crl_add_revoked,3.3.3,openssl:ext/openssl/ossl_x509crl.c:539:add_revoked,['ext/openssl']
openssl,3.3.3,sign,cX509CRL,ossl_x509crl_sign,2,rb_define_method,ext/openssl/ossl_x509crl.c,540,ext/openssl/ossl_x509crl.c,345,resolved,ossl_x509crl_sign,3.3.3,openssl:ext/openssl/ossl_x509crl.c:540:sign,['ext/openssl']
openssl,3.3.3,verify,cX509CRL,ossl_x509crl_verify,1,rb_define_method,ext/openssl/ossl_x509crl.c,541,ext/openssl/ossl_x509crl.c,366,resolved,ossl_x509crl_verify,3.3.3,openssl:ext/openssl/ossl_x509crl.c:541:verify,['ext/openssl']
openssl,3.3.3,to_der,cX509CRL,ossl_x509crl_to_der,0,rb_define_method,ext/openssl/ossl_x509crl.c,542,ext/openssl/ossl_x509crl.c,386,resolved,ossl_x509crl_to_der,3.3.3,openssl:ext/openssl/ossl_x509crl.c:542:to_der,['ext/openssl']
openssl,3.3.3,to_pem,cX509CRL,ossl_x509crl_to_pem,0,rb_define_method,ext/openssl/ossl_x509crl.c,543,ext/openssl/ossl_x509crl.c,404,resolved,ossl_x509crl_to_pem,3.3.3,openssl:ext/openssl/ossl_x509crl.c:543:to_pem,['ext/openssl']
openssl,3.3.3,to_text,cX509CRL,ossl_x509crl_to_text,0,rb_define_method,ext/openssl/ossl_x509crl.c,545,ext/openssl/ossl_x509crl.c,422,resolved,ossl_x509crl_to_text,3.3.3,openssl:ext/openssl/ossl_x509crl.c:545:to_text,['ext/openssl']
openssl,3.3.3,extensions,cX509CRL,ossl_x509crl_get_extensions,0,rb_define_method,ext/openssl/ossl_x509crl.c,546,ext/openssl/ossl_x509crl.c,443,resolved,ossl_x509crl_get_extensions,3.3.3,openssl:ext/openssl/ossl_x509crl.c:546:extensions,['ext/openssl']
openssl,3.3.3,extensions=,cX509CRL,ossl_x509crl_set_extensions,1,rb_define_method,ext/openssl/ossl_x509crl.c,547,ext/openssl/ossl_x509crl.c,468,resolved,ossl_x509crl_set_extensions,3.3.3,openssl:ext/openssl/ossl_x509crl.c:547:extensions=,['ext/openssl']
openssl,3.3.3,add_extension,cX509CRL,ossl_x509crl_add_extension,1,rb_define_method,ext/openssl/ossl_x509crl.c,548,ext/openssl/ossl_x509crl.c,493,resolved,ossl_x509crl_add_extension,3.3.3,openssl:ext/openssl/ossl_x509crl.c:548:add_extension,['ext/openssl']
openssl,3.3.3,<allocator>,cX509ExtFactory,ossl_x509extfactory_alloc,0,rb_define_alloc_func,ext/openssl/ossl_x509ext.c,478,ext/openssl/ossl_x509ext.c,115,resolved,ossl_x509extfactory_alloc,3.3.3,openssl:ext/openssl/ossl_x509ext.c:478:<allocator>,['ext/openssl']
openssl,3.3.3,initialize,cX509ExtFactory,ossl_x509extfactory_initialize,-1,rb_define_method,ext/openssl/ossl_x509ext.c,479,ext/openssl/ossl_x509ext.c,175,resolved,ossl_x509extfactory_initialize,3.3.3,openssl:ext/openssl/ossl_x509ext.c:479:initialize,['ext/openssl']
openssl,3.3.3,issuer_certificate=,cX509ExtFactory,ossl_x509extfactory_set_issuer_cert,1,rb_define_method,ext/openssl/ossl_x509ext.c,487,ext/openssl/ossl_x509ext.c,127,resolved,ossl_x509extfactory_set_issuer_cert,3.3.3,openssl:ext/openssl/ossl_x509ext.c:487:issuer_certificate=,['ext/openssl']
openssl,3.3.3,subject_certificate=,cX509ExtFactory,ossl_x509extfactory_set_subject_cert,1,rb_define_method,ext/openssl/ossl_x509ext.c,488,ext/openssl/ossl_x509ext.c,139,resolved,ossl_x509extfactory_set_subject_cert,3.3.3,openssl:ext/openssl/ossl_x509ext.c:488:subject_certificate=,['ext/openssl']
openssl,3.3.3,subject_request=,cX509ExtFactory,ossl_x509extfactory_set_subject_req,1,rb_define_method,ext/openssl/ossl_x509ext.c,489,ext/openssl/ossl_x509ext.c,151,resolved,ossl_x509extfactory_set_subject_req,3.3.3,openssl:ext/openssl/ossl_x509ext.c:489:subject_request=,['ext/openssl']
openssl,3.3.3,crl=,cX509ExtFactory,ossl_x509extfactory_set_crl,1,rb_define_method,ext/openssl/ossl_x509ext.c,490,ext/openssl/ossl_x509ext.c,163,resolved,ossl_x509extfactory_set_crl,3.3.3,openssl:ext/openssl/ossl_x509ext.c:490:crl=,['ext/openssl']
openssl,3.3.3,create_ext,cX509ExtFactory,ossl_x509extfactory_create_ext,-1,rb_define_method,ext/openssl/ossl_x509ext.c,491,ext/openssl/ossl_x509ext.c,204,resolved,ossl_x509extfactory_create_ext,3.3.3,openssl:ext/openssl/ossl_x509ext.c:491:create_ext,['ext/openssl']
openssl,3.3.3,<allocator>,cX509Ext,ossl_x509ext_alloc,0,rb_define_alloc_func,ext/openssl/ossl_x509ext.c,494,ext/openssl/ossl_x509ext.c,251,resolved,ossl_x509ext_alloc,3.3.3,openssl:ext/openssl/ossl_x509ext.c:494:<allocator>,['ext/openssl']
openssl,3.3.3,initialize,cX509Ext,ossl_x509ext_initialize,-1,rb_define_method,ext/openssl/ossl_x509ext.c,495,ext/openssl/ossl_x509ext.c,278,resolved,ossl_x509ext_initialize,3.3.3,openssl:ext/openssl/ossl_x509ext.c:495:initialize,['ext/openssl']
openssl,3.3.3,initialize_copy,cX509Ext,ossl_x509ext_initialize_copy,1,rb_define_method,ext/openssl/ossl_x509ext.c,496,ext/openssl/ossl_x509ext.c,303,resolved,ossl_x509ext_initialize_copy,3.3.3,openssl:ext/openssl/ossl_x509ext.c:496:initialize_copy,['ext/openssl']
openssl,3.3.3,oid=,cX509Ext,ossl_x509ext_set_oid,1,rb_define_method,ext/openssl/ossl_x509ext.c,497,ext/openssl/ossl_x509ext.c,322,resolved,ossl_x509ext_set_oid,3.3.3,openssl:ext/openssl/ossl_x509ext.c:497:oid=,['ext/openssl']
openssl,3.3.3,value=,cX509Ext,ossl_x509ext_set_value,1,rb_define_method,ext/openssl/ossl_x509ext.c,498,ext/openssl/ossl_x509ext.c,341,resolved,ossl_x509ext_set_value,3.3.3,openssl:ext/openssl/ossl_x509ext.c:498:value=,['ext/openssl']
openssl,3.3.3,critical=,cX509Ext,ossl_x509ext_set_critical,1,rb_define_method,ext/openssl/ossl_x509ext.c,499,ext/openssl/ossl_x509ext.c,368,resolved,ossl_x509ext_set_critical,3.3.3,openssl:ext/openssl/ossl_x509ext.c:499:critical=,['ext/openssl']
openssl,3.3.3,oid,cX509Ext,ossl_x509ext_get_oid,0,rb_define_method,ext/openssl/ossl_x509ext.c,500,ext/openssl/ossl_x509ext.c,379,resolved,ossl_x509ext_get_oid,3.3.3,openssl:ext/openssl/ossl_x509ext.c:500:oid,['ext/openssl']
openssl,3.3.3,value,cX509Ext,ossl_x509ext_get_value,0,rb_define_method,ext/openssl/ossl_x509ext.c,501,ext/openssl/ossl_x509ext.c,402,resolved,ossl_x509ext_get_value,3.3.3,openssl:ext/openssl/ossl_x509ext.c:501:value,['ext/openssl']
openssl,3.3.3,value_der,cX509Ext,ossl_x509ext_get_value_der,0,rb_define_method,ext/openssl/ossl_x509ext.c,502,ext/openssl/ossl_x509ext.c,419,resolved,ossl_x509ext_get_value_der,3.3.3,openssl:ext/openssl/ossl_x509ext.c:502:value_der,['ext/openssl']
openssl,3.3.3,critical?,cX509Ext,ossl_x509ext_get_critical,0,rb_define_method,ext/openssl/ossl_x509ext.c,503,ext/openssl/ossl_x509ext.c,432,resolved,ossl_x509ext_get_critical,3.3.3,openssl:ext/openssl/ossl_x509ext.c:503:critical?,['ext/openssl']
openssl,3.3.3,to_der,cX509Ext,ossl_x509ext_to_der,0,rb_define_method,ext/openssl/ossl_x509ext.c,504,ext/openssl/ossl_x509ext.c,441,resolved,ossl_x509ext_to_der,3.3.3,openssl:ext/openssl/ossl_x509ext.c:504:to_der,['ext/openssl']
openssl,3.3.3,<allocator>,cX509Name,ossl_x509name_alloc,0,rb_define_alloc_func,ext/openssl/ossl_x509name.c,533,ext/openssl/ossl_x509name.c,89,resolved,ossl_x509name_alloc,3.3.3,openssl:ext/openssl/ossl_x509name.c:533:<allocator>,['ext/openssl']
openssl,3.3.3,initialize,cX509Name,ossl_x509name_initialize,-1,rb_define_method,ext/openssl/ossl_x509name.c,534,ext/openssl/ossl_x509name.c,146,resolved,ossl_x509name_initialize,3.3.3,openssl:ext/openssl/ossl_x509name.c:534:initialize,['ext/openssl']
openssl,3.3.3,initialize_copy,cX509Name,ossl_x509name_initialize_copy,1,rb_define_method,ext/openssl/ossl_x509name.c,535,ext/openssl/ossl_x509name.c,181,resolved,ossl_x509name_initialize_copy,3.3.3,openssl:ext/openssl/ossl_x509name.c:535:initialize_copy,['ext/openssl']
openssl,3.3.3,add_entry,cX509Name,ossl_x509name_add_entry,-1,rb_define_method,ext/openssl/ossl_x509name.c,536,ext/openssl/ossl_x509name.c,219,resolved,ossl_x509name_add_entry,3.3.3,openssl:ext/openssl/ossl_x509name.c:536:add_entry,['ext/openssl']
openssl,3.3.3,to_s,cX509Name,ossl_x509name_to_s,-1,rb_define_method,ext/openssl/ossl_x509name.c,537,ext/openssl/ossl_x509name.c,304,resolved,ossl_x509name_to_s,3.3.3,openssl:ext/openssl/ossl_x509name.c:537:to_s,['ext/openssl']
openssl,3.3.3,to_utf8,cX509Name,ossl_x509name_to_utf8,0,rb_define_method,ext/openssl/ossl_x509name.c,538,ext/openssl/ossl_x509name.c,322,resolved,ossl_x509name_to_utf8,3.3.3,openssl:ext/openssl/ossl_x509name.c:538:to_utf8,['ext/openssl']
openssl,3.3.3,inspect,cX509Name,ossl_x509name_inspect,0,rb_define_method,ext/openssl/ossl_x509name.c,539,ext/openssl/ossl_x509name.c,331,resolved,ossl_x509name_inspect,3.3.3,openssl:ext/openssl/ossl_x509name.c:539:inspect,['ext/openssl']
openssl,3.3.3,to_a,cX509Name,ossl_x509name_to_a,0,rb_define_method,ext/openssl/ossl_x509name.c,540,ext/openssl/ossl_x509name.c,345,resolved,ossl_x509name_to_a,3.3.3,openssl:ext/openssl/ossl_x509name.c:540:to_a,['ext/openssl']
openssl,3.3.3,cmp,cX509Name,ossl_x509name_cmp,1,rb_define_method,ext/openssl/ossl_x509name.c,541,ext/openssl/ossl_x509name.c,406,resolved,ossl_x509name_cmp,3.3.3,openssl:ext/openssl/ossl_x509name.c:541:cmp,['ext/openssl']
openssl,3.3.3,eql?,cX509Name,ossl_x509name_eql,1,rb_define_method,ext/openssl/ossl_x509name.c,543,ext/openssl/ossl_x509name.c,427,resolved,ossl_x509name_eql,3.3.3,openssl:ext/openssl/ossl_x509name.c:543:eql?,['ext/openssl']
openssl,3.3.3,hash,cX509Name,ossl_x509name_hash,0,rb_define_method,ext/openssl/ossl_x509name.c,544,ext/openssl/ossl_x509name.c,443,resolved,ossl_x509name_hash,3.3.3,openssl:ext/openssl/ossl_x509name.c:544:hash,['ext/openssl']
openssl,3.3.3,hash_old,cX509Name,ossl_x509name_hash_old,0,rb_define_method,ext/openssl/ossl_x509name.c,545,ext/openssl/ossl_x509name.c,462,resolved,ossl_x509name_hash_old,3.3.3,openssl:ext/openssl/ossl_x509name.c:545:hash_old,['ext/openssl']
openssl,3.3.3,to_der,cX509Name,ossl_x509name_to_der,0,rb_define_method,ext/openssl/ossl_x509name.c,546,ext/openssl/ossl_x509name.c,481,resolved,ossl_x509name_to_der,3.3.3,openssl:ext/openssl/ossl_x509name.c:546:to_der,['ext/openssl']
openssl,3.3.3,<allocator>,cX509Req,ossl_x509req_alloc,0,rb_define_alloc_func,ext/openssl/ossl_x509req.c,428,ext/openssl/ossl_x509req.c,63,resolved,ossl_x509req_alloc,3.3.3,openssl:ext/openssl/ossl_x509req.c:428:<allocator>,['ext/openssl']
openssl,3.3.3,initialize,cX509Req,ossl_x509req_initialize,-1,rb_define_method,ext/openssl/ossl_x509req.c,429,ext/openssl/ossl_x509req.c,78,resolved,ossl_x509req_initialize,3.3.3,openssl:ext/openssl/ossl_x509req.c:429:initialize,['ext/openssl']
openssl,3.3.3,initialize_copy,cX509Req,ossl_x509req_copy,1,rb_define_method,ext/openssl/ossl_x509req.c,430,ext/openssl/ossl_x509req.c,106,resolved,ossl_x509req_copy,3.3.3,openssl:ext/openssl/ossl_x509req.c:430:initialize_copy,['ext/openssl']
openssl,3.3.3,to_pem,cX509Req,ossl_x509req_to_pem,0,rb_define_method,ext/openssl/ossl_x509req.c,432,ext/openssl/ossl_x509req.c,124,resolved,ossl_x509req_to_pem,3.3.3,openssl:ext/openssl/ossl_x509req.c:432:to_pem,['ext/openssl']
openssl,3.3.3,to_der,cX509Req,ossl_x509req_to_der,0,rb_define_method,ext/openssl/ossl_x509req.c,433,ext/openssl/ossl_x509req.c,142,resolved,ossl_x509req_to_der,3.3.3,openssl:ext/openssl/ossl_x509req.c:433:to_der,['ext/openssl']
openssl,3.3.3,to_text,cX509Req,ossl_x509req_to_text,0,rb_define_method,ext/openssl/ossl_x509req.c,435,ext/openssl/ossl_x509req.c,162,resolved,ossl_x509req_to_text,3.3.3,openssl:ext/openssl/ossl_x509req.c:435:to_text,['ext/openssl']
openssl,3.3.3,version,cX509Req,ossl_x509req_get_version,0,rb_define_method,ext/openssl/ossl_x509req.c,436,ext/openssl/ossl_x509req.c,200,resolved,ossl_x509req_get_version,3.3.3,openssl:ext/openssl/ossl_x509req.c:436:version,['ext/openssl']
openssl,3.3.3,version=,cX509Req,ossl_x509req_set_version,1,rb_define_method,ext/openssl/ossl_x509req.c,437,ext/openssl/ossl_x509req.c,212,resolved,ossl_x509req_set_version,3.3.3,openssl:ext/openssl/ossl_x509req.c:437:version=,['ext/openssl']
openssl,3.3.3,subject,cX509Req,ossl_x509req_get_subject,0,rb_define_method,ext/openssl/ossl_x509req.c,438,ext/openssl/ossl_x509req.c,229,resolved,ossl_x509req_get_subject,3.3.3,openssl:ext/openssl/ossl_x509req.c:438:subject,['ext/openssl']
openssl,3.3.3,subject=,cX509Req,ossl_x509req_set_subject,1,rb_define_method,ext/openssl/ossl_x509req.c,439,ext/openssl/ossl_x509req.c,243,resolved,ossl_x509req_set_subject,3.3.3,openssl:ext/openssl/ossl_x509req.c:439:subject=,['ext/openssl']
openssl,3.3.3,signature_algorithm,cX509Req,ossl_x509req_get_signature_algorithm,0,rb_define_method,ext/openssl/ossl_x509req.c,440,ext/openssl/ossl_x509req.c,257,resolved,ossl_x509req_get_signature_algorithm,3.3.3,openssl:ext/openssl/ossl_x509req.c:440:signature_algorithm,['ext/openssl']
openssl,3.3.3,public_key,cX509Req,ossl_x509req_get_public_key,0,rb_define_method,ext/openssl/ossl_x509req.c,441,ext/openssl/ossl_x509req.c,278,resolved,ossl_x509req_get_public_key,3.3.3,openssl:ext/openssl/ossl_x509req.c:441:public_key,['ext/openssl']
openssl,3.3.3,public_key=,cX509Req,ossl_x509req_set_public_key,1,rb_define_method,ext/openssl/ossl_x509req.c,442,ext/openssl/ossl_x509req.c,292,resolved,ossl_x509req_set_public_key,3.3.3,openssl:ext/openssl/ossl_x509req.c:442:public_key=,['ext/openssl']
openssl,3.3.3,sign,cX509Req,ossl_x509req_sign,2,rb_define_method,ext/openssl/ossl_x509req.c,443,ext/openssl/ossl_x509req.c,306,resolved,ossl_x509req_sign,3.3.3,openssl:ext/openssl/ossl_x509req.c:443:sign,['ext/openssl']
openssl,3.3.3,verify,cX509Req,ossl_x509req_verify,1,rb_define_method,ext/openssl/ossl_x509req.c,444,ext/openssl/ossl_x509req.c,330,resolved,ossl_x509req_verify,3.3.3,openssl:ext/openssl/ossl_x509req.c:444:verify,['ext/openssl']
openssl,3.3.3,attributes,cX509Req,ossl_x509req_get_attributes,0,rb_define_method,ext/openssl/ossl_x509req.c,445,ext/openssl/ossl_x509req.c,350,resolved,ossl_x509req_get_attributes,3.3.3,openssl:ext/openssl/ossl_x509req.c:445:attributes,['ext/openssl']
openssl,3.3.3,attributes=,cX509Req,ossl_x509req_set_attributes,1,rb_define_method,ext/openssl/ossl_x509req.c,446,ext/openssl/ossl_x509req.c,374,resolved,ossl_x509req_set_attributes,3.3.3,openssl:ext/openssl/ossl_x509req.c:446:attributes=,['ext/openssl']
openssl,3.3.3,add_attribute,cX509Req,ossl_x509req_add_attribute,1,rb_define_method,ext/openssl/ossl_x509req.c,447,ext/openssl/ossl_x509req.c,399,resolved,ossl_x509req_add_attribute,3.3.3,openssl:ext/openssl/ossl_x509req.c:447:add_attribute,['ext/openssl']
openssl,3.3.3,<allocator>,cX509Rev,ossl_x509revoked_alloc,0,rb_define_alloc_func,ext/openssl/ossl_x509revoked.c,289,ext/openssl/ossl_x509revoked.c,87,resolved,ossl_x509revoked_alloc,3.3.3,openssl:ext/openssl/ossl_x509revoked.c:289:<allocator>,['ext/openssl']
openssl,3.3.3,initialize,cX509Rev,ossl_x509revoked_initialize,-1,rb_define_method,ext/openssl/ossl_x509revoked.c,290,ext/openssl/ossl_x509revoked.c,102,resolved,ossl_x509revoked_initialize,3.3.3,openssl:ext/openssl/ossl_x509revoked.c:290:initialize,['ext/openssl']
openssl,3.3.3,initialize_copy,cX509Rev,ossl_x509revoked_initialize_copy,1,rb_define_method,ext/openssl/ossl_x509revoked.c,291,ext/openssl/ossl_x509revoked.c,109,resolved,ossl_x509revoked_initialize_copy,3.3.3,openssl:ext/openssl/ossl_x509revoked.c:291:initialize_copy,['ext/openssl']
openssl,3.3.3,serial,cX509Rev,ossl_x509revoked_get_serial,0,rb_define_method,ext/openssl/ossl_x509revoked.c,293,ext/openssl/ossl_x509revoked.c,128,resolved,ossl_x509revoked_get_serial,3.3.3,openssl:ext/openssl/ossl_x509revoked.c:293:serial,['ext/openssl']
openssl,3.3.3,serial=,cX509Rev,ossl_x509revoked_set_serial,1,rb_define_method,ext/openssl/ossl_x509revoked.c,294,ext/openssl/ossl_x509revoked.c,138,resolved,ossl_x509revoked_set_serial,3.3.3,openssl:ext/openssl/ossl_x509revoked.c:294:serial=,['ext/openssl']
openssl,3.3.3,time,cX509Rev,ossl_x509revoked_get_time,0,rb_define_method,ext/openssl/ossl_x509revoked.c,295,ext/openssl/ossl_x509revoked.c,155,resolved,ossl_x509revoked_get_time,3.3.3,openssl:ext/openssl/ossl_x509revoked.c:295:time,['ext/openssl']
openssl,3.3.3,time=,cX509Rev,ossl_x509revoked_set_time,1,rb_define_method,ext/openssl/ossl_x509revoked.c,296,ext/openssl/ossl_x509revoked.c,169,resolved,ossl_x509revoked_set_time,3.3.3,openssl:ext/openssl/ossl_x509revoked.c:296:time=,['ext/openssl']
openssl,3.3.3,extensions,cX509Rev,ossl_x509revoked_get_extensions,0,rb_define_method,ext/openssl/ossl_x509revoked.c,297,ext/openssl/ossl_x509revoked.c,188,resolved,ossl_x509revoked_get_extensions,3.3.3,openssl:ext/openssl/ossl_x509revoked.c:297:extensions,['ext/openssl']
openssl,3.3.3,extensions=,cX509Rev,ossl_x509revoked_set_extensions,1,rb_define_method,ext/openssl/ossl_x509revoked.c,298,ext/openssl/ossl_x509revoked.c,214,resolved,ossl_x509revoked_set_extensions,3.3.3,openssl:ext/openssl/ossl_x509revoked.c:298:extensions=,['ext/openssl']
openssl,3.3.3,add_extension,cX509Rev,ossl_x509revoked_add_extension,1,rb_define_method,ext/openssl/ossl_x509revoked.c,299,ext/openssl/ossl_x509revoked.c,240,resolved,ossl_x509revoked_add_extension,3.3.3,openssl:ext/openssl/ossl_x509revoked.c:299:add_extension,['ext/openssl']
openssl,3.3.3,to_der,cX509Rev,ossl_x509revoked_to_der,0,rb_define_method,ext/openssl/ossl_x509revoked.c,300,ext/openssl/ossl_x509revoked.c,253,resolved,ossl_x509revoked_to_der,3.3.3,openssl:ext/openssl/ossl_x509revoked.c:300:to_der,['ext/openssl']
openssl,3.3.3,<allocator>,cX509Store,ossl_x509store_alloc,0,rb_define_alloc_func,ext/openssl/ossl_x509store.c,959,ext/openssl/ossl_x509store.c,170,resolved,ossl_x509store_alloc,3.3.3,openssl:ext/openssl/ossl_x509store.c:959:<allocator>,['ext/openssl']
openssl,3.3.3,initialize,cX509Store,ossl_x509store_initialize,-1,rb_define_method,ext/openssl/ossl_x509store.c,960,ext/openssl/ossl_x509store.c,207,resolved,ossl_x509store_initialize,3.3.3,openssl:ext/openssl/ossl_x509store.c:960:initialize,['ext/openssl']
openssl,3.3.3,verify_callback=,cX509Store,ossl_x509store_set_vfy_cb,1,rb_define_method,ext/openssl/ossl_x509store.c,962,ext/openssl/ossl_x509store.c,187,resolved,ossl_x509store_set_vfy_cb,3.3.3,openssl:ext/openssl/ossl_x509store.c:962:verify_callback=,['ext/openssl']
openssl,3.3.3,flags=,cX509Store,ossl_x509store_set_flags,1,rb_define_method,ext/openssl/ossl_x509store.c,963,ext/openssl/ossl_x509store.c,245,resolved,ossl_x509store_set_flags,3.3.3,openssl:ext/openssl/ossl_x509store.c:963:flags=,['ext/openssl']
openssl,3.3.3,purpose=,cX509Store,ossl_x509store_set_purpose,1,rb_define_method,ext/openssl/ossl_x509store.c,964,ext/openssl/ossl_x509store.c,280,resolved,ossl_x509store_set_purpose,3.3.3,openssl:ext/openssl/ossl_x509store.c:964:purpose=,['ext/openssl']
openssl,3.3.3,trust=,cX509Store,ossl_x509store_set_trust,1,rb_define_method,ext/openssl/ossl_x509store.c,965,ext/openssl/ossl_x509store.c,304,resolved,ossl_x509store_set_trust,3.3.3,openssl:ext/openssl/ossl_x509store.c:965:trust=,['ext/openssl']
openssl,3.3.3,time=,cX509Store,ossl_x509store_set_time,1,rb_define_method,ext/openssl/ossl_x509store.c,966,ext/openssl/ossl_x509store.c,328,resolved,ossl_x509store_set_time,3.3.3,openssl:ext/openssl/ossl_x509store.c:966:time=,['ext/openssl']
openssl,3.3.3,add_path,cX509Store,ossl_x509store_add_path,1,rb_define_method,ext/openssl/ossl_x509store.c,967,ext/openssl/ossl_x509store.c,389,resolved,ossl_x509store_add_path,3.3.3,openssl:ext/openssl/ossl_x509store.c:967:add_path,['ext/openssl']
openssl,3.3.3,add_file,cX509Store,ossl_x509store_add_file,1,rb_define_method,ext/openssl/ossl_x509store.c,968,ext/openssl/ossl_x509store.c,354,resolved,ossl_x509store_add_file,3.3.3,openssl:ext/openssl/ossl_x509store.c:968:add_file,['ext/openssl']
openssl,3.3.3,set_default_paths,cX509Store,ossl_x509store_set_default_paths,0,rb_define_method,ext/openssl/ossl_x509store.c,969,ext/openssl/ossl_x509store.c,420,resolved,ossl_x509store_set_default_paths,3.3.3,openssl:ext/openssl/ossl_x509store.c:969:set_default_paths,['ext/openssl']
openssl,3.3.3,add_cert,cX509Store,ossl_x509store_add_cert,1,rb_define_method,ext/openssl/ossl_x509store.c,970,ext/openssl/ossl_x509store.c,440,resolved,ossl_x509store_add_cert,3.3.3,openssl:ext/openssl/ossl_x509store.c:970:add_cert,['ext/openssl']
openssl,3.3.3,add_crl,cX509Store,ossl_x509store_add_crl,1,rb_define_method,ext/openssl/ossl_x509store.c,971,ext/openssl/ossl_x509store.c,462,resolved,ossl_x509store_add_crl,3.3.3,openssl:ext/openssl/ossl_x509store.c:971:add_crl,['ext/openssl']
openssl,3.3.3,verify,cX509Store,ossl_x509store_verify,-1,rb_define_method,ext/openssl/ossl_x509store.c,972,ext/openssl/ossl_x509store.c,495,resolved,ossl_x509store_verify,3.3.3,openssl:ext/openssl/ossl_x509store.c:972:verify,['ext/openssl']
openssl,3.3.3,<allocator>,cX509StoreContext,ossl_x509stctx_alloc,0,rb_define_alloc_func,ext/openssl/ossl_x509store.c,981,ext/openssl/ossl_x509store.c,545,resolved,ossl_x509stctx_alloc,3.3.3,openssl:ext/openssl/ossl_x509store.c:981:<allocator>,['ext/openssl']
openssl,3.3.3,initialize,cX509StoreContext,ossl_x509stctx_initialize,-1,rb_define_method,ext/openssl/ossl_x509store.c,982,ext/openssl/ossl_x509store.c,580,resolved,ossl_x509stctx_initialize,3.3.3,openssl:ext/openssl/ossl_x509store.c:982:initialize,['ext/openssl']
openssl,3.3.3,verify,cX509StoreContext,ossl_x509stctx_verify,0,rb_define_method,ext/openssl/ossl_x509store.c,984,ext/openssl/ossl_x509store.c,621,resolved,ossl_x509stctx_verify,3.3.3,openssl:ext/openssl/ossl_x509store.c:984:verify,['ext/openssl']
openssl,3.3.3,chain,cX509StoreContext,ossl_x509stctx_get_chain,0,rb_define_method,ext/openssl/ossl_x509store.c,985,ext/openssl/ossl_x509store.c,649,resolved,ossl_x509stctx_get_chain,3.3.3,openssl:ext/openssl/ossl_x509store.c:985:chain,['ext/openssl']
openssl,3.3.3,error,cX509StoreContext,ossl_x509stctx_get_err,0,rb_define_method,ext/openssl/ossl_x509store.c,986,ext/openssl/ossl_x509store.c,672,resolved,ossl_x509stctx_get_err,3.3.3,openssl:ext/openssl/ossl_x509store.c:986:error,['ext/openssl']
openssl,3.3.3,error=,cX509StoreContext,ossl_x509stctx_set_error,1,rb_define_method,ext/openssl/ossl_x509store.c,987,ext/openssl/ossl_x509store.c,691,resolved,ossl_x509stctx_set_error,3.3.3,openssl:ext/openssl/ossl_x509store.c:987:error=,['ext/openssl']
openssl,3.3.3,error_string,cX509StoreContext,ossl_x509stctx_get_err_string,0,rb_define_method,ext/openssl/ossl_x509store.c,988,ext/openssl/ossl_x509store.c,711,resolved,ossl_x509stctx_get_err_string,3.3.3,openssl:ext/openssl/ossl_x509store.c:988:error_string,['ext/openssl']
openssl,3.3.3,error_depth,cX509StoreContext,ossl_x509stctx_get_err_depth,0,rb_define_method,ext/openssl/ossl_x509store.c,989,ext/openssl/ossl_x509store.c,731,resolved,ossl_x509stctx_get_err_depth,3.3.3,openssl:ext/openssl/ossl_x509store.c:989:error_depth,['ext/openssl']
openssl,3.3.3,current_cert,cX509StoreContext,ossl_x509stctx_get_curr_cert,0,rb_define_method,ext/openssl/ossl_x509store.c,990,ext/openssl/ossl_x509store.c,749,resolved,ossl_x509stctx_get_curr_cert,3.3.3,openssl:ext/openssl/ossl_x509store.c:990:current_cert,['ext/openssl']
openssl,3.3.3,current_crl,cX509StoreContext,ossl_x509stctx_get_curr_crl,0,rb_define_method,ext/openssl/ossl_x509store.c,991,ext/openssl/ossl_x509store.c,767,resolved,ossl_x509stctx_get_curr_crl,3.3.3,openssl:ext/openssl/ossl_x509store.c:991:current_crl,['ext/openssl']
openssl,3.3.3,flags=,cX509StoreContext,ossl_x509stctx_set_flags,1,rb_define_method,ext/openssl/ossl_x509store.c,992,ext/openssl/ossl_x509store.c,790,resolved,ossl_x509stctx_set_flags,3.3.3,openssl:ext/openssl/ossl_x509store.c:992:flags=,['ext/openssl']
openssl,3.3.3,purpose=,cX509StoreContext,ossl_x509stctx_set_purpose,1,rb_define_method,ext/openssl/ossl_x509store.c,993,ext/openssl/ossl_x509store.c,811,resolved,ossl_x509stctx_set_purpose,3.3.3,openssl:ext/openssl/ossl_x509store.c:993:purpose=,['ext/openssl']
openssl,3.3.3,trust=,cX509StoreContext,ossl_x509stctx_set_trust,1,rb_define_method,ext/openssl/ossl_x509store.c,994,ext/openssl/ossl_x509store.c,832,resolved,ossl_x509stctx_set_trust,3.3.3,openssl:ext/openssl/ossl_x509store.c:994:trust=,['ext/openssl']
openssl,3.3.3,time=,cX509StoreContext,ossl_x509stctx_set_time,1,rb_define_method,ext/openssl/ossl_x509store.c,995,ext/openssl/ossl_x509store.c,852,resolved,ossl_x509stctx_set_time,3.3.3,openssl:ext/openssl/ossl_x509store.c:995:time=,['ext/openssl']
pg,1.6.3,library_version,rb_mPG,pg_s_library_version,0,rb_define_singleton_method,ext/pg.c,355,ext/pg.c,245,resolved,pg_s_library_version,1.6.3;1.6.3-aarch64-linux;1.6.3-arm64-darwin;1.6.3-x86_64-darwin;1.6.3-x86_64-linux,pg:ext/pg.c:355:library_version,['ext']
pg,1.6.3,isthreadsafe,rb_mPG,pg_s_threadsafe_p,0,rb_define_singleton_method,ext/pg.c,356,ext/pg.c,261,resolved,pg_s_threadsafe_p,1.6.3;1.6.3-aarch64-linux;1.6.3-arm64-darwin;1.6.3-x86_64-darwin;1.6.3-x86_64-linux,pg:ext/pg.c:356:isthreadsafe,['ext']
pg,1.6.3,init_openssl,rb_mPG,pg_s_init_openssl,2,rb_define_singleton_method,ext/pg.c,360,ext/pg.c,303,resolved,pg_s_init_openssl,1.6.3;1.6.3-aarch64-linux;1.6.3-arm64-darwin;1.6.3-x86_64-darwin;1.6.3-x86_64-linux,pg:ext/pg.c:360:init_openssl,['ext']
pg,1.6.3,init_ssl,rb_mPG,pg_s_init_ssl,1,rb_define_singleton_method,ext/pg.c,361,ext/pg.c,321,resolved,pg_s_init_ssl,1.6.3;1.6.3-aarch64-linux;1.6.3-arm64-darwin;1.6.3-x86_64-darwin;1.6.3-x86_64-linux,pg:ext/pg.c:361:init_ssl,['ext']
pg,1.6.3,init_date,rb_singleton_class(rb_mPG_BinaryDecoder),init_pg_bin_decoder_date,0,rb_define_private_method,ext/pg_binary_decoder.c,440,ext/pg_binary_decoder.c,411,resolved,init_pg_bin_decoder_date,1.6.3;1.6.3-aarch64-linux;1.6.3-arm64-darwin;1.6.3-x86_64-darwin;1.6.3-x86_64-linux,pg:ext/pg_binary_decoder.c:440:init_date,['ext']
pg,1.6.3,<allocator>,rb_cPG_Cancon,pg_cancon_s_allocate,0,rb_define_alloc_func,ext/pg_cancel_connection.c,347,ext/pg_cancel_connection.c,87,resolved,pg_cancon_s_allocate,1.6.3;1.6.3-aarch64-linux;1.6.3-arm64-darwin;1.6.3-x86_64-darwin;1.6.3-x86_64-linux,pg:ext/pg_cancel_connection.c:347:<allocator>,['ext']
pg,1.6.3,initialize,rb_cPG_Cancon,pg_cancon_initialize,1,rb_define_method,ext/pg_cancel_connection.c,350,ext/pg_cancel_connection.c,139,resolved,pg_cancon_initialize,1.6.3;1.6.3-aarch64-linux;1.6.3-arm64-darwin;1.6.3-x86_64-darwin;1.6.3-x86_64-linux,pg:ext/pg_cancel_connection.c:350:initialize,['ext']
pg,1.6.3,sync_cancel,rb_cPG_Cancon,pg_cancon_sync_cancel,0,rb_define_method,ext/pg_cancel_connection.c,351,ext/pg_cancel_connection.c,162,resolved,pg_cancon_sync_cancel,1.6.3;1.6.3-aarch64-linux;1.6.3-arm64-darwin;1.6.3-x86_64-darwin;1.6.3-x86_64-linux,pg:ext/pg_cancel_connection.c:351:sync_cancel,['ext']
pg,1.6.3,start,rb_cPG_Cancon,pg_cancon_start,0,rb_define_method,ext/pg_cancel_connection.c,352,ext/pg_cancel_connection.c,184,resolved,pg_cancon_start,1.6.3;1.6.3-aarch64-linux;1.6.3-arm64-darwin;1.6.3-x86_64-darwin;1.6.3-x86_64-linux,pg:ext/pg_cancel_connection.c:352:start,['ext']
pg,1.6.3,poll,rb_cPG_Cancon,pg_cancon_poll,0,rb_define_method,ext/pg_cancel_connection.c,353,ext/pg_cancel_connection.c,226,resolved,pg_cancon_poll,1.6.3;1.6.3-aarch64-linux;1.6.3-arm64-darwin;1.6.3-x86_64-darwin;1.6.3-x86_64-linux,pg:ext/pg_cancel_connection.c:353:poll,['ext']
pg,1.6.3,status,rb_cPG_Cancon,pg_cancon_status,0,rb_define_method,ext/pg_cancel_connection.c,354,ext/pg_cancel_connection.c,259,resolved,pg_cancon_status,1.6.3;1.6.3-aarch64-linux;1.6.3-arm64-darwin;1.6.3-x86_64-darwin;1.6.3-x86_64-linux,pg:ext/pg_cancel_connection.c:354:status,['ext']
pg,1.6.3,socket_io,rb_cPG_Cancon,pg_cancon_socket_io,0,rb_define_method,ext/pg_cancel_connection.c,355,ext/pg_cancel_connection.c,281,resolved,pg_cancon_socket_io,1.6.3;1.6.3-aarch64-linux;1.6.3-arm64-darwin;1.6.3-x86_64-darwin;1.6.3-x86_64-linux,pg:ext/pg_cancel_connection.c:355:socket_io,['ext']
pg,1.6.3,error_message,rb_cPG_Cancon,pg_cancon_error_message,0,rb_define_method,ext/pg_cancel_connection.c,356,ext/pg_cancel_connection.c,204,resolved,pg_cancon_error_message,1.6.3;1.6.3-aarch64-linux;1.6.3-arm64-darwin;1.6.3-x86_64-darwin;1.6.3-x86_64-linux,pg:ext/pg_cancel_connection.c:356:error_message,['ext']
pg,1.6.3,reset,rb_cPG_Cancon,pg_cancon_reset,0,rb_define_method,ext/pg_cancel_connection.c,357,ext/pg_cancel_connection.c,308,resolved,pg_cancon_reset,1.6.3;1.6.3-aarch64-linux;1.6.3-arm64-darwin;1.6.3-x86_64-darwin;1.6.3-x86_64-linux,pg:ext/pg_cancel_connection.c:357:reset,['ext']
pg,1.6.3,finish,rb_cPG_Cancon,pg_cancon_finish,0,rb_define_method,ext/pg_cancel_connection.c,358,ext/pg_cancel_connection.c,326,resolved,pg_cancon_finish,1.6.3;1.6.3-aarch64-linux;1.6.3-arm64-darwin;1.6.3-x86_64-darwin;1.6.3-x86_64-linux,pg:ext/pg_cancel_connection.c:358:finish,['ext']
pg,1.6.3,encode,coder_klass,pg_coder_encode,-1,rb_define_method,ext/pg_coder.c,520,ext/pg_coder.c,176,resolved,pg_coder_encode,1.6.3;1.6.3-aarch64-linux;1.6.3-arm64-darwin;1.6.3-x86_64-darwin;1.6.3-x86_64-linux,pg:ext/pg_coder.c:520:encode,['ext']
pg,1.6.3,decode,coder_klass,pg_coder_decode,-1,rb_define_method,ext/pg_coder.c,522,ext/pg_coder.c,232,resolved,pg_coder_decode,1.6.3;1.6.3-aarch64-linux;1.6.3-arm64-darwin;1.6.3-x86_64-darwin;1.6.3-x86_64-linux,pg:ext/pg_coder.c:522:decode,['ext']
pg,1.6.3,<allocator>,rb_cPG_Coder,pg_coder_allocate,0,rb_define_alloc_func,ext/pg_coder.c,613,ext/pg_coder.c,20,resolved,pg_coder_allocate,1.6.3;1.6.3-aarch64-linux;1.6.3-arm64-darwin;1.6.3-x86_64-darwin;1.6.3-x86_64-linux,pg:ext/pg_coder.c:613:<allocator>,['ext']
pg,1.6.3,oid=,rb_cPG_Coder,pg_coder_oid_set,1,rb_define_method,ext/pg_coder.c,614,ext/pg_coder.c,274,resolved,pg_coder_oid_set,1.6.3;1.6.3-aarch64-linux;1.6.3-arm64-darwin;1.6.3-x86_64-darwin;1.6.3-x86_64-linux,pg:ext/pg_coder.c:614:oid=,['ext']
pg,1.6.3,oid,rb_cPG_Coder,pg_coder_oid_get,0,rb_define_method,ext/pg_coder.c,615,ext/pg_coder.c,290,resolved,pg_coder_oid_get,1.6.3;1.6.3-aarch64-linux;1.6.3-arm64-darwin;1.6.3-x86_64-darwin;1.6.3-x86_64-linux,pg:ext/pg_coder.c:615:oid,['ext']
pg,1.6.3,format=,rb_cPG_Coder,pg_coder_format_set,1,rb_define_method,ext/pg_coder.c,616,ext/pg_coder.c,306,resolved,pg_coder_format_set,1.6.3;1.6.3-aarch64-linux;1.6.3-arm64-darwin;1.6.3-x86_64-darwin;1.6.3-x86_64-linux,pg:ext/pg_coder.c:616:format=,['ext']
pg,1.6.3,format,rb_cPG_Coder,pg_coder_format_get,0,rb_define_method,ext/pg_coder.c,617,ext/pg_coder.c,322,resolved,pg_coder_format_get,1.6.3;1.6.3-aarch64-linux;1.6.3-arm64-darwin;1.6.3-x86_64-darwin;1.6.3-x86_64-linux,pg:ext/pg_coder.c:617:format,['ext']
pg,1.6.3,flags=,rb_cPG_Coder,pg_coder_flags_set,1,rb_define_method,ext/pg_coder.c,618,ext/pg_coder.c,338,resolved,pg_coder_flags_set,1.6.3;1.6.3-aarch64-linux;1.6.3-arm64-darwin;1.6.3-x86_64-darwin;1.6.3-x86_64-linux,pg:ext/pg_coder.c:618:flags=,['ext']
pg,1.6.3,flags,rb_cPG_Coder,pg_coder_flags_get,0,rb_define_method,ext/pg_coder.c,619,ext/pg_coder.c,353,resolved,pg_coder_flags_get,1.6.3;1.6.3-aarch64-linux;1.6.3-arm64-darwin;1.6.3-x86_64-darwin;1.6.3-x86_64-linux,pg:ext/pg_coder.c:619:flags,['ext']
pg,1.6.3,<allocator>,rb_cPG_SimpleEncoder,pg_simple_encoder_allocate,0,rb_define_alloc_func,ext/pg_coder.c,643,ext/pg_coder.c,107,resolved,pg_simple_encoder_allocate,1.6.3;1.6.3-aarch64-linux;1.6.3-arm64-darwin;1.6.3-x86_64-darwin;1.6.3-x86_64-linux,pg:ext/pg_coder.c:643:<allocator>,['ext']
pg,1.6.3,<allocator>,rb_cPG_SimpleDecoder,pg_simple_decoder_allocate,0,rb_define_alloc_func,ext/pg_coder.c,646,ext/pg_coder.c,143,resolved,pg_simple_decoder_allocate,1.6.3;1.6.3-aarch64-linux;1.6.3-arm64-darwin;1.6.3-x86_64-darwin;1.6.3-x86_64-linux,pg:ext/pg_coder.c:646:<allocator>,['ext']
pg,1.6.3,elements_type=,rb_cPG_CompositeCoder,pg_coder_elements_type_set,1,rb_define_method,ext/pg_coder.c,656,ext/pg_coder.c,480,resolved,pg_coder_elements_type_set,1.6.3;1.6.3-aarch64-linux;1.6.3-arm64-darwin;1.6.3-x86_64-darwin;1.6.3-x86_64-linux,pg:ext/pg_coder.c:656:elements_type=,['ext']
pg,1.6.3,needs_quotation=,rb_cPG_CompositeCoder,pg_coder_needs_quotation_set,1,rb_define_method,ext/pg_coder.c,658,ext/pg_coder.c,371,resolved,pg_coder_needs_quotation_set,1.6.3;1.6.3-aarch64-linux;1.6.3-arm64-darwin;1.6.3-x86_64-darwin;1.6.3-x86_64-linux,pg:ext/pg_coder.c:658:needs_quotation=,['ext']
pg,1.6.3,needs_quotation?,rb_cPG_CompositeCoder,pg_coder_needs_quotation_get,0,rb_define_method,ext/pg_coder.c,659,ext/pg_coder.c,387,resolved,pg_coder_needs_quotation_get,1.6.3;1.6.3-aarch64-linux;1.6.3-arm64-darwin;1.6.3-x86_64-darwin;1.6.3-x86_64-linux,pg:ext/pg_coder.c:659:needs_quotation?,['ext']
pg,1.6.3,delimiter=,rb_cPG_CompositeCoder,pg_coder_delimiter_set,1,rb_define_method,ext/pg_coder.c,660,ext/pg_coder.c,403,resolved,pg_coder_delimiter_set,1.6.3;1.6.3-aarch64-linux;1.6.3-arm64-darwin;1.6.3-x86_64-darwin;1.6.3-x86_64-linux,pg:ext/pg_coder.c:660:delimiter=,['ext']
pg,1.6.3,delimiter,rb_cPG_CompositeCoder,pg_coder_delimiter_get,0,rb_define_method,ext/pg_coder.c,661,ext/pg_coder.c,421,resolved,pg_coder_delimiter_get,1.6.3;1.6.3-aarch64-linux;1.6.3-arm64-darwin;1.6.3-x86_64-darwin;1.6.3-x86_64-linux,pg:ext/pg_coder.c:661:delimiter,['ext']
pg,1.6.3,dimensions=,rb_cPG_CompositeCoder,pg_coder_dimensions_set,1,rb_define_method,ext/pg_coder.c,662,ext/pg_coder.c,445,resolved,pg_coder_dimensions_set,1.6.3;1.6.3-aarch64-linux;1.6.3-arm64-darwin;1.6.3-x86_64-darwin;1.6.3-x86_64-linux,pg:ext/pg_coder.c:662:dimensions=,['ext']
pg,1.6.3,dimensions,rb_cPG_CompositeCoder,pg_coder_dimensions_get,0,rb_define_method,ext/pg_coder.c,663,ext/pg_coder.c,464,resolved,pg_coder_dimensions_get,1.6.3;1.6.3-aarch64-linux;1.6.3-arm64-darwin;1.6.3-x86_64-darwin;1.6.3-x86_64-linux,pg:ext/pg_coder.c:663:dimensions,['ext']
pg,1.6.3,<allocator>,rb_cPG_CompositeEncoder,pg_composite_encoder_allocate,0,rb_define_alloc_func,ext/pg_coder.c,667,ext/pg_coder.c,129,resolved,pg_composite_encoder_allocate,1.6.3;1.6.3-aarch64-linux;1.6.3-arm64-darwin;1.6.3-x86_64-darwin;1.6.3-x86_64-linux,pg:ext/pg_coder.c:667:<allocator>,['ext']
pg,1.6.3,<allocator>,rb_cPG_CompositeDecoder,pg_composite_decoder_allocate,0,rb_define_alloc_func,ext/pg_coder.c,670,ext/pg_coder.c,152,resolved,pg_composite_decoder_allocate,1.6.3;1.6.3-aarch64-linux;1.6.3-arm64-darwin;1.6.3-x86_64-darwin;1.6.3-x86_64-linux,pg:ext/pg_coder.c:670:<allocator>,['ext']
pg,1.6.3,<allocator>,rb_cPGconn,pgconn_s_allocate,0,rb_define_alloc_func,ext/pg_connection.c,4696,ext/pg_connection.c,253,resolved,pgconn_s_allocate,1.6.3;1.6.3-aarch64-linux;1.6.3-arm64-darwin;1.6.3-x86_64-darwin;1.6.3-x86_64-linux,pg:ext/pg_connection.c:4696:<allocator>,['ext']
pg,1.6.3,escape_string,rb_cPGconn,pgconn_s_escape,1,rb_define_singleton_method,ext/pg_connection.c,4698,ext/pg_connection.c,1679,resolved,pgconn_s_escape,1.6.3;1.6.3-aarch64-linux;1.6.3-arm64-darwin;1.6.3-x86_64-darwin;1.6.3-x86_64-linux,pg:ext/pg_connection.c:4698:escape_string,['ext']
pg,1.6.3,escape_bytea,rb_cPGconn,pgconn_s_escape_bytea,1,rb_define_singleton_method,ext/pg_connection.c,4700,ext/pg_connection.c,1733,resolved,pgconn_s_escape_bytea,1.6.3;1.6.3-aarch64-linux;1.6.3-arm64-darwin;1.6.3-x86_64-darwin;1.6.3-x86_64-linux,pg:ext/pg_connection.c:4700:escape_bytea,['ext']
pg,1.6.3,unescape_bytea,rb_cPGconn,pgconn_s_unescape_bytea,1,rb_define_singleton_method,ext/pg_connection.c,4701,ext/pg_connection.c,1765,resolved,pgconn_s_unescape_bytea,1.6.3;1.6.3-aarch64-linux;1.6.3-arm64-darwin;1.6.3-x86_64-darwin;1.6.3-x86_64-linux,pg:ext/pg_connection.c:4701:unescape_bytea,['ext']
pg,1.6.3,encrypt_password,rb_cPGconn,pgconn_s_encrypt_password,2,rb_define_singleton_method,ext/pg_connection.c,4702,ext/pg_connection.c,457,resolved,pgconn_s_encrypt_password,1.6.3;1.6.3-aarch64-linux;1.6.3-arm64-darwin;1.6.3-x86_64-darwin;1.6.3-x86_64-linux,pg:ext/pg_connection.c:4702:encrypt_password,['ext']
pg,1.6.3,quote_ident,rb_cPGconn,pgconn_s_quote_ident,1,rb_define_singleton_method,ext/pg_connection.c,4703,ext/pg_connection.c,3142,resolved,pgconn_s_quote_ident,1.6.3;1.6.3-aarch64-linux;1.6.3-arm64-darwin;1.6.3-x86_64-darwin;1.6.3-x86_64-linux,pg:ext/pg_connection.c:4703:quote_ident,['ext']
pg,1.6.3,connect_start,rb_cPGconn,pgconn_s_connect_start,-1,rb_define_singleton_method,ext/pg_connection.c,4704,ext/pg_connection.c,317,resolved,pgconn_s_connect_start,1.6.3;1.6.3-aarch64-linux;1.6.3-arm64-darwin;1.6.3-x86_64-darwin;1.6.3-x86_64-linux,pg:ext/pg_connection.c:4704:connect_start,['ext']
pg,1.6.3,conndefaults,rb_cPGconn,pgconn_s_conndefaults,0,rb_define_singleton_method,ext/pg_connection.c,4705,ext/pg_connection.c,380,resolved,pgconn_s_conndefaults,1.6.3;1.6.3-aarch64-linux;1.6.3-arm64-darwin;1.6.3-x86_64-darwin;1.6.3-x86_64-linux,pg:ext/pg_connection.c:4705:conndefaults,['ext']
pg,1.6.3,conninfo_parse,rb_cPGconn,pgconn_s_conninfo_parse,1,rb_define_singleton_method,ext/pg_connection.c,4706,ext/pg_connection.c,403,resolved,pgconn_s_conninfo_parse,1.6.3;1.6.3-aarch64-linux;1.6.3-arm64-darwin;1.6.3-x86_64-darwin;1.6.3-x86_64-linux,pg:ext/pg_connection.c:4706:conninfo_parse,['ext']
pg,1.6.3,sync_ping,rb_cPGconn,pgconn_s_sync_ping,-1,rb_define_singleton_method,ext/pg_connection.c,4707,ext/pg_connection.c,345,resolved,pgconn_s_sync_ping,1.6.3;1.6.3-aarch64-linux;1.6.3-arm64-darwin;1.6.3-x86_64-darwin;1.6.3-x86_64-linux,pg:ext/pg_connection.c:4707:sync_ping,['ext']
pg,1.6.3,sync_connect,rb_cPGconn,pgconn_s_sync_connect,-1,rb_define_singleton_method,ext/pg_connection.c,4708,ext/pg_connection.c,274,resolved,pgconn_s_sync_connect,1.6.3;1.6.3-aarch64-linux;1.6.3-arm64-darwin;1.6.3-x86_64-darwin;1.6.3-x86_64-linux,pg:ext/pg_connection.c:4708:sync_connect,['ext']
pg,1.6.3,connect_poll,rb_cPGconn,pgconn_connect_poll,0,rb_define_method,ext/pg_connection.c,4711,ext/pg_connection.c,515,resolved,pgconn_connect_poll,1.6.3;1.6.3-aarch64-linux;1.6.3-arm64-darwin;1.6.3-x86_64-darwin;1.6.3-x86_64-linux,pg:ext/pg_connection.c:4711:connect_poll,['ext']
pg,1.6.3,finish,rb_cPGconn,pgconn_finish,0,rb_define_method,ext/pg_connection.c,4712,ext/pg_connection.c,532,resolved,pgconn_finish,1.6.3;1.6.3-aarch64-linux;1.6.3-arm64-darwin;1.6.3-x86_64-darwin;1.6.3-x86_64-linux,pg:ext/pg_connection.c:4712:finish,['ext']
pg,1.6.3,finished?,rb_cPGconn,pgconn_finished_p,0,rb_define_method,ext/pg_connection.c,4713,ext/pg_connection.c,550,resolved,pgconn_finished_p,1.6.3;1.6.3-aarch64-linux;1.6.3-arm64-darwin;1.6.3-x86_64-darwin;1.6.3-x86_64-linux,pg:ext/pg_connection.c:4713:finished?,['ext']
pg,1.6.3,sync_reset,rb_cPGconn,pgconn_sync_reset,0,rb_define_method,ext/pg_connection.c,4714,ext/pg_connection.c,559,resolved,pgconn_sync_reset,1.6.3;1.6.3-aarch64-linux;1.6.3-arm64-darwin;1.6.3-x86_64-darwin;1.6.3-x86_64-linux,pg:ext/pg_connection.c:4714:sync_reset,['ext']
pg,1.6.3,reset_start,rb_cPGconn,pgconn_reset_start,0,rb_define_method,ext/pg_connection.c,4715,ext/pg_connection.c,598,resolved,pgconn_reset_start,1.6.3;1.6.3-aarch64-linux;1.6.3-arm64-darwin;1.6.3-x86_64-darwin;1.6.3-x86_64-linux,pg:ext/pg_connection.c:4715:reset_start,['ext']
pg,1.6.3,reset_start2,rb_cPGconn,pgconn_reset_start2,1,rb_define_private_method,ext/pg_connection.c,4716,ext/pg_connection.c,567,resolved,pgconn_reset_start2,1.6.3;1.6.3-aarch64-linux;1.6.3-arm64-darwin;1.6.3-x86_64-darwin;1.6.3-x86_64-linux,pg:ext/pg_connection.c:4716:reset_start2,['ext']
pg,1.6.3,reset_poll,rb_cPGconn,pgconn_reset_poll,0,rb_define_method,ext/pg_connection.c,4717,ext/pg_connection.c,615,resolved,pgconn_reset_poll,1.6.3;1.6.3-aarch64-linux;1.6.3-arm64-darwin;1.6.3-x86_64-darwin;1.6.3-x86_64-linux,pg:ext/pg_connection.c:4717:reset_poll,['ext']
pg,1.6.3,db,rb_cPGconn,pgconn_db,0,rb_define_method,ext/pg_connection.c,4721,ext/pg_connection.c,633,resolved,pgconn_db,1.6.3;1.6.3-aarch64-linux;1.6.3-arm64-darwin;1.6.3-x86_64-darwin;1.6.3-x86_64-linux,pg:ext/pg_connection.c:4721:db,['ext']
pg,1.6.3,user,rb_cPGconn,pgconn_user,0,rb_define_method,ext/pg_connection.c,4722,ext/pg_connection.c,647,resolved,pgconn_user,1.6.3;1.6.3-aarch64-linux;1.6.3-arm64-darwin;1.6.3-x86_64-darwin;1.6.3-x86_64-linux,pg:ext/pg_connection.c:4722:user,['ext']
pg,1.6.3,pass,rb_cPGconn,pgconn_pass,0,rb_define_method,ext/pg_connection.c,4723,ext/pg_connection.c,661,resolved,pgconn_pass,1.6.3;1.6.3-aarch64-linux;1.6.3-arm64-darwin;1.6.3-x86_64-darwin;1.6.3-x86_64-linux,pg:ext/pg_connection.c:4723:pass,['ext']
pg,1.6.3,host,rb_cPGconn,pgconn_host,0,rb_define_method,ext/pg_connection.c,4724,ext/pg_connection.c,686,resolved,pgconn_host,1.6.3;1.6.3-aarch64-linux;1.6.3-arm64-darwin;1.6.3-x86_64-darwin;1.6.3-x86_64-linux,pg:ext/pg_connection.c:4724:host,['ext']
pg,1.6.3,hostaddr,rb_cPGconn,pgconn_hostaddr,0,rb_define_method,ext/pg_connection.c,4726,ext/pg_connection.c,705,resolved,pgconn_hostaddr,1.6.3;1.6.3-aarch64-linux;1.6.3-arm64-darwin;1.6.3-x86_64-darwin;1.6.3-x86_64-linux,pg:ext/pg_connection.c:4726:hostaddr,['ext']
pg,1.6.3,port,rb_cPGconn,pgconn_port,0,rb_define_method,ext/pg_connection.c,4728,ext/pg_connection.c,720,resolved,pgconn_port,1.6.3;1.6.3-aarch64-linux;1.6.3-arm64-darwin;1.6.3-x86_64-darwin;1.6.3-x86_64-linux,pg:ext/pg_connection.c:4728:port,['ext']
pg,1.6.3,tty,rb_cPGconn,pgconn_tty,0,rb_define_method,ext/pg_connection.c,4729,ext/pg_connection.c,736,resolved,pgconn_tty,1.6.3;1.6.3-aarch64-linux;1.6.3-arm64-darwin;1.6.3-x86_64-darwin;1.6.3-x86_64-linux,pg:ext/pg_connection.c:4729:tty,['ext']
pg,1.6.3,conninfo,rb_cPGconn,pgconn_conninfo,0,rb_define_method,ext/pg_connection.c,4730,ext/pg_connection.c,764,resolved,pgconn_conninfo,1.6.3;1.6.3-aarch64-linux;1.6.3-arm64-darwin;1.6.3-x86_64-darwin;1.6.3-x86_64-linux,pg:ext/pg_connection.c:4730:conninfo,['ext']
pg,1.6.3,options,rb_cPGconn,pgconn_options,0,rb_define_method,ext/pg_connection.c,4731,ext/pg_connection.c,748,resolved,pgconn_options,1.6.3;1.6.3-aarch64-linux;1.6.3-arm64-darwin;1.6.3-x86_64-darwin;1.6.3-x86_64-linux,pg:ext/pg_connection.c:4731:options,['ext']
pg,1.6.3,status,rb_cPGconn,pgconn_status,0,rb_define_method,ext/pg_connection.c,4732,ext/pg_connection.c,794,resolved,pgconn_status,1.6.3;1.6.3-aarch64-linux;1.6.3-arm64-darwin;1.6.3-x86_64-darwin;1.6.3-x86_64-linux,pg:ext/pg_connection.c:4732:status,['ext']
pg,1.6.3,transaction_status,rb_cPGconn,pgconn_transaction_status,0,rb_define_method,ext/pg_connection.c,4733,ext/pg_connection.c,811,resolved,pgconn_transaction_status,1.6.3;1.6.3-aarch64-linux;1.6.3-arm64-darwin;1.6.3-x86_64-darwin;1.6.3-x86_64-linux,pg:ext/pg_connection.c:4733:transaction_status,['ext']
pg,1.6.3,parameter_status,rb_cPGconn,pgconn_parameter_status,1,rb_define_method,ext/pg_connection.c,4734,ext/pg_connection.c,835,resolved,pgconn_parameter_status,1.6.3;1.6.3-aarch64-linux;1.6.3-arm64-darwin;1.6.3-x86_64-darwin;1.6.3-x86_64-linux,pg:ext/pg_connection.c:4734:parameter_status,['ext']
pg,1.6.3,protocol_version,rb_cPGconn,pgconn_protocol_version,0,rb_define_method,ext/pg_connection.c,4735,ext/pg_connection.c,858,resolved,pgconn_protocol_version,1.6.3;1.6.3-aarch64-linux;1.6.3-arm64-darwin;1.6.3-x86_64-darwin;1.6.3-x86_64-linux,pg:ext/pg_connection.c:4735:protocol_version,['ext']
pg,1.6.3,server_version,rb_cPGconn,pgconn_server_version,0,rb_define_method,ext/pg_connection.c,4736,ext/pg_connection.c,887,resolved,pgconn_server_version,1.6.3;1.6.3-aarch64-linux;1.6.3-arm64-darwin;1.6.3-x86_64-darwin;1.6.3-x86_64-linux,pg:ext/pg_connection.c:4736:server_version,['ext']
pg,1.6.3,error_message,rb_cPGconn,pgconn_error_message,0,rb_define_method,ext/pg_connection.c,4737,ext/pg_connection.c,906,resolved,pgconn_error_message,1.6.3;1.6.3-aarch64-linux;1.6.3-arm64-darwin;1.6.3-x86_64-darwin;1.6.3-x86_64-linux,pg:ext/pg_connection.c:4737:error_message,['ext']
pg,1.6.3,socket,rb_cPGconn,pgconn_socket,0,rb_define_method,ext/pg_connection.c,4738,ext/pg_connection.c,931,resolved,pgconn_socket,1.6.3;1.6.3-aarch64-linux;1.6.3-arm64-darwin;1.6.3-x86_64-darwin;1.6.3-x86_64-linux,pg:ext/pg_connection.c:4738:socket,['ext']
pg,1.6.3,socket_io,rb_cPGconn,pgconn_socket_io,0,rb_define_method,ext/pg_connection.c,4739,ext/pg_connection.c,986,resolved,pgconn_socket_io,1.6.3;1.6.3-aarch64-linux;1.6.3-arm64-darwin;1.6.3-x86_64-darwin;1.6.3-x86_64-linux,pg:ext/pg_connection.c:4739:socket_io,['ext']
pg,1.6.3,backend_pid,rb_cPGconn,pgconn_backend_pid,0,rb_define_method,ext/pg_connection.c,4740,ext/pg_connection.c,1010,resolved,pgconn_backend_pid,1.6.3;1.6.3-aarch64-linux;1.6.3-arm64-darwin;1.6.3-x86_64-darwin;1.6.3-x86_64-linux,pg:ext/pg_connection.c:4740:backend_pid,['ext']
pg,1.6.3,backend_key,rb_cPGconn,pgconn_backend_key,0,rb_define_method,ext/pg_connection.c,4742,ext/pg_connection.c,1041,resolved,pgconn_backend_key,1.6.3;1.6.3-aarch64-linux;1.6.3-arm64-darwin;1.6.3-x86_64-darwin;1.6.3-x86_64-linux,pg:ext/pg_connection.c:4742:backend_key,['ext']
pg,1.6.3,connection_needs_password,rb_cPGconn,pgconn_connection_needs_password,0,rb_define_method,ext/pg_connection.c,4744,ext/pg_connection.c,1070,resolved,pgconn_connection_needs_password,1.6.3;1.6.3-aarch64-linux;1.6.3-arm64-darwin;1.6.3-x86_64-darwin;1.6.3-x86_64-linux,pg:ext/pg_connection.c:4744:connection_needs_password,['ext']
pg,1.6.3,connection_used_password,rb_cPGconn,pgconn_connection_used_password,0,rb_define_method,ext/pg_connection.c,4745,ext/pg_connection.c,1083,resolved,pgconn_connection_used_password,1.6.3;1.6.3-aarch64-linux;1.6.3-arm64-darwin;1.6.3-x86_64-darwin;1.6.3-x86_64-linux,pg:ext/pg_connection.c:4745:connection_used_password,['ext']
pg,1.6.3,sync_exec,rb_cPGconn,pgconn_sync_exec,-1,rb_define_method,ext/pg_connection.c,4749,ext/pg_connection.c,1110,resolved,pgconn_sync_exec,1.6.3;1.6.3-aarch64-linux;1.6.3-arm64-darwin;1.6.3-x86_64-darwin;1.6.3-x86_64-linux,pg:ext/pg_connection.c:4749:sync_exec,['ext']
pg,1.6.3,sync_exec_params,rb_cPGconn,pgconn_sync_exec_params,-1,rb_define_method,ext/pg_connection.c,4750,ext/pg_connection.c,1411,resolved,pgconn_sync_exec_params,1.6.3;1.6.3-aarch64-linux;1.6.3-arm64-darwin;1.6.3-x86_64-darwin;1.6.3-x86_64-linux,pg:ext/pg_connection.c:4750:sync_exec_params,['ext']
pg,1.6.3,sync_prepare,rb_cPGconn,pgconn_sync_prepare,-1,rb_define_method,ext/pg_connection.c,4751,ext/pg_connection.c,1462,resolved,pgconn_sync_prepare,1.6.3;1.6.3-aarch64-linux;1.6.3-arm64-darwin;1.6.3-x86_64-darwin;1.6.3-x86_64-linux,pg:ext/pg_connection.c:4751:sync_prepare,['ext']
pg,1.6.3,sync_exec_prepared,rb_cPGconn,pgconn_sync_exec_prepared,-1,rb_define_method,ext/pg_connection.c,4752,ext/pg_connection.c,1511,resolved,pgconn_sync_exec_prepared,1.6.3;1.6.3-aarch64-linux;1.6.3-arm64-darwin;1.6.3-x86_64-darwin;1.6.3-x86_64-linux,pg:ext/pg_connection.c:4752:sync_exec_prepared,['ext']
pg,1.6.3,sync_describe_prepared,rb_cPGconn,pgconn_sync_describe_prepared,1,rb_define_method,ext/pg_connection.c,4753,ext/pg_connection.c,1569,resolved,pgconn_sync_describe_prepared,1.6.3;1.6.3-aarch64-linux;1.6.3-arm64-darwin;1.6.3-x86_64-darwin;1.6.3-x86_64-linux,pg:ext/pg_connection.c:4753:sync_describe_prepared,['ext']
pg,1.6.3,sync_describe_portal,rb_cPGconn,pgconn_sync_describe_portal,1,rb_define_method,ext/pg_connection.c,4754,ext/pg_connection.c,1584,resolved,pgconn_sync_describe_portal,1.6.3;1.6.3-aarch64-linux;1.6.3-arm64-darwin;1.6.3-x86_64-darwin;1.6.3-x86_64-linux,pg:ext/pg_connection.c:4754:sync_describe_portal,['ext']
pg,1.6.3,sync_close_prepared,rb_cPGconn,pgconn_sync_close_prepared,1,rb_define_method,ext/pg_connection.c,4756,ext/pg_connection.c,1602,resolved,pgconn_sync_close_prepared,1.6.3;1.6.3-aarch64-linux;1.6.3-arm64-darwin;1.6.3-x86_64-darwin;1.6.3-x86_64-linux,pg:ext/pg_connection.c:4756:sync_close_prepared,['ext']
pg,1.6.3,sync_close_portal,rb_cPGconn,pgconn_sync_close_portal,1,rb_define_method,ext/pg_connection.c,4757,ext/pg_connection.c,1618,resolved,pgconn_sync_close_portal,1.6.3;1.6.3-aarch64-linux;1.6.3-arm64-darwin;1.6.3-x86_64-darwin;1.6.3-x86_64-linux,pg:ext/pg_connection.c:4757:sync_close_portal,['ext']
pg,1.6.3,exec,rb_cPGconn,pgconn_async_exec,-1,rb_define_method,ext/pg_connection.c,4760,ext/pg_connection.c,3412,resolved,pgconn_async_exec,1.6.3;1.6.3-aarch64-linux;1.6.3-arm64-darwin;1.6.3-x86_64-darwin;1.6.3-x86_64-linux,pg:ext/pg_connection.c:4760:exec,['ext']
pg,1.6.3,exec_params,rb_cPGconn,pgconn_async_exec_params,-1,rb_define_method,ext/pg_connection.c,4761,ext/pg_connection.c,3478,resolved,pgconn_async_exec_params,1.6.3;1.6.3-aarch64-linux;1.6.3-arm64-darwin;1.6.3-x86_64-darwin;1.6.3-x86_64-linux,pg:ext/pg_connection.c:4761:exec_params,['ext']
pg,1.6.3,prepare,rb_cPGconn,pgconn_async_prepare,-1,rb_define_method,ext/pg_connection.c,4762,ext/pg_connection.c,3522,resolved,pgconn_async_prepare,1.6.3;1.6.3-aarch64-linux;1.6.3-arm64-darwin;1.6.3-x86_64-darwin;1.6.3-x86_64-linux,pg:ext/pg_connection.c:4762:prepare,['ext']
pg,1.6.3,exec_prepared,rb_cPGconn,pgconn_async_exec_prepared,-1,rb_define_method,ext/pg_connection.c,4763,ext/pg_connection.c,3575,resolved,pgconn_async_exec_prepared,1.6.3;1.6.3-aarch64-linux;1.6.3-arm64-darwin;1.6.3-x86_64-darwin;1.6.3-x86_64-linux,pg:ext/pg_connection.c:4763:exec_prepared,['ext']
pg,1.6.3,describe_prepared,rb_cPGconn,pgconn_async_describe_prepared,1,rb_define_method,ext/pg_connection.c,4764,ext/pg_connection.c,3629,resolved,pgconn_async_describe_prepared,1.6.3;1.6.3-aarch64-linux;1.6.3-arm64-darwin;1.6.3-x86_64-darwin;1.6.3-x86_64-linux,pg:ext/pg_connection.c:4764:describe_prepared,['ext']
pg,1.6.3,describe_portal,rb_cPGconn,pgconn_async_describe_portal,1,rb_define_method,ext/pg_connection.c,4765,ext/pg_connection.c,3614,resolved,pgconn_async_describe_portal,1.6.3;1.6.3-aarch64-linux;1.6.3-arm64-darwin;1.6.3-x86_64-darwin;1.6.3-x86_64-linux,pg:ext/pg_connection.c:4765:describe_portal,['ext']
pg,1.6.3,close_prepared,rb_cPGconn,pgconn_async_close_prepared,1,rb_define_method,ext/pg_connection.c,4767,ext/pg_connection.c,3653,resolved,pgconn_async_close_prepared,1.6.3;1.6.3-aarch64-linux;1.6.3-arm64-darwin;1.6.3-x86_64-darwin;1.6.3-x86_64-linux,pg:ext/pg_connection.c:4767:close_prepared,['ext']
pg,1.6.3,close_portal,rb_cPGconn,pgconn_async_close_portal,1,rb_define_method,ext/pg_connection.c,4768,ext/pg_connection.c,3677,resolved,pgconn_async_close_portal,1.6.3;1.6.3-aarch64-linux;1.6.3-arm64-darwin;1.6.3-x86_64-darwin;1.6.3-x86_64-linux,pg:ext/pg_connection.c:4768:close_portal,['ext']
pg,1.6.3,make_empty_pgresult,rb_cPGconn,pgconn_make_empty_pgresult,1,rb_define_method,ext/pg_connection.c,4783,ext/pg_connection.c,1645,resolved,pgconn_make_empty_pgresult,1.6.3;1.6.3-aarch64-linux;1.6.3-arm64-darwin;1.6.3-x86_64-darwin;1.6.3-x86_64-linux,pg:ext/pg_connection.c:4783:make_empty_pgresult,['ext']
pg,1.6.3,escape_string,rb_cPGconn,pgconn_s_escape,1,rb_define_method,ext/pg_connection.c,4784,ext/pg_connection.c,1679,resolved,pgconn_s_escape,1.6.3;1.6.3-aarch64-linux;1.6.3-arm64-darwin;1.6.3-x86_64-darwin;1.6.3-x86_64-linux,pg:ext/pg_connection.c:4784:escape_string,['ext']
pg,1.6.3,escape_literal,rb_cPGconn,pgconn_escape_literal,1,rb_define_method,ext/pg_connection.c,4786,ext/pg_connection.c,1792,resolved,pgconn_escape_literal,1.6.3;1.6.3-aarch64-linux;1.6.3-arm64-darwin;1.6.3-x86_64-darwin;1.6.3-x86_64-linux,pg:ext/pg_connection.c:4786:escape_literal,['ext']
pg,1.6.3,escape_identifier,rb_cPGconn,pgconn_escape_identifier,1,rb_define_method,ext/pg_connection.c,4787,ext/pg_connection.c,1826,resolved,pgconn_escape_identifier,1.6.3;1.6.3-aarch64-linux;1.6.3-arm64-darwin;1.6.3-x86_64-darwin;1.6.3-x86_64-linux,pg:ext/pg_connection.c:4787:escape_identifier,['ext']
pg,1.6.3,escape_bytea,rb_cPGconn,pgconn_s_escape_bytea,1,rb_define_method,ext/pg_connection.c,4788,ext/pg_connection.c,1733,resolved,pgconn_s_escape_bytea,1.6.3;1.6.3-aarch64-linux;1.6.3-arm64-darwin;1.6.3-x86_64-darwin;1.6.3-x86_64-linux,pg:ext/pg_connection.c:4788:escape_bytea,['ext']
pg,1.6.3,unescape_bytea,rb_cPGconn,pgconn_s_unescape_bytea,1,rb_define_method,ext/pg_connection.c,4789,ext/pg_connection.c,1765,resolved,pgconn_s_unescape_bytea,1.6.3;1.6.3-aarch64-linux;1.6.3-arm64-darwin;1.6.3-x86_64-darwin;1.6.3-x86_64-linux,pg:ext/pg_connection.c:4789:unescape_bytea,['ext']
pg,1.6.3,set_single_row_mode,rb_cPGconn,pgconn_set_single_row_mode,0,rb_define_method,ext/pg_connection.c,4790,ext/pg_connection.c,1883,resolved,pgconn_set_single_row_mode,1.6.3;1.6.3-aarch64-linux;1.6.3-arm64-darwin;1.6.3-x86_64-darwin;1.6.3-x86_64-linux,pg:ext/pg_connection.c:4790:set_single_row_mode,['ext']
pg,1.6.3,set_chunked_rows_mode,rb_cPGconn,pgconn_set_chunked_rows_mode,1,rb_define_method,ext/pg_connection.c,4792,ext/pg_connection.c,1921,resolved,pgconn_set_chunked_rows_mode,1.6.3;1.6.3-aarch64-linux;1.6.3-arm64-darwin;1.6.3-x86_64-darwin;1.6.3-x86_64-linux,pg:ext/pg_connection.c:4792:set_chunked_rows_mode,['ext']
pg,1.6.3,send_query,rb_cPGconn,pgconn_send_query,-1,rb_define_method,ext/pg_connection.c,4796,ext/pg_connection.c,1949,resolved,pgconn_send_query,1.6.3;1.6.3-aarch64-linux;1.6.3-arm64-darwin;1.6.3-x86_64-darwin;1.6.3-x86_64-linux,pg:ext/pg_connection.c:4796:send_query,['ext']
pg,1.6.3,send_query_params,rb_cPGconn,pgconn_send_query_params,-1,rb_define_method,ext/pg_connection.c,4797,ext/pg_connection.c,2009,resolved,pgconn_send_query_params,1.6.3;1.6.3-aarch64-linux;1.6.3-arm64-darwin;1.6.3-x86_64-darwin;1.6.3-x86_64-linux,pg:ext/pg_connection.c:4797:send_query_params,['ext']
pg,1.6.3,send_prepare,rb_cPGconn,pgconn_send_prepare,-1,rb_define_method,ext/pg_connection.c,4798,ext/pg_connection.c,2058,resolved,pgconn_send_prepare,1.6.3;1.6.3-aarch64-linux;1.6.3-arm64-darwin;1.6.3-x86_64-darwin;1.6.3-x86_64-linux,pg:ext/pg_connection.c:4798:send_prepare,['ext']
pg,1.6.3,send_query_prepared,rb_cPGconn,pgconn_send_query_prepared,-1,rb_define_method,ext/pg_connection.c,4799,ext/pg_connection.c,2131,resolved,pgconn_send_query_prepared,1.6.3;1.6.3-aarch64-linux;1.6.3-arm64-darwin;1.6.3-x86_64-darwin;1.6.3-x86_64-linux,pg:ext/pg_connection.c:4799:send_query_prepared,['ext']
pg,1.6.3,send_describe_prepared,rb_cPGconn,pgconn_send_describe_prepared,1,rb_define_method,ext/pg_connection.c,4800,ext/pg_connection.c,2186,resolved,pgconn_send_describe_prepared,1.6.3;1.6.3-aarch64-linux;1.6.3-arm64-darwin;1.6.3-x86_64-darwin;1.6.3-x86_64-linux,pg:ext/pg_connection.c:4800:send_describe_prepared,['ext']
pg,1.6.3,send_describe_portal,rb_cPGconn,pgconn_send_describe_portal,1,rb_define_method,ext/pg_connection.c,4801,ext/pg_connection.c,2202,resolved,pgconn_send_describe_portal,1.6.3;1.6.3-aarch64-linux;1.6.3-arm64-darwin;1.6.3-x86_64-darwin;1.6.3-x86_64-linux,pg:ext/pg_connection.c:4801:send_describe_portal,['ext']
pg,1.6.3,sync_get_result,rb_cPGconn,pgconn_sync_get_result,0,rb_define_method,ext/pg_connection.c,4802,ext/pg_connection.c,2247,resolved,pgconn_sync_get_result,1.6.3;1.6.3-aarch64-linux;1.6.3-arm64-darwin;1.6.3-x86_64-darwin;1.6.3-x86_64-linux,pg:ext/pg_connection.c:4802:sync_get_result,['ext']
pg,1.6.3,consume_input,rb_cPGconn,pgconn_consume_input,0,rb_define_method,ext/pg_connection.c,4803,ext/pg_connection.c,2273,resolved,pgconn_consume_input,1.6.3;1.6.3-aarch64-linux;1.6.3-arm64-darwin;1.6.3-x86_64-darwin;1.6.3-x86_64-linux,pg:ext/pg_connection.c:4803:consume_input,['ext']
pg,1.6.3,is_busy,rb_cPGconn,pgconn_is_busy,0,rb_define_method,ext/pg_connection.c,4804,ext/pg_connection.c,2293,resolved,pgconn_is_busy,1.6.3;1.6.3-aarch64-linux;1.6.3-arm64-darwin;1.6.3-x86_64-darwin;1.6.3-x86_64-linux,pg:ext/pg_connection.c:4804:is_busy,['ext']
pg,1.6.3,sync_setnonblocking,rb_cPGconn,pgconn_sync_setnonblocking,1,rb_define_method,ext/pg_connection.c,4805,ext/pg_connection.c,2299,resolved,pgconn_sync_setnonblocking,1.6.3;1.6.3-aarch64-linux;1.6.3-arm64-darwin;1.6.3-x86_64-darwin;1.6.3-x86_64-linux,pg:ext/pg_connection.c:4805:sync_setnonblocking,['ext']
pg,1.6.3,sync_isnonblocking,rb_cPGconn,pgconn_sync_isnonblocking,0,rb_define_method,ext/pg_connection.c,4806,ext/pg_connection.c,2319,resolved,pgconn_sync_isnonblocking,1.6.3;1.6.3-aarch64-linux;1.6.3-arm64-darwin;1.6.3-x86_64-darwin;1.6.3-x86_64-linux,pg:ext/pg_connection.c:4806:sync_isnonblocking,['ext']
pg,1.6.3,sync_flush,rb_cPGconn,pgconn_sync_flush,0,rb_define_method,ext/pg_connection.c,4807,ext/pg_connection.c,2325,resolved,pgconn_sync_flush,1.6.3;1.6.3-aarch64-linux;1.6.3-arm64-darwin;1.6.3-x86_64-darwin;1.6.3-x86_64-linux,pg:ext/pg_connection.c:4807:sync_flush,['ext']
pg,1.6.3,flush,rb_cPGconn,pgconn_async_flush,0,rb_define_method,ext/pg_connection.c,4808,ext/pg_connection.c,2604,resolved,pgconn_async_flush,1.6.3;1.6.3-aarch64-linux;1.6.3-arm64-darwin;1.6.3-x86_64-darwin;1.6.3-x86_64-linux,pg:ext/pg_connection.c:4808:flush,['ext']
pg,1.6.3,discard_results,rb_cPGconn,pgconn_discard_results,0,rb_define_method,ext/pg_connection.c,4810,ext/pg_connection.c,3306,resolved,pgconn_discard_results,1.6.3;1.6.3-aarch64-linux;1.6.3-arm64-darwin;1.6.3-x86_64-darwin;1.6.3-x86_64-linux,pg:ext/pg_connection.c:4810:discard_results,['ext']
pg,1.6.3,sync_cancel,rb_cPGconn,pgconn_sync_cancel,0,rb_define_method,ext/pg_connection.c,4814,ext/pg_connection.c,2337,resolved,pgconn_sync_cancel,1.6.3;1.6.3-aarch64-linux;1.6.3-arm64-darwin;1.6.3-x86_64-darwin;1.6.3-x86_64-linux,pg:ext/pg_connection.c:4814:sync_cancel,['ext']
pg,1.6.3,notifies,rb_cPGconn,pgconn_notifies,0,rb_define_method,ext/pg_connection.c,4818,ext/pg_connection.c,2368,resolved,pgconn_notifies,1.6.3;1.6.3-aarch64-linux;1.6.3-arm64-darwin;1.6.3-x86_64-darwin;1.6.3-x86_64-linux,pg:ext/pg_connection.c:4818:notifies,['ext']
pg,1.6.3,sync_put_copy_data,rb_cPGconn,pgconn_sync_put_copy_data,-1,rb_define_method,ext/pg_connection.c,4821,ext/pg_connection.c,2694,resolved,pgconn_sync_put_copy_data,1.6.3;1.6.3-aarch64-linux;1.6.3-arm64-darwin;1.6.3-x86_64-darwin;1.6.3-x86_64-linux,pg:ext/pg_connection.c:4821:sync_put_copy_data,['ext']
pg,1.6.3,sync_put_copy_end,rb_cPGconn,pgconn_sync_put_copy_end,-1,rb_define_method,ext/pg_connection.c,4822,ext/pg_connection.c,2747,resolved,pgconn_sync_put_copy_end,1.6.3;1.6.3-aarch64-linux;1.6.3-arm64-darwin;1.6.3-x86_64-darwin;1.6.3-x86_64-linux,pg:ext/pg_connection.c:4822:sync_put_copy_end,['ext']
pg,1.6.3,sync_get_copy_data,rb_cPGconn,pgconn_sync_get_copy_data,-1,rb_define_method,ext/pg_connection.c,4823,ext/pg_connection.c,2767,resolved,pgconn_sync_get_copy_data,1.6.3;1.6.3-aarch64-linux;1.6.3-arm64-darwin;1.6.3-x86_64-darwin;1.6.3-x86_64-linux,pg:ext/pg_connection.c:4823:sync_get_copy_data,['ext']
pg,1.6.3,set_error_verbosity,rb_cPGconn,pgconn_set_error_verbosity,1,rb_define_method,ext/pg_connection.c,4826,ext/pg_connection.c,2828,resolved,pgconn_set_error_verbosity,1.6.3;1.6.3-aarch64-linux;1.6.3-arm64-darwin;1.6.3-x86_64-darwin;1.6.3-x86_64-linux,pg:ext/pg_connection.c:4826:set_error_verbosity,['ext']
pg,1.6.3,set_error_context_visibility,rb_cPGconn,pgconn_set_error_context_visibility,1,rb_define_method,ext/pg_connection.c,4827,ext/pg_connection.c,2856,resolved,pgconn_set_error_context_visibility,1.6.3;1.6.3-aarch64-linux;1.6.3-arm64-darwin;1.6.3-x86_64-darwin;1.6.3-x86_64-linux,pg:ext/pg_connection.c:4827:set_error_context_visibility,['ext']
pg,1.6.3,trace,rb_cPGconn,pgconn_trace,1,rb_define_method,ext/pg_connection.c,4828,ext/pg_connection.c,2873,resolved,pgconn_trace,1.6.3;1.6.3-aarch64-linux;1.6.3-arm64-darwin;1.6.3-x86_64-darwin;1.6.3-x86_64-linux,pg:ext/pg_connection.c:4828:trace,['ext']
pg,1.6.3,untrace,rb_cPGconn,pgconn_untrace,0,rb_define_method,ext/pg_connection.c,4829,ext/pg_connection.c,2916,resolved,pgconn_untrace,1.6.3;1.6.3-aarch64-linux;1.6.3-arm64-darwin;1.6.3-x86_64-darwin;1.6.3-x86_64-linux,pg:ext/pg_connection.c:4829:untrace,['ext']
pg,1.6.3,set_notice_receiver,rb_cPGconn,pgconn_set_notice_receiver,0,rb_define_method,ext/pg_connection.c,4832,ext/pg_connection.c,2976,resolved,pgconn_set_notice_receiver,1.6.3;1.6.3-aarch64-linux;1.6.3-arm64-darwin;1.6.3-x86_64-darwin;1.6.3-x86_64-linux,pg:ext/pg_connection.c:4832:set_notice_receiver,['ext']
pg,1.6.3,set_notice_processor,rb_cPGconn,pgconn_set_notice_processor,0,rb_define_method,ext/pg_connection.c,4833,ext/pg_connection.c,3037,resolved,pgconn_set_notice_processor,1.6.3;1.6.3-aarch64-linux;1.6.3-arm64-darwin;1.6.3-x86_64-darwin;1.6.3-x86_64-linux,pg:ext/pg_connection.c:4833:set_notice_processor,['ext']
pg,1.6.3,get_client_encoding,rb_cPGconn,pgconn_get_client_encoding,0,rb_define_method,ext/pg_connection.c,4836,ext/pg_connection.c,3073,resolved,pgconn_get_client_encoding,1.6.3;1.6.3-aarch64-linux;1.6.3-arm64-darwin;1.6.3-x86_64-darwin;1.6.3-x86_64-linux,pg:ext/pg_connection.c:4836:get_client_encoding,['ext']
pg,1.6.3,sync_set_client_encoding,rb_cPGconn,pgconn_sync_set_client_encoding,1,rb_define_method,ext/pg_connection.c,4837,ext/pg_connection.c,3089,resolved,pgconn_sync_set_client_encoding,1.6.3;1.6.3-aarch64-linux;1.6.3-arm64-darwin;1.6.3-x86_64-darwin;1.6.3-x86_64-linux,pg:ext/pg_connection.c:4837:sync_set_client_encoding,['ext']
pg,1.6.3,set_client_encoding,rb_cPGconn,pgconn_async_set_client_encoding,1,rb_define_method,ext/pg_connection.c,4838,ext/pg_connection.c,4345,resolved,pgconn_async_set_client_encoding,1.6.3;1.6.3-aarch64-linux;1.6.3-arm64-darwin;1.6.3-x86_64-darwin;1.6.3-x86_64-linux,pg:ext/pg_connection.c:4838:set_client_encoding,['ext']
pg,1.6.3,block,rb_cPGconn,pgconn_block,-1,rb_define_method,ext/pg_connection.c,4841,ext/pg_connection.c,3179,resolved,pgconn_block,1.6.3;1.6.3-aarch64-linux;1.6.3-arm64-darwin;1.6.3-x86_64-darwin;1.6.3-x86_64-linux,pg:ext/pg_connection.c:4841:block,['ext']
pg,1.6.3,flush_data=,rb_cPGconn,pgconn_flush_data_set,1,rb_define_private_method,ext/pg_connection.c,4842,ext/pg_connection.c,2628,resolved,pgconn_flush_data_set,1.6.3;1.6.3-aarch64-linux;1.6.3-arm64-darwin;1.6.3-x86_64-darwin;1.6.3-x86_64-linux,pg:ext/pg_connection.c:4842:flush_data=,['ext']
pg,1.6.3,wait_for_notify,rb_cPGconn,pgconn_wait_for_notify,-1,rb_define_method,ext/pg_connection.c,4843,ext/pg_connection.c,2654,resolved,pgconn_wait_for_notify,1.6.3;1.6.3-aarch64-linux;1.6.3-arm64-darwin;1.6.3-x86_64-darwin;1.6.3-x86_64-linux,pg:ext/pg_connection.c:4843:wait_for_notify,['ext']
pg,1.6.3,quote_ident,rb_cPGconn,pgconn_s_quote_ident,1,rb_define_method,ext/pg_connection.c,4845,ext/pg_connection.c,3142,resolved,pgconn_s_quote_ident,1.6.3;1.6.3-aarch64-linux;1.6.3-arm64-darwin;1.6.3-x86_64-darwin;1.6.3-x86_64-linux,pg:ext/pg_connection.c:4845:quote_ident,['ext']
pg,1.6.3,sync_get_last_result,rb_cPGconn,pgconn_sync_get_last_result,0,rb_define_method,ext/pg_connection.c,4846,ext/pg_connection.c,3211,resolved,pgconn_sync_get_last_result,1.6.3;1.6.3-aarch64-linux;1.6.3-arm64-darwin;1.6.3-x86_64-darwin;1.6.3-x86_64-linux,pg:ext/pg_connection.c:4846:sync_get_last_result,['ext']
pg,1.6.3,get_last_result,rb_cPGconn,pgconn_async_get_last_result,0,rb_define_method,ext/pg_connection.c,4847,ext/pg_connection.c,3256,resolved,pgconn_async_get_last_result,1.6.3;1.6.3-aarch64-linux;1.6.3-arm64-darwin;1.6.3-x86_64-darwin;1.6.3-x86_64-linux,pg:ext/pg_connection.c:4847:get_last_result,['ext']
pg,1.6.3,sync_encrypt_password,rb_cPGconn,pgconn_sync_encrypt_password,-1,rb_define_method,ext/pg_connection.c,4849,ext/pg_connection.c,424,resolved,pgconn_sync_encrypt_password,1.6.3;1.6.3-aarch64-linux;1.6.3-arm64-darwin;1.6.3-x86_64-darwin;1.6.3-x86_64-linux,pg:ext/pg_connection.c:4849:sync_encrypt_password,['ext']
pg,1.6.3,ssl_in_use?,rb_cPGconn,pgconn_ssl_in_use,0,rb_define_method,ext/pg_connection.c,4851,ext/pg_connection.c,3691,resolved,pgconn_ssl_in_use,1.6.3;1.6.3-aarch64-linux;1.6.3-arm64-darwin;1.6.3-x86_64-darwin;1.6.3-x86_64-linux,pg:ext/pg_connection.c:4851:ssl_in_use?,['ext']
pg,1.6.3,ssl_attribute,rb_cPGconn,pgconn_ssl_attribute,1,rb_define_method,ext/pg_connection.c,4852,ext/pg_connection.c,3724,resolved,pgconn_ssl_attribute,1.6.3;1.6.3-aarch64-linux;1.6.3-arm64-darwin;1.6.3-x86_64-darwin;1.6.3-x86_64-linux,pg:ext/pg_connection.c:4852:ssl_attribute,['ext']
pg,1.6.3,ssl_attribute_names,rb_cPGconn,pgconn_ssl_attribute_names,0,rb_define_method,ext/pg_connection.c,4853,ext/pg_connection.c,3742,resolved,pgconn_ssl_attribute_names,1.6.3;1.6.3-aarch64-linux;1.6.3-arm64-darwin;1.6.3-x86_64-darwin;1.6.3-x86_64-linux,pg:ext/pg_connection.c:4853:ssl_attribute_names,['ext']
pg,1.6.3,pipeline_status,rb_cPGconn,pgconn_pipeline_status,0,rb_define_method,ext/pg_connection.c,4856,ext/pg_connection.c,3773,resolved,pgconn_pipeline_status,1.6.3;1.6.3-aarch64-linux;1.6.3-arm64-darwin;1.6.3-x86_64-darwin;1.6.3-x86_64-linux,pg:ext/pg_connection.c:4856:pipeline_status,['ext']
pg,1.6.3,enter_pipeline_mode,rb_cPGconn,pgconn_enter_pipeline_mode,0,rb_define_method,ext/pg_connection.c,4857,ext/pg_connection.c,3794,resolved,pgconn_enter_pipeline_mode,1.6.3;1.6.3-aarch64-linux;1.6.3-arm64-darwin;1.6.3-x86_64-darwin;1.6.3-x86_64-linux,pg:ext/pg_connection.c:4857:enter_pipeline_mode,['ext']
pg,1.6.3,exit_pipeline_mode,rb_cPGconn,pgconn_exit_pipeline_mode,0,rb_define_method,ext/pg_connection.c,4858,ext/pg_connection.c,3816,resolved,pgconn_exit_pipeline_mode,1.6.3;1.6.3-aarch64-linux;1.6.3-arm64-darwin;1.6.3-x86_64-darwin;1.6.3-x86_64-linux,pg:ext/pg_connection.c:4858:exit_pipeline_mode,['ext']
pg,1.6.3,sync_pipeline_sync,rb_cPGconn,pgconn_sync_pipeline_sync,0,rb_define_method,ext/pg_connection.c,4859,ext/pg_connection.c,3838,resolved,pgconn_sync_pipeline_sync,1.6.3;1.6.3-aarch64-linux;1.6.3-arm64-darwin;1.6.3-x86_64-darwin;1.6.3-x86_64-linux,pg:ext/pg_connection.c:4859:sync_pipeline_sync,['ext']
pg,1.6.3,send_flush_request,rb_cPGconn,pgconn_send_flush_request,0,rb_define_method,ext/pg_connection.c,4860,ext/pg_connection.c,3888,resolved,pgconn_send_flush_request,1.6.3;1.6.3-aarch64-linux;1.6.3-arm64-darwin;1.6.3-x86_64-darwin;1.6.3-x86_64-linux,pg:ext/pg_connection.c:4860:send_flush_request,['ext']
pg,1.6.3,send_pipeline_sync,rb_cPGconn,pgconn_send_pipeline_sync,0,rb_define_method,ext/pg_connection.c,4862,ext/pg_connection.c,3863,resolved,pgconn_send_pipeline_sync,1.6.3;1.6.3-aarch64-linux;1.6.3-arm64-darwin;1.6.3-x86_64-darwin;1.6.3-x86_64-linux,pg:ext/pg_connection.c:4862:send_pipeline_sync,['ext']
pg,1.6.3,lo_creat,rb_cPGconn,pgconn_locreat,-1,rb_define_method,ext/pg_connection.c,4867,,,unresolved_function_binding,pgconn_locreat,1.6.3;1.6.3-aarch64-linux;1.6.3-arm64-darwin;1.6.3-x86_64-darwin;1.6.3-x86_64-linux,pg:ext/pg_connection.c:4867:lo_creat,['ext']
pg,1.6.3,lo_create,rb_cPGconn,pgconn_locreate,1,rb_define_method,ext/pg_connection.c,4869,,,unresolved_function_binding,pgconn_locreate,1.6.3;1.6.3-aarch64-linux;1.6.3-arm64-darwin;1.6.3-x86_64-darwin;1.6.3-x86_64-linux,pg:ext/pg_connection.c:4869:lo_create,['ext']
pg,1.6.3,lo_import,rb_cPGconn,pgconn_loimport,1,rb_define_method,ext/pg_connection.c,4871,ext/pg_connection.c,3972,resolved,pgconn_loimport,1.6.3;1.6.3-aarch64-linux;1.6.3-arm64-darwin;1.6.3-x86_64-darwin;1.6.3-x86_64-linux,pg:ext/pg_connection.c:4871:lo_import,['ext']
pg,1.6.3,lo_export,rb_cPGconn,pgconn_loexport,2,rb_define_method,ext/pg_connection.c,4873,ext/pg_connection.c,3997,resolved,pgconn_loexport,1.6.3;1.6.3-aarch64-linux;1.6.3-arm64-darwin;1.6.3-x86_64-darwin;1.6.3-x86_64-linux,pg:ext/pg_connection.c:4873:lo_export,['ext']
pg,1.6.3,lo_open,rb_cPGconn,pgconn_loopen,-1,rb_define_method,ext/pg_connection.c,4875,ext/pg_connection.c,4027,resolved,pgconn_loopen,1.6.3;1.6.3-aarch64-linux;1.6.3-arm64-darwin;1.6.3-x86_64-darwin;1.6.3-x86_64-linux,pg:ext/pg_connection.c:4875:lo_open,['ext']
pg,1.6.3,lo_write,rb_cPGconn,pgconn_lowrite,2,rb_define_method,ext/pg_connection.c,4877,ext/pg_connection.c,4059,resolved,pgconn_lowrite,1.6.3;1.6.3-aarch64-linux;1.6.3-arm64-darwin;1.6.3-x86_64-darwin;1.6.3-x86_64-linux,pg:ext/pg_connection.c:4877:lo_write,['ext']
pg,1.6.3,lo_read,rb_cPGconn,pgconn_loread,2,rb_define_method,ext/pg_connection.c,4879,ext/pg_connection.c,4090,resolved,pgconn_loread,1.6.3;1.6.3-aarch64-linux;1.6.3-arm64-darwin;1.6.3-x86_64-darwin;1.6.3-x86_64-linux,pg:ext/pg_connection.c:4879:lo_read,['ext']
pg,1.6.3,lo_lseek,rb_cPGconn,pgconn_lolseek,3,rb_define_method,ext/pg_connection.c,4881,ext/pg_connection.c,4132,resolved,pgconn_lolseek,1.6.3;1.6.3-aarch64-linux;1.6.3-arm64-darwin;1.6.3-x86_64-darwin;1.6.3-x86_64-linux,pg:ext/pg_connection.c:4881:lo_lseek,['ext']
pg,1.6.3,lo_tell,rb_cPGconn,pgconn_lotell,1,rb_define_method,ext/pg_connection.c,4885,,,unresolved_function_binding,pgconn_lotell,1.6.3;1.6.3-aarch64-linux;1.6.3-arm64-darwin;1.6.3-x86_64-darwin;1.6.3-x86_64-linux,pg:ext/pg_connection.c:4885:lo_tell,['ext']
pg,1.6.3,lo_truncate,rb_cPGconn,pgconn_lotruncate,2,rb_define_method,ext/pg_connection.c,4887,,,unresolved_function_binding,pgconn_lotruncate,1.6.3;1.6.3-aarch64-linux;1.6.3-arm64-darwin;1.6.3-x86_64-darwin;1.6.3-x86_64-linux,pg:ext/pg_connection.c:4887:lo_truncate,['ext']
pg,1.6.3,lo_close,rb_cPGconn,pgconn_loclose,1,rb_define_method,ext/pg_connection.c,4889,,,unresolved_function_binding,pgconn_loclose,1.6.3;1.6.3-aarch64-linux;1.6.3-arm64-darwin;1.6.3-x86_64-darwin;1.6.3-x86_64-linux,pg:ext/pg_connection.c:4889:lo_close,['ext']
pg,1.6.3,lo_unlink,rb_cPGconn,pgconn_lounlink,1,rb_define_method,ext/pg_connection.c,4891,,,unresolved_function_binding,pgconn_lounlink,1.6.3;1.6.3-aarch64-linux;1.6.3-arm64-darwin;1.6.3-x86_64-darwin;1.6.3-x86_64-linux,pg:ext/pg_connection.c:4891:lo_unlink,['ext']
pg,1.6.3,internal_encoding,rb_cPGconn,pgconn_internal_encoding,0,rb_define_method,ext/pg_connection.c,4894,ext/pg_connection.c,4265,resolved,pgconn_internal_encoding,1.6.3;1.6.3-aarch64-linux;1.6.3-arm64-darwin;1.6.3-x86_64-darwin;1.6.3-x86_64-linux,pg:ext/pg_connection.c:4894:internal_encoding,['ext']
pg,1.6.3,internal_encoding=,rb_cPGconn,pgconn_internal_encoding_set,1,rb_define_method,ext/pg_connection.c,4895,ext/pg_connection.c,4292,resolved,pgconn_internal_encoding_set,1.6.3;1.6.3-aarch64-linux;1.6.3-arm64-darwin;1.6.3-x86_64-darwin;1.6.3-x86_64-linux,pg:ext/pg_connection.c:4895:internal_encoding=,['ext']
pg,1.6.3,external_encoding,rb_cPGconn,pgconn_external_encoding,0,rb_define_method,ext/pg_connection.c,4896,ext/pg_connection.c,4327,resolved,pgconn_external_encoding,1.6.3;1.6.3-aarch64-linux;1.6.3-arm64-darwin;1.6.3-x86_64-darwin;1.6.3-x86_64-linux,pg:ext/pg_connection.c:4896:external_encoding,['ext']
pg,1.6.3,set_default_encoding,rb_cPGconn,pgconn_set_default_encoding,0,rb_define_method,ext/pg_connection.c,4897,ext/pg_connection.c,4396,resolved,pgconn_set_default_encoding,1.6.3;1.6.3-aarch64-linux;1.6.3-arm64-darwin;1.6.3-x86_64-darwin;1.6.3-x86_64-linux,pg:ext/pg_connection.c:4897:set_default_encoding,['ext']
pg,1.6.3,type_map_for_queries=,rb_cPGconn,pgconn_type_map_for_queries_set,1,rb_define_method,ext/pg_connection.c,4899,ext/pg_connection.c,4435,resolved,pgconn_type_map_for_queries_set,1.6.3;1.6.3-aarch64-linux;1.6.3-arm64-darwin;1.6.3-x86_64-darwin;1.6.3-x86_64-linux,pg:ext/pg_connection.c:4899:type_map_for_queries=,['ext']
pg,1.6.3,type_map_for_queries,rb_cPGconn,pgconn_type_map_for_queries_get,0,rb_define_method,ext/pg_connection.c,4900,ext/pg_connection.c,4462,resolved,pgconn_type_map_for_queries_get,1.6.3;1.6.3-aarch64-linux;1.6.3-arm64-darwin;1.6.3-x86_64-darwin;1.6.3-x86_64-linux,pg:ext/pg_connection.c:4900:type_map_for_queries,['ext']
pg,1.6.3,type_map_for_results=,rb_cPGconn,pgconn_type_map_for_results_set,1,rb_define_method,ext/pg_connection.c,4901,ext/pg_connection.c,4481,resolved,pgconn_type_map_for_results_set,1.6.3;1.6.3-aarch64-linux;1.6.3-arm64-darwin;1.6.3-x86_64-darwin;1.6.3-x86_64-linux,pg:ext/pg_connection.c:4901:type_map_for_results=,['ext']
pg,1.6.3,type_map_for_results,rb_cPGconn,pgconn_type_map_for_results_get,0,rb_define_method,ext/pg_connection.c,4902,ext/pg_connection.c,4505,resolved,pgconn_type_map_for_results_get,1.6.3;1.6.3-aarch64-linux;1.6.3-arm64-darwin;1.6.3-x86_64-darwin;1.6.3-x86_64-linux,pg:ext/pg_connection.c:4902:type_map_for_results,['ext']
pg,1.6.3,encoder_for_put_copy_data=,rb_cPGconn,pgconn_encoder_for_put_copy_data_set,1,rb_define_method,ext/pg_connection.c,4903,ext/pg_connection.c,4528,resolved,pgconn_encoder_for_put_copy_data_set,1.6.3;1.6.3-aarch64-linux;1.6.3-arm64-darwin;1.6.3-x86_64-darwin;1.6.3-x86_64-linux,pg:ext/pg_connection.c:4903:encoder_for_put_copy_data=,['ext']
pg,1.6.3,encoder_for_put_copy_data,rb_cPGconn,pgconn_encoder_for_put_copy_data_get,0,rb_define_method,ext/pg_connection.c,4904,ext/pg_connection.c,4559,resolved,pgconn_encoder_for_put_copy_data_get,1.6.3;1.6.3-aarch64-linux;1.6.3-arm64-darwin;1.6.3-x86_64-darwin;1.6.3-x86_64-linux,pg:ext/pg_connection.c:4904:encoder_for_put_copy_data,['ext']
pg,1.6.3,decoder_for_get_copy_data=,rb_cPGconn,pgconn_decoder_for_get_copy_data_set,1,rb_define_method,ext/pg_connection.c,4905,ext/pg_connection.c,4581,resolved,pgconn_decoder_for_get_copy_data_set,1.6.3;1.6.3-aarch64-linux;1.6.3-arm64-darwin;1.6.3-x86_64-darwin;1.6.3-x86_64-linux,pg:ext/pg_connection.c:4905:decoder_for_get_copy_data=,['ext']
pg,1.6.3,decoder_for_get_copy_data,rb_cPGconn,pgconn_decoder_for_get_copy_data_get,0,rb_define_method,ext/pg_connection.c,4906,ext/pg_connection.c,4613,resolved,pgconn_decoder_for_get_copy_data_get,1.6.3;1.6.3-aarch64-linux;1.6.3-arm64-darwin;1.6.3-x86_64-darwin;1.6.3-x86_64-linux,pg:ext/pg_connection.c:4906:decoder_for_get_copy_data,['ext']
pg,1.6.3,field_name_type=,rb_cPGconn,pgconn_field_name_type_set,1,rb_define_method,ext/pg_connection.c,4908,ext/pg_connection.c,4637,resolved,pgconn_field_name_type_set,1.6.3;1.6.3-aarch64-linux;1.6.3-arm64-darwin;1.6.3-x86_64-darwin;1.6.3-x86_64-linux,pg:ext/pg_connection.c:4908:field_name_type=,['ext']
pg,1.6.3,field_name_type,rb_cPGconn,pgconn_field_name_type_get,0,rb_define_method,ext/pg_connection.c,4909,ext/pg_connection.c,4660,resolved,pgconn_field_name_type_get,1.6.3;1.6.3-aarch64-linux;1.6.3-arm64-darwin;1.6.3-x86_64-darwin;1.6.3-x86_64-linux,pg:ext/pg_connection.c:4909:field_name_type,['ext']
pg,1.6.3,type_map=,rb_cPG_CopyCoder,pg_copycoder_type_map_set,1,rb_define_method,ext/pg_copy_coder.c,889,ext/pg_copy_coder.c,158,resolved,pg_copycoder_type_map_set,1.6.3;1.6.3-aarch64-linux;1.6.3-arm64-darwin;1.6.3-x86_64-darwin;1.6.3-x86_64-linux,pg:ext/pg_copy_coder.c:889:type_map=,['ext']
pg,1.6.3,type_map,rb_cPG_CopyCoder,pg_copycoder_type_map_get,0,rb_define_method,ext/pg_copy_coder.c,890,ext/pg_copy_coder.c,179,resolved,pg_copycoder_type_map_get,1.6.3;1.6.3-aarch64-linux;1.6.3-arm64-darwin;1.6.3-x86_64-darwin;1.6.3-x86_64-linux,pg:ext/pg_copy_coder.c:890:type_map,['ext']
pg,1.6.3,delimiter=,rb_cPG_CopyCoder,pg_copycoder_delimiter_set,1,rb_define_method,ext/pg_copy_coder.c,891,ext/pg_copy_coder.c,95,resolved,pg_copycoder_delimiter_set,1.6.3;1.6.3-aarch64-linux;1.6.3-arm64-darwin;1.6.3-x86_64-darwin;1.6.3-x86_64-linux,pg:ext/pg_copy_coder.c:891:delimiter=,['ext']
pg,1.6.3,delimiter,rb_cPG_CopyCoder,pg_copycoder_delimiter_get,0,rb_define_method,ext/pg_copy_coder.c,892,ext/pg_copy_coder.c,113,resolved,pg_copycoder_delimiter_get,1.6.3;1.6.3-aarch64-linux;1.6.3-arm64-darwin;1.6.3-x86_64-darwin;1.6.3-x86_64-linux,pg:ext/pg_copy_coder.c:892:delimiter,['ext']
pg,1.6.3,null_string=,rb_cPG_CopyCoder,pg_copycoder_null_string_set,1,rb_define_method,ext/pg_copy_coder.c,893,ext/pg_copy_coder.c,127,resolved,pg_copycoder_null_string_set,1.6.3;1.6.3-aarch64-linux;1.6.3-arm64-darwin;1.6.3-x86_64-darwin;1.6.3-x86_64-linux,pg:ext/pg_copy_coder.c:893:null_string=,['ext']
pg,1.6.3,null_string,rb_cPG_CopyCoder,pg_copycoder_null_string_get,0,rb_define_method,ext/pg_copy_coder.c,894,ext/pg_copy_coder.c,140,resolved,pg_copycoder_null_string_get,1.6.3;1.6.3-aarch64-linux;1.6.3-arm64-darwin;1.6.3-x86_64-darwin;1.6.3-x86_64-linux,pg:ext/pg_copy_coder.c:894:null_string,['ext']
pg,1.6.3,<allocator>,rb_cPG_CopyEncoder,pg_copycoder_encoder_allocate,0,rb_define_alloc_func,ext/pg_copy_coder.c,898,ext/pg_copy_coder.c,61,resolved,pg_copycoder_encoder_allocate,1.6.3;1.6.3-aarch64-linux;1.6.3-arm64-darwin;1.6.3-x86_64-darwin;1.6.3-x86_64-linux,pg:ext/pg_copy_coder.c:898:<allocator>,['ext']
pg,1.6.3,<allocator>,rb_cPG_CopyDecoder,pg_copycoder_decoder_allocate,0,rb_define_alloc_func,ext/pg_copy_coder.c,901,ext/pg_copy_coder.c,73,resolved,pg_copycoder_decoder_allocate,1.6.3;1.6.3-aarch64-linux;1.6.3-arm64-darwin;1.6.3-x86_64-darwin;1.6.3-x86_64-linux,pg:ext/pg_copy_coder.c:901:<allocator>,['ext']
pg,1.6.3,type_map=,rb_cPG_RecordCoder,pg_recordcoder_type_map_set,1,rb_define_method,ext/pg_record_coder.c,505,ext/pg_record_coder.c,84,resolved,pg_recordcoder_type_map_set,1.6.3;1.6.3-aarch64-linux;1.6.3-arm64-darwin;1.6.3-x86_64-darwin;1.6.3-x86_64-linux,pg:ext/pg_record_coder.c:505:type_map=,['ext']
pg,1.6.3,type_map,rb_cPG_RecordCoder,pg_recordcoder_type_map_get,0,rb_define_method,ext/pg_record_coder.c,506,ext/pg_record_coder.c,105,resolved,pg_recordcoder_type_map_get,1.6.3;1.6.3-aarch64-linux;1.6.3-arm64-darwin;1.6.3-x86_64-darwin;1.6.3-x86_64-linux,pg:ext/pg_record_coder.c:506:type_map,['ext']
pg,1.6.3,<allocator>,rb_cPG_RecordEncoder,pg_recordcoder_encoder_allocate,0,rb_define_alloc_func,ext/pg_record_coder.c,510,ext/pg_record_coder.c,53,resolved,pg_recordcoder_encoder_allocate,1.6.3;1.6.3-aarch64-linux;1.6.3-arm64-darwin;1.6.3-x86_64-darwin;1.6.3-x86_64-linux,pg:ext/pg_record_coder.c:510:<allocator>,['ext']
pg,1.6.3,<allocator>,rb_cPG_RecordDecoder,pg_recordcoder_decoder_allocate,0,rb_define_alloc_func,ext/pg_record_coder.c,513,ext/pg_record_coder.c,63,resolved,pg_recordcoder_decoder_allocate,1.6.3;1.6.3-aarch64-linux;1.6.3-arm64-darwin;1.6.3-x86_64-darwin;1.6.3-x86_64-linux,pg:ext/pg_record_coder.c:513:<allocator>,['ext']
pg,1.6.3,result_status,rb_cPGresult,pgresult_result_status,0,rb_define_method,ext/pg_result.c,1759,ext/pg_result.c,582,resolved,pgresult_result_status,1.6.3;1.6.3-aarch64-linux;1.6.3-arm64-darwin;1.6.3-x86_64-darwin;1.6.3-x86_64-linux,pg:ext/pg_result.c:1759:result_status,['ext']
pg,1.6.3,res_status,rb_cPGresult,pgresult_res_status,-1,rb_define_method,ext/pg_result.c,1760,ext/pg_result.c,609,resolved,pgresult_res_status,1.6.3;1.6.3-aarch64-linux;1.6.3-arm64-darwin;1.6.3-x86_64-darwin;1.6.3-x86_64-linux,pg:ext/pg_result.c:1760:res_status,['ext']
pg,1.6.3,res_status,rb_cPGresult,pgresult_s_res_status,1,rb_define_singleton_method,ext/pg_result.c,1761,ext/pg_result.c,595,resolved,pgresult_s_res_status,1.6.3;1.6.3-aarch64-linux;1.6.3-arm64-darwin;1.6.3-x86_64-darwin;1.6.3-x86_64-linux,pg:ext/pg_result.c:1761:res_status,['ext']
pg,1.6.3,error_message,rb_cPGresult,pgresult_error_message,0,rb_define_method,ext/pg_result.c,1762,ext/pg_result.c,632,resolved,pgresult_error_message,1.6.3;1.6.3-aarch64-linux;1.6.3-arm64-darwin;1.6.3-x86_64-darwin;1.6.3-x86_64-linux,pg:ext/pg_result.c:1762:error_message,['ext']
pg,1.6.3,verbose_error_message,rb_cPGresult,pgresult_verbose_error_message,2,rb_define_method,ext/pg_result.c,1764,ext/pg_result.c,648,resolved,pgresult_verbose_error_message,1.6.3;1.6.3-aarch64-linux;1.6.3-arm64-darwin;1.6.3-x86_64-darwin;1.6.3-x86_64-linux,pg:ext/pg_result.c:1764:verbose_error_message,['ext']
pg,1.6.3,error_field,rb_cPGresult,pgresult_error_field,1,rb_define_method,ext/pg_result.c,1766,ext/pg_result.c,712,resolved,pgresult_error_field,1.6.3;1.6.3-aarch64-linux;1.6.3-arm64-darwin;1.6.3-x86_64-darwin;1.6.3-x86_64-linux,pg:ext/pg_result.c:1766:error_field,['ext']
pg,1.6.3,clear,rb_cPGresult,pg_result_clear,0,rb_define_method,ext/pg_result.c,1768,ext/pg_result.c,373,resolved,pg_result_clear,1.6.3;1.6.3-aarch64-linux;1.6.3-arm64-darwin;1.6.3-x86_64-darwin;1.6.3-x86_64-linux,pg:ext/pg_result.c:1768:clear,['ext']
pg,1.6.3,freeze,rb_cPGresult,pg_result_freeze,0,rb_define_method,ext/pg_result.c,1769,ext/pg_result.c,392,resolved,pg_result_freeze,1.6.3;1.6.3-aarch64-linux;1.6.3-arm64-darwin;1.6.3-x86_64-darwin;1.6.3-x86_64-linux,pg:ext/pg_result.c:1769:freeze,['ext']
pg,1.6.3,check,rb_cPGresult,pg_result_check,0,rb_define_method,ext/pg_result.c,1770,ext/pg_result.c,295,resolved,pg_result_check,1.6.3;1.6.3-aarch64-linux;1.6.3-arm64-darwin;1.6.3-x86_64-darwin;1.6.3-x86_64-linux,pg:ext/pg_result.c:1770:check,['ext']
pg,1.6.3,ntuples,rb_cPGresult,pgresult_ntuples,0,rb_define_method,ext/pg_result.c,1772,ext/pg_result.c,738,resolved,pgresult_ntuples,1.6.3;1.6.3-aarch64-linux;1.6.3-arm64-darwin;1.6.3-x86_64-darwin;1.6.3-x86_64-linux,pg:ext/pg_result.c:1772:ntuples,['ext']
pg,1.6.3,nfields,rb_cPGresult,pgresult_nfields,0,rb_define_method,ext/pg_result.c,1774,ext/pg_result.c,759,resolved,pgresult_nfields,1.6.3;1.6.3-aarch64-linux;1.6.3-arm64-darwin;1.6.3-x86_64-darwin;1.6.3-x86_64-linux,pg:ext/pg_result.c:1774:nfields,['ext']
pg,1.6.3,binary_tuples,rb_cPGresult,pgresult_binary_tuples,0,rb_define_method,ext/pg_result.c,1776,ext/pg_result.c,774,resolved,pgresult_binary_tuples,1.6.3;1.6.3-aarch64-linux;1.6.3-arm64-darwin;1.6.3-x86_64-darwin;1.6.3-x86_64-linux,pg:ext/pg_result.c:1776:binary_tuples,['ext']
pg,1.6.3,fname,rb_cPGresult,pgresult_fname,1,rb_define_method,ext/pg_result.c,1777,ext/pg_result.c,790,resolved,pgresult_fname,1.6.3;1.6.3-aarch64-linux;1.6.3-arm64-darwin;1.6.3-x86_64-darwin;1.6.3-x86_64-linux,pg:ext/pg_result.c:1777:fname,['ext']
pg,1.6.3,fnumber,rb_cPGresult,pgresult_fnumber,1,rb_define_method,ext/pg_result.c,1778,ext/pg_result.c,828,resolved,pgresult_fnumber,1.6.3;1.6.3-aarch64-linux;1.6.3-arm64-darwin;1.6.3-x86_64-darwin;1.6.3-x86_64-linux,pg:ext/pg_result.c:1778:fnumber,['ext']
pg,1.6.3,ftable,rb_cPGresult,pgresult_ftable,1,rb_define_method,ext/pg_result.c,1779,ext/pg_result.c,852,resolved,pgresult_ftable,1.6.3;1.6.3-aarch64-linux;1.6.3-arm64-darwin;1.6.3-x86_64-darwin;1.6.3-x86_64-linux,pg:ext/pg_result.c:1779:ftable,['ext']
pg,1.6.3,ftablecol,rb_cPGresult,pgresult_ftablecol,1,rb_define_method,ext/pg_result.c,1780,ext/pg_result.c,876,resolved,pgresult_ftablecol,1.6.3;1.6.3-aarch64-linux;1.6.3-arm64-darwin;1.6.3-x86_64-darwin;1.6.3-x86_64-linux,pg:ext/pg_result.c:1780:ftablecol,['ext']
pg,1.6.3,fformat,rb_cPGresult,pgresult_fformat,1,rb_define_method,ext/pg_result.c,1781,ext/pg_result.c,900,resolved,pgresult_fformat,1.6.3;1.6.3-aarch64-linux;1.6.3-arm64-darwin;1.6.3-x86_64-darwin;1.6.3-x86_64-linux,pg:ext/pg_result.c:1781:fformat,['ext']
pg,1.6.3,ftype,rb_cPGresult,pgresult_ftype,1,rb_define_method,ext/pg_result.c,1782,ext/pg_result.c,930,resolved,pgresult_ftype,1.6.3;1.6.3-aarch64-linux;1.6.3-arm64-darwin;1.6.3-x86_64-darwin;1.6.3-x86_64-linux,pg:ext/pg_result.c:1782:ftype,['ext']
pg,1.6.3,fmod,rb_cPGresult,pgresult_fmod,1,rb_define_method,ext/pg_result.c,1783,ext/pg_result.c,950,resolved,pgresult_fmod,1.6.3;1.6.3-aarch64-linux;1.6.3-arm64-darwin;1.6.3-x86_64-darwin;1.6.3-x86_64-linux,pg:ext/pg_result.c:1783:fmod,['ext']
pg,1.6.3,fsize,rb_cPGresult,pgresult_fsize,1,rb_define_method,ext/pg_result.c,1784,ext/pg_result.c,975,resolved,pgresult_fsize,1.6.3;1.6.3-aarch64-linux;1.6.3-arm64-darwin;1.6.3-x86_64-darwin;1.6.3-x86_64-linux,pg:ext/pg_result.c:1784:fsize,['ext']
pg,1.6.3,getvalue,rb_cPGresult,pgresult_getvalue,2,rb_define_method,ext/pg_result.c,1785,ext/pg_result.c,996,resolved,pgresult_getvalue,1.6.3;1.6.3-aarch64-linux;1.6.3-arm64-darwin;1.6.3-x86_64-darwin;1.6.3-x86_64-linux,pg:ext/pg_result.c:1785:getvalue,['ext']
pg,1.6.3,getisnull,rb_cPGresult,pgresult_getisnull,2,rb_define_method,ext/pg_result.c,1786,ext/pg_result.c,1018,resolved,pgresult_getisnull,1.6.3;1.6.3-aarch64-linux;1.6.3-arm64-darwin;1.6.3-x86_64-darwin;1.6.3-x86_64-linux,pg:ext/pg_result.c:1786:getisnull,['ext']
pg,1.6.3,getlength,rb_cPGresult,pgresult_getlength,2,rb_define_method,ext/pg_result.c,1787,ext/pg_result.c,1043,resolved,pgresult_getlength,1.6.3;1.6.3-aarch64-linux;1.6.3-arm64-darwin;1.6.3-x86_64-darwin;1.6.3-x86_64-linux,pg:ext/pg_result.c:1787:getlength,['ext']
pg,1.6.3,nparams,rb_cPGresult,pgresult_nparams,0,rb_define_method,ext/pg_result.c,1788,ext/pg_result.c,1067,resolved,pgresult_nparams,1.6.3;1.6.3-aarch64-linux;1.6.3-arm64-darwin;1.6.3-x86_64-darwin;1.6.3-x86_64-linux,pg:ext/pg_result.c:1788:nparams,['ext']
pg,1.6.3,paramtype,rb_cPGresult,pgresult_paramtype,1,rb_define_method,ext/pg_result.c,1789,ext/pg_result.c,1083,resolved,pgresult_paramtype,1.6.3;1.6.3-aarch64-linux;1.6.3-arm64-darwin;1.6.3-x86_64-darwin;1.6.3-x86_64-linux,pg:ext/pg_result.c:1789:paramtype,['ext']
pg,1.6.3,cmd_status,rb_cPGresult,pgresult_cmd_status,0,rb_define_method,ext/pg_result.c,1790,ext/pg_result.c,1098,resolved,pgresult_cmd_status,1.6.3;1.6.3-aarch64-linux;1.6.3-arm64-darwin;1.6.3-x86_64-darwin;1.6.3-x86_64-linux,pg:ext/pg_result.c:1790:cmd_status,['ext']
pg,1.6.3,cmd_tuples,rb_cPGresult,pgresult_cmd_tuples,0,rb_define_method,ext/pg_result.c,1791,ext/pg_result.c,1127,resolved,pgresult_cmd_tuples,1.6.3;1.6.3-aarch64-linux;1.6.3-arm64-darwin;1.6.3-x86_64-darwin;1.6.3-x86_64-linux,pg:ext/pg_result.c:1791:cmd_tuples,['ext']
pg,1.6.3,oid_value,rb_cPGresult,pgresult_oid_value,0,rb_define_method,ext/pg_result.c,1793,ext/pg_result.c,1142,resolved,pgresult_oid_value,1.6.3;1.6.3-aarch64-linux;1.6.3-arm64-darwin;1.6.3-x86_64-darwin;1.6.3-x86_64-linux,pg:ext/pg_result.c:1793:oid_value,['ext']
pg,1.6.3,[],rb_cPGresult,pgresult_aref,1,rb_define_method,ext/pg_result.c,1796,ext/pg_result.c,1163,resolved,pgresult_aref,1.6.3;1.6.3-aarch64-linux;1.6.3-arm64-darwin;1.6.3-x86_64-darwin;1.6.3-x86_64-linux,pg:ext/pg_result.c:1796:[],['ext']
pg,1.6.3,each,rb_cPGresult,pgresult_each,0,rb_define_method,ext/pg_result.c,1797,ext/pg_result.c,1417,resolved,pgresult_each,1.6.3;1.6.3-aarch64-linux;1.6.3-arm64-darwin;1.6.3-x86_64-darwin;1.6.3-x86_64-linux,pg:ext/pg_result.c:1797:each,['ext']
pg,1.6.3,fields,rb_cPGresult,pgresult_fields,0,rb_define_method,ext/pg_result.c,1798,ext/pg_result.c,1442,resolved,pgresult_fields,1.6.3;1.6.3-aarch64-linux;1.6.3-arm64-darwin;1.6.3-x86_64-darwin;1.6.3-x86_64-linux,pg:ext/pg_result.c:1798:fields,['ext']
pg,1.6.3,each_row,rb_cPGresult,pgresult_each_row,0,rb_define_method,ext/pg_result.c,1799,ext/pg_result.c,1196,resolved,pgresult_each_row,1.6.3;1.6.3-aarch64-linux;1.6.3-arm64-darwin;1.6.3-x86_64-darwin;1.6.3-x86_64-linux,pg:ext/pg_result.c:1799:each_row,['ext']
pg,1.6.3,values,rb_cPGresult,pgresult_values,0,rb_define_method,ext/pg_result.c,1800,ext/pg_result.c,1233,resolved,pgresult_values,1.6.3;1.6.3-aarch64-linux;1.6.3-arm64-darwin;1.6.3-x86_64-darwin;1.6.3-x86_64-linux,pg:ext/pg_result.c:1800:values,['ext']
pg,1.6.3,column_values,rb_cPGresult,pgresult_column_values,1,rb_define_method,ext/pg_result.c,1801,ext/pg_result.c,1289,resolved,pgresult_column_values,1.6.3;1.6.3-aarch64-linux;1.6.3-arm64-darwin;1.6.3-x86_64-darwin;1.6.3-x86_64-linux,pg:ext/pg_result.c:1801:column_values,['ext']
pg,1.6.3,field_values,rb_cPGresult,pgresult_field_values,1,rb_define_method,ext/pg_result.c,1802,ext/pg_result.c,1306,resolved,pgresult_field_values,1.6.3;1.6.3-aarch64-linux;1.6.3-arm64-darwin;1.6.3-x86_64-darwin;1.6.3-x86_64-linux,pg:ext/pg_result.c:1802:field_values,['ext']
pg,1.6.3,tuple_values,rb_cPGresult,pgresult_tuple_values,1,rb_define_method,ext/pg_result.c,1803,ext/pg_result.c,1333,resolved,pgresult_tuple_values,1.6.3;1.6.3-aarch64-linux;1.6.3-arm64-darwin;1.6.3-x86_64-darwin;1.6.3-x86_64-linux,pg:ext/pg_result.c:1803:tuple_values,['ext']
pg,1.6.3,tuple,rb_cPGresult,pgresult_tuple,1,rb_define_method,ext/pg_result.c,1804,ext/pg_result.c,1389,resolved,pgresult_tuple,1.6.3;1.6.3-aarch64-linux;1.6.3-arm64-darwin;1.6.3-x86_64-darwin;1.6.3-x86_64-linux,pg:ext/pg_result.c:1804:tuple,['ext']
pg,1.6.3,cleared?,rb_cPGresult,pgresult_cleared_p,0,rb_define_method,ext/pg_result.c,1805,ext/pg_result.c,408,resolved,pgresult_cleared_p,1.6.3;1.6.3-aarch64-linux;1.6.3-arm64-darwin;1.6.3-x86_64-darwin;1.6.3-x86_64-linux,pg:ext/pg_result.c:1805:cleared?,['ext']
pg,1.6.3,autoclear?,rb_cPGresult,pgresult_autoclear_p,0,rb_define_method,ext/pg_result.c,1806,ext/pg_result.c,425,resolved,pgresult_autoclear_p,1.6.3;1.6.3-aarch64-linux;1.6.3-arm64-darwin;1.6.3-x86_64-darwin;1.6.3-x86_64-linux,pg:ext/pg_result.c:1806:autoclear?,['ext']
pg,1.6.3,type_map=,rb_cPGresult,pgresult_type_map_set,1,rb_define_method,ext/pg_result.c,1808,ext/pg_result.c,1467,resolved,pgresult_type_map_set,1.6.3;1.6.3-aarch64-linux;1.6.3-arm64-darwin;1.6.3-x86_64-darwin;1.6.3-x86_64-linux,pg:ext/pg_result.c:1808:type_map=,['ext']
pg,1.6.3,type_map,rb_cPGresult,pgresult_type_map_get,0,rb_define_method,ext/pg_result.c,1809,ext/pg_result.c,1492,resolved,pgresult_type_map_get,1.6.3;1.6.3-aarch64-linux;1.6.3-arm64-darwin;1.6.3-x86_64-darwin;1.6.3-x86_64-linux,pg:ext/pg_result.c:1809:type_map,['ext']
pg,1.6.3,stream_each,rb_cPGresult,pgresult_stream_each,0,rb_define_method,ext/pg_result.c,1812,ext/pg_result.c,1648,resolved,pgresult_stream_each,1.6.3;1.6.3-aarch64-linux;1.6.3-arm64-darwin;1.6.3-x86_64-darwin;1.6.3-x86_64-linux,pg:ext/pg_result.c:1812:stream_each,['ext']
pg,1.6.3,stream_each_row,rb_cPGresult,pgresult_stream_each_row,0,rb_define_method,ext/pg_result.c,1813,ext/pg_result.c,1664,resolved,pgresult_stream_each_row,1.6.3;1.6.3-aarch64-linux;1.6.3-arm64-darwin;1.6.3-x86_64-darwin;1.6.3-x86_64-linux,pg:ext/pg_result.c:1813:stream_each_row,['ext']
pg,1.6.3,stream_each_tuple,rb_cPGresult,pgresult_stream_each_tuple,0,rb_define_method,ext/pg_result.c,1814,ext/pg_result.c,1678,resolved,pgresult_stream_each_tuple,1.6.3;1.6.3-aarch64-linux;1.6.3-arm64-darwin;1.6.3-x86_64-darwin;1.6.3-x86_64-linux,pg:ext/pg_result.c:1814:stream_each_tuple,['ext']
pg,1.6.3,field_name_type=,rb_cPGresult,pgresult_field_name_type_set,1,rb_define_method,ext/pg_result.c,1816,ext/pg_result.c,1708,resolved,pgresult_field_name_type_set,1.6.3;1.6.3-aarch64-linux;1.6.3-arm64-darwin;1.6.3-x86_64-darwin;1.6.3-x86_64-linux,pg:ext/pg_result.c:1816:field_name_type=,['ext']
pg,1.6.3,field_name_type,rb_cPGresult,pgresult_field_name_type_get,0,rb_define_method,ext/pg_result.c,1817,ext/pg_result.c,1733,resolved,pgresult_field_name_type_get,1.6.3;1.6.3-aarch64-linux;1.6.3-arm64-darwin;1.6.3-x86_64-darwin;1.6.3-x86_64-linux,pg:ext/pg_result.c:1817:field_name_type,['ext']
pg,1.6.3,init_inet,rb_singleton_class(rb_mPG_TextDecoder),init_pg_text_decoder_inet,0,rb_define_private_method,ext/pg_text_decoder.c,985,ext/pg_text_decoder.c,941,resolved,init_pg_text_decoder_inet,1.6.3;1.6.3-aarch64-linux;1.6.3-arm64-darwin;1.6.3-x86_64-darwin;1.6.3-x86_64-linux,pg:ext/pg_text_decoder.c:985:init_inet,['ext']
pg,1.6.3,init_numeric,rb_singleton_class(rb_mPG_TextDecoder),init_pg_text_decoder_numeric,0,rb_define_private_method,ext/pg_text_decoder.c,986,ext/pg_text_decoder.c,176,resolved,init_pg_text_decoder_numeric,1.6.3;1.6.3-aarch64-linux;1.6.3-arm64-darwin;1.6.3-x86_64-darwin;1.6.3-x86_64-linux,pg:ext/pg_text_decoder.c:986:init_numeric,['ext']
pg,1.6.3,init_numeric,rb_singleton_class(rb_mPG_TextEncoder),init_pg_text_encoder_numeric,0,rb_define_private_method,ext/pg_text_encoder.c,824,ext/pg_text_encoder.c,381,resolved,init_pg_text_encoder_numeric,1.6.3;1.6.3-aarch64-linux;1.6.3-arm64-darwin;1.6.3-x86_64-darwin;1.6.3-x86_64-linux,pg:ext/pg_text_encoder.c:824:init_numeric,['ext']
pg,1.6.3,<allocator>,rb_cPG_Tuple,pg_tuple_s_allocate,0,rb_define_alloc_func,ext/pg_tuple.c,554,ext/pg_tuple.c,140,resolved,pg_tuple_s_allocate,1.6.3;1.6.3-aarch64-linux;1.6.3-arm64-darwin;1.6.3-x86_64-darwin;1.6.3-x86_64-linux,pg:ext/pg_tuple.c:554:<allocator>,['ext']
pg,1.6.3,fetch,rb_cPG_Tuple,pg_tuple_fetch,-1,rb_define_method,ext/pg_tuple.c,557,ext/pg_tuple.c,252,resolved,pg_tuple_fetch,1.6.3;1.6.3-aarch64-linux;1.6.3-arm64-darwin;1.6.3-x86_64-darwin;1.6.3-x86_64-linux,pg:ext/pg_tuple.c:557:fetch,['ext']
pg,1.6.3,[],rb_cPG_Tuple,pg_tuple_aref,1,rb_define_method,ext/pg_tuple.c,558,ext/pg_tuple.c,309,resolved,pg_tuple_aref,1.6.3;1.6.3-aarch64-linux;1.6.3-arm64-darwin;1.6.3-x86_64-darwin;1.6.3-x86_64-linux,pg:ext/pg_tuple.c:558:[],['ext']
pg,1.6.3,each,rb_cPG_Tuple,pg_tuple_each,0,rb_define_method,ext/pg_tuple.c,559,ext/pg_tuple.c,355,resolved,pg_tuple_each,1.6.3;1.6.3-aarch64-linux;1.6.3-arm64-darwin;1.6.3-x86_64-darwin;1.6.3-x86_64-linux,pg:ext/pg_tuple.c:559:each,['ext']
pg,1.6.3,each_value,rb_cPG_Tuple,pg_tuple_each_value,0,rb_define_method,ext/pg_tuple.c,560,ext/pg_tuple.c,385,resolved,pg_tuple_each_value,1.6.3;1.6.3-aarch64-linux;1.6.3-arm64-darwin;1.6.3-x86_64-darwin;1.6.3-x86_64-linux,pg:ext/pg_tuple.c:560:each_value,['ext']
pg,1.6.3,values,rb_cPG_Tuple,pg_tuple_values,0,rb_define_method,ext/pg_tuple.c,561,ext/pg_tuple.c,410,resolved,pg_tuple_values,1.6.3;1.6.3-aarch64-linux;1.6.3-arm64-darwin;1.6.3-x86_64-darwin;1.6.3-x86_64-linux,pg:ext/pg_tuple.c:561:values,['ext']
pg,1.6.3,length,rb_cPG_Tuple,pg_tuple_length,0,rb_define_method,ext/pg_tuple.c,562,ext/pg_tuple.c,439,resolved,pg_tuple_length,1.6.3;1.6.3-aarch64-linux;1.6.3-arm64-darwin;1.6.3-x86_64-darwin;1.6.3-x86_64-linux,pg:ext/pg_tuple.c:562:length,['ext']
pg,1.6.3,index,rb_cPG_Tuple,pg_tuple_index,1,rb_define_method,ext/pg_tuple.c,564,ext/pg_tuple.c,452,resolved,pg_tuple_index,1.6.3;1.6.3-aarch64-linux;1.6.3-arm64-darwin;1.6.3-x86_64-darwin;1.6.3-x86_64-linux,pg:ext/pg_tuple.c:564:index,['ext']
pg,1.6.3,field_map,rb_cPG_Tuple,pg_tuple_field_map,0,rb_define_private_method,ext/pg_tuple.c,566,ext/pg_tuple.c,419,resolved,pg_tuple_field_map,1.6.3;1.6.3-aarch64-linux;1.6.3-arm64-darwin;1.6.3-x86_64-darwin;1.6.3-x86_64-linux,pg:ext/pg_tuple.c:566:field_map,['ext']
pg,1.6.3,field_names,rb_cPG_Tuple,pg_tuple_field_names,0,rb_define_private_method,ext/pg_tuple.c,567,ext/pg_tuple.c,426,resolved,pg_tuple_field_names,1.6.3;1.6.3-aarch64-linux;1.6.3-arm64-darwin;1.6.3-x86_64-darwin;1.6.3-x86_64-linux,pg:ext/pg_tuple.c:567:field_names,['ext']
pg,1.6.3,marshal_dump,rb_cPG_Tuple,pg_tuple_dump,0,rb_define_private_method,ext/pg_tuple.c,570,ext/pg_tuple.c,460,resolved,pg_tuple_dump,1.6.3;1.6.3-aarch64-linux;1.6.3-arm64-darwin;1.6.3-x86_64-darwin;1.6.3-x86_64-linux,pg:ext/pg_tuple.c:570:marshal_dump,['ext']
pg,1.6.3,marshal_load,rb_cPG_Tuple,pg_tuple_load,1,rb_define_private_method,ext/pg_tuple.c,571,ext/pg_tuple.c,482,resolved,pg_tuple_load,1.6.3;1.6.3-aarch64-linux;1.6.3-arm64-darwin;1.6.3-x86_64-darwin;1.6.3-x86_64-linux,pg:ext/pg_tuple.c:571:marshal_load,['ext']
pg,1.6.3,<allocator>,rb_cTypeMap,pg_typemap_s_allocate,0,rb_define_alloc_func,ext/pg_type_map.c,196,ext/pg_type_map.c,106,resolved,pg_typemap_s_allocate,1.6.3;1.6.3-aarch64-linux;1.6.3-arm64-darwin;1.6.3-x86_64-darwin;1.6.3-x86_64-linux,pg:ext/pg_type_map.c:196:<allocator>,['ext']
pg,1.6.3,default_type_map=,rb_mDefaultTypeMappable,pg_typemap_default_type_map_set,1,rb_define_method,ext/pg_type_map.c,199,ext/pg_type_map.c,128,resolved,pg_typemap_default_type_map_set,1.6.3;1.6.3-aarch64-linux;1.6.3-arm64-darwin;1.6.3-x86_64-darwin;1.6.3-x86_64-linux,pg:ext/pg_type_map.c:199:default_type_map=,['ext']
pg,1.6.3,default_type_map,rb_mDefaultTypeMappable,pg_typemap_default_type_map_get,0,rb_define_method,ext/pg_type_map.c,200,ext/pg_type_map.c,153,resolved,pg_typemap_default_type_map_get,1.6.3;1.6.3-aarch64-linux;1.6.3-arm64-darwin;1.6.3-x86_64-darwin;1.6.3-x86_64-linux,pg:ext/pg_type_map.c:200:default_type_map,['ext']
pg,1.6.3,with_default_type_map,rb_mDefaultTypeMappable,pg_typemap_with_default_type_map,1,rb_define_method,ext/pg_type_map.c,201,ext/pg_type_map.c,172,resolved,pg_typemap_with_default_type_map,1.6.3;1.6.3-aarch64-linux;1.6.3-arm64-darwin;1.6.3-x86_64-darwin;1.6.3-x86_64-linux,pg:ext/pg_type_map.c:201:with_default_type_map,['ext']
pg,1.6.3,<allocator>,rb_cTypeMapAllStrings,pg_tmas_s_allocate,0,rb_define_alloc_func,ext/pg_type_map_all_strings.c,126,ext/pg_type_map_all_strings.c,88,resolved,pg_tmas_s_allocate,1.6.3;1.6.3-aarch64-linux;1.6.3-arm64-darwin;1.6.3-x86_64-darwin;1.6.3-x86_64-linux,pg:ext/pg_type_map_all_strings.c:126:<allocator>,['ext']
pg,1.6.3,<allocator>,rb_cTypeMapByClass,pg_tmbk_s_allocate,0,rb_define_alloc_func,ext/pg_type_map_by_class.c,265,ext/pg_type_map_by_class.c,163,resolved,pg_tmbk_s_allocate,1.6.3;1.6.3-aarch64-linux;1.6.3-arm64-darwin;1.6.3-x86_64-darwin;1.6.3-x86_64-linux,pg:ext/pg_type_map_by_class.c:265:<allocator>,['ext']
pg,1.6.3,[]=,rb_cTypeMapByClass,pg_tmbk_aset,2,rb_define_method,ext/pg_type_map_by_class.c,266,ext/pg_type_map_by_class.c,203,resolved,pg_tmbk_aset,1.6.3;1.6.3-aarch64-linux;1.6.3-arm64-darwin;1.6.3-x86_64-darwin;1.6.3-x86_64-linux,pg:ext/pg_type_map_by_class.c:266:[]=,['ext']
pg,1.6.3,[],rb_cTypeMapByClass,pg_tmbk_aref,1,rb_define_method,ext/pg_type_map_by_class.c,267,ext/pg_type_map_by_class.c,229,resolved,pg_tmbk_aref,1.6.3;1.6.3-aarch64-linux;1.6.3-arm64-darwin;1.6.3-x86_64-darwin;1.6.3-x86_64-linux,pg:ext/pg_type_map_by_class.c:267:[],['ext']
pg,1.6.3,coders,rb_cTypeMapByClass,pg_tmbk_coders,0,rb_define_method,ext/pg_type_map_by_class.c,268,ext/pg_type_map_by_class.c,243,resolved,pg_tmbk_coders,1.6.3;1.6.3-aarch64-linux;1.6.3-arm64-darwin;1.6.3-x86_64-darwin;1.6.3-x86_64-linux,pg:ext/pg_type_map_by_class.c:268:coders,['ext']
pg,1.6.3,<allocator>,rb_cTypeMapByColumn,pg_tmbc_s_allocate,0,rb_define_alloc_func,ext/pg_type_map_by_column.c,351,ext/pg_type_map_by_column.c,239,resolved,pg_tmbc_s_allocate,1.6.3;1.6.3-aarch64-linux;1.6.3-arm64-darwin;1.6.3-x86_64-darwin;1.6.3-x86_64-linux,pg:ext/pg_type_map_by_column.c:351:<allocator>,['ext']
pg,1.6.3,initialize,rb_cTypeMapByColumn,pg_tmbc_init,1,rb_define_method,ext/pg_type_map_by_column.c,352,ext/pg_type_map_by_column.c,263,resolved,pg_tmbc_init,1.6.3;1.6.3-aarch64-linux;1.6.3-arm64-darwin;1.6.3-x86_64-darwin;1.6.3-x86_64-linux,pg:ext/pg_type_map_by_column.c:352:initialize,['ext']
pg,1.6.3,coders,rb_cTypeMapByColumn,pg_tmbc_coders,0,rb_define_method,ext/pg_type_map_by_column.c,353,ext/pg_type_map_by_column.c,308,resolved,pg_tmbc_coders,1.6.3;1.6.3-aarch64-linux;1.6.3-arm64-darwin;1.6.3-x86_64-darwin;1.6.3-x86_64-linux,pg:ext/pg_type_map_by_column.c:353:coders,['ext']
pg,1.6.3,<allocator>,rb_cTypeMapByMriType,pg_tmbmt_s_allocate,0,rb_define_alloc_func,ext/pg_type_map_by_mri_type.c,308,ext/pg_type_map_by_mri_type.c,145,resolved,pg_tmbmt_s_allocate,1.6.3;1.6.3-aarch64-linux;1.6.3-arm64-darwin;1.6.3-x86_64-darwin;1.6.3-x86_64-linux,pg:ext/pg_type_map_by_mri_type.c:308:<allocator>,['ext']
pg,1.6.3,[]=,rb_cTypeMapByMriType,pg_tmbmt_aset,2,rb_define_method,ext/pg_type_map_by_mri_type.c,309,ext/pg_type_map_by_mri_type.c,217,resolved,pg_tmbmt_aset,1.6.3;1.6.3-aarch64-linux;1.6.3-arm64-darwin;1.6.3-x86_64-darwin;1.6.3-x86_64-linux,pg:ext/pg_type_map_by_mri_type.c:309:[]=,['ext']
pg,1.6.3,[],rb_cTypeMapByMriType,pg_tmbmt_aref,1,rb_define_method,ext/pg_type_map_by_mri_type.c,310,ext/pg_type_map_by_mri_type.c,248,resolved,pg_tmbmt_aref,1.6.3;1.6.3-aarch64-linux;1.6.3-arm64-darwin;1.6.3-x86_64-darwin;1.6.3-x86_64-linux,pg:ext/pg_type_map_by_mri_type.c:310:[],['ext']
pg,1.6.3,coders,rb_cTypeMapByMriType,pg_tmbmt_coders,0,rb_define_method,ext/pg_type_map_by_mri_type.c,311,ext/pg_type_map_by_mri_type.c,277,resolved,pg_tmbmt_coders,1.6.3;1.6.3-aarch64-linux;1.6.3-arm64-darwin;1.6.3-x86_64-darwin;1.6.3-x86_64-linux,pg:ext/pg_type_map_by_mri_type.c:311:coders,['ext']
pg,1.6.3,<allocator>,rb_cTypeMapByOid,pg_tmbo_s_allocate,0,rb_define_alloc_func,ext/pg_type_map_by_oid.c,381,ext/pg_type_map_by_oid.c,200,resolved,pg_tmbo_s_allocate,1.6.3;1.6.3-aarch64-linux;1.6.3-arm64-darwin;1.6.3-x86_64-darwin;1.6.3-x86_64-linux,pg:ext/pg_type_map_by_oid.c:381:<allocator>,['ext']
pg,1.6.3,add_coder,rb_cTypeMapByOid,pg_tmbo_add_coder,1,rb_define_method,ext/pg_type_map_by_oid.c,382,ext/pg_type_map_by_oid.c,237,resolved,pg_tmbo_add_coder,1.6.3;1.6.3-aarch64-linux;1.6.3-arm64-darwin;1.6.3-x86_64-darwin;1.6.3-x86_64-linux,pg:ext/pg_type_map_by_oid.c:382:add_coder,['ext']
pg,1.6.3,rm_coder,rb_cTypeMapByOid,pg_tmbo_rm_coder,2,rb_define_method,ext/pg_type_map_by_oid.c,383,ext/pg_type_map_by_oid.c,271,resolved,pg_tmbo_rm_coder,1.6.3;1.6.3-aarch64-linux;1.6.3-arm64-darwin;1.6.3-x86_64-darwin;1.6.3-x86_64-linux,pg:ext/pg_type_map_by_oid.c:383:rm_coder,['ext']
pg,1.6.3,coders,rb_cTypeMapByOid,pg_tmbo_coders,0,rb_define_method,ext/pg_type_map_by_oid.c,384,ext/pg_type_map_by_oid.c,300,resolved,pg_tmbo_coders,1.6.3;1.6.3-aarch64-linux;1.6.3-arm64-darwin;1.6.3-x86_64-darwin;1.6.3-x86_64-linux,pg:ext/pg_type_map_by_oid.c:384:coders,['ext']
pg,1.6.3,max_rows_for_online_lookup=,rb_cTypeMapByOid,pg_tmbo_max_rows_for_online_lookup_set,1,rb_define_method,ext/pg_type_map_by_oid.c,385,ext/pg_type_map_by_oid.c,321,resolved,pg_tmbo_max_rows_for_online_lookup_set,1.6.3;1.6.3-aarch64-linux;1.6.3-arm64-darwin;1.6.3-x86_64-darwin;1.6.3-x86_64-linux,pg:ext/pg_type_map_by_oid.c:385:max_rows_for_online_lookup=,['ext']
pg,1.6.3,max_rows_for_online_lookup,rb_cTypeMapByOid,pg_tmbo_max_rows_for_online_lookup_get,0,rb_define_method,ext/pg_type_map_by_oid.c,386,ext/pg_type_map_by_oid.c,334,resolved,pg_tmbo_max_rows_for_online_lookup_get,1.6.3;1.6.3-aarch64-linux;1.6.3-arm64-darwin;1.6.3-x86_64-darwin;1.6.3-x86_64-linux,pg:ext/pg_type_map_by_oid.c:386:max_rows_for_online_lookup,['ext']
pg,1.6.3,build_column_map,rb_cTypeMapByOid,pg_tmbo_build_column_map,1,rb_define_method,ext/pg_type_map_by_oid.c,387,ext/pg_type_map_by_oid.c,349,resolved,pg_tmbo_build_column_map,1.6.3;1.6.3-aarch64-linux;1.6.3-arm64-darwin;1.6.3-x86_64-darwin;1.6.3-x86_64-linux,pg:ext/pg_type_map_by_oid.c:387:build_column_map,['ext']
pg,1.6.3,<allocator>,rb_cTypeMapInRuby,pg_tmir_s_allocate,0,rb_define_alloc_func,ext/pg_type_map_in_ruby.c,324,ext/pg_type_map_in_ruby.c,283,resolved,pg_tmir_s_allocate,1.6.3;1.6.3-aarch64-linux;1.6.3-arm64-darwin;1.6.3-x86_64-darwin;1.6.3-x86_64-linux,pg:ext/pg_type_map_in_ruby.c:324:<allocator>,['ext']
pg,1.6.3,typecast_result_value,rb_cTypeMapInRuby,pg_tmir_typecast_result_value,3,rb_define_method,ext/pg_type_map_in_ruby.c,328,ext/pg_type_map_in_ruby.c,126,resolved,pg_tmir_typecast_result_value,1.6.3;1.6.3-aarch64-linux;1.6.3-arm64-darwin;1.6.3-x86_64-darwin;1.6.3-x86_64-linux,pg:ext/pg_type_map_in_ruby.c:328:typecast_result_value,['ext']
pg,1.6.3,typecast_query_param,rb_cTypeMapInRuby,pg_tmir_typecast_query_param,2,rb_define_method,ext/pg_type_map_in_ruby.c,329,ext/pg_type_map_in_ruby.c,192,resolved,pg_tmir_typecast_query_param,1.6.3;1.6.3-aarch64-linux;1.6.3-arm64-darwin;1.6.3-x86_64-darwin;1.6.3-x86_64-linux,pg:ext/pg_type_map_in_ruby.c:329:typecast_query_param,['ext']
pg,1.6.3,typecast_copy_get,rb_cTypeMapInRuby,pg_tmir_typecast_copy_get,4,rb_define_method,ext/pg_type_map_in_ruby.c,330,ext/pg_type_map_in_ruby.c,273,resolved,pg_tmir_typecast_copy_get,1.6.3;1.6.3-aarch64-linux;1.6.3-arm64-darwin;1.6.3-x86_64-darwin;1.6.3-x86_64-linux,pg:ext/pg_type_map_in_ruby.c:330:typecast_copy_get,['ext']
pg_query,6.2.2,parse_protobuf,cPgQuery,pg_query_ruby_parse_protobuf,1,rb_define_singleton_method,ext/pg_query/pg_query_ruby.c,28,ext/pg_query/pg_query_ruby.c,168,resolved,pg_query_ruby_parse_protobuf,6.2.2,pg_query:ext/pg_query/pg_query_ruby.c:28:parse_protobuf,['ext/pg_query']
pg_query,6.2.2,deparse_protobuf,cPgQuery,pg_query_ruby_deparse_protobuf,1,rb_define_singleton_method,ext/pg_query/pg_query_ruby.c,29,ext/pg_query/pg_query_ruby.c,187,resolved,pg_query_ruby_deparse_protobuf,6.2.2,pg_query:ext/pg_query/pg_query_ruby.c:29:deparse_protobuf,['ext/pg_query']
pg_query,6.2.2,deparse_protobuf_opts,cPgQuery,pg_query_ruby_deparse_protobuf_opts,7,rb_define_singleton_method,ext/pg_query/pg_query_ruby.c,30,ext/pg_query/pg_query_ruby.c,208,resolved,pg_query_ruby_deparse_protobuf_opts,6.2.2,pg_query:ext/pg_query/pg_query_ruby.c:30:deparse_protobuf_opts,['ext/pg_query']
pg_query,6.2.2,deparse_comments_for_query,cPgQuery,pg_query_ruby_deparse_comments_for_query,1,rb_define_singleton_method,ext/pg_query/pg_query_ruby.c,31,ext/pg_query/pg_query_ruby.c,256,resolved,pg_query_ruby_deparse_comments_for_query,6.2.2,pg_query:ext/pg_query/pg_query_ruby.c:31:deparse_comments_for_query,['ext/pg_query']
pg_query,6.2.2,normalize,cPgQuery,pg_query_ruby_normalize,1,rb_define_singleton_method,ext/pg_query/pg_query_ruby.c,32,ext/pg_query/pg_query_ruby.c,285,resolved,pg_query_ruby_normalize,6.2.2,pg_query:ext/pg_query/pg_query_ruby.c:32:normalize,['ext/pg_query']
pg_query,6.2.2,fingerprint,cPgQuery,pg_query_ruby_fingerprint,1,rb_define_singleton_method,ext/pg_query/pg_query_ruby.c,33,ext/pg_query/pg_query_ruby.c,301,resolved,pg_query_ruby_fingerprint,6.2.2,pg_query:ext/pg_query/pg_query_ruby.c:33:fingerprint,['ext/pg_query']
pg_query,6.2.2,_raw_scan,cPgQuery,pg_query_ruby_scan,1,rb_define_singleton_method,ext/pg_query/pg_query_ruby.c,34,ext/pg_query/pg_query_ruby.c,321,resolved,pg_query_ruby_scan,6.2.2,pg_query:ext/pg_query/pg_query_ruby.c:34:_raw_scan,['ext/pg_query']
pg_query,6.2.2,_raw_split_with_parser,cPgQuery,pg_query_ruby_split_with_parser,1,rb_define_singleton_method,ext/pg_query/pg_query_ruby.c,35,ext/pg_query/pg_query_ruby.c,340,resolved,pg_query_ruby_split_with_parser,6.2.2,pg_query:ext/pg_query/pg_query_ruby.c:35:_raw_split_with_parser,['ext/pg_query']
pg_query,6.2.2,hash_xxh3_64,cPgQuery,pg_query_ruby_hash_xxh3_64,2,rb_define_singleton_method,ext/pg_query/pg_query_ruby.c,36,ext/pg_query/pg_query_ruby.c,369,resolved,pg_query_ruby_hash_xxh3_64,6.2.2,pg_query:ext/pg_query/pg_query_ruby.c:36:hash_xxh3_64,['ext/pg_query']
prism,1.9.0,parse,rb_cPrismPack,pack_parse,3,rb_define_singleton_method,ext/prism/api_pack.c,269,ext/prism/api_pack.c,180,resolved,pack_parse,1.9.0,prism:ext/prism/api_pack.c:269:parse,['ext/prism']
prism,1.9.0,lex,rb_cPrism,lex,-1,rb_define_singleton_method,ext/prism/extension.c,1399,ext/prism/extension.c,794,resolved,lex,1.9.0,prism:ext/prism/extension.c:1399:lex,['ext/prism']
prism,1.9.0,lex_file,rb_cPrism,lex_file,-1,rb_define_singleton_method,ext/prism/extension.c,1400,ext/prism/extension.c,814,resolved,lex_file,1.9.0,prism:ext/prism/extension.c:1400:lex_file,['ext/prism']
prism,1.9.0,parse,rb_cPrism,parse,-1,rb_define_singleton_method,ext/prism/extension.c,1401,ext/prism/extension.c,900,resolved,parse,1.9.0,prism:ext/prism/extension.c:1401:parse,['ext/prism']
prism,1.9.0,parse_file,rb_cPrism,parse_file,-1,rb_define_singleton_method,ext/prism/extension.c,1402,ext/prism/extension.c,931,resolved,parse_file,1.9.0,prism:ext/prism/extension.c:1402:parse_file,['ext/prism']
prism,1.9.0,profile,rb_cPrism,profile,-1,rb_define_singleton_method,ext/prism/extension.c,1403,ext/prism/extension.c,967,resolved,profile,1.9.0,prism:ext/prism/extension.c:1403:profile,['ext/prism']
prism,1.9.0,profile_file,rb_cPrism,profile_file,-1,rb_define_singleton_method,ext/prism/extension.c,1404,ext/prism/extension.c,988,resolved,profile_file,1.9.0,prism:ext/prism/extension.c:1404:profile_file,['ext/prism']
prism,1.9.0,parse_stream,rb_cPrism,parse_stream,-1,rb_define_singleton_method,ext/prism/extension.c,1405,ext/prism/extension.c,1039,resolved,parse_stream,1.9.0,prism:ext/prism/extension.c:1405:parse_stream,['ext/prism']
prism,1.9.0,parse_comments,rb_cPrism,parse_comments,-1,rb_define_singleton_method,ext/prism/extension.c,1406,ext/prism/extension.c,1092,resolved,parse_comments,1.9.0,prism:ext/prism/extension.c:1406:parse_comments,['ext/prism']
prism,1.9.0,parse_file_comments,rb_cPrism,parse_file_comments,-1,rb_define_singleton_method,ext/prism/extension.c,1407,ext/prism/extension.c,1112,resolved,parse_file_comments,1.9.0,prism:ext/prism/extension.c:1407:parse_file_comments,['ext/prism']
prism,1.9.0,parse_lex,rb_cPrism,parse_lex,-1,rb_define_singleton_method,ext/prism/extension.c,1408,ext/prism/extension.c,1141,resolved,parse_lex,1.9.0,prism:ext/prism/extension.c:1408:parse_lex,['ext/prism']
prism,1.9.0,parse_lex_file,rb_cPrism,parse_lex_file,-1,rb_define_singleton_method,ext/prism/extension.c,1409,ext/prism/extension.c,1168,resolved,parse_lex_file,1.9.0,prism:ext/prism/extension.c:1409:parse_lex_file,['ext/prism']
prism,1.9.0,parse_success?,rb_cPrism,parse_success_p,-1,rb_define_singleton_method,ext/prism/extension.c,1410,ext/prism/extension.c,1207,resolved,parse_success_p,1.9.0,prism:ext/prism/extension.c:1410:parse_success?,['ext/prism']
prism,1.9.0,parse_failure?,rb_cPrism,parse_failure_p,-1,rb_define_singleton_method,ext/prism/extension.c,1411,ext/prism/extension.c,1227,resolved,parse_failure_p,1.9.0,prism:ext/prism/extension.c:1411:parse_failure?,['ext/prism']
prism,1.9.0,parse_file_success?,rb_cPrism,parse_file_success_p,-1,rb_define_singleton_method,ext/prism/extension.c,1412,ext/prism/extension.c,1239,resolved,parse_file_success_p,1.9.0,prism:ext/prism/extension.c:1412:parse_file_success?,['ext/prism']
prism,1.9.0,parse_file_failure?,rb_cPrism,parse_file_failure_p,-1,rb_define_singleton_method,ext/prism/extension.c,1413,ext/prism/extension.c,1261,resolved,parse_file_failure_p,1.9.0,prism:ext/prism/extension.c:1413:parse_file_failure?,['ext/prism']
prism,1.9.0,dump,rb_cPrism,dump,-1,rb_define_singleton_method,ext/prism/extension.c,1416,ext/prism/extension.c,389,resolved,dump,1.9.0,prism:ext/prism/extension.c:1416:dump,['ext/prism']
prism,1.9.0,dump_file,rb_cPrism,dump_file,-1,rb_define_singleton_method,ext/prism/extension.c,1417,ext/prism/extension.c,422,resolved,dump_file,1.9.0,prism:ext/prism/extension.c:1417:dump_file,['ext/prism']
prism,1.9.0,local?,rb_cPrismStringQuery,string_query_local_p,1,rb_define_singleton_method,ext/prism/extension.c,1420,ext/prism/extension.c,1296,resolved,string_query_local_p,1.9.0,prism:ext/prism/extension.c:1420:local?,['ext/prism']
prism,1.9.0,constant?,rb_cPrismStringQuery,string_query_constant_p,1,rb_define_singleton_method,ext/prism/extension.c,1421,ext/prism/extension.c,1310,resolved,string_query_constant_p,1.9.0,prism:ext/prism/extension.c:1421:constant?,['ext/prism']
prism,1.9.0,method_name?,rb_cPrismStringQuery,string_query_method_name_p,1,rb_define_singleton_method,ext/prism/extension.c,1422,ext/prism/extension.c,1322,resolved,string_query_method_name_p,1.9.0,prism:ext/prism/extension.c:1422:method_name?,['ext/prism']
psych,5.3.1,libyaml_version,mPsych,libyaml_version,0,rb_define_singleton_method,ext/psych/psych.c,30,ext/psych/psych.c,7,resolved,libyaml_version,5.3.1,psych:ext/psych/psych.c:30:libyaml_version,['ext/psych']
psych,5.3.1,<allocator>,cPsychEmitter,allocate,0,rb_define_alloc_func,ext/psych/psych_emitter.c,564,ext/psych/psych_emitter.c,58,resolved,allocate,5.3.1,psych:ext/psych/psych_emitter.c:564:<allocator>,['ext/psych']
psych,5.3.1,initialize,cPsychEmitter,initialize,-1,rb_define_method,ext/psych/psych_emitter.c,566,ext/psych/psych_emitter.c,74,resolved,initialize,5.3.1,psych:ext/psych/psych_emitter.c:566:initialize,['ext/psych']
psych,5.3.1,start_stream,cPsychEmitter,start_stream,1,rb_define_method,ext/psych/psych_emitter.c,567,ext/psych/psych_emitter.c,106,resolved,start_stream,5.3.1,psych:ext/psych/psych_emitter.c:567:start_stream,['ext/psych']
psych,5.3.1,end_stream,cPsychEmitter,end_stream,0,rb_define_method,ext/psych/psych_emitter.c,568,ext/psych/psych_emitter.c,126,resolved,end_stream,5.3.1,psych:ext/psych/psych_emitter.c:568:end_stream,['ext/psych']
psych,5.3.1,start_document,cPsychEmitter,start_document,3,rb_define_method,ext/psych/psych_emitter.c,569,ext/psych/psych_emitter.c,237,resolved,start_document,5.3.1,psych:ext/psych/psych_emitter.c:569:start_document,['ext/psych']
psych,5.3.1,end_document,cPsychEmitter,end_document,1,rb_define_method,ext/psych/psych_emitter.c,570,ext/psych/psych_emitter.c,257,resolved,end_document,5.3.1,psych:ext/psych/psych_emitter.c:570:end_document,['ext/psych']
psych,5.3.1,scalar,cPsychEmitter,scalar,6,rb_define_method,ext/psych/psych_emitter.c,571,ext/psych/psych_emitter.c,277,resolved,scalar,5.3.1,psych:ext/psych/psych_emitter.c:571:scalar,['ext/psych']
psych,5.3.1,start_sequence,cPsychEmitter,start_sequence,4,rb_define_method,ext/psych/psych_emitter.c,572,ext/psych/psych_emitter.c,331,resolved,start_sequence,5.3.1,psych:ext/psych/psych_emitter.c:572:start_sequence,['ext/psych']
psych,5.3.1,end_sequence,cPsychEmitter,end_sequence,0,rb_define_method,ext/psych/psych_emitter.c,573,ext/psych/psych_emitter.c,374,resolved,end_sequence,5.3.1,psych:ext/psych/psych_emitter.c:573:end_sequence,['ext/psych']
psych,5.3.1,start_mapping,cPsychEmitter,start_mapping,4,rb_define_method,ext/psych/psych_emitter.c,574,ext/psych/psych_emitter.c,394,resolved,start_mapping,5.3.1,psych:ext/psych/psych_emitter.c:574:start_mapping,['ext/psych']
psych,5.3.1,end_mapping,cPsychEmitter,end_mapping,0,rb_define_method,ext/psych/psych_emitter.c,575,ext/psych/psych_emitter.c,438,resolved,end_mapping,5.3.1,psych:ext/psych/psych_emitter.c:575:end_mapping,['ext/psych']
psych,5.3.1,alias,cPsychEmitter,alias,1,rb_define_method,ext/psych/psych_emitter.c,576,ext/psych/psych_emitter.c,457,resolved,alias,5.3.1,psych:ext/psych/psych_emitter.c:576:alias,['ext/psych']
psych,5.3.1,canonical,cPsychEmitter,canonical,0,rb_define_method,ext/psych/psych_emitter.c,577,ext/psych/psych_emitter.c,496,resolved,canonical,5.3.1,psych:ext/psych/psych_emitter.c:577:canonical,['ext/psych']
psych,5.3.1,canonical=,cPsychEmitter,set_canonical,1,rb_define_method,ext/psych/psych_emitter.c,578,ext/psych/psych_emitter.c,482,resolved,set_canonical,5.3.1,psych:ext/psych/psych_emitter.c:578:canonical=,['ext/psych']
psych,5.3.1,indentation,cPsychEmitter,indentation,0,rb_define_method,ext/psych/psych_emitter.c,579,ext/psych/psych_emitter.c,523,resolved,indentation,5.3.1,psych:ext/psych/psych_emitter.c:579:indentation,['ext/psych']
psych,5.3.1,indentation=,cPsychEmitter,set_indentation,1,rb_define_method,ext/psych/psych_emitter.c,580,ext/psych/psych_emitter.c,509,resolved,set_indentation,5.3.1,psych:ext/psych/psych_emitter.c:580:indentation=,['ext/psych']
psych,5.3.1,line_width,cPsychEmitter,line_width,0,rb_define_method,ext/psych/psych_emitter.c,581,ext/psych/psych_emitter.c,535,resolved,line_width,5.3.1,psych:ext/psych/psych_emitter.c:581:line_width,['ext/psych']
psych,5.3.1,line_width=,cPsychEmitter,set_line_width,1,rb_define_method,ext/psych/psych_emitter.c,582,ext/psych/psych_emitter.c,547,resolved,set_line_width,5.3.1,psych:ext/psych/psych_emitter.c:582:line_width=,['ext/psych']
psych,5.3.1,<allocator>,cPsychParser,allocate,0,rb_define_alloc_func,ext/psych/psych_parser.c,531,ext/psych/psych_parser.c,70,resolved,allocate,5.3.1,psych:ext/psych/psych_parser.c:531:<allocator>,['ext/psych']
psych,5.3.1,_native_parse,cPsychParser,parse,3,rb_define_private_method,ext/psych/psych_parser.c,547,ext/psych/psych_parser.c,248,resolved,parse,5.3.1,psych:ext/psych/psych_parser.c:547:_native_parse,['ext/psych']
psych,5.3.1,mark,cPsychParser,mark,0,rb_define_method,ext/psych/psych_parser.c,548,ext/psych/psych_parser.c,508,resolved,mark,5.3.1,psych:ext/psych/psych_parser.c:548:mark,['ext/psych']
psych,5.3.1,build_exception,cPsychVisitorsToRuby,build_exception,2,rb_define_private_method,ext/psych/psych_to_ruby.c,40,ext/psych/psych_to_ruby.c,9,resolved,build_exception,5.3.1,psych:ext/psych/psych_to_ruby.c:40:build_exception,['ext/psych']
psych,5.3.1,path2class,class_loader,path2class,1,rb_define_private_method,ext/psych/psych_to_ruby.c,41,ext/psych/psych_to_ruby.c,26,resolved,path2class,5.3.1,psych:ext/psych/psych_to_ruby.c:41:path2class,['ext/psych']
puma,8.0.2,<allocator>,sslctx,sslctx_alloc,0,rb_define_alloc_func,ext/puma_http11/mini_ssl.c,772,ext/puma_http11/mini_ssl.c,206,resolved,sslctx_alloc,8.0.2,puma:ext/puma_http11/mini_ssl.c:772:<allocator>,['ext/puma_http11']
puma,8.0.2,initialize,sslctx,sslctx_initialize,1,rb_define_method,ext/puma_http11/mini_ssl.c,773,ext/puma_http11/mini_ssl.c,228,resolved,sslctx_initialize,8.0.2,puma:ext/puma_http11/mini_ssl.c:773:initialize,['ext/puma_http11']
puma,8.0.2,check,mod,noop,0,rb_define_singleton_method,ext/puma_http11/mini_ssl.c,810,ext/puma_http11/mini_ssl.c,749,resolved,noop,8.0.2,puma:ext/puma_http11/mini_ssl.c:810:check,['ext/puma_http11']
puma,8.0.2,server,eng,engine_init_server,1,rb_define_singleton_method,ext/puma_http11/mini_ssl.c,814,ext/puma_http11/mini_ssl.c,497,resolved,engine_init_server,8.0.2,puma:ext/puma_http11/mini_ssl.c:814:server,['ext/puma_http11']
puma,8.0.2,client,eng,engine_init_client,0,rb_define_singleton_method,ext/puma_http11/mini_ssl.c,815,ext/puma_http11/mini_ssl.c,515,resolved,engine_init_client,8.0.2,puma:ext/puma_http11/mini_ssl.c:815:client,['ext/puma_http11']
puma,8.0.2,inject,eng,engine_inject,1,rb_define_method,ext/puma_http11/mini_ssl.c,817,ext/puma_http11/mini_ssl.c,533,resolved,engine_inject,8.0.2,puma:ext/puma_http11/mini_ssl.c:817:inject,['ext/puma_http11']
puma,8.0.2,read,eng,engine_read,0,rb_define_method,ext/puma_http11/mini_ssl.c,818,ext/puma_http11/mini_ssl.c,584,resolved,engine_read,8.0.2,puma:ext/puma_http11/mini_ssl.c:818:read,['ext/puma_http11']
puma,8.0.2,write,eng,engine_write,1,rb_define_method,ext/puma_http11/mini_ssl.c,820,ext/puma_http11/mini_ssl.c,612,resolved,engine_write,8.0.2,puma:ext/puma_http11/mini_ssl.c:820:write,['ext/puma_http11']
puma,8.0.2,extract,eng,engine_extract,0,rb_define_method,ext/puma_http11/mini_ssl.c,821,ext/puma_http11/mini_ssl.c,634,resolved,engine_extract,8.0.2,puma:ext/puma_http11/mini_ssl.c:821:extract,['ext/puma_http11']
puma,8.0.2,shutdown,eng,engine_shutdown,0,rb_define_method,ext/puma_http11/mini_ssl.c,823,ext/puma_http11/mini_ssl.c,657,resolved,engine_shutdown,8.0.2,puma:ext/puma_http11/mini_ssl.c:823:shutdown,['ext/puma_http11']
puma,8.0.2,init?,eng,engine_init,0,rb_define_method,ext/puma_http11/mini_ssl.c,825,ext/puma_http11/mini_ssl.c,688,resolved,engine_init,8.0.2,puma:ext/puma_http11/mini_ssl.c:825:init?,['ext/puma_http11']
puma,8.0.2,peercert,eng,engine_peercert,0,rb_define_method,ext/puma_http11/mini_ssl.c,831,ext/puma_http11/mini_ssl.c,696,resolved,engine_peercert,8.0.2,puma:ext/puma_http11/mini_ssl.c:831:peercert,['ext/puma_http11']
puma,8.0.2,ssl_vers_st,eng,engine_ssl_vers_st,0,rb_define_method,ext/puma_http11/mini_ssl.c,833,ext/puma_http11/mini_ssl.c,742,resolved,engine_ssl_vers_st,8.0.2,puma:ext/puma_http11/mini_ssl.c:833:ssl_vers_st,['ext/puma_http11']
puma,8.0.2,check,mod,raise_error,0,rb_define_singleton_method,ext/puma_http11/mini_ssl.c,850,,,unresolved_function_binding,raise_error,8.0.2,puma:ext/puma_http11/mini_ssl.c:850:check,['ext/puma_http11']
puma,8.0.2,<allocator>,cHttpParser,HttpParser_alloc,0,rb_define_alloc_func,ext/puma_http11/puma_http11.c,485,ext/puma_http11/puma_http11.c,288,resolved,HttpParser_alloc,8.0.2,puma:ext/puma_http11/puma_http11.c:485:<allocator>,['ext/puma_http11']
puma,8.0.2,initialize,cHttpParser,HttpParser_init,0,rb_define_method,ext/puma_http11/puma_http11.c,486,ext/puma_http11/puma_http11.c,322,resolved,HttpParser_init,8.0.2,puma:ext/puma_http11/puma_http11.c:486:initialize,['ext/puma_http11']
puma,8.0.2,reset,cHttpParser,HttpParser_reset,0,rb_define_method,ext/puma_http11/puma_http11.c,487,ext/puma_http11/puma_http11.c,338,resolved,HttpParser_reset,8.0.2,puma:ext/puma_http11/puma_http11.c:487:reset,['ext/puma_http11']
puma,8.0.2,finish,cHttpParser,HttpParser_finish,0,rb_define_method,ext/puma_http11/puma_http11.c,488,ext/puma_http11/puma_http11.c,354,resolved,HttpParser_finish,8.0.2,puma:ext/puma_http11/puma_http11.c:488:finish,['ext/puma_http11']
puma,8.0.2,execute,cHttpParser,HttpParser_execute,3,rb_define_method,ext/puma_http11/puma_http11.c,489,ext/puma_http11/puma_http11.c,380,resolved,HttpParser_execute,8.0.2,puma:ext/puma_http11/puma_http11.c:489:execute,['ext/puma_http11']
puma,8.0.2,error?,cHttpParser,HttpParser_has_error,0,rb_define_method,ext/puma_http11/puma_http11.c,490,ext/puma_http11/puma_http11.c,414,resolved,HttpParser_has_error,8.0.2,puma:ext/puma_http11/puma_http11.c:490:error?,['ext/puma_http11']
puma,8.0.2,finished?,cHttpParser,HttpParser_is_finished,0,rb_define_method,ext/puma_http11/puma_http11.c,491,ext/puma_http11/puma_http11.c,428,resolved,HttpParser_is_finished,8.0.2,puma:ext/puma_http11/puma_http11.c:491:finished?,['ext/puma_http11']
puma,8.0.2,nread,cHttpParser,HttpParser_nread,0,rb_define_method,ext/puma_http11/puma_http11.c,492,ext/puma_http11/puma_http11.c,443,resolved,HttpParser_nread,8.0.2,puma:ext/puma_http11/puma_http11.c:492:nread,['ext/puma_http11']
puma,8.0.2,body,cHttpParser,HttpParser_body,0,rb_define_method,ext/puma_http11/puma_http11.c,493,ext/puma_http11/puma_http11.c,456,resolved,HttpParser_body,8.0.2,puma:ext/puma_http11/puma_http11.c:493:body,['ext/puma_http11']
racc,1.8.1,_racc_do_parse_c,Parser,racc_cparse,2,rb_define_private_method,ext/racc/cparse/cparse.c,814,ext/racc/cparse/cparse.c,235,resolved,racc_cparse,1.8.1,racc:ext/racc/cparse/cparse.c:814:_racc_do_parse_c,['ext/racc/cparse']
racc,1.8.1,_racc_yyparse_c,Parser,racc_yyparse,4,rb_define_private_method,ext/racc/cparse/cparse.c,815,ext/racc/cparse/cparse.c,253,resolved,racc_yyparse,1.8.1,racc:ext/racc/cparse/cparse.c:815:_racc_yyparse_c,['ext/racc/cparse']
rbs,3.9.5,<allocator>,RBS_Location,location_s_allocate,0,rb_define_alloc_func,ext/rbs_extension/location.c,313,ext/rbs_extension/location.c,110,resolved,location_s_allocate,3.9.5,rbs:ext/rbs_extension/location.c:313:<allocator>,['ext/rbs_extension']
rbs,3.9.5,initialize,RBS_Location,location_initialize,3,rb_define_private_method,ext/rbs_extension/location.c,314,ext/rbs_extension/location.c,123,resolved,location_initialize,3.9.5,rbs:ext/rbs_extension/location.c:314:initialize,['ext/rbs_extension']
rbs,3.9.5,initialize_copy,RBS_Location,location_initialize_copy,1,rb_define_private_method,ext/rbs_extension/location.c,315,ext/rbs_extension/location.c,138,resolved,location_initialize_copy,3.9.5,rbs:ext/rbs_extension/location.c:315:initialize_copy,['ext/rbs_extension']
rbs,3.9.5,buffer,RBS_Location,location_buffer,0,rb_define_method,ext/rbs_extension/location.c,316,ext/rbs_extension/location.c,156,resolved,location_buffer,3.9.5,rbs:ext/rbs_extension/location.c:316:buffer,['ext/rbs_extension']
rbs,3.9.5,start_pos,RBS_Location,location_start_pos,0,rb_define_method,ext/rbs_extension/location.c,317,ext/rbs_extension/location.c,161,resolved,location_start_pos,3.9.5,rbs:ext/rbs_extension/location.c:317:start_pos,['ext/rbs_extension']
rbs,3.9.5,end_pos,RBS_Location,location_end_pos,0,rb_define_method,ext/rbs_extension/location.c,318,ext/rbs_extension/location.c,166,resolved,location_end_pos,3.9.5,rbs:ext/rbs_extension/location.c:318:end_pos,['ext/rbs_extension']
rbs,3.9.5,_add_required_child,RBS_Location,location_add_required_child,3,rb_define_method,ext/rbs_extension/location.c,319,ext/rbs_extension/location.c,180,resolved,location_add_required_child,3.9.5,rbs:ext/rbs_extension/location.c:319:_add_required_child,['ext/rbs_extension']
rbs,3.9.5,_add_optional_child,RBS_Location,location_add_optional_child,3,rb_define_method,ext/rbs_extension/location.c,320,ext/rbs_extension/location.c,192,resolved,location_add_optional_child,3.9.5,rbs:ext/rbs_extension/location.c:320:_add_optional_child,['ext/rbs_extension']
rbs,3.9.5,_add_optional_no_child,RBS_Location,location_add_optional_no_child,1,rb_define_method,ext/rbs_extension/location.c,321,ext/rbs_extension/location.c,204,resolved,location_add_optional_no_child,3.9.5,rbs:ext/rbs_extension/location.c:321:_add_optional_no_child,['ext/rbs_extension']
rbs,3.9.5,_optional_keys,RBS_Location,location_optional_keys,0,rb_define_method,ext/rbs_extension/location.c,322,ext/rbs_extension/location.c,263,resolved,location_optional_keys,3.9.5,rbs:ext/rbs_extension/location.c:322:_optional_keys,['ext/rbs_extension']
rbs,3.9.5,_required_keys,RBS_Location,location_required_keys,0,rb_define_method,ext/rbs_extension/location.c,323,ext/rbs_extension/location.c,283,resolved,location_required_keys,3.9.5,rbs:ext/rbs_extension/location.c:323:_required_keys,['ext/rbs_extension']
rbs,3.9.5,[],RBS_Location,location_aref,1,rb_define_method,ext/rbs_extension/location.c,324,ext/rbs_extension/location.c,236,resolved,location_aref,3.9.5,rbs:ext/rbs_extension/location.c:324:[],['ext/rbs_extension']
rbs,3.9.5,_parse_type,RBS_Parser,rbsparser_parse_type,5,rb_define_singleton_method,ext/rbs_extension/parser.c,2978,ext/rbs_extension/parser.c,2884,resolved,rbsparser_parse_type,3.9.5,rbs:ext/rbs_extension/parser.c:2978:_parse_type,['ext/rbs_extension']
rbs,3.9.5,_parse_method_type,RBS_Parser,rbsparser_parse_method_type,5,rb_define_singleton_method,ext/rbs_extension/parser.c,2979,ext/rbs_extension/parser.c,2915,resolved,rbsparser_parse_method_type,3.9.5,rbs:ext/rbs_extension/parser.c:2979:_parse_method_type,['ext/rbs_extension']
rbs,3.9.5,_parse_signature,RBS_Parser,rbsparser_parse_signature,3,rb_define_singleton_method,ext/rbs_extension/parser.c,2980,ext/rbs_extension/parser.c,2935,resolved,rbsparser_parse_signature,3.9.5,rbs:ext/rbs_extension/parser.c:2980:_parse_signature,['ext/rbs_extension']
rbs,3.9.5,_lex,RBS_Parser,rbsparser_lex,2,rb_define_singleton_method,ext/rbs_extension/parser.c,2981,ext/rbs_extension/parser.c,2945,resolved,rbsparser_lex,3.9.5,rbs:ext/rbs_extension/parser.c:2981:_lex,['ext/rbs_extension']
rbtrace,0.5.5,write,output,send_write,1,rb_define_singleton_method,ext/rbtrace.c,1220,ext/rbtrace.c,1193,resolved,send_write,0.5.5,rbtrace:ext/rbtrace.c:1220:write,['ext']
re2,2.27.0,<allocator>,re2_cRegexp,reinterpret_cast<VALUE (*)(VALUE)>(re2_regexp_allocate),0,rb_define_alloc_func,ext/re2/re2.cc,2775,,,unresolved_function_binding,reinterpret_cast<VALUE (*)(VALUE)>(re2_regexp_allocate),2.27.0;2.27.0-aarch64-linux-gnu;2.27.0-arm64-darwin;2.27.0-x86_64-darwin;2.27.0-x86_64-linux-gnu,re2:ext/re2/re2.cc:2775:<allocator>,['ext/re2']
re2,2.27.0,<allocator>,re2_cMatchData,reinterpret_cast<VALUE (*)(VALUE)>(re2_matchdata_allocate),0,rb_define_alloc_func,ext/re2/re2.cc,2777,,,unresolved_function_binding,reinterpret_cast<VALUE (*)(VALUE)>(re2_matchdata_allocate),2.27.0;2.27.0-aarch64-linux-gnu;2.27.0-arm64-darwin;2.27.0-x86_64-darwin;2.27.0-x86_64-linux-gnu,re2:ext/re2/re2.cc:2777:<allocator>,['ext/re2']
re2,2.27.0,<allocator>,re2_cScanner,reinterpret_cast<VALUE (*)(VALUE)>(re2_scanner_allocate),0,rb_define_alloc_func,ext/re2/re2.cc,2779,,,unresolved_function_binding,reinterpret_cast<VALUE (*)(VALUE)>(re2_scanner_allocate),2.27.0;2.27.0-aarch64-linux-gnu;2.27.0-arm64-darwin;2.27.0-x86_64-darwin;2.27.0-x86_64-linux-gnu,re2:ext/re2/re2.cc:2779:<allocator>,['ext/re2']
re2,2.27.0,<allocator>,re2_cSet,reinterpret_cast<VALUE (*)(VALUE)>(re2_set_allocate),0,rb_define_alloc_func,ext/re2/re2.cc,2781,,,unresolved_function_binding,reinterpret_cast<VALUE (*)(VALUE)>(re2_set_allocate),2.27.0;2.27.0-aarch64-linux-gnu;2.27.0-arm64-darwin;2.27.0-x86_64-darwin;2.27.0-x86_64-linux-gnu,re2:ext/re2/re2.cc:2781:<allocator>,['ext/re2']
re2,2.27.0,string,re2_cMatchData,RUBY_METHOD_FUNC(re2_matchdata_string),0,rb_define_method,ext/re2/re2.cc,2784,,,unresolved_function_binding,RUBY_METHOD_FUNC(re2_matchdata_string),2.27.0;2.27.0-aarch64-linux-gnu;2.27.0-arm64-darwin;2.27.0-x86_64-darwin;2.27.0-x86_64-linux-gnu,re2:ext/re2/re2.cc:2784:string,['ext/re2']
re2,2.27.0,regexp,re2_cMatchData,RUBY_METHOD_FUNC(re2_matchdata_regexp),0,rb_define_method,ext/re2/re2.cc,2786,,,unresolved_function_binding,RUBY_METHOD_FUNC(re2_matchdata_regexp),2.27.0;2.27.0-aarch64-linux-gnu;2.27.0-arm64-darwin;2.27.0-x86_64-darwin;2.27.0-x86_64-linux-gnu,re2:ext/re2/re2.cc:2786:regexp,['ext/re2']
re2,2.27.0,to_a,re2_cMatchData,RUBY_METHOD_FUNC(re2_matchdata_to_a),0,rb_define_method,ext/re2/re2.cc,2788,,,unresolved_function_binding,RUBY_METHOD_FUNC(re2_matchdata_to_a),2.27.0;2.27.0-aarch64-linux-gnu;2.27.0-arm64-darwin;2.27.0-x86_64-darwin;2.27.0-x86_64-linux-gnu,re2:ext/re2/re2.cc:2788:to_a,['ext/re2']
re2,2.27.0,size,re2_cMatchData,RUBY_METHOD_FUNC(re2_matchdata_size),0,rb_define_method,ext/re2/re2.cc,2790,,,unresolved_function_binding,RUBY_METHOD_FUNC(re2_matchdata_size),2.27.0;2.27.0-aarch64-linux-gnu;2.27.0-arm64-darwin;2.27.0-x86_64-darwin;2.27.0-x86_64-linux-gnu,re2:ext/re2/re2.cc:2790:size,['ext/re2']
re2,2.27.0,length,re2_cMatchData,RUBY_METHOD_FUNC(re2_matchdata_size),0,rb_define_method,ext/re2/re2.cc,2792,,,unresolved_function_binding,RUBY_METHOD_FUNC(re2_matchdata_size),2.27.0;2.27.0-aarch64-linux-gnu;2.27.0-arm64-darwin;2.27.0-x86_64-darwin;2.27.0-x86_64-linux-gnu,re2:ext/re2/re2.cc:2792:length,['ext/re2']
re2,2.27.0,begin,re2_cMatchData,RUBY_METHOD_FUNC(re2_matchdata_begin),1,rb_define_method,ext/re2/re2.cc,2794,,,unresolved_function_binding,RUBY_METHOD_FUNC(re2_matchdata_begin),2.27.0;2.27.0-aarch64-linux-gnu;2.27.0-arm64-darwin;2.27.0-x86_64-darwin;2.27.0-x86_64-linux-gnu,re2:ext/re2/re2.cc:2794:begin,['ext/re2']
re2,2.27.0,end,re2_cMatchData,RUBY_METHOD_FUNC(re2_matchdata_end),1,rb_define_method,ext/re2/re2.cc,2796,,,unresolved_function_binding,RUBY_METHOD_FUNC(re2_matchdata_end),2.27.0;2.27.0-aarch64-linux-gnu;2.27.0-arm64-darwin;2.27.0-x86_64-darwin;2.27.0-x86_64-linux-gnu,re2:ext/re2/re2.cc:2796:end,['ext/re2']
re2,2.27.0,pre_match,re2_cMatchData,RUBY_METHOD_FUNC(re2_matchdata_pre_match),0,rb_define_method,ext/re2/re2.cc,2798,,,unresolved_function_binding,RUBY_METHOD_FUNC(re2_matchdata_pre_match),2.27.0;2.27.0-aarch64-linux-gnu;2.27.0-arm64-darwin;2.27.0-x86_64-darwin;2.27.0-x86_64-linux-gnu,re2:ext/re2/re2.cc:2798:pre_match,['ext/re2']
re2,2.27.0,post_match,re2_cMatchData,RUBY_METHOD_FUNC(re2_matchdata_post_match),0,rb_define_method,ext/re2/re2.cc,2800,,,unresolved_function_binding,RUBY_METHOD_FUNC(re2_matchdata_post_match),2.27.0;2.27.0-aarch64-linux-gnu;2.27.0-arm64-darwin;2.27.0-x86_64-darwin;2.27.0-x86_64-linux-gnu,re2:ext/re2/re2.cc:2800:post_match,['ext/re2']
re2,2.27.0,offset,re2_cMatchData,RUBY_METHOD_FUNC(re2_matchdata_offset),1,rb_define_method,ext/re2/re2.cc,2802,,,unresolved_function_binding,RUBY_METHOD_FUNC(re2_matchdata_offset),2.27.0;2.27.0-aarch64-linux-gnu;2.27.0-arm64-darwin;2.27.0-x86_64-darwin;2.27.0-x86_64-linux-gnu,re2:ext/re2/re2.cc:2802:offset,['ext/re2']
re2,2.27.0,match_length,re2_cMatchData,RUBY_METHOD_FUNC(re2_matchdata_match_length),1,rb_define_method,ext/re2/re2.cc,2804,,,unresolved_function_binding,RUBY_METHOD_FUNC(re2_matchdata_match_length),2.27.0;2.27.0-aarch64-linux-gnu;2.27.0-arm64-darwin;2.27.0-x86_64-darwin;2.27.0-x86_64-linux-gnu,re2:ext/re2/re2.cc:2804:match_length,['ext/re2']
re2,2.27.0,[],re2_cMatchData,RUBY_METHOD_FUNC(re2_matchdata_aref),-1,rb_define_method,ext/re2/re2.cc,2806,,,unresolved_function_binding,RUBY_METHOD_FUNC(re2_matchdata_aref),2.27.0;2.27.0-aarch64-linux-gnu;2.27.0-arm64-darwin;2.27.0-x86_64-darwin;2.27.0-x86_64-linux-gnu,re2:ext/re2/re2.cc:2806:[],['ext/re2']
re2,2.27.0,to_s,re2_cMatchData,RUBY_METHOD_FUNC(re2_matchdata_to_s),0,rb_define_method,ext/re2/re2.cc,2808,,,unresolved_function_binding,RUBY_METHOD_FUNC(re2_matchdata_to_s),2.27.0;2.27.0-aarch64-linux-gnu;2.27.0-arm64-darwin;2.27.0-x86_64-darwin;2.27.0-x86_64-linux-gnu,re2:ext/re2/re2.cc:2808:to_s,['ext/re2']
re2,2.27.0,inspect,re2_cMatchData,RUBY_METHOD_FUNC(re2_matchdata_inspect),0,rb_define_method,ext/re2/re2.cc,2810,,,unresolved_function_binding,RUBY_METHOD_FUNC(re2_matchdata_inspect),2.27.0;2.27.0-aarch64-linux-gnu;2.27.0-arm64-darwin;2.27.0-x86_64-darwin;2.27.0-x86_64-linux-gnu,re2:ext/re2/re2.cc:2810:inspect,['ext/re2']
re2,2.27.0,deconstruct,re2_cMatchData,RUBY_METHOD_FUNC(re2_matchdata_deconstruct),0,rb_define_method,ext/re2/re2.cc,2812,,,unresolved_function_binding,RUBY_METHOD_FUNC(re2_matchdata_deconstruct),2.27.0;2.27.0-aarch64-linux-gnu;2.27.0-arm64-darwin;2.27.0-x86_64-darwin;2.27.0-x86_64-linux-gnu,re2:ext/re2/re2.cc:2812:deconstruct,['ext/re2']
re2,2.27.0,captures,re2_cMatchData,RUBY_METHOD_FUNC(re2_matchdata_deconstruct),0,rb_define_method,ext/re2/re2.cc,2814,,,unresolved_function_binding,RUBY_METHOD_FUNC(re2_matchdata_deconstruct),2.27.0;2.27.0-aarch64-linux-gnu;2.27.0-arm64-darwin;2.27.0-x86_64-darwin;2.27.0-x86_64-linux-gnu,re2:ext/re2/re2.cc:2814:captures,['ext/re2']
re2,2.27.0,named_captures,re2_cMatchData,RUBY_METHOD_FUNC(re2_matchdata_named_captures),-1,rb_define_method,ext/re2/re2.cc,2816,,,unresolved_function_binding,RUBY_METHOD_FUNC(re2_matchdata_named_captures),2.27.0;2.27.0-aarch64-linux-gnu;2.27.0-arm64-darwin;2.27.0-x86_64-darwin;2.27.0-x86_64-linux-gnu,re2:ext/re2/re2.cc:2816:named_captures,['ext/re2']
re2,2.27.0,names,re2_cMatchData,RUBY_METHOD_FUNC(re2_matchdata_names),0,rb_define_method,ext/re2/re2.cc,2818,,,unresolved_function_binding,RUBY_METHOD_FUNC(re2_matchdata_names),2.27.0;2.27.0-aarch64-linux-gnu;2.27.0-arm64-darwin;2.27.0-x86_64-darwin;2.27.0-x86_64-linux-gnu,re2:ext/re2/re2.cc:2818:names,['ext/re2']
re2,2.27.0,values_at,re2_cMatchData,RUBY_METHOD_FUNC(re2_matchdata_values_at),-1,rb_define_method,ext/re2/re2.cc,2820,,,unresolved_function_binding,RUBY_METHOD_FUNC(re2_matchdata_values_at),2.27.0;2.27.0-aarch64-linux-gnu;2.27.0-arm64-darwin;2.27.0-x86_64-darwin;2.27.0-x86_64-linux-gnu,re2:ext/re2/re2.cc:2820:values_at,['ext/re2']
re2,2.27.0,deconstruct_keys,re2_cMatchData,RUBY_METHOD_FUNC(re2_matchdata_deconstruct_keys),1,rb_define_method,ext/re2/re2.cc,2822,,,unresolved_function_binding,RUBY_METHOD_FUNC(re2_matchdata_deconstruct_keys),2.27.0;2.27.0-aarch64-linux-gnu;2.27.0-arm64-darwin;2.27.0-x86_64-darwin;2.27.0-x86_64-linux-gnu,re2:ext/re2/re2.cc:2822:deconstruct_keys,['ext/re2']
re2,2.27.0,initialize_copy,re2_cMatchData,RUBY_METHOD_FUNC(re2_matchdata_initialize_copy),1,rb_define_method,ext/re2/re2.cc,2824,,,unresolved_function_binding,RUBY_METHOD_FUNC(re2_matchdata_initialize_copy),2.27.0;2.27.0-aarch64-linux-gnu;2.27.0-arm64-darwin;2.27.0-x86_64-darwin;2.27.0-x86_64-linux-gnu,re2:ext/re2/re2.cc:2824:initialize_copy,['ext/re2']
re2,2.27.0,string,re2_cScanner,RUBY_METHOD_FUNC(re2_scanner_string),0,rb_define_method,ext/re2/re2.cc,2827,,,unresolved_function_binding,RUBY_METHOD_FUNC(re2_scanner_string),2.27.0;2.27.0-aarch64-linux-gnu;2.27.0-arm64-darwin;2.27.0-x86_64-darwin;2.27.0-x86_64-linux-gnu,re2:ext/re2/re2.cc:2827:string,['ext/re2']
re2,2.27.0,eof?,re2_cScanner,RUBY_METHOD_FUNC(re2_scanner_eof),0,rb_define_method,ext/re2/re2.cc,2829,,,unresolved_function_binding,RUBY_METHOD_FUNC(re2_scanner_eof),2.27.0;2.27.0-aarch64-linux-gnu;2.27.0-arm64-darwin;2.27.0-x86_64-darwin;2.27.0-x86_64-linux-gnu,re2:ext/re2/re2.cc:2829:eof?,['ext/re2']
re2,2.27.0,regexp,re2_cScanner,RUBY_METHOD_FUNC(re2_scanner_regexp),0,rb_define_method,ext/re2/re2.cc,2831,,,unresolved_function_binding,RUBY_METHOD_FUNC(re2_scanner_regexp),2.27.0;2.27.0-aarch64-linux-gnu;2.27.0-arm64-darwin;2.27.0-x86_64-darwin;2.27.0-x86_64-linux-gnu,re2:ext/re2/re2.cc:2831:regexp,['ext/re2']
re2,2.27.0,scan,re2_cScanner,RUBY_METHOD_FUNC(re2_scanner_scan),0,rb_define_method,ext/re2/re2.cc,2833,,,unresolved_function_binding,RUBY_METHOD_FUNC(re2_scanner_scan),2.27.0;2.27.0-aarch64-linux-gnu;2.27.0-arm64-darwin;2.27.0-x86_64-darwin;2.27.0-x86_64-linux-gnu,re2:ext/re2/re2.cc:2833:scan,['ext/re2']
re2,2.27.0,rewind,re2_cScanner,RUBY_METHOD_FUNC(re2_scanner_rewind),0,rb_define_method,ext/re2/re2.cc,2835,,,unresolved_function_binding,RUBY_METHOD_FUNC(re2_scanner_rewind),2.27.0;2.27.0-aarch64-linux-gnu;2.27.0-arm64-darwin;2.27.0-x86_64-darwin;2.27.0-x86_64-linux-gnu,re2:ext/re2/re2.cc:2835:rewind,['ext/re2']
re2,2.27.0,initialize_copy,re2_cScanner,RUBY_METHOD_FUNC(re2_scanner_initialize_copy),1,rb_define_method,ext/re2/re2.cc,2837,,,unresolved_function_binding,RUBY_METHOD_FUNC(re2_scanner_initialize_copy),2.27.0;2.27.0-aarch64-linux-gnu;2.27.0-arm64-darwin;2.27.0-x86_64-darwin;2.27.0-x86_64-linux-gnu,re2:ext/re2/re2.cc:2837:initialize_copy,['ext/re2']
re2,2.27.0,match_has_endpos_argument?,re2_cRegexp,RUBY_METHOD_FUNC(re2_regexp_match_has_endpos_argument_p),0,rb_define_singleton_method,ext/re2/re2.cc,2840,,,unresolved_function_binding,RUBY_METHOD_FUNC(re2_regexp_match_has_endpos_argument_p),2.27.0;2.27.0-aarch64-linux-gnu;2.27.0-arm64-darwin;2.27.0-x86_64-darwin;2.27.0-x86_64-linux-gnu,re2:ext/re2/re2.cc:2840:match_has_endpos_argument?,['ext/re2']
re2,2.27.0,initialize,re2_cRegexp,RUBY_METHOD_FUNC(re2_regexp_initialize),-1,rb_define_method,ext/re2/re2.cc,2842,,,unresolved_function_binding,RUBY_METHOD_FUNC(re2_regexp_initialize),2.27.0;2.27.0-aarch64-linux-gnu;2.27.0-arm64-darwin;2.27.0-x86_64-darwin;2.27.0-x86_64-linux-gnu,re2:ext/re2/re2.cc:2842:initialize,['ext/re2']
re2,2.27.0,initialize_copy,re2_cRegexp,RUBY_METHOD_FUNC(re2_regexp_initialize_copy),1,rb_define_method,ext/re2/re2.cc,2844,,,unresolved_function_binding,RUBY_METHOD_FUNC(re2_regexp_initialize_copy),2.27.0;2.27.0-aarch64-linux-gnu;2.27.0-arm64-darwin;2.27.0-x86_64-darwin;2.27.0-x86_64-linux-gnu,re2:ext/re2/re2.cc:2844:initialize_copy,['ext/re2']
re2,2.27.0,ok?,re2_cRegexp,RUBY_METHOD_FUNC(re2_regexp_ok),0,rb_define_method,ext/re2/re2.cc,2846,,,unresolved_function_binding,RUBY_METHOD_FUNC(re2_regexp_ok),2.27.0;2.27.0-aarch64-linux-gnu;2.27.0-arm64-darwin;2.27.0-x86_64-darwin;2.27.0-x86_64-linux-gnu,re2:ext/re2/re2.cc:2846:ok?,['ext/re2']
re2,2.27.0,error,re2_cRegexp,RUBY_METHOD_FUNC(re2_regexp_error),0,rb_define_method,ext/re2/re2.cc,2847,,,unresolved_function_binding,RUBY_METHOD_FUNC(re2_regexp_error),2.27.0;2.27.0-aarch64-linux-gnu;2.27.0-arm64-darwin;2.27.0-x86_64-darwin;2.27.0-x86_64-linux-gnu,re2:ext/re2/re2.cc:2847:error,['ext/re2']
re2,2.27.0,error_arg,re2_cRegexp,RUBY_METHOD_FUNC(re2_regexp_error_arg),0,rb_define_method,ext/re2/re2.cc,2849,,,unresolved_function_binding,RUBY_METHOD_FUNC(re2_regexp_error_arg),2.27.0;2.27.0-aarch64-linux-gnu;2.27.0-arm64-darwin;2.27.0-x86_64-darwin;2.27.0-x86_64-linux-gnu,re2:ext/re2/re2.cc:2849:error_arg,['ext/re2']
re2,2.27.0,program_size,re2_cRegexp,RUBY_METHOD_FUNC(re2_regexp_program_size),0,rb_define_method,ext/re2/re2.cc,2851,,,unresolved_function_binding,RUBY_METHOD_FUNC(re2_regexp_program_size),2.27.0;2.27.0-aarch64-linux-gnu;2.27.0-arm64-darwin;2.27.0-x86_64-darwin;2.27.0-x86_64-linux-gnu,re2:ext/re2/re2.cc:2851:program_size,['ext/re2']
re2,2.27.0,options,re2_cRegexp,RUBY_METHOD_FUNC(re2_regexp_options),0,rb_define_method,ext/re2/re2.cc,2853,,,unresolved_function_binding,RUBY_METHOD_FUNC(re2_regexp_options),2.27.0;2.27.0-aarch64-linux-gnu;2.27.0-arm64-darwin;2.27.0-x86_64-darwin;2.27.0-x86_64-linux-gnu,re2:ext/re2/re2.cc:2853:options,['ext/re2']
re2,2.27.0,number_of_capturing_groups,re2_cRegexp,RUBY_METHOD_FUNC(re2_regexp_number_of_capturing_groups),0,rb_define_method,ext/re2/re2.cc,2855,,,unresolved_function_binding,RUBY_METHOD_FUNC(re2_regexp_number_of_capturing_groups),2.27.0;2.27.0-aarch64-linux-gnu;2.27.0-arm64-darwin;2.27.0-x86_64-darwin;2.27.0-x86_64-linux-gnu,re2:ext/re2/re2.cc:2855:number_of_capturing_groups,['ext/re2']
re2,2.27.0,named_capturing_groups,re2_cRegexp,RUBY_METHOD_FUNC(re2_regexp_named_capturing_groups),0,rb_define_method,ext/re2/re2.cc,2857,,,unresolved_function_binding,RUBY_METHOD_FUNC(re2_regexp_named_capturing_groups),2.27.0;2.27.0-aarch64-linux-gnu;2.27.0-arm64-darwin;2.27.0-x86_64-darwin;2.27.0-x86_64-linux-gnu,re2:ext/re2/re2.cc:2857:named_capturing_groups,['ext/re2']
re2,2.27.0,named_captures,re2_cRegexp,RUBY_METHOD_FUNC(re2_regexp_named_capturing_groups),0,rb_define_method,ext/re2/re2.cc,2859,,,unresolved_function_binding,RUBY_METHOD_FUNC(re2_regexp_named_capturing_groups),2.27.0;2.27.0-aarch64-linux-gnu;2.27.0-arm64-darwin;2.27.0-x86_64-darwin;2.27.0-x86_64-linux-gnu,re2:ext/re2/re2.cc:2859:named_captures,['ext/re2']
re2,2.27.0,names,re2_cRegexp,RUBY_METHOD_FUNC(re2_regexp_names),0,rb_define_method,ext/re2/re2.cc,2861,,,unresolved_function_binding,RUBY_METHOD_FUNC(re2_regexp_names),2.27.0;2.27.0-aarch64-linux-gnu;2.27.0-arm64-darwin;2.27.0-x86_64-darwin;2.27.0-x86_64-linux-gnu,re2:ext/re2/re2.cc:2861:names,['ext/re2']
re2,2.27.0,match,re2_cRegexp,RUBY_METHOD_FUNC(re2_regexp_match),-1,rb_define_method,ext/re2/re2.cc,2863,,,unresolved_function_binding,RUBY_METHOD_FUNC(re2_regexp_match),2.27.0;2.27.0-aarch64-linux-gnu;2.27.0-arm64-darwin;2.27.0-x86_64-darwin;2.27.0-x86_64-linux-gnu,re2:ext/re2/re2.cc:2863:match,['ext/re2']
re2,2.27.0,match?,re2_cRegexp,RUBY_METHOD_FUNC(re2_regexp_match_p),1,rb_define_method,ext/re2/re2.cc,2865,,,unresolved_function_binding,RUBY_METHOD_FUNC(re2_regexp_match_p),2.27.0;2.27.0-aarch64-linux-gnu;2.27.0-arm64-darwin;2.27.0-x86_64-darwin;2.27.0-x86_64-linux-gnu,re2:ext/re2/re2.cc:2865:match?,['ext/re2']
re2,2.27.0,partial_match?,re2_cRegexp,RUBY_METHOD_FUNC(re2_regexp_match_p),1,rb_define_method,ext/re2/re2.cc,2867,,,unresolved_function_binding,RUBY_METHOD_FUNC(re2_regexp_match_p),2.27.0;2.27.0-aarch64-linux-gnu;2.27.0-arm64-darwin;2.27.0-x86_64-darwin;2.27.0-x86_64-linux-gnu,re2:ext/re2/re2.cc:2867:partial_match?,['ext/re2']
re2,2.27.0,=~,re2_cRegexp,RUBY_METHOD_FUNC(re2_regexp_match_p),1,rb_define_method,ext/re2/re2.cc,2869,,,unresolved_function_binding,RUBY_METHOD_FUNC(re2_regexp_match_p),2.27.0;2.27.0-aarch64-linux-gnu;2.27.0-arm64-darwin;2.27.0-x86_64-darwin;2.27.0-x86_64-linux-gnu,re2:ext/re2/re2.cc:2869:=~,['ext/re2']
re2,2.27.0,===,re2_cRegexp,RUBY_METHOD_FUNC(re2_regexp_match_p),1,rb_define_method,ext/re2/re2.cc,2870,,,unresolved_function_binding,RUBY_METHOD_FUNC(re2_regexp_match_p),2.27.0;2.27.0-aarch64-linux-gnu;2.27.0-arm64-darwin;2.27.0-x86_64-darwin;2.27.0-x86_64-linux-gnu,re2:ext/re2/re2.cc:2870:===,['ext/re2']
re2,2.27.0,full_match?,re2_cRegexp,RUBY_METHOD_FUNC(re2_regexp_full_match_p),1,rb_define_method,ext/re2/re2.cc,2871,,,unresolved_function_binding,RUBY_METHOD_FUNC(re2_regexp_full_match_p),2.27.0;2.27.0-aarch64-linux-gnu;2.27.0-arm64-darwin;2.27.0-x86_64-darwin;2.27.0-x86_64-linux-gnu,re2:ext/re2/re2.cc:2871:full_match?,['ext/re2']
re2,2.27.0,scan,re2_cRegexp,RUBY_METHOD_FUNC(re2_regexp_scan),1,rb_define_method,ext/re2/re2.cc,2873,,,unresolved_function_binding,RUBY_METHOD_FUNC(re2_regexp_scan),2.27.0;2.27.0-aarch64-linux-gnu;2.27.0-arm64-darwin;2.27.0-x86_64-darwin;2.27.0-x86_64-linux-gnu,re2:ext/re2/re2.cc:2873:scan,['ext/re2']
re2,2.27.0,to_s,re2_cRegexp,RUBY_METHOD_FUNC(re2_regexp_to_s),0,rb_define_method,ext/re2/re2.cc,2875,,,unresolved_function_binding,RUBY_METHOD_FUNC(re2_regexp_to_s),2.27.0;2.27.0-aarch64-linux-gnu;2.27.0-arm64-darwin;2.27.0-x86_64-darwin;2.27.0-x86_64-linux-gnu,re2:ext/re2/re2.cc:2875:to_s,['ext/re2']
re2,2.27.0,to_str,re2_cRegexp,RUBY_METHOD_FUNC(re2_regexp_to_s),0,rb_define_method,ext/re2/re2.cc,2876,,,unresolved_function_binding,RUBY_METHOD_FUNC(re2_regexp_to_s),2.27.0;2.27.0-aarch64-linux-gnu;2.27.0-arm64-darwin;2.27.0-x86_64-darwin;2.27.0-x86_64-linux-gnu,re2:ext/re2/re2.cc:2876:to_str,['ext/re2']
re2,2.27.0,pattern,re2_cRegexp,RUBY_METHOD_FUNC(re2_regexp_to_s),0,rb_define_method,ext/re2/re2.cc,2878,,,unresolved_function_binding,RUBY_METHOD_FUNC(re2_regexp_to_s),2.27.0;2.27.0-aarch64-linux-gnu;2.27.0-arm64-darwin;2.27.0-x86_64-darwin;2.27.0-x86_64-linux-gnu,re2:ext/re2/re2.cc:2878:pattern,['ext/re2']
re2,2.27.0,source,re2_cRegexp,RUBY_METHOD_FUNC(re2_regexp_to_s),0,rb_define_method,ext/re2/re2.cc,2880,,,unresolved_function_binding,RUBY_METHOD_FUNC(re2_regexp_to_s),2.27.0;2.27.0-aarch64-linux-gnu;2.27.0-arm64-darwin;2.27.0-x86_64-darwin;2.27.0-x86_64-linux-gnu,re2:ext/re2/re2.cc:2880:source,['ext/re2']
re2,2.27.0,inspect,re2_cRegexp,RUBY_METHOD_FUNC(re2_regexp_inspect),0,rb_define_method,ext/re2/re2.cc,2882,,,unresolved_function_binding,RUBY_METHOD_FUNC(re2_regexp_inspect),2.27.0;2.27.0-aarch64-linux-gnu;2.27.0-arm64-darwin;2.27.0-x86_64-darwin;2.27.0-x86_64-linux-gnu,re2:ext/re2/re2.cc:2882:inspect,['ext/re2']
re2,2.27.0,utf8?,re2_cRegexp,RUBY_METHOD_FUNC(re2_regexp_utf8),0,rb_define_method,ext/re2/re2.cc,2884,,,unresolved_function_binding,RUBY_METHOD_FUNC(re2_regexp_utf8),2.27.0;2.27.0-aarch64-linux-gnu;2.27.0-arm64-darwin;2.27.0-x86_64-darwin;2.27.0-x86_64-linux-gnu,re2:ext/re2/re2.cc:2884:utf8?,['ext/re2']
re2,2.27.0,posix_syntax?,re2_cRegexp,RUBY_METHOD_FUNC(re2_regexp_posix_syntax),0,rb_define_method,ext/re2/re2.cc,2886,,,unresolved_function_binding,RUBY_METHOD_FUNC(re2_regexp_posix_syntax),2.27.0;2.27.0-aarch64-linux-gnu;2.27.0-arm64-darwin;2.27.0-x86_64-darwin;2.27.0-x86_64-linux-gnu,re2:ext/re2/re2.cc:2886:posix_syntax?,['ext/re2']
re2,2.27.0,longest_match?,re2_cRegexp,RUBY_METHOD_FUNC(re2_regexp_longest_match),0,rb_define_method,ext/re2/re2.cc,2888,,,unresolved_function_binding,RUBY_METHOD_FUNC(re2_regexp_longest_match),2.27.0;2.27.0-aarch64-linux-gnu;2.27.0-arm64-darwin;2.27.0-x86_64-darwin;2.27.0-x86_64-linux-gnu,re2:ext/re2/re2.cc:2888:longest_match?,['ext/re2']
re2,2.27.0,log_errors?,re2_cRegexp,RUBY_METHOD_FUNC(re2_regexp_log_errors),0,rb_define_method,ext/re2/re2.cc,2890,,,unresolved_function_binding,RUBY_METHOD_FUNC(re2_regexp_log_errors),2.27.0;2.27.0-aarch64-linux-gnu;2.27.0-arm64-darwin;2.27.0-x86_64-darwin;2.27.0-x86_64-linux-gnu,re2:ext/re2/re2.cc:2890:log_errors?,['ext/re2']
re2,2.27.0,max_mem,re2_cRegexp,RUBY_METHOD_FUNC(re2_regexp_max_mem),0,rb_define_method,ext/re2/re2.cc,2892,,,unresolved_function_binding,RUBY_METHOD_FUNC(re2_regexp_max_mem),2.27.0;2.27.0-aarch64-linux-gnu;2.27.0-arm64-darwin;2.27.0-x86_64-darwin;2.27.0-x86_64-linux-gnu,re2:ext/re2/re2.cc:2892:max_mem,['ext/re2']
re2,2.27.0,literal?,re2_cRegexp,RUBY_METHOD_FUNC(re2_regexp_literal),0,rb_define_method,ext/re2/re2.cc,2894,,,unresolved_function_binding,RUBY_METHOD_FUNC(re2_regexp_literal),2.27.0;2.27.0-aarch64-linux-gnu;2.27.0-arm64-darwin;2.27.0-x86_64-darwin;2.27.0-x86_64-linux-gnu,re2:ext/re2/re2.cc:2894:literal?,['ext/re2']
re2,2.27.0,never_nl?,re2_cRegexp,RUBY_METHOD_FUNC(re2_regexp_never_nl),0,rb_define_method,ext/re2/re2.cc,2896,,,unresolved_function_binding,RUBY_METHOD_FUNC(re2_regexp_never_nl),2.27.0;2.27.0-aarch64-linux-gnu;2.27.0-arm64-darwin;2.27.0-x86_64-darwin;2.27.0-x86_64-linux-gnu,re2:ext/re2/re2.cc:2896:never_nl?,['ext/re2']
re2,2.27.0,case_sensitive?,re2_cRegexp,RUBY_METHOD_FUNC(re2_regexp_case_sensitive),0,rb_define_method,ext/re2/re2.cc,2898,,,unresolved_function_binding,RUBY_METHOD_FUNC(re2_regexp_case_sensitive),2.27.0;2.27.0-aarch64-linux-gnu;2.27.0-arm64-darwin;2.27.0-x86_64-darwin;2.27.0-x86_64-linux-gnu,re2:ext/re2/re2.cc:2898:case_sensitive?,['ext/re2']
re2,2.27.0,case_insensitive?,re2_cRegexp,RUBY_METHOD_FUNC(re2_regexp_case_insensitive),0,rb_define_method,ext/re2/re2.cc,2900,,,unresolved_function_binding,RUBY_METHOD_FUNC(re2_regexp_case_insensitive),2.27.0;2.27.0-aarch64-linux-gnu;2.27.0-arm64-darwin;2.27.0-x86_64-darwin;2.27.0-x86_64-linux-gnu,re2:ext/re2/re2.cc:2900:case_insensitive?,['ext/re2']
re2,2.27.0,casefold?,re2_cRegexp,RUBY_METHOD_FUNC(re2_regexp_case_insensitive),0,rb_define_method,ext/re2/re2.cc,2902,,,unresolved_function_binding,RUBY_METHOD_FUNC(re2_regexp_case_insensitive),2.27.0;2.27.0-aarch64-linux-gnu;2.27.0-arm64-darwin;2.27.0-x86_64-darwin;2.27.0-x86_64-linux-gnu,re2:ext/re2/re2.cc:2902:casefold?,['ext/re2']
re2,2.27.0,perl_classes?,re2_cRegexp,RUBY_METHOD_FUNC(re2_regexp_perl_classes),0,rb_define_method,ext/re2/re2.cc,2904,,,unresolved_function_binding,RUBY_METHOD_FUNC(re2_regexp_perl_classes),2.27.0;2.27.0-aarch64-linux-gnu;2.27.0-arm64-darwin;2.27.0-x86_64-darwin;2.27.0-x86_64-linux-gnu,re2:ext/re2/re2.cc:2904:perl_classes?,['ext/re2']
re2,2.27.0,word_boundary?,re2_cRegexp,RUBY_METHOD_FUNC(re2_regexp_word_boundary),0,rb_define_method,ext/re2/re2.cc,2906,,,unresolved_function_binding,RUBY_METHOD_FUNC(re2_regexp_word_boundary),2.27.0;2.27.0-aarch64-linux-gnu;2.27.0-arm64-darwin;2.27.0-x86_64-darwin;2.27.0-x86_64-linux-gnu,re2:ext/re2/re2.cc:2906:word_boundary?,['ext/re2']
re2,2.27.0,one_line?,re2_cRegexp,RUBY_METHOD_FUNC(re2_regexp_one_line),0,rb_define_method,ext/re2/re2.cc,2908,,,unresolved_function_binding,RUBY_METHOD_FUNC(re2_regexp_one_line),2.27.0;2.27.0-aarch64-linux-gnu;2.27.0-arm64-darwin;2.27.0-x86_64-darwin;2.27.0-x86_64-linux-gnu,re2:ext/re2/re2.cc:2908:one_line?,['ext/re2']
re2,2.27.0,match_raises_errors?,re2_cSet,RUBY_METHOD_FUNC(re2_set_match_raises_errors_p),0,rb_define_singleton_method,ext/re2/re2.cc,2911,,,unresolved_function_binding,RUBY_METHOD_FUNC(re2_set_match_raises_errors_p),2.27.0;2.27.0-aarch64-linux-gnu;2.27.0-arm64-darwin;2.27.0-x86_64-darwin;2.27.0-x86_64-linux-gnu,re2:ext/re2/re2.cc:2911:match_raises_errors?,['ext/re2']
re2,2.27.0,size?,re2_cSet,RUBY_METHOD_FUNC(re2_set_size_p),0,rb_define_singleton_method,ext/re2/re2.cc,2913,,,unresolved_function_binding,RUBY_METHOD_FUNC(re2_set_size_p),2.27.0;2.27.0-aarch64-linux-gnu;2.27.0-arm64-darwin;2.27.0-x86_64-darwin;2.27.0-x86_64-linux-gnu,re2:ext/re2/re2.cc:2913:size?,['ext/re2']
re2,2.27.0,initialize,re2_cSet,RUBY_METHOD_FUNC(re2_set_initialize),-1,rb_define_method,ext/re2/re2.cc,2915,,,unresolved_function_binding,RUBY_METHOD_FUNC(re2_set_initialize),2.27.0;2.27.0-aarch64-linux-gnu;2.27.0-arm64-darwin;2.27.0-x86_64-darwin;2.27.0-x86_64-linux-gnu,re2:ext/re2/re2.cc:2915:initialize,['ext/re2']
re2,2.27.0,initialize_copy,re2_cSet,RUBY_METHOD_FUNC(re2_set_initialize_copy),1,rb_define_method,ext/re2/re2.cc,2917,,,unresolved_function_binding,RUBY_METHOD_FUNC(re2_set_initialize_copy),2.27.0;2.27.0-aarch64-linux-gnu;2.27.0-arm64-darwin;2.27.0-x86_64-darwin;2.27.0-x86_64-linux-gnu,re2:ext/re2/re2.cc:2917:initialize_copy,['ext/re2']
re2,2.27.0,add,re2_cSet,RUBY_METHOD_FUNC(re2_set_add),1,rb_define_method,ext/re2/re2.cc,2919,,,unresolved_function_binding,RUBY_METHOD_FUNC(re2_set_add),2.27.0;2.27.0-aarch64-linux-gnu;2.27.0-arm64-darwin;2.27.0-x86_64-darwin;2.27.0-x86_64-linux-gnu,re2:ext/re2/re2.cc:2919:add,['ext/re2']
re2,2.27.0,compile,re2_cSet,RUBY_METHOD_FUNC(re2_set_compile),0,rb_define_method,ext/re2/re2.cc,2920,,,unresolved_function_binding,RUBY_METHOD_FUNC(re2_set_compile),2.27.0;2.27.0-aarch64-linux-gnu;2.27.0-arm64-darwin;2.27.0-x86_64-darwin;2.27.0-x86_64-linux-gnu,re2:ext/re2/re2.cc:2920:compile,['ext/re2']
re2,2.27.0,match,re2_cSet,RUBY_METHOD_FUNC(re2_set_match),-1,rb_define_method,ext/re2/re2.cc,2921,,,unresolved_function_binding,RUBY_METHOD_FUNC(re2_set_match),2.27.0;2.27.0-aarch64-linux-gnu;2.27.0-arm64-darwin;2.27.0-x86_64-darwin;2.27.0-x86_64-linux-gnu,re2:ext/re2/re2.cc:2921:match,['ext/re2']
re2,2.27.0,size,re2_cSet,RUBY_METHOD_FUNC(re2_set_size),0,rb_define_method,ext/re2/re2.cc,2922,,,unresolved_function_binding,RUBY_METHOD_FUNC(re2_set_size),2.27.0;2.27.0-aarch64-linux-gnu;2.27.0-arm64-darwin;2.27.0-x86_64-darwin;2.27.0-x86_64-linux-gnu,re2:ext/re2/re2.cc:2922:size,['ext/re2']
re2,2.27.0,length,re2_cSet,RUBY_METHOD_FUNC(re2_set_size),0,rb_define_method,ext/re2/re2.cc,2923,,,unresolved_function_binding,RUBY_METHOD_FUNC(re2_set_size),2.27.0;2.27.0-aarch64-linux-gnu;2.27.0-arm64-darwin;2.27.0-x86_64-darwin;2.27.0-x86_64-linux-gnu,re2:ext/re2/re2.cc:2923:length,['ext/re2']
re2,2.27.0,replace,re2_mRE2,RUBY_METHOD_FUNC(re2_replace),3,rb_define_module_function,ext/re2/re2.cc,2925,,,unresolved_function_binding,RUBY_METHOD_FUNC(re2_replace),2.27.0;2.27.0-aarch64-linux-gnu;2.27.0-arm64-darwin;2.27.0-x86_64-darwin;2.27.0-x86_64-linux-gnu,re2:ext/re2/re2.cc:2925:replace,['ext/re2']
re2,2.27.0,Replace,re2_mRE2,RUBY_METHOD_FUNC(re2_replace),3,rb_define_module_function,ext/re2/re2.cc,2927,,,unresolved_function_binding,RUBY_METHOD_FUNC(re2_replace),2.27.0;2.27.0-aarch64-linux-gnu;2.27.0-arm64-darwin;2.27.0-x86_64-darwin;2.27.0-x86_64-linux-gnu,re2:ext/re2/re2.cc:2927:Replace,['ext/re2']
re2,2.27.0,global_replace,re2_mRE2,RUBY_METHOD_FUNC(re2_global_replace),3,rb_define_module_function,ext/re2/re2.cc,2929,,,unresolved_function_binding,RUBY_METHOD_FUNC(re2_global_replace),2.27.0;2.27.0-aarch64-linux-gnu;2.27.0-arm64-darwin;2.27.0-x86_64-darwin;2.27.0-x86_64-linux-gnu,re2:ext/re2/re2.cc:2929:global_replace,['ext/re2']
re2,2.27.0,GlobalReplace,re2_mRE2,RUBY_METHOD_FUNC(re2_global_replace),3,rb_define_module_function,ext/re2/re2.cc,2931,,,unresolved_function_binding,RUBY_METHOD_FUNC(re2_global_replace),2.27.0;2.27.0-aarch64-linux-gnu;2.27.0-arm64-darwin;2.27.0-x86_64-darwin;2.27.0-x86_64-linux-gnu,re2:ext/re2/re2.cc:2931:GlobalReplace,['ext/re2']
re2,2.27.0,extract,re2_mRE2,RUBY_METHOD_FUNC(re2_extract),3,rb_define_module_function,ext/re2/re2.cc,2933,,,unresolved_function_binding,RUBY_METHOD_FUNC(re2_extract),2.27.0;2.27.0-aarch64-linux-gnu;2.27.0-arm64-darwin;2.27.0-x86_64-darwin;2.27.0-x86_64-linux-gnu,re2:ext/re2/re2.cc:2933:extract,['ext/re2']
re2,2.27.0,QuoteMeta,re2_mRE2,RUBY_METHOD_FUNC(re2_escape),1,rb_define_module_function,ext/re2/re2.cc,2935,,,unresolved_function_binding,RUBY_METHOD_FUNC(re2_escape),2.27.0;2.27.0-aarch64-linux-gnu;2.27.0-arm64-darwin;2.27.0-x86_64-darwin;2.27.0-x86_64-linux-gnu,re2:ext/re2/re2.cc:2935:QuoteMeta,['ext/re2']
re2,2.27.0,escape,re2_mRE2,RUBY_METHOD_FUNC(re2_escape),1,rb_define_module_function,ext/re2/re2.cc,2937,,,unresolved_function_binding,RUBY_METHOD_FUNC(re2_escape),2.27.0;2.27.0-aarch64-linux-gnu;2.27.0-arm64-darwin;2.27.0-x86_64-darwin;2.27.0-x86_64-linux-gnu,re2:ext/re2/re2.cc:2937:escape,['ext/re2']
re2,2.27.0,quote,re2_mRE2,RUBY_METHOD_FUNC(re2_escape),1,rb_define_module_function,ext/re2/re2.cc,2939,,,unresolved_function_binding,RUBY_METHOD_FUNC(re2_escape),2.27.0;2.27.0-aarch64-linux-gnu;2.27.0-arm64-darwin;2.27.0-x86_64-darwin;2.27.0-x86_64-linux-gnu,re2:ext/re2/re2.cc:2939:quote,['ext/re2']
re2,2.27.0,escape,re2_cRegexp,RUBY_METHOD_FUNC(re2_escape),1,rb_define_singleton_method,ext/re2/re2.cc,2941,,,unresolved_function_binding,RUBY_METHOD_FUNC(re2_escape),2.27.0;2.27.0-aarch64-linux-gnu;2.27.0-arm64-darwin;2.27.0-x86_64-darwin;2.27.0-x86_64-linux-gnu,re2:ext/re2/re2.cc:2941:escape,['ext/re2']
re2,2.27.0,quote,re2_cRegexp,RUBY_METHOD_FUNC(re2_escape),1,rb_define_singleton_method,ext/re2/re2.cc,2943,,,unresolved_function_binding,RUBY_METHOD_FUNC(re2_escape),2.27.0;2.27.0-aarch64-linux-gnu;2.27.0-arm64-darwin;2.27.0-x86_64-darwin;2.27.0-x86_64-linux-gnu,re2:ext/re2/re2.cc:2943:quote,['ext/re2']
re2,2.27.0,compile,re2_cRegexp,RUBY_METHOD_FUNC(rb_class_new_instance),-1,rb_define_singleton_method,ext/re2/re2.cc,2947,,,unresolved_function_binding,RUBY_METHOD_FUNC(rb_class_new_instance),2.27.0;2.27.0-aarch64-linux-gnu;2.27.0-arm64-darwin;2.27.0-x86_64-darwin;2.27.0-x86_64-linux-gnu,re2:ext/re2/re2.cc:2947:compile,['ext/re2']
re2,2.27.0,RE2,rb_mKernel,RUBY_METHOD_FUNC(re2_re2),-1,rb_define_module_function,ext/re2/re2.cc,2950,,,unresolved_function_binding,RUBY_METHOD_FUNC(re2_re2),2.27.0;2.27.0-aarch64-linux-gnu;2.27.0-arm64-darwin;2.27.0-x86_64-darwin;2.27.0-x86_64-linux-gnu,re2:ext/re2/re2.cc:2950:RE2,['ext/re2']
redcarpet,3.6.0,new,rb_cMarkdown,rb_redcarpet_md__new,-1,rb_define_singleton_method,ext/redcarpet/rc_markdown.c,180,ext/redcarpet/rc_markdown.c,88,resolved,rb_redcarpet_md__new,3.6.0,redcarpet:ext/redcarpet/rc_markdown.c:180:new,['ext/redcarpet']
redcarpet,3.6.0,render,rb_cMarkdown,rb_redcarpet_md_render,1,rb_define_method,ext/redcarpet/rc_markdown.c,181,ext/redcarpet/rc_markdown.c,132,resolved,rb_redcarpet_md_render,3.6.0,redcarpet:ext/redcarpet/rc_markdown.c:181:render,['ext/redcarpet']
redcarpet,3.6.0,<allocator>,rb_cRenderBase,rb_redcarpet_rbase_alloc,0,rb_define_alloc_func,ext/redcarpet/rc_render.c,576,ext/redcarpet/rc_render.c,402,resolved,rb_redcarpet_rbase_alloc,3.6.0,redcarpet:ext/redcarpet/rc_render.c:576:<allocator>,['ext/redcarpet']
redcarpet,3.6.0,initialize,rb_cRenderBase,rb_redcarpet_rbase_init,0,rb_define_method,ext/redcarpet/rc_render.c,577,ext/redcarpet/rc_render.c,439,resolved,rb_redcarpet_rbase_init,3.6.0,redcarpet:ext/redcarpet/rc_render.c:577:initialize,['ext/redcarpet']
redcarpet,3.6.0,initialize,rb_cRenderHTML,rb_redcarpet_html_init,-1,rb_define_method,ext/redcarpet/rc_render.c,580,ext/redcarpet/rc_render.c,445,resolved,rb_redcarpet_html_init,3.6.0,redcarpet:ext/redcarpet/rc_render.c:580:initialize,['ext/redcarpet']
redcarpet,3.6.0,initialize,rb_cRenderHTML_TOC,rb_redcarpet_htmltoc_init,-1,rb_define_method,ext/redcarpet/rc_render.c,583,ext/redcarpet/rc_render.c,510,resolved,rb_redcarpet_htmltoc_init,3.6.0,redcarpet:ext/redcarpet/rc_render.c:583:initialize,['ext/redcarpet']
redcarpet,3.6.0,postprocess,rb_mSmartyPants,rb_redcarpet_smartypants_render,1,rb_define_method,ext/redcarpet/rc_render.c,586,ext/redcarpet/rc_render.c,555,resolved,rb_redcarpet_smartypants_render,3.6.0,redcarpet:ext/redcarpet/rc_render.c:586:postprocess,['ext/redcarpet']
regexp_property_values,1.0.0,matched_ranges,module,method_matched_ranges,1,rb_define_singleton_method,ext/regexp_property_values/regexp_property_values.c,61,ext/regexp_property_values/regexp_property_values.c,50,resolved,method_matched_ranges,1.0.0,regexp_property_values:ext/regexp_property_values/regexp_property_values.c:61:matched_ranges,['ext/regexp_property_values']
resolv,0.7.1,get_dns_server_list,singl,get_dns_server_list,0,rb_define_private_method,ext/win32/resolv/resolv.c,249,ext/win32/resolv/resolv.c,56,resolved,get_dns_server_list,0.7.1,resolv:ext/win32/resolv/resolv.c:249:get_dns_server_list,['ext/win32/resolv']
resolv,0.7.1,tcpip_params,singl,tcpip_params_open,0,rb_define_private_method,ext/win32/resolv/resolv.c,250,ext/win32/resolv/resolv.c,119,resolved,tcpip_params_open,0.7.1,resolv:ext/win32/resolv/resolv.c:250:tcpip_params,['ext/win32/resolv']
resolv,0.7.1,open,regkey,reg_open,1,rb_define_method,ext/win32/resolv/resolv.c,251,ext/win32/resolv/resolv.c,137,resolved,reg_open,0.7.1,resolv:ext/win32/resolv/resolv.c:251:open,['ext/win32/resolv']
resolv,0.7.1,each_key,regkey,reg_each_key,0,rb_define_method,ext/win32/resolv/resolv.c,252,ext/win32/resolv/resolv.c,147,resolved,reg_each_key,0.7.1,resolv:ext/win32/resolv/resolv.c:252:each_key,['ext/win32/resolv']
resolv,0.7.1,value,regkey,reg_value,1,rb_define_method,ext/win32/resolv/resolv.c,253,ext/win32/resolv/resolv.c,173,resolved,reg_value,0.7.1,resolv:ext/win32/resolv/resolv.c:253:value,['ext/win32/resolv']
rinku,2.0.0,auto_link,rb_mRinku,rb_rinku_autolink,-1,rb_define_module_function,ext/rinku/rinku_rb.c,236,ext/rinku/rinku_rb.c,150,resolved,rb_rinku_autolink,2.0.0,rinku:ext/rinku/rinku_rb.c:236:auto_link,['ext/rinku']
ruby-magic,0.6.0,<allocator>,rb_cMagic,magic_allocate,0,rb_define_alloc_func,ext/magic/ruby-magic.c,1615,ext/magic/ruby-magic.c,1331,resolved,magic_allocate,0.6.0,ruby-magic:ext/magic/ruby-magic.c:1615:<allocator>,['ext/magic']
ruby-magic,0.6.0,do_not_auto_load,rb_cMagic,RUBY_METHOD_FUNC(rb_mgc_get_do_not_auto_load_global),0,rb_define_singleton_method,ext/magic/ruby-magic.c,1645,,,unresolved_function_binding,RUBY_METHOD_FUNC(rb_mgc_get_do_not_auto_load_global),0.6.0,ruby-magic:ext/magic/ruby-magic.c:1645:do_not_auto_load,['ext/magic']
ruby-magic,0.6.0,do_not_auto_load=,rb_cMagic,RUBY_METHOD_FUNC(rb_mgc_set_do_not_auto_load_global),1,rb_define_singleton_method,ext/magic/ruby-magic.c,1646,,,unresolved_function_binding,RUBY_METHOD_FUNC(rb_mgc_set_do_not_auto_load_global),0.6.0,ruby-magic:ext/magic/ruby-magic.c:1646:do_not_auto_load=,['ext/magic']
ruby-magic,0.6.0,do_not_stop_on_error,rb_cMagic,RUBY_METHOD_FUNC(rb_mgc_get_do_not_stop_on_error_global),0,rb_define_singleton_method,ext/magic/ruby-magic.c,1648,,,unresolved_function_binding,RUBY_METHOD_FUNC(rb_mgc_get_do_not_stop_on_error_global),0.6.0,ruby-magic:ext/magic/ruby-magic.c:1648:do_not_stop_on_error,['ext/magic']
ruby-magic,0.6.0,do_not_stop_on_error=,rb_cMagic,RUBY_METHOD_FUNC(rb_mgc_set_do_not_stop_on_error_global),1,rb_define_singleton_method,ext/magic/ruby-magic.c,1649,,,unresolved_function_binding,RUBY_METHOD_FUNC(rb_mgc_set_do_not_stop_on_error_global),0.6.0,ruby-magic:ext/magic/ruby-magic.c:1649:do_not_stop_on_error=,['ext/magic']
ruby-magic,0.6.0,version,rb_cMagic,RUBY_METHOD_FUNC(rb_mgc_version),0,rb_define_singleton_method,ext/magic/ruby-magic.c,1651,,,unresolved_function_binding,RUBY_METHOD_FUNC(rb_mgc_version),0.6.0,ruby-magic:ext/magic/ruby-magic.c:1651:version,['ext/magic']
ruby-magic,0.6.0,initialize,rb_cMagic,RUBY_METHOD_FUNC(rb_mgc_initialize),-2,rb_define_method,ext/magic/ruby-magic.c,1653,,,unresolved_function_binding,RUBY_METHOD_FUNC(rb_mgc_initialize),0.6.0,ruby-magic:ext/magic/ruby-magic.c:1653:initialize,['ext/magic']
ruby-magic,0.6.0,do_not_stop_on_error,rb_cMagic,RUBY_METHOD_FUNC(rb_mgc_get_do_not_stop_on_error),0,rb_define_method,ext/magic/ruby-magic.c,1655,,,unresolved_function_binding,RUBY_METHOD_FUNC(rb_mgc_get_do_not_stop_on_error),0.6.0,ruby-magic:ext/magic/ruby-magic.c:1655:do_not_stop_on_error,['ext/magic']
ruby-magic,0.6.0,do_not_stop_on_error=,rb_cMagic,RUBY_METHOD_FUNC(rb_mgc_set_do_not_stop_on_error),1,rb_define_method,ext/magic/ruby-magic.c,1656,,,unresolved_function_binding,RUBY_METHOD_FUNC(rb_mgc_set_do_not_stop_on_error),0.6.0,ruby-magic:ext/magic/ruby-magic.c:1656:do_not_stop_on_error=,['ext/magic']
ruby-magic,0.6.0,open?,rb_cMagic,RUBY_METHOD_FUNC(rb_mgc_open_p),0,rb_define_method,ext/magic/ruby-magic.c,1658,,,unresolved_function_binding,RUBY_METHOD_FUNC(rb_mgc_open_p),0.6.0,ruby-magic:ext/magic/ruby-magic.c:1658:open?,['ext/magic']
ruby-magic,0.6.0,close,rb_cMagic,RUBY_METHOD_FUNC(rb_mgc_close),0,rb_define_method,ext/magic/ruby-magic.c,1659,,,unresolved_function_binding,RUBY_METHOD_FUNC(rb_mgc_close),0.6.0,ruby-magic:ext/magic/ruby-magic.c:1659:close,['ext/magic']
ruby-magic,0.6.0,closed?,rb_cMagic,RUBY_METHOD_FUNC(rb_mgc_close_p),0,rb_define_method,ext/magic/ruby-magic.c,1660,,,unresolved_function_binding,RUBY_METHOD_FUNC(rb_mgc_close_p),0.6.0,ruby-magic:ext/magic/ruby-magic.c:1660:closed?,['ext/magic']
ruby-magic,0.6.0,paths,rb_cMagic,RUBY_METHOD_FUNC(rb_mgc_get_paths),0,rb_define_method,ext/magic/ruby-magic.c,1662,,,unresolved_function_binding,RUBY_METHOD_FUNC(rb_mgc_get_paths),0.6.0,ruby-magic:ext/magic/ruby-magic.c:1662:paths,['ext/magic']
ruby-magic,0.6.0,get_parameter,rb_cMagic,RUBY_METHOD_FUNC(rb_mgc_get_parameter),1,rb_define_method,ext/magic/ruby-magic.c,1664,,,unresolved_function_binding,RUBY_METHOD_FUNC(rb_mgc_get_parameter),0.6.0,ruby-magic:ext/magic/ruby-magic.c:1664:get_parameter,['ext/magic']
ruby-magic,0.6.0,set_parameter,rb_cMagic,RUBY_METHOD_FUNC(rb_mgc_set_parameter),2,rb_define_method,ext/magic/ruby-magic.c,1665,,,unresolved_function_binding,RUBY_METHOD_FUNC(rb_mgc_set_parameter),0.6.0,ruby-magic:ext/magic/ruby-magic.c:1665:set_parameter,['ext/magic']
ruby-magic,0.6.0,flags,rb_cMagic,RUBY_METHOD_FUNC(rb_mgc_get_flags),0,rb_define_method,ext/magic/ruby-magic.c,1667,,,unresolved_function_binding,RUBY_METHOD_FUNC(rb_mgc_get_flags),0.6.0,ruby-magic:ext/magic/ruby-magic.c:1667:flags,['ext/magic']
ruby-magic,0.6.0,flags=,rb_cMagic,RUBY_METHOD_FUNC(rb_mgc_set_flags),1,rb_define_method,ext/magic/ruby-magic.c,1668,,,unresolved_function_binding,RUBY_METHOD_FUNC(rb_mgc_set_flags),0.6.0,ruby-magic:ext/magic/ruby-magic.c:1668:flags=,['ext/magic']
ruby-magic,0.6.0,file,rb_cMagic,RUBY_METHOD_FUNC(rb_mgc_file),1,rb_define_method,ext/magic/ruby-magic.c,1670,,,unresolved_function_binding,RUBY_METHOD_FUNC(rb_mgc_file),0.6.0,ruby-magic:ext/magic/ruby-magic.c:1670:file,['ext/magic']
ruby-magic,0.6.0,buffer,rb_cMagic,RUBY_METHOD_FUNC(rb_mgc_buffer),1,rb_define_method,ext/magic/ruby-magic.c,1671,,,unresolved_function_binding,RUBY_METHOD_FUNC(rb_mgc_buffer),0.6.0,ruby-magic:ext/magic/ruby-magic.c:1671:buffer,['ext/magic']
ruby-magic,0.6.0,descriptor,rb_cMagic,RUBY_METHOD_FUNC(rb_mgc_descriptor),1,rb_define_method,ext/magic/ruby-magic.c,1672,,,unresolved_function_binding,RUBY_METHOD_FUNC(rb_mgc_descriptor),0.6.0,ruby-magic:ext/magic/ruby-magic.c:1672:descriptor,['ext/magic']
ruby-magic,0.6.0,load,rb_cMagic,RUBY_METHOD_FUNC(rb_mgc_load),-2,rb_define_method,ext/magic/ruby-magic.c,1676,,,unresolved_function_binding,RUBY_METHOD_FUNC(rb_mgc_load),0.6.0,ruby-magic:ext/magic/ruby-magic.c:1676:load,['ext/magic']
ruby-magic,0.6.0,load_buffers,rb_cMagic,RUBY_METHOD_FUNC(rb_mgc_load_buffers),-2,rb_define_method,ext/magic/ruby-magic.c,1677,,,unresolved_function_binding,RUBY_METHOD_FUNC(rb_mgc_load_buffers),0.6.0,ruby-magic:ext/magic/ruby-magic.c:1677:load_buffers,['ext/magic']
ruby-magic,0.6.0,loaded?,rb_cMagic,RUBY_METHOD_FUNC(rb_mgc_load_p),0,rb_define_method,ext/magic/ruby-magic.c,1678,,,unresolved_function_binding,RUBY_METHOD_FUNC(rb_mgc_load_p),0.6.0,ruby-magic:ext/magic/ruby-magic.c:1678:loaded?,['ext/magic']
ruby-magic,0.6.0,compile,rb_cMagic,RUBY_METHOD_FUNC(rb_mgc_compile),1,rb_define_method,ext/magic/ruby-magic.c,1682,,,unresolved_function_binding,RUBY_METHOD_FUNC(rb_mgc_compile),0.6.0,ruby-magic:ext/magic/ruby-magic.c:1682:compile,['ext/magic']
ruby-magic,0.6.0,check,rb_cMagic,RUBY_METHOD_FUNC(rb_mgc_check),1,rb_define_method,ext/magic/ruby-magic.c,1683,,,unresolved_function_binding,RUBY_METHOD_FUNC(rb_mgc_check),0.6.0,ruby-magic:ext/magic/ruby-magic.c:1683:check,['ext/magic']
rugged,1.9.6,libgit2_version,rb_mRugged,rb_git_libgit2_version,0,rb_define_module_function,ext/rugged/rugged.c,612,ext/rugged/rugged.c,66,resolved,rb_git_libgit2_version,1.9.6,rugged:ext/rugged/rugged.c:612:libgit2_version,['ext/rugged']
rugged,1.9.6,libgit2_prerelease,rb_mRugged,rb_git_libgit2_prerelease,0,rb_define_module_function,ext/rugged/rugged.c,613,ext/rugged/rugged.c,85,resolved,rb_git_libgit2_prerelease,1.9.6,rugged:ext/rugged/rugged.c:613:libgit2_prerelease,['ext/rugged']
rugged,1.9.6,features,rb_mRugged,rb_git_features,0,rb_define_module_function,ext/rugged/rugged.c,614,ext/rugged/rugged.c,102,resolved,rb_git_features,1.9.6,rugged:ext/rugged/rugged.c:614:features,['ext/rugged']
rugged,1.9.6,valid_full_oid?,rb_mRugged,rb_git_valid_full_oid,1,rb_define_module_function,ext/rugged/rugged.c,615,ext/rugged/rugged.c,129,resolved,rb_git_valid_full_oid,1.9.6,rugged:ext/rugged/rugged.c:615:valid_full_oid?,['ext/rugged']
rugged,1.9.6,hex_to_raw,rb_mRugged,rb_git_hex_to_raw,1,rb_define_module_function,ext/rugged/rugged.c,616,ext/rugged/rugged.c,153,resolved,rb_git_hex_to_raw,1.9.6,rugged:ext/rugged/rugged.c:616:hex_to_raw,['ext/rugged']
rugged,1.9.6,raw_to_hex,rb_mRugged,rb_git_raw_to_hex,1,rb_define_module_function,ext/rugged/rugged.c,617,ext/rugged/rugged.c,173,resolved,rb_git_raw_to_hex,1.9.6,rugged:ext/rugged/rugged.c:617:raw_to_hex,['ext/rugged']
rugged,1.9.6,minimize_oid,rb_mRugged,rb_git_minimize_oid,-1,rb_define_module_function,ext/rugged/rugged.c,618,ext/rugged/rugged.c,296,resolved,rb_git_minimize_oid,1.9.6,rugged:ext/rugged/rugged.c:618:minimize_oid,['ext/rugged']
rugged,1.9.6,prettify_message,rb_mRugged,rb_git_prettify_message,-1,rb_define_module_function,ext/rugged/rugged.c,619,ext/rugged/rugged.c,196,resolved,rb_git_prettify_message,1.9.6,rugged:ext/rugged/rugged.c:619:prettify_message,['ext/rugged']
rugged,1.9.6,__cache_usage__,rb_mRugged,rb_git_cache_usage,0,rb_define_module_function,ext/rugged/rugged.c,620,ext/rugged/rugged.c,396,resolved,rb_git_cache_usage,1.9.6,rugged:ext/rugged/rugged.c:620:__cache_usage__,['ext/rugged']
rugged,1.9.6,signature_from_buffer,rb_mRugged,rb_git_signature_from_buffer,-1,rb_define_module_function,ext/rugged/rugged.c,621,ext/rugged/rugged.c,412,resolved,rb_git_signature_from_buffer,1.9.6,rugged:ext/rugged/rugged.c:621:signature_from_buffer,['ext/rugged']
rugged,1.9.6,dotgit_modules?,rb_mRugged,rb_git_path_is_dotgit_modules,1,rb_define_module_function,ext/rugged/rugged.c,622,ext/rugged/rugged.c,550,resolved,rb_git_path_is_dotgit_modules,1.9.6,rugged:ext/rugged/rugged.c:622:dotgit_modules?,['ext/rugged']
rugged,1.9.6,dotgit_ignore?,rb_mRugged,rb_git_path_is_dotgit_ignore,1,rb_define_module_function,ext/rugged/rugged.c,623,ext/rugged/rugged.c,564,resolved,rb_git_path_is_dotgit_ignore,1.9.6,rugged:ext/rugged/rugged.c:623:dotgit_ignore?,['ext/rugged']
rugged,1.9.6,dotgit_attributes?,rb_mRugged,rb_git_path_is_dotgit_attributes,1,rb_define_module_function,ext/rugged/rugged.c,624,ext/rugged/rugged.c,578,resolved,rb_git_path_is_dotgit_attributes,1.9.6,rugged:ext/rugged/rugged.c:624:dotgit_attributes?,['ext/rugged']
rugged,1.9.6,new,rb_cRuggedBlame,rb_git_blame_new,-1,rb_define_singleton_method,ext/rugged/rugged_blame.c,287,ext/rugged/rugged_blame.c,144,resolved,rb_git_blame_new,1.9.6,rugged:ext/rugged/rugged_blame.c:287:new,['ext/rugged']
rugged,1.9.6,[],rb_cRuggedBlame,rb_git_blame_get_by_index,1,rb_define_method,ext/rugged/rugged_blame.c,289,ext/rugged/rugged_blame.c,223,resolved,rb_git_blame_get_by_index,1.9.6,rugged:ext/rugged/rugged_blame.c:289:[],['ext/rugged']
rugged,1.9.6,for_line,rb_cRuggedBlame,rb_git_blame_for_line,1,rb_define_method,ext/rugged/rugged_blame.c,290,ext/rugged/rugged_blame.c,174,resolved,rb_git_blame_for_line,1.9.6,rugged:ext/rugged/rugged_blame.c:290:for_line,['ext/rugged']
rugged,1.9.6,count,rb_cRuggedBlame,rb_git_blame_count,0,rb_define_method,ext/rugged/rugged_blame.c,292,ext/rugged/rugged_blame.c,200,resolved,rb_git_blame_count,1.9.6,rugged:ext/rugged/rugged_blame.c:292:count,['ext/rugged']
rugged,1.9.6,size,rb_cRuggedBlame,rb_git_blame_count,0,rb_define_method,ext/rugged/rugged_blame.c,293,ext/rugged/rugged_blame.c,200,resolved,rb_git_blame_count,1.9.6,rugged:ext/rugged/rugged_blame.c:293:size,['ext/rugged']
rugged,1.9.6,each,rb_cRuggedBlame,rb_git_blame_each,0,rb_define_method,ext/rugged/rugged_blame.c,295,ext/rugged/rugged_blame.c,261,resolved,rb_git_blame_each,1.9.6,rugged:ext/rugged/rugged_blame.c:295:each,['ext/rugged']
rugged,1.9.6,size,rb_cRuggedBlob,rb_git_blob_rawsize,0,rb_define_method,ext/rugged/rugged_blob.c,714,ext/rugged/rugged_blob.c,122,resolved,rb_git_blob_rawsize,1.9.6,rugged:ext/rugged/rugged_blob.c:714:size,['ext/rugged']
rugged,1.9.6,content,rb_cRuggedBlob,rb_git_blob_content_GET,-1,rb_define_method,ext/rugged/rugged_blob.c,715,ext/rugged/rugged_blob.c,84,resolved,rb_git_blob_content_GET,1.9.6,rugged:ext/rugged/rugged_blob.c:715:content,['ext/rugged']
rugged,1.9.6,text,rb_cRuggedBlob,rb_git_blob_text_GET,-1,rb_define_method,ext/rugged/rugged_blob.c,716,ext/rugged/rugged_blob.c,37,resolved,rb_git_blob_text_GET,1.9.6,rugged:ext/rugged/rugged_blob.c:716:text,['ext/rugged']
rugged,1.9.6,sloc,rb_cRuggedBlob,rb_git_blob_sloc,0,rb_define_method,ext/rugged/rugged_blob.c,717,ext/rugged/rugged_blob.c,343,resolved,rb_git_blob_sloc,1.9.6,rugged:ext/rugged/rugged_blob.c:717:sloc,['ext/rugged']
rugged,1.9.6,loc,rb_cRuggedBlob,rb_git_blob_loc,0,rb_define_method,ext/rugged/rugged_blob.c,718,ext/rugged/rugged_blob.c,304,resolved,rb_git_blob_loc,1.9.6,rugged:ext/rugged/rugged_blob.c:718:loc,['ext/rugged']
rugged,1.9.6,binary?,rb_cRuggedBlob,rb_git_blob_is_binary,0,rb_define_method,ext/rugged/rugged_blob.c,719,ext/rugged/rugged_blob.c,386,resolved,rb_git_blob_is_binary,1.9.6,rugged:ext/rugged/rugged_blob.c:719:binary?,['ext/rugged']
rugged,1.9.6,diff,rb_cRuggedBlob,rb_git_blob_diff,-1,rb_define_method,ext/rugged/rugged_blob.c,720,ext/rugged/rugged_blob.c,445,resolved,rb_git_blob_diff,1.9.6,rugged:ext/rugged/rugged_blob.c:720:diff,['ext/rugged']
rugged,1.9.6,from_buffer,rb_cRuggedBlob,rb_git_blob_from_buffer,2,rb_define_singleton_method,ext/rugged/rugged_blob.c,722,ext/rugged/rugged_blob.c,138,resolved,rb_git_blob_from_buffer,1.9.6,rugged:ext/rugged/rugged_blob.c:722:from_buffer,['ext/rugged']
rugged,1.9.6,from_workdir,rb_cRuggedBlob,rb_git_blob_from_workdir,2,rb_define_singleton_method,ext/rugged/rugged_blob.c,723,ext/rugged/rugged_blob.c,165,resolved,rb_git_blob_from_workdir,1.9.6,rugged:ext/rugged/rugged_blob.c:723:from_workdir,['ext/rugged']
rugged,1.9.6,from_disk,rb_cRuggedBlob,rb_git_blob_from_disk,2,rb_define_singleton_method,ext/rugged/rugged_blob.c,724,ext/rugged/rugged_blob.c,193,resolved,rb_git_blob_from_disk,1.9.6,rugged:ext/rugged/rugged_blob.c:724:from_disk,['ext/rugged']
rugged,1.9.6,from_io,rb_cRuggedBlob,rb_git_blob_from_io,-1,rb_define_singleton_method,ext/rugged/rugged_blob.c,725,ext/rugged/rugged_blob.c,245,resolved,rb_git_blob_from_io,1.9.6,rugged:ext/rugged/rugged_blob.c:725:from_io,['ext/rugged']
rugged,1.9.6,to_buffer,rb_cRuggedBlob,rb_git_blob_to_buffer,-1,rb_define_singleton_method,ext/rugged/rugged_blob.c,727,ext/rugged/rugged_blob.c,497,resolved,rb_git_blob_to_buffer,1.9.6,rugged:ext/rugged/rugged_blob.c:727:to_buffer,['ext/rugged']
rugged,1.9.6,merge_files,rb_cRuggedBlob,rb_git_blob_merge_files,-1,rb_define_singleton_method,ext/rugged/rugged_blob.c,728,ext/rugged/rugged_blob.c,594,resolved,rb_git_blob_merge_files,1.9.6,rugged:ext/rugged/rugged_blob.c:728:merge_files,['ext/rugged']
rugged,1.9.6,new,rb_cRuggedBlobSig,rb_git_blob_sig_new,-1,rb_define_singleton_method,ext/rugged/rugged_blob.c,733,ext/rugged/rugged_blob.c,656,resolved,rb_git_blob_sig_new,1.9.6,rugged:ext/rugged/rugged_blob.c:733:new,['ext/rugged']
rugged,1.9.6,compare,rb_cRuggedBlobSig,rb_git_blob_sig_compare,2,rb_define_singleton_method,ext/rugged/rugged_blob.c,734,ext/rugged/rugged_blob.c,685,resolved,rb_git_blob_sig_compare,1.9.6,rugged:ext/rugged/rugged_blob.c:734:compare,['ext/rugged']
rugged,1.9.6,head?,rb_cRuggedBranch,rb_git_branch_head_p,0,rb_define_method,ext/rugged/rugged_branch.c,176,ext/rugged/rugged_branch.c,30,resolved,rb_git_branch_head_p,1.9.6,rugged:ext/rugged/rugged_branch.c:176:head?,['ext/rugged']
rugged,1.9.6,name,rb_cRuggedBranch,rb_git_branch_name,0,rb_define_method,ext/rugged/rugged_branch.c,177,ext/rugged/rugged_branch.c,46,resolved,rb_git_branch_name,1.9.6,rugged:ext/rugged/rugged_branch.c:177:name,['ext/rugged']
rugged,1.9.6,remote_name,rb_cRuggedBranch,rb_git_branch_remote_name,0,rb_define_method,ext/rugged/rugged_branch.c,178,ext/rugged/rugged_branch.c,87,resolved,rb_git_branch_remote_name,1.9.6,rugged:ext/rugged/rugged_branch.c:178:remote_name,['ext/rugged']
rugged,1.9.6,upstream,rb_cRuggedBranch,rb_git_branch_upstream,0,rb_define_method,ext/rugged/rugged_branch.c,179,ext/rugged/rugged_branch.c,117,resolved,rb_git_branch_upstream,1.9.6,rugged:ext/rugged/rugged_branch.c:179:upstream,['ext/rugged']
rugged,1.9.6,upstream=,rb_cRuggedBranch,rb_git_branch_set_upstream,1,rb_define_method,ext/rugged/rugged_branch.c,180,ext/rugged/rugged_branch.c,146,resolved,rb_git_branch_set_upstream,1.9.6,rugged:ext/rugged/rugged_branch.c:180:upstream=,['ext/rugged']
rugged,1.9.6,initialize,rb_cRuggedBranchCollection,rb_git_branch_collection_initialize,1,rb_define_method,ext/rugged/rugged_branch_collection.c,376,ext/rugged/rugged_branch_collection.c,68,resolved,rb_git_branch_collection_initialize,1.9.6,rugged:ext/rugged/rugged_branch_collection.c:376:initialize,['ext/rugged']
rugged,1.9.6,[],rb_cRuggedBranchCollection,rb_git_branch_collection_aref,1,rb_define_method,ext/rugged/rugged_branch_collection.c,378,ext/rugged/rugged_branch_collection.c,161,resolved,rb_git_branch_collection_aref,1.9.6,rugged:ext/rugged/rugged_branch_collection.c:378:[],['ext/rugged']
rugged,1.9.6,create,rb_cRuggedBranchCollection,rb_git_branch_collection_create,-1,rb_define_method,ext/rugged/rugged_branch_collection.c,379,ext/rugged/rugged_branch_collection.c,113,resolved,rb_git_branch_collection_create,1.9.6,rugged:ext/rugged/rugged_branch_collection.c:379:create,['ext/rugged']
rugged,1.9.6,each,rb_cRuggedBranchCollection,rb_git_branch_collection_each,-1,rb_define_method,ext/rugged/rugged_branch_collection.c,381,ext/rugged/rugged_branch_collection.c,238,resolved,rb_git_branch_collection_each,1.9.6,rugged:ext/rugged/rugged_branch_collection.c:381:each,['ext/rugged']
rugged,1.9.6,each_name,rb_cRuggedBranchCollection,rb_git_branch_collection_each_name,-1,rb_define_method,ext/rugged/rugged_branch_collection.c,382,ext/rugged/rugged_branch_collection.c,254,resolved,rb_git_branch_collection_each_name,1.9.6,rugged:ext/rugged/rugged_branch_collection.c:382:each_name,['ext/rugged']
rugged,1.9.6,exist?,rb_cRuggedBranchCollection,rb_git_branch_collection_exist_p,1,rb_define_method,ext/rugged/rugged_branch_collection.c,384,ext/rugged/rugged_branch_collection.c,350,resolved,rb_git_branch_collection_exist_p,1.9.6,rugged:ext/rugged/rugged_branch_collection.c:384:exist?,['ext/rugged']
rugged,1.9.6,exists?,rb_cRuggedBranchCollection,rb_git_branch_collection_exist_p,1,rb_define_method,ext/rugged/rugged_branch_collection.c,385,ext/rugged/rugged_branch_collection.c,350,resolved,rb_git_branch_collection_exist_p,1.9.6,rugged:ext/rugged/rugged_branch_collection.c:385:exists?,['ext/rugged']
rugged,1.9.6,move,rb_cRuggedBranchCollection,rb_git_branch_collection_move,-1,rb_define_method,ext/rugged/rugged_branch_collection.c,387,ext/rugged/rugged_branch_collection.c,314,resolved,rb_git_branch_collection_move,1.9.6,rugged:ext/rugged/rugged_branch_collection.c:387:move,['ext/rugged']
rugged,1.9.6,rename,rb_cRuggedBranchCollection,rb_git_branch_collection_move,-1,rb_define_method,ext/rugged/rugged_branch_collection.c,388,ext/rugged/rugged_branch_collection.c,314,resolved,rb_git_branch_collection_move,1.9.6,rugged:ext/rugged/rugged_branch_collection.c:388:rename,['ext/rugged']
rugged,1.9.6,delete,rb_cRuggedBranchCollection,rb_git_branch_collection_delete,1,rb_define_method,ext/rugged/rugged_branch_collection.c,389,ext/rugged/rugged_branch_collection.c,269,resolved,rb_git_branch_collection_delete,1.9.6,rugged:ext/rugged/rugged_branch_collection.c:389:delete,['ext/rugged']
rugged,1.9.6,create,rb_cRuggedCommit,rb_git_commit_create,2,rb_define_singleton_method,ext/rugged/rugged_commit.c,875,ext/rugged/rugged_commit.c,543,resolved,rb_git_commit_create,1.9.6,rugged:ext/rugged/rugged_commit.c:875:create,['ext/rugged']
rugged,1.9.6,create_to_s,rb_cRuggedCommit,rb_git_commit_create_to_s,2,rb_define_singleton_method,ext/rugged/rugged_commit.c,876,ext/rugged/rugged_commit.c,792,resolved,rb_git_commit_create_to_s,1.9.6,rugged:ext/rugged/rugged_commit.c:876:create_to_s,['ext/rugged']
rugged,1.9.6,create_with_signature,rb_cRuggedCommit,rb_git_commit_create_with_signature,-1,rb_define_singleton_method,ext/rugged/rugged_commit.c,877,ext/rugged/rugged_commit.c,843,resolved,rb_git_commit_create_with_signature,1.9.6,rugged:ext/rugged/rugged_commit.c:877:create_with_signature,['ext/rugged']
rugged,1.9.6,extract_signature,rb_cRuggedCommit,rb_git_commit_extract_signature,-1,rb_define_singleton_method,ext/rugged/rugged_commit.c,878,ext/rugged/rugged_commit.c,726,resolved,rb_git_commit_extract_signature,1.9.6,rugged:ext/rugged/rugged_commit.c:878:extract_signature,['ext/rugged']
rugged,1.9.6,message,rb_cRuggedCommit,rb_git_commit_message_GET,0,rb_define_method,ext/rugged/rugged_commit.c,880,ext/rugged/rugged_commit.c,34,resolved,rb_git_commit_message_GET,1.9.6,rugged:ext/rugged/rugged_commit.c:880:message,['ext/rugged']
rugged,1.9.6,trailers,rb_cRuggedCommit,rb_git_commit_trailers_GET,0,rb_define_method,ext/rugged/rugged_commit.c,881,ext/rugged/rugged_commit.c,63,resolved,rb_git_commit_trailers_GET,1.9.6,rugged:ext/rugged/rugged_commit.c:881:trailers,['ext/rugged']
rugged,1.9.6,summary,rb_cRuggedCommit,rb_git_commit_summary_GET,0,rb_define_method,ext/rugged/rugged_commit.c,882,ext/rugged/rugged_commit.c,117,resolved,rb_git_commit_summary_GET,1.9.6,rugged:ext/rugged/rugged_commit.c:882:summary,['ext/rugged']
rugged,1.9.6,epoch_time,rb_cRuggedCommit,rb_git_commit_epoch_time_GET,0,rb_define_method,ext/rugged/rugged_commit.c,883,ext/rugged/rugged_commit.c,195,resolved,rb_git_commit_epoch_time_GET,1.9.6,rugged:ext/rugged/rugged_commit.c:883:epoch_time,['ext/rugged']
rugged,1.9.6,committer,rb_cRuggedCommit,rb_git_commit_committer_GET,0,rb_define_method,ext/rugged/rugged_commit.c,884,ext/rugged/rugged_commit.c,150,resolved,rb_git_commit_committer_GET,1.9.6,rugged:ext/rugged/rugged_commit.c:884:committer,['ext/rugged']
rugged,1.9.6,author,rb_cRuggedCommit,rb_git_commit_author_GET,0,rb_define_method,ext/rugged/rugged_commit.c,885,ext/rugged/rugged_commit.c,175,resolved,rb_git_commit_author_GET,1.9.6,rugged:ext/rugged/rugged_commit.c:885:author,['ext/rugged']
rugged,1.9.6,tree,rb_cRuggedCommit,rb_git_commit_tree_GET,0,rb_define_method,ext/rugged/rugged_commit.c,886,ext/rugged/rugged_commit.c,212,resolved,rb_git_commit_tree_GET,1.9.6,rugged:ext/rugged/rugged_commit.c:886:tree,['ext/rugged']
rugged,1.9.6,tree_id,rb_cRuggedCommit,rb_git_commit_tree_id_GET,0,rb_define_method,ext/rugged/rugged_commit.c,888,ext/rugged/rugged_commit.c,237,resolved,rb_git_commit_tree_id_GET,1.9.6,rugged:ext/rugged/rugged_commit.c:888:tree_id,['ext/rugged']
rugged,1.9.6,tree_oid,rb_cRuggedCommit,rb_git_commit_tree_id_GET,0,rb_define_method,ext/rugged/rugged_commit.c,889,ext/rugged/rugged_commit.c,237,resolved,rb_git_commit_tree_id_GET,1.9.6,rugged:ext/rugged/rugged_commit.c:889:tree_oid,['ext/rugged']
rugged,1.9.6,parents,rb_cRuggedCommit,rb_git_commit_parents_GET,0,rb_define_method,ext/rugged/rugged_commit.c,891,ext/rugged/rugged_commit.c,260,resolved,rb_git_commit_parents_GET,1.9.6,rugged:ext/rugged/rugged_commit.c:891:parents,['ext/rugged']
rugged,1.9.6,parent_ids,rb_cRuggedCommit,rb_git_commit_parent_ids_GET,0,rb_define_method,ext/rugged/rugged_commit.c,892,ext/rugged/rugged_commit.c,294,resolved,rb_git_commit_parent_ids_GET,1.9.6,rugged:ext/rugged/rugged_commit.c:892:parent_ids,['ext/rugged']
rugged,1.9.6,parent_oids,rb_cRuggedCommit,rb_git_commit_parent_ids_GET,0,rb_define_method,ext/rugged/rugged_commit.c,893,ext/rugged/rugged_commit.c,294,resolved,rb_git_commit_parent_ids_GET,1.9.6,rugged:ext/rugged/rugged_commit.c:893:parent_oids,['ext/rugged']
rugged,1.9.6,amend,rb_cRuggedCommit,rb_git_commit_amend,1,rb_define_method,ext/rugged/rugged_commit.c,895,ext/rugged/rugged_commit.c,344,resolved,rb_git_commit_amend,1.9.6,rugged:ext/rugged/rugged_commit.c:895:amend,['ext/rugged']
rugged,1.9.6,to_mbox,rb_cRuggedCommit,rb_git_commit_to_mbox,-1,rb_define_method,ext/rugged/rugged_commit.c,897,ext/rugged/rugged_commit.c,602,resolved,rb_git_commit_to_mbox,1.9.6,rugged:ext/rugged/rugged_commit.c:897:to_mbox,['ext/rugged']
rugged,1.9.6,header_field,rb_cRuggedCommit,rb_git_commit_header_field,1,rb_define_method,ext/rugged/rugged_commit.c,899,ext/rugged/rugged_commit.c,667,resolved,rb_git_commit_header_field,1.9.6,rugged:ext/rugged/rugged_commit.c:899:header_field,['ext/rugged']
rugged,1.9.6,header,rb_cRuggedCommit,rb_git_commit_header,0,rb_define_method,ext/rugged/rugged_commit.c,900,ext/rugged/rugged_commit.c,705,resolved,rb_git_commit_header,1.9.6,rugged:ext/rugged/rugged_commit.c:900:header,['ext/rugged']
rugged,1.9.6,new,rb_cRuggedConfig,rb_git_config_new,1,rb_define_singleton_method,ext/rugged/rugged_config.c,425,ext/rugged/rugged_config.c,42,resolved,rb_git_config_new,1.9.6,rugged:ext/rugged/rugged_config.c:425:new,['ext/rugged']
rugged,1.9.6,global,rb_cRuggedConfig,rb_git_config_open_default,0,rb_define_singleton_method,ext/rugged/rugged_config.c,427,ext/rugged/rugged_config.c,305,resolved,rb_git_config_open_default,1.9.6,rugged:ext/rugged/rugged_config.c:427:global,['ext/rugged']
rugged,1.9.6,open_global,rb_cRuggedConfig,rb_git_config_open_default,0,rb_define_singleton_method,ext/rugged/rugged_config.c,428,ext/rugged/rugged_config.c,305,resolved,rb_git_config_open_default,1.9.6,rugged:ext/rugged/rugged_config.c:428:open_global,['ext/rugged']
rugged,1.9.6,delete,rb_cRuggedConfig,rb_git_config_delete,1,rb_define_method,ext/rugged/rugged_config.c,430,ext/rugged/rugged_config.c,165,resolved,rb_git_config_delete,1.9.6,rugged:ext/rugged/rugged_config.c:430:delete,['ext/rugged']
rugged,1.9.6,store,rb_cRuggedConfig,rb_git_config_store,2,rb_define_method,ext/rugged/rugged_config.c,432,ext/rugged/rugged_config.c,121,resolved,rb_git_config_store,1.9.6,rugged:ext/rugged/rugged_config.c:432:store,['ext/rugged']
rugged,1.9.6,[]=,rb_cRuggedConfig,rb_git_config_store,2,rb_define_method,ext/rugged/rugged_config.c,433,ext/rugged/rugged_config.c,121,resolved,rb_git_config_store,1.9.6,rugged:ext/rugged/rugged_config.c:433:[]=,['ext/rugged']
rugged,1.9.6,get,rb_cRuggedConfig,rb_git_config_get,1,rb_define_method,ext/rugged/rugged_config.c,435,ext/rugged/rugged_config.c,85,resolved,rb_git_config_get,1.9.6,rugged:ext/rugged/rugged_config.c:435:get,['ext/rugged']
rugged,1.9.6,[],rb_cRuggedConfig,rb_git_config_get,1,rb_define_method,ext/rugged/rugged_config.c,436,ext/rugged/rugged_config.c,85,resolved,rb_git_config_get,1.9.6,rugged:ext/rugged/rugged_config.c:436:[],['ext/rugged']
rugged,1.9.6,get_all,rb_cRuggedConfig,rb_git_config_get_all,1,rb_define_method,ext/rugged/rugged_config.c,437,ext/rugged/rugged_config.c,398,resolved,rb_git_config_get_all,1.9.6,rugged:ext/rugged/rugged_config.c:437:get_all,['ext/rugged']
rugged,1.9.6,each_key,rb_cRuggedConfig,rb_git_config_each_key,0,rb_define_method,ext/rugged/rugged_config.c,439,ext/rugged/rugged_config.c,226,resolved,rb_git_config_each_key,1.9.6,rugged:ext/rugged/rugged_config.c:439:each_key,['ext/rugged']
rugged,1.9.6,each_pair,rb_cRuggedConfig,rb_git_config_each_pair,0,rb_define_method,ext/rugged/rugged_config.c,440,ext/rugged/rugged_config.c,256,resolved,rb_git_config_each_pair,1.9.6,rugged:ext/rugged/rugged_config.c:440:each_pair,['ext/rugged']
rugged,1.9.6,each,rb_cRuggedConfig,rb_git_config_each_pair,0,rb_define_method,ext/rugged/rugged_config.c,441,ext/rugged/rugged_config.c,256,resolved,rb_git_config_each_pair,1.9.6,rugged:ext/rugged/rugged_config.c:441:each,['ext/rugged']
rugged,1.9.6,to_hash,rb_cRuggedConfig,rb_git_config_to_hash,0,rb_define_method,ext/rugged/rugged_config.c,442,ext/rugged/rugged_config.c,282,resolved,rb_git_config_to_hash,1.9.6,rugged:ext/rugged/rugged_config.c:442:to_hash,['ext/rugged']
rugged,1.9.6,snapshot,rb_cRuggedConfig,rb_git_config_snapshot,0,rb_define_method,ext/rugged/rugged_config.c,444,ext/rugged/rugged_config.c,325,resolved,rb_git_config_snapshot,1.9.6,rugged:ext/rugged/rugged_config.c:444:snapshot,['ext/rugged']
rugged,1.9.6,transaction,rb_cRuggedConfig,rb_git_config_transaction,0,rb_define_method,ext/rugged/rugged_config.c,445,ext/rugged/rugged_config.c,353,resolved,rb_git_config_transaction,1.9.6,rugged:ext/rugged/rugged_config.c:445:transaction,['ext/rugged']
rugged,1.9.6,patch,rb_cRuggedDiff,rb_git_diff_patch,-1,rb_define_method,ext/rugged/rugged_diff.c,659,ext/rugged/rugged_diff.c,221,resolved,rb_git_diff_patch,1.9.6,rugged:ext/rugged/rugged_diff.c:659:patch,['ext/rugged']
rugged,1.9.6,write_patch,rb_cRuggedDiff,rb_git_diff_write_patch,-1,rb_define_method,ext/rugged/rugged_diff.c,660,ext/rugged/rugged_diff.c,263,resolved,rb_git_diff_write_patch,1.9.6,rugged:ext/rugged/rugged_diff.c:660:write_patch,['ext/rugged']
rugged,1.9.6,find_similar!,rb_cRuggedDiff,rb_git_diff_find_similar,-1,rb_define_method,ext/rugged/rugged_diff.c,662,ext/rugged/rugged_diff.c,368,resolved,rb_git_diff_find_similar,1.9.6,rugged:ext/rugged/rugged_diff.c:662:find_similar!,['ext/rugged']
rugged,1.9.6,merge!,rb_cRuggedDiff,rb_git_diff_merge,1,rb_define_method,ext/rugged/rugged_diff.c,663,ext/rugged/rugged_diff.c,293,resolved,rb_git_diff_merge,1.9.6,rugged:ext/rugged/rugged_diff.c:663:merge!,['ext/rugged']
rugged,1.9.6,size,rb_cRuggedDiff,rb_git_diff_size,0,rb_define_method,ext/rugged/rugged_diff.c,665,ext/rugged/rugged_diff.c,570,resolved,rb_git_diff_size,1.9.6,rugged:ext/rugged/rugged_diff.c:665:size,['ext/rugged']
rugged,1.9.6,stat,rb_cRuggedDiff,rb_git_diff_stat,0,rb_define_method,ext/rugged/rugged_diff.c,666,ext/rugged/rugged_diff.c,628,resolved,rb_git_diff_stat,1.9.6,rugged:ext/rugged/rugged_diff.c:666:stat,['ext/rugged']
rugged,1.9.6,sorted_icase?,rb_cRuggedDiff,rb_git_diff_sorted_icase_p,0,rb_define_method,ext/rugged/rugged_diff.c,668,ext/rugged/rugged_diff.c,647,resolved,rb_git_diff_sorted_icase_p,1.9.6,rugged:ext/rugged/rugged_diff.c:668:sorted_icase?,['ext/rugged']
rugged,1.9.6,each_patch,rb_cRuggedDiff,rb_git_diff_each_patch,0,rb_define_method,ext/rugged/rugged_diff.c,670,ext/rugged/rugged_diff.c,457,resolved,rb_git_diff_each_patch,1.9.6,rugged:ext/rugged/rugged_diff.c:670:each_patch,['ext/rugged']
rugged,1.9.6,each_delta,rb_cRuggedDiff,rb_git_diff_each_delta,0,rb_define_method,ext/rugged/rugged_diff.c,671,ext/rugged/rugged_diff.c,491,resolved,rb_git_diff_each_delta,1.9.6,rugged:ext/rugged/rugged_diff.c:671:each_delta,['ext/rugged']
rugged,1.9.6,each_line,rb_cRuggedDiff,rb_git_diff_each_line,-1,rb_define_method,ext/rugged/rugged_diff.c,672,ext/rugged/rugged_diff.c,525,resolved,rb_git_diff_each_line,1.9.6,rugged:ext/rugged/rugged_diff.c:672:each_line,['ext/rugged']
rugged,1.9.6,each,rb_cRuggedDiffHunk,rb_git_diff_hunk_each_line,0,rb_define_method,ext/rugged/rugged_diff_hunk.c,71,ext/rugged/rugged_diff_hunk.c,41,resolved,rb_git_diff_hunk_each_line,1.9.6,rugged:ext/rugged/rugged_diff_hunk.c:71:each,['ext/rugged']
rugged,1.9.6,each_line,rb_cRuggedDiffHunk,rb_git_diff_hunk_each_line,0,rb_define_method,ext/rugged/rugged_diff_hunk.c,72,ext/rugged/rugged_diff_hunk.c,41,resolved,rb_git_diff_hunk_each_line,1.9.6,rugged:ext/rugged/rugged_diff_hunk.c:72:each_line,['ext/rugged']
rugged,1.9.6,new,rb_cRuggedIndex,rb_git_index_new,-1,rb_define_singleton_method,ext/rugged/rugged_index.c,1044,ext/rugged/rugged_index.c,56,resolved,rb_git_index_new,1.9.6,rugged:ext/rugged/rugged_index.c:1044:new,['ext/rugged']
rugged,1.9.6,count,rb_cRuggedIndex,rb_git_index_count,0,rb_define_method,ext/rugged/rugged_index.c,1046,ext/rugged/rugged_index.c,135,resolved,rb_git_index_count,1.9.6,rugged:ext/rugged/rugged_index.c:1046:count,['ext/rugged']
rugged,1.9.6,reload,rb_cRuggedIndex,rb_git_index_read,0,rb_define_method,ext/rugged/rugged_index.c,1047,ext/rugged/rugged_index.c,97,resolved,rb_git_index_read,1.9.6,rugged:ext/rugged/rugged_index.c:1047:reload,['ext/rugged']
rugged,1.9.6,clear,rb_cRuggedIndex,rb_git_index_clear,0,rb_define_method,ext/rugged/rugged_index.c,1048,ext/rugged/rugged_index.c,82,resolved,rb_git_index_clear,1.9.6,rugged:ext/rugged/rugged_index.c:1048:clear,['ext/rugged']
rugged,1.9.6,write,rb_cRuggedIndex,rb_git_index_write,0,rb_define_method,ext/rugged/rugged_index.c,1049,ext/rugged/rugged_index.c,116,resolved,rb_git_index_write,1.9.6,rugged:ext/rugged/rugged_index.c:1049:write,['ext/rugged']
rugged,1.9.6,get,rb_cRuggedIndex,rb_git_index_get,-1,rb_define_method,ext/rugged/rugged_index.c,1050,ext/rugged/rugged_index.c,154,resolved,rb_git_index_get,1.9.6,rugged:ext/rugged/rugged_index.c:1050:get,['ext/rugged']
rugged,1.9.6,[],rb_cRuggedIndex,rb_git_index_get,-1,rb_define_method,ext/rugged/rugged_index.c,1051,ext/rugged/rugged_index.c,154,resolved,rb_git_index_get,1.9.6,rugged:ext/rugged/rugged_index.c:1051:[],['ext/rugged']
rugged,1.9.6,each,rb_cRuggedIndex,rb_git_index_each,0,rb_define_method,ext/rugged/rugged_index.c,1052,ext/rugged/rugged_index.c,200,resolved,rb_git_index_each,1.9.6,rugged:ext/rugged/rugged_index.c:1052:each,['ext/rugged']
rugged,1.9.6,diff_tree_to_index,rb_cRuggedIndex,rb_git_diff_tree_to_index,2,rb_define_private_method,ext/rugged/rugged_index.c,1053,ext/rugged/rugged_index.c,685,resolved,rb_git_diff_tree_to_index,1.9.6,rugged:ext/rugged/rugged_index.c:1053:diff_tree_to_index,['ext/rugged']
rugged,1.9.6,diff_index_to_workdir,rb_cRuggedIndex,rb_git_diff_index_to_workdir,1,rb_define_private_method,ext/rugged/rugged_index.c,1054,ext/rugged/rugged_index.c,714,resolved,rb_git_diff_index_to_workdir,1.9.6,rugged:ext/rugged/rugged_index.c:1054:diff_index_to_workdir,['ext/rugged']
rugged,1.9.6,conflicts?,rb_cRuggedIndex,rb_git_index_conflicts_p,0,rb_define_method,ext/rugged/rugged_index.c,1056,ext/rugged/rugged_index.c,743,resolved,rb_git_index_conflicts_p,1.9.6,rugged:ext/rugged/rugged_index.c:1056:conflicts?,['ext/rugged']
rugged,1.9.6,conflicts,rb_cRuggedIndex,rb_git_index_conflicts,0,rb_define_method,ext/rugged/rugged_index.c,1057,ext/rugged/rugged_index.c,961,resolved,rb_git_index_conflicts,1.9.6,rugged:ext/rugged/rugged_index.c:1057:conflicts,['ext/rugged']
rugged,1.9.6,conflict_get,rb_cRuggedIndex,rb_git_conflict_get,1,rb_define_method,ext/rugged/rugged_index.c,1058,ext/rugged/rugged_index.c,827,resolved,rb_git_conflict_get,1.9.6,rugged:ext/rugged/rugged_index.c:1058:conflict_get,['ext/rugged']
rugged,1.9.6,conflict_add,rb_cRuggedIndex,rb_git_conflict_add,1,rb_define_method,ext/rugged/rugged_index.c,1059,ext/rugged/rugged_index.c,761,resolved,rb_git_conflict_add,1.9.6,rugged:ext/rugged/rugged_index.c:1059:conflict_add,['ext/rugged']
rugged,1.9.6,conflict_remove,rb_cRuggedIndex,rb_git_conflict_remove,1,rb_define_method,ext/rugged/rugged_index.c,1060,ext/rugged/rugged_index.c,800,resolved,rb_git_conflict_remove,1.9.6,rugged:ext/rugged/rugged_index.c:1060:conflict_remove,['ext/rugged']
rugged,1.9.6,conflict_cleanup,rb_cRuggedIndex,rb_git_conflict_cleanup,0,rb_define_method,ext/rugged/rugged_index.c,1061,ext/rugged/rugged_index.c,939,resolved,rb_git_conflict_cleanup,1.9.6,rugged:ext/rugged/rugged_index.c:1061:conflict_cleanup,['ext/rugged']
rugged,1.9.6,merge_file,rb_cRuggedIndex,rb_git_merge_file,-1,rb_define_method,ext/rugged/rugged_index.c,1063,ext/rugged/rugged_index.c,888,resolved,rb_git_merge_file,1.9.6,rugged:ext/rugged/rugged_index.c:1063:merge_file,['ext/rugged']
rugged,1.9.6,add,rb_cRuggedIndex,rb_git_index_add,1,rb_define_method,ext/rugged/rugged_index.c,1065,ext/rugged/rugged_index.c,300,resolved,rb_git_index_add,1.9.6,rugged:ext/rugged/rugged_index.c:1065:add,['ext/rugged']
rugged,1.9.6,update,rb_cRuggedIndex,rb_git_index_add,1,rb_define_method,ext/rugged/rugged_index.c,1066,ext/rugged/rugged_index.c,300,resolved,rb_git_index_add,1.9.6,rugged:ext/rugged/rugged_index.c:1066:update,['ext/rugged']
rugged,1.9.6,<<,rb_cRuggedIndex,rb_git_index_add,1,rb_define_method,ext/rugged/rugged_index.c,1067,ext/rugged/rugged_index.c,300,resolved,rb_git_index_add,1.9.6,rugged:ext/rugged/rugged_index.c:1067:<<,['ext/rugged']
rugged,1.9.6,remove,rb_cRuggedIndex,rb_git_index_remove,-1,rb_define_method,ext/rugged/rugged_index.c,1069,ext/rugged/rugged_index.c,225,resolved,rb_git_index_remove,1.9.6,rugged:ext/rugged/rugged_index.c:1069:remove,['ext/rugged']
rugged,1.9.6,remove_dir,rb_cRuggedIndex,rb_git_index_remove_directory,-1,rb_define_method,ext/rugged/rugged_index.c,1070,ext/rugged/rugged_index.c,254,resolved,rb_git_index_remove_directory,1.9.6,rugged:ext/rugged/rugged_index.c:1070:remove_dir,['ext/rugged']
rugged,1.9.6,add_all,rb_cRuggedIndex,rb_git_index_add_all,-1,rb_define_method,ext/rugged/rugged_index.c,1072,ext/rugged/rugged_index.c,382,resolved,rb_git_index_add_all,1.9.6,rugged:ext/rugged/rugged_index.c:1072:add_all,['ext/rugged']
rugged,1.9.6,update_all,rb_cRuggedIndex,rb_git_index_update_all,-1,rb_define_method,ext/rugged/rugged_index.c,1073,ext/rugged/rugged_index.c,444,resolved,rb_git_index_update_all,1.9.6,rugged:ext/rugged/rugged_index.c:1073:update_all,['ext/rugged']
rugged,1.9.6,remove_all,rb_cRuggedIndex,rb_git_index_remove_all,-1,rb_define_method,ext/rugged/rugged_index.c,1074,ext/rugged/rugged_index.c,487,resolved,rb_git_index_remove_all,1.9.6,rugged:ext/rugged/rugged_index.c:1074:remove_all,['ext/rugged']
rugged,1.9.6,write_tree,rb_cRuggedIndex,rb_git_index_writetree,-1,rb_define_method,ext/rugged/rugged_index.c,1076,ext/rugged/rugged_index.c,634,resolved,rb_git_index_writetree,1.9.6,rugged:ext/rugged/rugged_index.c:1076:write_tree,['ext/rugged']
rugged,1.9.6,read_tree,rb_cRuggedIndex,rb_git_index_readtree,1,rb_define_method,ext/rugged/rugged_index.c,1077,ext/rugged/rugged_index.c,666,resolved,rb_git_index_readtree,1.9.6,rugged:ext/rugged/rugged_index.c:1077:read_tree,['ext/rugged']
rugged,1.9.6,notes,rb_cRuggedObject,rb_git_note_lookup,-1,rb_define_method,ext/rugged/rugged_note.c,353,ext/rugged/rugged_note.c,47,resolved,rb_git_note_lookup,1.9.6,rugged:ext/rugged/rugged_note.c:353:notes,['ext/rugged']
rugged,1.9.6,create_note,rb_cRuggedObject,rb_git_note_create,1,rb_define_method,ext/rugged/rugged_note.c,354,ext/rugged/rugged_note.c,113,resolved,rb_git_note_create,1.9.6,rugged:ext/rugged/rugged_note.c:354:create_note,['ext/rugged']
rugged,1.9.6,remove_note,rb_cRuggedObject,rb_git_note_remove,-1,rb_define_method,ext/rugged/rugged_note.c,355,ext/rugged/rugged_note.c,200,resolved,rb_git_note_remove,1.9.6,rugged:ext/rugged/rugged_note.c:355:remove_note,['ext/rugged']
rugged,1.9.6,each_note,rb_cRuggedRepo,rb_git_note_each,-1,rb_define_method,ext/rugged/rugged_note.c,357,ext/rugged/rugged_note.c,295,resolved,rb_git_note_each,1.9.6,rugged:ext/rugged/rugged_note.c:357:each_note,['ext/rugged']
rugged,1.9.6,default_notes_ref,rb_cRuggedRepo,rb_git_note_default_ref_GET,0,rb_define_method,ext/rugged/rugged_note.c,358,ext/rugged/rugged_note.c,332,resolved,rb_git_note_default_ref_GET,1.9.6,rugged:ext/rugged/rugged_note.c:358:default_notes_ref,['ext/rugged']
rugged,1.9.6,lookup,rb_cRuggedObject,rb_git_object_lookup,2,rb_define_singleton_method,ext/rugged/rugged_object.c,405,ext/rugged/rugged_object.c,248,resolved,rb_git_object_lookup,1.9.6,rugged:ext/rugged/rugged_object.c:405:lookup,['ext/rugged']
rugged,1.9.6,rev_parse,rb_cRuggedObject,rb_git_object_rev_parse,2,rb_define_singleton_method,ext/rugged/rugged_object.c,406,ext/rugged/rugged_object.c,324,resolved,rb_git_object_rev_parse,1.9.6,rugged:ext/rugged/rugged_object.c:406:rev_parse,['ext/rugged']
rugged,1.9.6,rev_parse_oid,rb_cRuggedObject,rb_git_object_rev_parse_oid,2,rb_define_singleton_method,ext/rugged/rugged_object.c,407,ext/rugged/rugged_object.c,340,resolved,rb_git_object_rev_parse_oid,1.9.6,rugged:ext/rugged/rugged_object.c:407:rev_parse_oid,['ext/rugged']
rugged,1.9.6,new,rb_cRuggedObject,rb_git_object_lookup,2,rb_define_singleton_method,ext/rugged/rugged_object.c,408,ext/rugged/rugged_object.c,248,resolved,rb_git_object_lookup,1.9.6,rugged:ext/rugged/rugged_object.c:408:new,['ext/rugged']
rugged,1.9.6,read_raw,rb_cRuggedObject,rb_git_object_read_raw,0,rb_define_method,ext/rugged/rugged_object.c,410,ext/rugged/rugged_object.c,394,resolved,rb_git_object_read_raw,1.9.6,rugged:ext/rugged/rugged_object.c:410:read_raw,['ext/rugged']
rugged,1.9.6,==,rb_cRuggedObject,rb_git_object_equal,1,rb_define_method,ext/rugged/rugged_object.c,411,ext/rugged/rugged_object.c,351,resolved,rb_git_object_equal,1.9.6,rugged:ext/rugged/rugged_object.c:411:==,['ext/rugged']
rugged,1.9.6,oid,rb_cRuggedObject,rb_git_object_oid_GET,0,rb_define_method,ext/rugged/rugged_object.c,412,ext/rugged/rugged_object.c,369,resolved,rb_git_object_oid_GET,1.9.6,rugged:ext/rugged/rugged_object.c:412:oid,['ext/rugged']
rugged,1.9.6,type,rb_cRuggedObject,rb_git_object_type_GET,0,rb_define_method,ext/rugged/rugged_object.c,413,ext/rugged/rugged_object.c,381,resolved,rb_git_object_type_GET,1.9.6,rugged:ext/rugged/rugged_object.c:413:type,['ext/rugged']
rugged,1.9.6,from_strings,rb_cRuggedPatch,rb_git_patch_from_strings,-1,rb_define_singleton_method,ext/rugged/rugged_patch.c,402,ext/rugged/rugged_patch.c,32,resolved,rb_git_patch_from_strings,1.9.6,rugged:ext/rugged/rugged_patch.c:402:from_strings,['ext/rugged']
rugged,1.9.6,stat,rb_cRuggedPatch,rb_git_diff_patch_stat,0,rb_define_method,ext/rugged/rugged_patch.c,404,ext/rugged/rugged_patch.c,159,resolved,rb_git_diff_patch_stat,1.9.6,rugged:ext/rugged/rugged_patch.c:404:stat,['ext/rugged']
rugged,1.9.6,lines,rb_cRuggedPatch,rb_git_diff_patch_lines,-1,rb_define_method,ext/rugged/rugged_patch.c,405,ext/rugged/rugged_patch.c,202,resolved,rb_git_diff_patch_lines,1.9.6,rugged:ext/rugged/rugged_patch.c:405:lines,['ext/rugged']
rugged,1.9.6,bytesize,rb_cRuggedPatch,rb_git_diff_patch_bytesize,-1,rb_define_method,ext/rugged/rugged_patch.c,406,ext/rugged/rugged_patch.c,293,resolved,rb_git_diff_patch_bytesize,1.9.6,rugged:ext/rugged/rugged_patch.c:406:bytesize,['ext/rugged']
rugged,1.9.6,delta,rb_cRuggedPatch,rb_git_diff_patch_delta,0,rb_define_method,ext/rugged/rugged_patch.c,408,ext/rugged/rugged_patch.c,145,resolved,rb_git_diff_patch_delta,1.9.6,rugged:ext/rugged/rugged_patch.c:408:delta,['ext/rugged']
rugged,1.9.6,header,rb_cRuggedPatch,rb_git_diff_patch_header,0,rb_define_method,ext/rugged/rugged_patch.c,410,ext/rugged/rugged_patch.c,382,resolved,rb_git_diff_patch_header,1.9.6,rugged:ext/rugged/rugged_patch.c:410:header,['ext/rugged']
rugged,1.9.6,to_s,rb_cRuggedPatch,rb_git_diff_patch_to_s,0,rb_define_method,ext/rugged/rugged_patch.c,411,ext/rugged/rugged_patch.c,365,resolved,rb_git_diff_patch_to_s,1.9.6,rugged:ext/rugged/rugged_patch.c:411:to_s,['ext/rugged']
rugged,1.9.6,each_hunk,rb_cRuggedPatch,rb_git_diff_patch_each_hunk,0,rb_define_method,ext/rugged/rugged_patch.c,413,ext/rugged/rugged_patch.c,102,resolved,rb_git_diff_patch_each_hunk,1.9.6,rugged:ext/rugged/rugged_patch.c:413:each_hunk,['ext/rugged']
rugged,1.9.6,hunk_count,rb_cRuggedPatch,rb_git_diff_patch_hunk_count,0,rb_define_method,ext/rugged/rugged_patch.c,414,ext/rugged/rugged_patch.c,131,resolved,rb_git_diff_patch_hunk_count,1.9.6,rugged:ext/rugged/rugged_patch.c:414:hunk_count,['ext/rugged']
rugged,1.9.6,new,rb_cRuggedRebase,rb_git_rebase_new,-1,rb_define_singleton_method,ext/rugged/rugged_rebase.c,406,ext/rugged/rugged_rebase.c,157,resolved,rb_git_rebase_new,1.9.6,rugged:ext/rugged/rugged_rebase.c:406:new,['ext/rugged']
rugged,1.9.6,next,rb_cRuggedRebase,rb_git_rebase_next,0,rb_define_method,ext/rugged/rugged_rebase.c,407,ext/rugged/rugged_rebase.c,217,resolved,rb_git_rebase_next,1.9.6,rugged:ext/rugged/rugged_rebase.c:407:next,['ext/rugged']
rugged,1.9.6,inmemory_index,rb_cRuggedRebase,rb_git_rebase_inmemory_index,0,rb_define_method,ext/rugged/rugged_rebase.c,408,ext/rugged/rugged_rebase.c,262,resolved,rb_git_rebase_inmemory_index,1.9.6,rugged:ext/rugged/rugged_rebase.c:408:inmemory_index,['ext/rugged']
rugged,1.9.6,commit,rb_cRuggedRebase,rb_git_rebase_commit,-1,rb_define_method,ext/rugged/rugged_rebase.c,409,ext/rugged/rugged_rebase.c,285,resolved,rb_git_rebase_commit,1.9.6,rugged:ext/rugged/rugged_rebase.c:409:commit,['ext/rugged']
rugged,1.9.6,abort,rb_cRuggedRebase,rb_git_rebase_abort,0,rb_define_method,ext/rugged/rugged_rebase.c,410,ext/rugged/rugged_rebase.c,337,resolved,rb_git_rebase_abort,1.9.6,rugged:ext/rugged/rugged_rebase.c:410:abort,['ext/rugged']
rugged,1.9.6,finish,rb_cRuggedRebase,rb_git_rebase_finish,1,rb_define_method,ext/rugged/rugged_rebase.c,411,ext/rugged/rugged_rebase.c,354,resolved,rb_git_rebase_finish,1.9.6,rugged:ext/rugged/rugged_rebase.c:411:finish,['ext/rugged']
rugged,1.9.6,valid_name?,rb_cRuggedReference,rb_git_ref_valid_name,1,rb_define_singleton_method,ext/rugged/rugged_reference.c,382,ext/rugged/rugged_reference.c,64,resolved,rb_git_ref_valid_name,1.9.6,rugged:ext/rugged/rugged_reference.c:382:valid_name?,['ext/rugged']
rugged,1.9.6,target,rb_cRuggedReference,rb_git_ref_target,0,rb_define_method,ext/rugged/rugged_reference.c,384,ext/rugged/rugged_reference.c,122,resolved,rb_git_ref_target,1.9.6,rugged:ext/rugged/rugged_reference.c:384:target,['ext/rugged']
rugged,1.9.6,target_id,rb_cRuggedReference,rb_git_ref_target_id,0,rb_define_method,ext/rugged/rugged_reference.c,385,ext/rugged/rugged_reference.c,164,resolved,rb_git_ref_target_id,1.9.6,rugged:ext/rugged/rugged_reference.c:385:target_id,['ext/rugged']
rugged,1.9.6,peel,rb_cRuggedReference,rb_git_ref_peel,0,rb_define_method,ext/rugged/rugged_reference.c,386,ext/rugged/rugged_reference.c,77,resolved,rb_git_ref_peel,1.9.6,rugged:ext/rugged/rugged_reference.c:386:peel,['ext/rugged']
rugged,1.9.6,type,rb_cRuggedReference,rb_git_ref_type,0,rb_define_method,ext/rugged/rugged_reference.c,388,ext/rugged/rugged_reference.c,182,resolved,rb_git_ref_type,1.9.6,rugged:ext/rugged/rugged_reference.c:388:type,['ext/rugged']
rugged,1.9.6,name,rb_cRuggedReference,rb_git_ref_name,0,rb_define_method,ext/rugged/rugged_reference.c,390,ext/rugged/rugged_reference.c,210,resolved,rb_git_ref_name,1.9.6,rugged:ext/rugged/rugged_reference.c:390:name,['ext/rugged']
rugged,1.9.6,canonical_name,rb_cRuggedReference,rb_git_ref_name,0,rb_define_method,ext/rugged/rugged_reference.c,391,ext/rugged/rugged_reference.c,210,resolved,rb_git_ref_name,1.9.6,rugged:ext/rugged/rugged_reference.c:391:canonical_name,['ext/rugged']
rugged,1.9.6,resolve,rb_cRuggedReference,rb_git_ref_resolve,0,rb_define_method,ext/rugged/rugged_reference.c,393,ext/rugged/rugged_reference.c,230,resolved,rb_git_ref_resolve,1.9.6,rugged:ext/rugged/rugged_reference.c:393:resolve,['ext/rugged']
rugged,1.9.6,branch?,rb_cRuggedReference,rb_git_ref_is_branch,0,rb_define_method,ext/rugged/rugged_reference.c,395,ext/rugged/rugged_reference.c,344,resolved,rb_git_ref_is_branch,1.9.6,rugged:ext/rugged/rugged_reference.c:395:branch?,['ext/rugged']
rugged,1.9.6,remote?,rb_cRuggedReference,rb_git_ref_is_remote,0,rb_define_method,ext/rugged/rugged_reference.c,396,ext/rugged/rugged_reference.c,357,resolved,rb_git_ref_is_remote,1.9.6,rugged:ext/rugged/rugged_reference.c:396:remote?,['ext/rugged']
rugged,1.9.6,tag?,rb_cRuggedReference,rb_git_ref_is_tag,0,rb_define_method,ext/rugged/rugged_reference.c,397,ext/rugged/rugged_reference.c,370,resolved,rb_git_ref_is_tag,1.9.6,rugged:ext/rugged/rugged_reference.c:397:tag?,['ext/rugged']
rugged,1.9.6,log,rb_cRuggedReference,rb_git_reflog,0,rb_define_method,ext/rugged/rugged_reference.c,399,ext/rugged/rugged_reference.c,294,resolved,rb_git_reflog,1.9.6,rugged:ext/rugged/rugged_reference.c:399:log,['ext/rugged']
rugged,1.9.6,log?,rb_cRuggedReference,rb_git_has_reflog,0,rb_define_method,ext/rugged/rugged_reference.c,400,ext/rugged/rugged_reference.c,327,resolved,rb_git_has_reflog,1.9.6,rugged:ext/rugged/rugged_reference.c:400:log?,['ext/rugged']
rugged,1.9.6,initialize,rb_cRuggedReferenceCollection,rb_git_reference_collection_initialize,1,rb_define_method,ext/rugged/rugged_reference_collection.c,410,ext/rugged/rugged_reference_collection.c,24,resolved,rb_git_reference_collection_initialize,1.9.6,rugged:ext/rugged/rugged_reference_collection.c:410:initialize,['ext/rugged']
rugged,1.9.6,create,rb_cRuggedReferenceCollection,rb_git_reference_collection_create,-1,rb_define_method,ext/rugged/rugged_reference_collection.c,412,ext/rugged/rugged_reference_collection.c,49,resolved,rb_git_reference_collection_create,1.9.6,rugged:ext/rugged/rugged_reference_collection.c:412:create,['ext/rugged']
rugged,1.9.6,[],rb_cRuggedReferenceCollection,rb_git_reference_collection_aref,1,rb_define_method,ext/rugged/rugged_reference_collection.c,413,ext/rugged/rugged_reference_collection.c,94,resolved,rb_git_reference_collection_aref,1.9.6,rugged:ext/rugged/rugged_reference_collection.c:413:[],['ext/rugged']
rugged,1.9.6,each,rb_cRuggedReferenceCollection,rb_git_reference_collection_each,-1,rb_define_method,ext/rugged/rugged_reference_collection.c,415,ext/rugged/rugged_reference_collection.c,172,resolved,rb_git_reference_collection_each,1.9.6,rugged:ext/rugged/rugged_reference_collection.c:415:each,['ext/rugged']
rugged,1.9.6,each_name,rb_cRuggedReferenceCollection,rb_git_reference_collection_each_name,-1,rb_define_method,ext/rugged/rugged_reference_collection.c,416,ext/rugged/rugged_reference_collection.c,190,resolved,rb_git_reference_collection_each_name,1.9.6,rugged:ext/rugged/rugged_reference_collection.c:416:each_name,['ext/rugged']
rugged,1.9.6,exist?,rb_cRuggedReferenceCollection,rb_git_reference_collection_exist_p,1,rb_define_method,ext/rugged/rugged_reference_collection.c,418,ext/rugged/rugged_reference_collection.c,202,resolved,rb_git_reference_collection_exist_p,1.9.6,rugged:ext/rugged/rugged_reference_collection.c:418:exist?,['ext/rugged']
rugged,1.9.6,exists?,rb_cRuggedReferenceCollection,rb_git_reference_collection_exist_p,1,rb_define_method,ext/rugged/rugged_reference_collection.c,419,ext/rugged/rugged_reference_collection.c,202,resolved,rb_git_reference_collection_exist_p,1.9.6,rugged:ext/rugged/rugged_reference_collection.c:419:exists?,['ext/rugged']
rugged,1.9.6,move,rb_cRuggedReferenceCollection,rb_git_reference_collection_rename,-1,rb_define_method,ext/rugged/rugged_reference_collection.c,421,ext/rugged/rugged_reference_collection.c,251,resolved,rb_git_reference_collection_rename,1.9.6,rugged:ext/rugged/rugged_reference_collection.c:421:move,['ext/rugged']
rugged,1.9.6,rename,rb_cRuggedReferenceCollection,rb_git_reference_collection_rename,-1,rb_define_method,ext/rugged/rugged_reference_collection.c,422,ext/rugged/rugged_reference_collection.c,251,resolved,rb_git_reference_collection_rename,1.9.6,rugged:ext/rugged/rugged_reference_collection.c:422:rename,['ext/rugged']
rugged,1.9.6,update,rb_cRuggedReferenceCollection,rb_git_reference_collection_update,-1,rb_define_method,ext/rugged/rugged_reference_collection.c,423,ext/rugged/rugged_reference_collection.c,313,resolved,rb_git_reference_collection_update,1.9.6,rugged:ext/rugged/rugged_reference_collection.c:423:update,['ext/rugged']
rugged,1.9.6,delete,rb_cRuggedReferenceCollection,rb_git_reference_collection_delete,1,rb_define_method,ext/rugged/rugged_reference_collection.c,424,ext/rugged/rugged_reference_collection.c,379,resolved,rb_git_reference_collection_delete,1.9.6,rugged:ext/rugged/rugged_reference_collection.c:424:delete,['ext/rugged']
rugged,1.9.6,name,rb_cRuggedRemote,rb_git_remote_name,0,rb_define_method,ext/rugged/rugged_remote.c,759,ext/rugged/rugged_remote.c,375,resolved,rb_git_remote_name,1.9.6,rugged:ext/rugged/rugged_remote.c:759:name,['ext/rugged']
rugged,1.9.6,url,rb_cRuggedRemote,rb_git_remote_url,0,rb_define_method,ext/rugged/rugged_remote.c,760,ext/rugged/rugged_remote.c,394,resolved,rb_git_remote_url,1.9.6,rugged:ext/rugged/rugged_remote.c:760:url,['ext/rugged']
rugged,1.9.6,push_url,rb_cRuggedRemote,rb_git_remote_push_url,0,rb_define_method,ext/rugged/rugged_remote.c,761,ext/rugged/rugged_remote.c,411,resolved,rb_git_remote_push_url,1.9.6,rugged:ext/rugged/rugged_remote.c:761:push_url,['ext/rugged']
rugged,1.9.6,push_url=,rb_cRuggedRemote,rb_git_remote_set_push_url,1,rb_define_method,ext/rugged/rugged_remote.c,762,ext/rugged/rugged_remote.c,431,resolved,rb_git_remote_set_push_url,1.9.6,rugged:ext/rugged/rugged_remote.c:762:push_url=,['ext/rugged']
rugged,1.9.6,fetch_refspecs,rb_cRuggedRemote,rb_git_remote_fetch_refspecs,0,rb_define_method,ext/rugged/rugged_remote.c,763,ext/rugged/rugged_remote.c,477,resolved,rb_git_remote_fetch_refspecs,1.9.6,rugged:ext/rugged/rugged_remote.c:763:fetch_refspecs,['ext/rugged']
rugged,1.9.6,push_refspecs,rb_cRuggedRemote,rb_git_remote_push_refspecs,0,rb_define_method,ext/rugged/rugged_remote.c,764,ext/rugged/rugged_remote.c,488,resolved,rb_git_remote_push_refspecs,1.9.6,rugged:ext/rugged/rugged_remote.c:764:push_refspecs,['ext/rugged']
rugged,1.9.6,ls,rb_cRuggedRemote,rb_git_remote_ls,-1,rb_define_method,ext/rugged/rugged_remote.c,765,ext/rugged/rugged_remote.c,324,resolved,rb_git_remote_ls,1.9.6,rugged:ext/rugged/rugged_remote.c:765:ls,['ext/rugged']
rugged,1.9.6,check_connection,rb_cRuggedRemote,rb_git_remote_check_connection,-1,rb_define_method,ext/rugged/rugged_remote.c,766,ext/rugged/rugged_remote.c,525,resolved,rb_git_remote_check_connection,1.9.6,rugged:ext/rugged/rugged_remote.c:766:check_connection,['ext/rugged']
rugged,1.9.6,fetch,rb_cRuggedRemote,rb_git_remote_fetch,-1,rb_define_method,ext/rugged/rugged_remote.c,767,ext/rugged/rugged_remote.c,622,resolved,rb_git_remote_fetch,1.9.6,rugged:ext/rugged/rugged_remote.c:767:fetch,['ext/rugged']
rugged,1.9.6,push,rb_cRuggedRemote,rb_git_remote_push,-1,rb_define_method,ext/rugged/rugged_remote.c,768,ext/rugged/rugged_remote.c,718,resolved,rb_git_remote_push,1.9.6,rugged:ext/rugged/rugged_remote.c:768:push,['ext/rugged']
rugged,1.9.6,initialize,rb_cRuggedRemoteCollection,rb_git_remote_collection_initialize,1,rb_define_method,ext/rugged/rugged_remote_collection.c,419,ext/rugged/rugged_remote_collection.c,24,resolved,rb_git_remote_collection_initialize,1.9.6,rugged:ext/rugged/rugged_remote_collection.c:419:initialize,['ext/rugged']
rugged,1.9.6,[],rb_cRuggedRemoteCollection,rb_git_remote_collection_aref,1,rb_define_method,ext/rugged/rugged_remote_collection.c,421,ext/rugged/rugged_remote_collection.c,112,resolved,rb_git_remote_collection_aref,1.9.6,rugged:ext/rugged/rugged_remote_collection.c:421:[],['ext/rugged']
rugged,1.9.6,create,rb_cRuggedRemoteCollection,rb_git_remote_collection_create,2,rb_define_method,ext/rugged/rugged_remote_collection.c,423,ext/rugged/rugged_remote_collection.c,76,resolved,rb_git_remote_collection_create,1.9.6,rugged:ext/rugged/rugged_remote_collection.c:423:create,['ext/rugged']
rugged,1.9.6,create_anonymous,rb_cRuggedRemoteCollection,rb_git_remote_collection_create_anonymous,1,rb_define_method,ext/rugged/rugged_remote_collection.c,424,ext/rugged/rugged_remote_collection.c,41,resolved,rb_git_remote_collection_create_anonymous,1.9.6,rugged:ext/rugged/rugged_remote_collection.c:424:create_anonymous,['ext/rugged']
rugged,1.9.6,each,rb_cRuggedRemoteCollection,rb_git_remote_collection_each,0,rb_define_method,ext/rugged/rugged_remote_collection.c,426,ext/rugged/rugged_remote_collection.c,189,resolved,rb_git_remote_collection_each,1.9.6,rugged:ext/rugged/rugged_remote_collection.c:426:each,['ext/rugged']
rugged,1.9.6,each_name,rb_cRuggedRemoteCollection,rb_git_remote_collection_each_name,0,rb_define_method,ext/rugged/rugged_remote_collection.c,427,ext/rugged/rugged_remote_collection.c,205,resolved,rb_git_remote_collection_each_name,1.9.6,rugged:ext/rugged/rugged_remote_collection.c:427:each_name,['ext/rugged']
rugged,1.9.6,set_url,rb_cRuggedRemoteCollection,rb_git_remote_collection_set_url,2,rb_define_method,ext/rugged/rugged_remote_collection.c,429,ext/rugged/rugged_remote_collection.c,307,resolved,rb_git_remote_collection_set_url,1.9.6,rugged:ext/rugged/rugged_remote_collection.c:429:set_url,['ext/rugged']
rugged,1.9.6,set_push_url,rb_cRuggedRemoteCollection,rb_git_remote_collection_set_push_url,2,rb_define_method,ext/rugged/rugged_remote_collection.c,430,ext/rugged/rugged_remote_collection.c,340,resolved,rb_git_remote_collection_set_push_url,1.9.6,rugged:ext/rugged/rugged_remote_collection.c:430:set_push_url,['ext/rugged']
rugged,1.9.6,add_push_refspec,rb_cRuggedRemoteCollection,rb_git_remote_collection_add_push_refspec,2,rb_define_method,ext/rugged/rugged_remote_collection.c,432,ext/rugged/rugged_remote_collection.c,409,resolved,rb_git_remote_collection_add_push_refspec,1.9.6,rugged:ext/rugged/rugged_remote_collection.c:432:add_push_refspec,['ext/rugged']
rugged,1.9.6,add_fetch_refspec,rb_cRuggedRemoteCollection,rb_git_remote_collection_add_fetch_refspec,2,rb_define_method,ext/rugged/rugged_remote_collection.c,433,ext/rugged/rugged_remote_collection.c,397,resolved,rb_git_remote_collection_add_fetch_refspec,1.9.6,rugged:ext/rugged/rugged_remote_collection.c:433:add_fetch_refspec,['ext/rugged']
rugged,1.9.6,rename,rb_cRuggedRemoteCollection,rb_git_remote_collection_rename,2,rb_define_method,ext/rugged/rugged_remote_collection.c,435,ext/rugged/rugged_remote_collection.c,229,resolved,rb_git_remote_collection_rename,1.9.6,rugged:ext/rugged/rugged_remote_collection.c:435:rename,['ext/rugged']
rugged,1.9.6,delete,rb_cRuggedRemoteCollection,rb_git_remote_collection_delete,1,rb_define_method,ext/rugged/rugged_remote_collection.c,436,ext/rugged/rugged_remote_collection.c,276,resolved,rb_git_remote_collection_delete,1.9.6,rugged:ext/rugged/rugged_remote_collection.c:436:delete,['ext/rugged']
rugged,1.9.6,new,rb_cRuggedRepo,rb_git_repo_new,-1,rb_define_singleton_method,ext/rugged/rugged_repo.c,2784,ext/rugged/rugged_repo.c,369,resolved,rb_git_repo_new,1.9.6,rugged:ext/rugged/rugged_repo.c:2784:new,['ext/rugged']
rugged,1.9.6,bare,rb_cRuggedRepo,rb_git_repo_open_bare,-1,rb_define_singleton_method,ext/rugged/rugged_repo.c,2785,ext/rugged/rugged_repo.c,308,resolved,rb_git_repo_open_bare,1.9.6,rugged:ext/rugged/rugged_repo.c:2785:bare,['ext/rugged']
rugged,1.9.6,hash_data,rb_cRuggedRepo,rb_git_repo_hash,2,rb_define_singleton_method,ext/rugged/rugged_repo.c,2786,ext/rugged/rugged_repo.c,1347,resolved,rb_git_repo_hash,1.9.6,rugged:ext/rugged/rugged_repo.c:2786:hash_data,['ext/rugged']
rugged,1.9.6,hash_file,rb_cRuggedRepo,rb_git_repo_hashfile,2,rb_define_singleton_method,ext/rugged/rugged_repo.c,2787,ext/rugged/rugged_repo.c,1376,resolved,rb_git_repo_hashfile,1.9.6,rugged:ext/rugged/rugged_repo.c:2787:hash_file,['ext/rugged']
rugged,1.9.6,init_at,rb_cRuggedRepo,rb_git_repo_init_at,-1,rb_define_singleton_method,ext/rugged/rugged_repo.c,2788,ext/rugged/rugged_repo.c,411,resolved,rb_git_repo_init_at,1.9.6,rugged:ext/rugged/rugged_repo.c:2788:init_at,['ext/rugged']
rugged,1.9.6,discover,rb_cRuggedRepo,rb_git_repo_discover,-1,rb_define_singleton_method,ext/rugged/rugged_repo.c,2789,ext/rugged/rugged_repo.c,1638,resolved,rb_git_repo_discover,1.9.6,rugged:ext/rugged/rugged_repo.c:2789:discover,['ext/rugged']
rugged,1.9.6,clone_at,rb_cRuggedRepo,rb_git_repo_clone_at,-1,rb_define_singleton_method,ext/rugged/rugged_repo.c,2790,ext/rugged/rugged_repo.c,602,resolved,rb_git_repo_clone_at,1.9.6,rugged:ext/rugged/rugged_repo.c:2790:clone_at,['ext/rugged']
rugged,1.9.6,close,rb_cRuggedRepo,rb_git_repo_close,0,rb_define_method,ext/rugged/rugged_repo.c,2792,ext/rugged/rugged_repo.c,1916,resolved,rb_git_repo_close,1.9.6,rugged:ext/rugged/rugged_repo.c:2792:close,['ext/rugged']
rugged,1.9.6,exists?,rb_cRuggedRepo,rb_git_repo_exists,1,rb_define_method,ext/rugged/rugged_repo.c,2794,ext/rugged/rugged_repo.c,1135,resolved,rb_git_repo_exists,1.9.6,rugged:ext/rugged/rugged_repo.c:2794:exists?,['ext/rugged']
rugged,1.9.6,include?,rb_cRuggedRepo,rb_git_repo_exists,1,rb_define_method,ext/rugged/rugged_repo.c,2795,ext/rugged/rugged_repo.c,1135,resolved,rb_git_repo_exists,1.9.6,rugged:ext/rugged/rugged_repo.c:2795:include?,['ext/rugged']
rugged,1.9.6,expand_oids,rb_cRuggedRepo,rb_git_repo_expand_oids,-1,rb_define_method,ext/rugged/rugged_repo.c,2796,ext/rugged/rugged_repo.c,1241,resolved,rb_git_repo_expand_oids,1.9.6,rugged:ext/rugged/rugged_repo.c:2796:expand_oids,['ext/rugged']
rugged,1.9.6,descendant_of?,rb_cRuggedRepo,rb_git_repo_descendant_of,2,rb_define_method,ext/rugged/rugged_repo.c,2797,ext/rugged/rugged_repo.c,1314,resolved,rb_git_repo_descendant_of,1.9.6,rugged:ext/rugged/rugged_repo.c:2797:descendant_of?,['ext/rugged']
rugged,1.9.6,read,rb_cRuggedRepo,rb_git_repo_read,1,rb_define_method,ext/rugged/rugged_repo.c,2799,ext/rugged/rugged_repo.c,1166,resolved,rb_git_repo_read,1.9.6,rugged:ext/rugged/rugged_repo.c:2799:read,['ext/rugged']
rugged,1.9.6,read_header,rb_cRuggedRepo,rb_git_repo_read_header,1,rb_define_method,ext/rugged/rugged_repo.c,2800,ext/rugged/rugged_repo.c,1196,resolved,rb_git_repo_read_header,1.9.6,rugged:ext/rugged/rugged_repo.c:2800:read_header,['ext/rugged']
rugged,1.9.6,write,rb_cRuggedRepo,rb_git_repo_write,2,rb_define_method,ext/rugged/rugged_repo.c,2801,ext/rugged/rugged_repo.c,1403,resolved,rb_git_repo_write,1.9.6,rugged:ext/rugged/rugged_repo.c:2801:write,['ext/rugged']
rugged,1.9.6,each_id,rb_cRuggedRepo,rb_git_repo_each_id,0,rb_define_method,ext/rugged/rugged_repo.c,2802,ext/rugged/rugged_repo.c,1774,resolved,rb_git_repo_each_id,1.9.6,rugged:ext/rugged/rugged_repo.c:2802:each_id,['ext/rugged']
rugged,1.9.6,path,rb_cRuggedRepo,rb_git_repo_path,0,rb_define_method,ext/rugged/rugged_repo.c,2804,ext/rugged/rugged_repo.c,1558,resolved,rb_git_repo_path,1.9.6,rugged:ext/rugged/rugged_repo.c:2804:path,['ext/rugged']
rugged,1.9.6,workdir,rb_cRuggedRepo,rb_git_repo_workdir,0,rb_define_method,ext/rugged/rugged_repo.c,2805,ext/rugged/rugged_repo.c,1582,resolved,rb_git_repo_workdir,1.9.6,rugged:ext/rugged/rugged_repo.c:2805:workdir,['ext/rugged']
rugged,1.9.6,workdir=,rb_cRuggedRepo,rb_git_repo_set_workdir,1,rb_define_method,ext/rugged/rugged_repo.c,2806,ext/rugged/rugged_repo.c,1609,resolved,rb_git_repo_set_workdir,1.9.6,rugged:ext/rugged/rugged_repo.c:2806:workdir=,['ext/rugged']
rugged,1.9.6,file_status,rb_cRuggedRepo,rb_git_repo_file_status,1,rb_define_private_method,ext/rugged/rugged_repo.c,2807,ext/rugged/rugged_repo.c,1703,resolved,rb_git_repo_file_status,1.9.6,rugged:ext/rugged/rugged_repo.c:2807:file_status,['ext/rugged']
rugged,1.9.6,each_status,rb_cRuggedRepo,rb_git_repo_file_each_status,0,rb_define_private_method,ext/rugged/rugged_repo.c,2808,ext/rugged/rugged_repo.c,1717,resolved,rb_git_repo_file_each_status,1.9.6,rugged:ext/rugged/rugged_repo.c:2808:each_status,['ext/rugged']
rugged,1.9.6,index,rb_cRuggedRepo,rb_git_repo_get_index,0,rb_define_method,ext/rugged/rugged_repo.c,2810,ext/rugged/rugged_repo.c,682,resolved,rb_git_repo_get_index,1.9.6,rugged:ext/rugged/rugged_repo.c:2810:index,['ext/rugged']
rugged,1.9.6,index=,rb_cRuggedRepo,rb_git_repo_set_index,1,rb_define_method,ext/rugged/rugged_repo.c,2811,ext/rugged/rugged_repo.c,671,resolved,rb_git_repo_set_index,1.9.6,rugged:ext/rugged/rugged_repo.c:2811:index=,['ext/rugged']
rugged,1.9.6,config,rb_cRuggedRepo,rb_git_repo_get_config,0,rb_define_method,ext/rugged/rugged_repo.c,2812,ext/rugged/rugged_repo.c,711,resolved,rb_git_repo_get_config,1.9.6,rugged:ext/rugged/rugged_repo.c:2812:config,['ext/rugged']
rugged,1.9.6,config=,rb_cRuggedRepo,rb_git_repo_set_config,1,rb_define_method,ext/rugged/rugged_repo.c,2813,ext/rugged/rugged_repo.c,700,resolved,rb_git_repo_set_config,1.9.6,rugged:ext/rugged/rugged_repo.c:2813:config=,['ext/rugged']
rugged,1.9.6,ident,rb_cRuggedRepo,rb_git_repo_get_ident,0,rb_define_method,ext/rugged/rugged_repo.c,2815,ext/rugged/rugged_repo.c,761,resolved,rb_git_repo_get_ident,1.9.6,rugged:ext/rugged/rugged_repo.c:2815:ident,['ext/rugged']
rugged,1.9.6,ident=,rb_cRuggedRepo,rb_git_repo_set_ident,1,rb_define_method,ext/rugged/rugged_repo.c,2816,ext/rugged/rugged_repo.c,724,resolved,rb_git_repo_set_ident,1.9.6,rugged:ext/rugged/rugged_repo.c:2816:ident=,['ext/rugged']
rugged,1.9.6,bare?,rb_cRuggedRepo,rb_git_repo_is_bare,0,rb_define_method,ext/rugged/rugged_repo.c,2818,ext/rugged/rugged_repo.c,1451,resolved,rb_git_repo_is_bare,1.9.6,rugged:ext/rugged/rugged_repo.c:2818:bare?,['ext/rugged']
rugged,1.9.6,shallow?,rb_cRuggedRepo,rb_git_repo_is_shallow,0,rb_define_method,ext/rugged/rugged_repo.c,2819,ext/rugged/rugged_repo.c,1464,resolved,rb_git_repo_is_shallow,1.9.6,rugged:ext/rugged/rugged_repo.c:2819:shallow?,['ext/rugged']
rugged,1.9.6,empty?,rb_cRuggedRepo,rb_git_repo_is_empty,0,rb_define_method,ext/rugged/rugged_repo.c,2820,ext/rugged/rugged_repo.c,1476,resolved,rb_git_repo_is_empty,1.9.6,rugged:ext/rugged/rugged_repo.c:2820:empty?,['ext/rugged']
rugged,1.9.6,head_detached?,rb_cRuggedRepo,rb_git_repo_head_detached,0,rb_define_method,ext/rugged/rugged_repo.c,2822,ext/rugged/rugged_repo.c,1487,resolved,rb_git_repo_head_detached,1.9.6,rugged:ext/rugged/rugged_repo.c:2822:head_detached?,['ext/rugged']
rugged,1.9.6,head_unborn?,rb_cRuggedRepo,rb_git_repo_head_unborn,0,rb_define_method,ext/rugged/rugged_repo.c,2823,ext/rugged/rugged_repo.c,1499,resolved,rb_git_repo_head_unborn,1.9.6,rugged:ext/rugged/rugged_repo.c:2823:head_unborn?,['ext/rugged']
rugged,1.9.6,head=,rb_cRuggedRepo,rb_git_repo_set_head,1,rb_define_method,ext/rugged/rugged_repo.c,2824,ext/rugged/rugged_repo.c,1510,resolved,rb_git_repo_set_head,1.9.6,rugged:ext/rugged/rugged_repo.c:2824:head=,['ext/rugged']
rugged,1.9.6,head,rb_cRuggedRepo,rb_git_repo_get_head,0,rb_define_method,ext/rugged/rugged_repo.c,2825,ext/rugged/rugged_repo.c,1532,resolved,rb_git_repo_get_head,1.9.6,rugged:ext/rugged/rugged_repo.c:2825:head,['ext/rugged']
rugged,1.9.6,merge_base,rb_cRuggedRepo,rb_git_repo_merge_base,-2,rb_define_method,ext/rugged/rugged_repo.c,2827,ext/rugged/rugged_repo.c,794,resolved,rb_git_repo_merge_base,1.9.6,rugged:ext/rugged/rugged_repo.c:2827:merge_base,['ext/rugged']
rugged,1.9.6,merge_bases,rb_cRuggedRepo,rb_git_repo_merge_bases,-2,rb_define_method,ext/rugged/rugged_repo.c,2828,ext/rugged/rugged_repo.c,835,resolved,rb_git_repo_merge_bases,1.9.6,rugged:ext/rugged/rugged_repo.c:2828:merge_bases,['ext/rugged']
rugged,1.9.6,merge_analysis,rb_cRuggedRepo,rb_git_repo_merge_analysis,-1,rb_define_method,ext/rugged/rugged_repo.c,2830,ext/rugged/rugged_repo.c,904,resolved,rb_git_repo_merge_analysis,1.9.6,rugged:ext/rugged/rugged_repo.c:2830:merge_analysis,['ext/rugged']
rugged,1.9.6,merge_commits,rb_cRuggedRepo,rb_git_repo_merge_commits,-1,rb_define_method,ext/rugged/rugged_repo.c,2831,ext/rugged/rugged_repo.c,1079,resolved,rb_git_repo_merge_commits,1.9.6,rugged:ext/rugged/rugged_repo.c:2831:merge_commits,['ext/rugged']
rugged,1.9.6,apply,rb_cRuggedRepo,rb_git_repo_apply,-1,rb_define_method,ext/rugged/rugged_repo.c,2833,ext/rugged/rugged_repo.c,1032,resolved,rb_git_repo_apply,1.9.6,rugged:ext/rugged/rugged_repo.c:2833:apply,['ext/rugged']
rugged,1.9.6,revert_commit,rb_cRuggedRepo,rb_git_repo_revert_commit,-1,rb_define_method,ext/rugged/rugged_repo.c,2835,ext/rugged/rugged_repo.c,957,resolved,rb_git_repo_revert_commit,1.9.6,rugged:ext/rugged/rugged_repo.c:2835:revert_commit,['ext/rugged']
rugged,1.9.6,diff_from_buffer,rb_cRuggedRepo,rb_git_diff_from_buffer,1,rb_define_method,ext/rugged/rugged_repo.c,2837,ext/rugged/rugged_repo.c,2760,resolved,rb_git_diff_from_buffer,1.9.6,rugged:ext/rugged/rugged_repo.c:2837:diff_from_buffer,['ext/rugged']
rugged,1.9.6,path_ignored?,rb_cRuggedRepo,rb_git_repo_is_path_ignored,1,rb_define_method,ext/rugged/rugged_repo.c,2839,ext/rugged/rugged_repo.c,2513,resolved,rb_git_repo_is_path_ignored,1.9.6,rugged:ext/rugged/rugged_repo.c:2839:path_ignored?,['ext/rugged']
rugged,1.9.6,reset,rb_cRuggedRepo,rb_git_repo_reset,2,rb_define_method,ext/rugged/rugged_repo.c,2841,ext/rugged/rugged_repo.c,1839,resolved,rb_git_repo_reset,1.9.6,rugged:ext/rugged/rugged_repo.c:2841:reset,['ext/rugged']
rugged,1.9.6,reset_path,rb_cRuggedRepo,rb_git_repo_reset_path,-1,rb_define_method,ext/rugged/rugged_repo.c,2842,ext/rugged/rugged_repo.c,1876,resolved,rb_git_repo_reset_path,1.9.6,rugged:ext/rugged/rugged_repo.c:2842:reset_path,['ext/rugged']
rugged,1.9.6,namespace=,rb_cRuggedRepo,rb_git_repo_set_namespace,1,rb_define_method,ext/rugged/rugged_repo.c,2844,ext/rugged/rugged_repo.c,1933,resolved,rb_git_repo_set_namespace,1.9.6,rugged:ext/rugged/rugged_repo.c:2844:namespace=,['ext/rugged']
rugged,1.9.6,namespace,rb_cRuggedRepo,rb_git_repo_get_namespace,0,rb_define_method,ext/rugged/rugged_repo.c,2845,ext/rugged/rugged_repo.c,1957,resolved,rb_git_repo_get_namespace,1.9.6,rugged:ext/rugged/rugged_repo.c:2845:namespace,['ext/rugged']
rugged,1.9.6,ahead_behind,rb_cRuggedRepo,rb_git_repo_ahead_behind,2,rb_define_method,ext/rugged/rugged_repo.c,2847,ext/rugged/rugged_repo.c,1978,resolved,rb_git_repo_ahead_behind,1.9.6,rugged:ext/rugged/rugged_repo.c:2847:ahead_behind,['ext/rugged']
rugged,1.9.6,default_signature,rb_cRuggedRepo,rb_git_repo_default_signature,0,rb_define_method,ext/rugged/rugged_repo.c,2849,ext/rugged/rugged_repo.c,2018,resolved,rb_git_repo_default_signature,1.9.6,rugged:ext/rugged/rugged_repo.c:2849:default_signature,['ext/rugged']
rugged,1.9.6,checkout_tree,rb_cRuggedRepo,rb_git_checkout_tree,-1,rb_define_method,ext/rugged/rugged_repo.c,2851,ext/rugged/rugged_repo.c,2369,resolved,rb_git_checkout_tree,1.9.6,rugged:ext/rugged/rugged_repo.c:2851:checkout_tree,['ext/rugged']
rugged,1.9.6,checkout_index,rb_cRuggedRepo,rb_git_checkout_index,-1,rb_define_method,ext/rugged/rugged_repo.c,2852,ext/rugged/rugged_repo.c,2424,resolved,rb_git_checkout_index,1.9.6,rugged:ext/rugged/rugged_repo.c:2852:checkout_index,['ext/rugged']
rugged,1.9.6,checkout_head,rb_cRuggedRepo,rb_git_checkout_head,-1,rb_define_method,ext/rugged/rugged_repo.c,2853,ext/rugged/rugged_repo.c,2472,resolved,rb_git_checkout_head,1.9.6,rugged:ext/rugged/rugged_repo.c:2853:checkout_head,['ext/rugged']
rugged,1.9.6,cherrypick,rb_cRuggedRepo,rb_git_repo_cherrypick,-1,rb_define_method,ext/rugged/rugged_repo.c,2855,ext/rugged/rugged_repo.c,2668,resolved,rb_git_repo_cherrypick,1.9.6,rugged:ext/rugged/rugged_repo.c:2855:cherrypick,['ext/rugged']
rugged,1.9.6,cherrypick_commit,rb_cRuggedRepo,rb_git_repo_cherrypick_commit,-1,rb_define_method,ext/rugged/rugged_repo.c,2856,ext/rugged/rugged_repo.c,2715,resolved,rb_git_repo_cherrypick_commit,1.9.6,rugged:ext/rugged/rugged_repo.c:2856:cherrypick_commit,['ext/rugged']
rugged,1.9.6,fetch_attributes,rb_cRuggedRepo,rb_git_repo_attributes,-1,rb_define_method,ext/rugged/rugged_repo.c,2857,ext/rugged/rugged_repo.c,2566,resolved,rb_git_repo_attributes,1.9.6,rugged:ext/rugged/rugged_repo.c:2857:fetch_attributes,['ext/rugged']
rugged,1.9.6,data,rb_cRuggedOdbObject,rb_git_odbobj_data,0,rb_define_method,ext/rugged/rugged_repo.c,2862,ext/rugged/rugged_repo.c,71,resolved,rb_git_odbobj_data,1.9.6,rugged:ext/rugged/rugged_repo.c:2862:data,['ext/rugged']
rugged,1.9.6,len,rb_cRuggedOdbObject,rb_git_odbobj_size,0,rb_define_method,ext/rugged/rugged_repo.c,2863,ext/rugged/rugged_repo.c,87,resolved,rb_git_odbobj_size,1.9.6,rugged:ext/rugged/rugged_repo.c:2863:len,['ext/rugged']
rugged,1.9.6,type,rb_cRuggedOdbObject,rb_git_odbobj_type,0,rb_define_method,ext/rugged/rugged_repo.c,2864,ext/rugged/rugged_repo.c,103,resolved,rb_git_odbobj_type,1.9.6,rugged:ext/rugged/rugged_repo.c:2864:type,['ext/rugged']
rugged,1.9.6,oid,rb_cRuggedOdbObject,rb_git_odbobj_oid,0,rb_define_method,ext/rugged/rugged_repo.c,2865,ext/rugged/rugged_repo.c,53,resolved,rb_git_odbobj_oid,1.9.6,rugged:ext/rugged/rugged_repo.c:2865:oid,['ext/rugged']
rugged,1.9.6,new,rb_cRuggedWalker,rb_git_walker_new,1,rb_define_singleton_method,ext/rugged/rugged_revwalk.c,498,ext/rugged/rugged_revwalk.c,97,resolved,rb_git_walker_new,1.9.6,rugged:ext/rugged/rugged_revwalk.c:498:new,['ext/rugged']
rugged,1.9.6,walk,rb_cRuggedWalker,rb_git_walk,-1,rb_define_singleton_method,ext/rugged/rugged_revwalk.c,499,ext/rugged/rugged_revwalk.c,374,resolved,rb_git_walk,1.9.6,rugged:ext/rugged/rugged_revwalk.c:499:walk,['ext/rugged']
rugged,1.9.6,push,rb_cRuggedWalker,rb_git_walker_push,1,rb_define_method,ext/rugged/rugged_revwalk.c,501,ext/rugged/rugged_revwalk.c,127,resolved,rb_git_walker_push,1.9.6,rugged:ext/rugged/rugged_revwalk.c:501:push,['ext/rugged']
rugged,1.9.6,push_range,rb_cRuggedWalker,rb_git_walker_push_range,1,rb_define_method,ext/rugged/rugged_revwalk.c,502,ext/rugged/rugged_revwalk.c,135,resolved,rb_git_walker_push_range,1.9.6,rugged:ext/rugged/rugged_revwalk.c:502:push_range,['ext/rugged']
rugged,1.9.6,each,rb_cRuggedWalker,rb_git_walker_each,-1,rb_define_method,ext/rugged/rugged_revwalk.c,503,ext/rugged/rugged_revwalk.c,456,resolved,rb_git_walker_each,1.9.6,rugged:ext/rugged/rugged_revwalk.c:503:each,['ext/rugged']
rugged,1.9.6,each_oid,rb_cRuggedWalker,rb_git_walker_each_oid,-1,rb_define_method,ext/rugged/rugged_revwalk.c,504,ext/rugged/rugged_revwalk.c,486,resolved,rb_git_walker_each_oid,1.9.6,rugged:ext/rugged/rugged_revwalk.c:504:each_oid,['ext/rugged']
rugged,1.9.6,walk,rb_cRuggedWalker,rb_git_walker_each,-1,rb_define_method,ext/rugged/rugged_revwalk.c,505,ext/rugged/rugged_revwalk.c,456,resolved,rb_git_walker_each,1.9.6,rugged:ext/rugged/rugged_revwalk.c:505:walk,['ext/rugged']
rugged,1.9.6,hide,rb_cRuggedWalker,rb_git_walker_hide,1,rb_define_method,ext/rugged/rugged_revwalk.c,506,ext/rugged/rugged_revwalk.c,150,resolved,rb_git_walker_hide,1.9.6,rugged:ext/rugged/rugged_revwalk.c:506:hide,['ext/rugged']
rugged,1.9.6,reset,rb_cRuggedWalker,rb_git_walker_reset,0,rb_define_method,ext/rugged/rugged_revwalk.c,507,ext/rugged/rugged_revwalk.c,222,resolved,rb_git_walker_reset,1.9.6,rugged:ext/rugged/rugged_revwalk.c:507:reset,['ext/rugged']
rugged,1.9.6,sorting,rb_cRuggedWalker,rb_git_walker_sorting,1,rb_define_method,ext/rugged/rugged_revwalk.c,508,ext/rugged/rugged_revwalk.c,166,resolved,rb_git_walker_sorting,1.9.6,rugged:ext/rugged/rugged_revwalk.c:508:sorting,['ext/rugged']
rugged,1.9.6,simplify_first_parent,rb_cRuggedWalker,rb_git_walker_simplify_first_parent,0,rb_define_method,ext/rugged/rugged_revwalk.c,509,ext/rugged/rugged_revwalk.c,180,resolved,rb_git_walker_simplify_first_parent,1.9.6,rugged:ext/rugged/rugged_revwalk.c:509:simplify_first_parent,['ext/rugged']
rugged,1.9.6,count,rb_cRuggedWalker,rb_git_walker_count,-1,rb_define_method,ext/rugged/rugged_revwalk.c,510,ext/rugged/rugged_revwalk.c,195,resolved,rb_git_walker_count,1.9.6,rugged:ext/rugged/rugged_revwalk.c:510:count,['ext/rugged']
rugged,1.9.6,[]=,rb_cRuggedSettings,rb_git_set_option,2,rb_define_module_function,ext/rugged/rugged_settings.c,172,ext/rugged/rugged_settings.c,51,resolved,rb_git_set_option,1.9.6,rugged:ext/rugged/rugged_settings.c:172:[]=,['ext/rugged']
rugged,1.9.6,[],rb_cRuggedSettings,rb_git_get_option,1,rb_define_module_function,ext/rugged/rugged_settings.c,173,ext/rugged/rugged_settings.c,107,resolved,rb_git_get_option,1.9.6,rugged:ext/rugged/rugged_settings.c:173:[],['ext/rugged']
rugged,1.9.6,max_cache_size,rb_cRuggedSettings,rb_git_get_max_cache_size,0,rb_define_module_function,ext/rugged/rugged_settings.c,174,ext/rugged/rugged_settings.c,149,resolved,rb_git_get_max_cache_size,1.9.6,rugged:ext/rugged/rugged_settings.c:174:max_cache_size,['ext/rugged']
rugged,1.9.6,used_cache_size,rb_cRuggedSettings,rb_git_get_used_cache_size,0,rb_define_module_function,ext/rugged/rugged_settings.c,175,ext/rugged/rugged_settings.c,162,resolved,rb_git_get_used_cache_size,1.9.6,rugged:ext/rugged/rugged_settings.c:175:used_cache_size,['ext/rugged']
rugged,1.9.6,finalize_add,rb_cRuggedSubmodule,rb_git_submodule_finalize_add,0,rb_define_method,ext/rugged/rugged_submodule.c,800,ext/rugged/rugged_submodule.c,772,resolved,rb_git_submodule_finalize_add,1.9.6,rugged:ext/rugged/rugged_submodule.c:800:finalize_add,['ext/rugged']
rugged,1.9.6,name,rb_cRuggedSubmodule,rb_git_submodule_name,0,rb_define_method,ext/rugged/rugged_submodule.c,802,ext/rugged/rugged_submodule.c,515,resolved,rb_git_submodule_name,1.9.6,rugged:ext/rugged/rugged_submodule.c:802:name,['ext/rugged']
rugged,1.9.6,url,rb_cRuggedSubmodule,rb_git_submodule_url,0,rb_define_method,ext/rugged/rugged_submodule.c,803,ext/rugged/rugged_submodule.c,533,resolved,rb_git_submodule_url,1.9.6,rugged:ext/rugged/rugged_submodule.c:803:url,['ext/rugged']
rugged,1.9.6,path,rb_cRuggedSubmodule,rb_git_submodule_path,0,rb_define_method,ext/rugged/rugged_submodule.c,804,ext/rugged/rugged_submodule.c,555,resolved,rb_git_submodule_path,1.9.6,rugged:ext/rugged/rugged_submodule.c:804:path,['ext/rugged']
rugged,1.9.6,fetch_recurse_submodules?,rb_cRuggedSubmodule,rb_git_submodule_fetch_recurse_submodules,0,rb_define_method,ext/rugged/rugged_submodule.c,805,ext/rugged/rugged_submodule.c,628,resolved,rb_git_submodule_fetch_recurse_submodules,1.9.6,rugged:ext/rugged/rugged_submodule.c:805:fetch_recurse_submodules?,['ext/rugged']
rugged,1.9.6,ignore_rule,rb_cRuggedSubmodule,rb_git_submodule_ignore_rule,0,rb_define_method,ext/rugged/rugged_submodule.c,807,ext/rugged/rugged_submodule.c,677,resolved,rb_git_submodule_ignore_rule,1.9.6,rugged:ext/rugged/rugged_submodule.c:807:ignore_rule,['ext/rugged']
rugged,1.9.6,update_rule,rb_cRuggedSubmodule,rb_git_submodule_update_rule,0,rb_define_method,ext/rugged/rugged_submodule.c,808,ext/rugged/rugged_submodule.c,724,resolved,rb_git_submodule_update_rule,1.9.6,rugged:ext/rugged/rugged_submodule.c:808:update_rule,['ext/rugged']
rugged,1.9.6,head_oid,rb_cRuggedSubmodule,rb_git_submodule_head_id,0,rb_define_method,ext/rugged/rugged_submodule.c,810,ext/rugged/rugged_submodule.c,581,resolved,rb_git_submodule_head_id,1.9.6,rugged:ext/rugged/rugged_submodule.c:810:head_oid,['ext/rugged']
rugged,1.9.6,index_oid,rb_cRuggedSubmodule,rb_git_submodule_index_id,0,rb_define_method,ext/rugged/rugged_submodule.c,811,ext/rugged/rugged_submodule.c,593,resolved,rb_git_submodule_index_id,1.9.6,rugged:ext/rugged/rugged_submodule.c:811:index_oid,['ext/rugged']
rugged,1.9.6,workdir_oid,rb_cRuggedSubmodule,rb_git_submodule_wd_id,0,rb_define_method,ext/rugged/rugged_submodule.c,812,ext/rugged/rugged_submodule.c,610,resolved,rb_git_submodule_wd_id,1.9.6,rugged:ext/rugged/rugged_submodule.c:812:workdir_oid,['ext/rugged']
rugged,1.9.6,status,rb_cRuggedSubmodule,rb_git_submodule_status,0,rb_define_method,ext/rugged/rugged_submodule.c,814,ext/rugged/rugged_submodule.c,151,resolved,rb_git_submodule_status,1.9.6,rugged:ext/rugged/rugged_submodule.c:814:status,['ext/rugged']
rugged,1.9.6,in_head?,rb_cRuggedSubmodule,rb_git_submodule_status_in_head,0,rb_define_method,ext/rugged/rugged_submodule.c,815,ext/rugged/rugged_submodule.c,186,resolved,rb_git_submodule_status_in_head,1.9.6,rugged:ext/rugged/rugged_submodule.c:815:in_head?,['ext/rugged']
rugged,1.9.6,in_index?,rb_cRuggedSubmodule,rb_git_submodule_status_in_index,0,rb_define_method,ext/rugged/rugged_submodule.c,816,ext/rugged/rugged_submodule.c,197,resolved,rb_git_submodule_status_in_index,1.9.6,rugged:ext/rugged/rugged_submodule.c:816:in_index?,['ext/rugged']
rugged,1.9.6,in_config?,rb_cRuggedSubmodule,rb_git_submodule_status_in_config,0,rb_define_method,ext/rugged/rugged_submodule.c,817,ext/rugged/rugged_submodule.c,208,resolved,rb_git_submodule_status_in_config,1.9.6,rugged:ext/rugged/rugged_submodule.c:817:in_config?,['ext/rugged']
rugged,1.9.6,in_workdir?,rb_cRuggedSubmodule,rb_git_submodule_status_in_workdir,0,rb_define_method,ext/rugged/rugged_submodule.c,818,ext/rugged/rugged_submodule.c,219,resolved,rb_git_submodule_status_in_workdir,1.9.6,rugged:ext/rugged/rugged_submodule.c:818:in_workdir?,['ext/rugged']
rugged,1.9.6,added_to_index?,rb_cRuggedSubmodule,rb_git_submodule_status_added_to_index,0,rb_define_method,ext/rugged/rugged_submodule.c,819,ext/rugged/rugged_submodule.c,244,resolved,rb_git_submodule_status_added_to_index,1.9.6,rugged:ext/rugged/rugged_submodule.c:819:added_to_index?,['ext/rugged']
rugged,1.9.6,deleted_from_index?,rb_cRuggedSubmodule,rb_git_submodule_status_deleted_from_index,0,rb_define_method,ext/rugged/rugged_submodule.c,820,ext/rugged/rugged_submodule.c,255,resolved,rb_git_submodule_status_deleted_from_index,1.9.6,rugged:ext/rugged/rugged_submodule.c:820:deleted_from_index?,['ext/rugged']
rugged,1.9.6,modified_in_index?,rb_cRuggedSubmodule,rb_git_submodule_status_modified_in_index,0,rb_define_method,ext/rugged/rugged_submodule.c,821,ext/rugged/rugged_submodule.c,266,resolved,rb_git_submodule_status_modified_in_index,1.9.6,rugged:ext/rugged/rugged_submodule.c:821:modified_in_index?,['ext/rugged']
rugged,1.9.6,uninitialized?,rb_cRuggedSubmodule,rb_git_submodule_status_uninitialized,0,rb_define_method,ext/rugged/rugged_submodule.c,822,ext/rugged/rugged_submodule.c,277,resolved,rb_git_submodule_status_uninitialized,1.9.6,rugged:ext/rugged/rugged_submodule.c:822:uninitialized?,['ext/rugged']
rugged,1.9.6,added_to_workdir?,rb_cRuggedSubmodule,rb_git_submodule_status_added_to_workdir,0,rb_define_method,ext/rugged/rugged_submodule.c,823,ext/rugged/rugged_submodule.c,288,resolved,rb_git_submodule_status_added_to_workdir,1.9.6,rugged:ext/rugged/rugged_submodule.c:823:added_to_workdir?,['ext/rugged']
rugged,1.9.6,deleted_from_workdir?,rb_cRuggedSubmodule,rb_git_submodule_status_deleted_from_workdir,0,rb_define_method,ext/rugged/rugged_submodule.c,824,ext/rugged/rugged_submodule.c,299,resolved,rb_git_submodule_status_deleted_from_workdir,1.9.6,rugged:ext/rugged/rugged_submodule.c:824:deleted_from_workdir?,['ext/rugged']
rugged,1.9.6,modified_in_workdir?,rb_cRuggedSubmodule,rb_git_submodule_status_modified_in_workdir,0,rb_define_method,ext/rugged/rugged_submodule.c,825,ext/rugged/rugged_submodule.c,310,resolved,rb_git_submodule_status_modified_in_workdir,1.9.6,rugged:ext/rugged/rugged_submodule.c:825:modified_in_workdir?,['ext/rugged']
rugged,1.9.6,dirty_workdir_index?,rb_cRuggedSubmodule,rb_git_submodule_status_dirty_workdir_index,0,rb_define_method,ext/rugged/rugged_submodule.c,826,ext/rugged/rugged_submodule.c,321,resolved,rb_git_submodule_status_dirty_workdir_index,1.9.6,rugged:ext/rugged/rugged_submodule.c:826:dirty_workdir_index?,['ext/rugged']
rugged,1.9.6,modified_files_in_workdir?,rb_cRuggedSubmodule,rb_git_submodule_status_modified_files_in_workdir,0,rb_define_method,ext/rugged/rugged_submodule.c,827,ext/rugged/rugged_submodule.c,332,resolved,rb_git_submodule_status_modified_files_in_workdir,1.9.6,rugged:ext/rugged/rugged_submodule.c:827:modified_files_in_workdir?,['ext/rugged']
rugged,1.9.6,untracked_files_in_workdir?,rb_cRuggedSubmodule,rb_git_submodule_status_untracked_files_in_workdir,0,rb_define_method,ext/rugged/rugged_submodule.c,828,ext/rugged/rugged_submodule.c,343,resolved,rb_git_submodule_status_untracked_files_in_workdir,1.9.6,rugged:ext/rugged/rugged_submodule.c:828:untracked_files_in_workdir?,['ext/rugged']
rugged,1.9.6,unmodified?,rb_cRuggedSubmodule,rb_git_submodule_status_unmodified,0,rb_define_method,ext/rugged/rugged_submodule.c,830,ext/rugged/rugged_submodule.c,368,resolved,rb_git_submodule_status_unmodified,1.9.6,rugged:ext/rugged/rugged_submodule.c:830:unmodified?,['ext/rugged']
rugged,1.9.6,dirty_workdir?,rb_cRuggedSubmodule,rb_git_submodule_status_dirty_workdir,0,rb_define_method,ext/rugged/rugged_submodule.c,831,ext/rugged/rugged_submodule.c,383,resolved,rb_git_submodule_status_dirty_workdir,1.9.6,rugged:ext/rugged/rugged_submodule.c:831:dirty_workdir?,['ext/rugged']
rugged,1.9.6,repository,rb_cRuggedSubmodule,rb_git_submodule_repository,0,rb_define_method,ext/rugged/rugged_submodule.c,833,ext/rugged/rugged_submodule.c,745,resolved,rb_git_submodule_repository,1.9.6,rugged:ext/rugged/rugged_submodule.c:833:repository,['ext/rugged']
rugged,1.9.6,add_to_index,rb_cRuggedSubmodule,rb_git_submodule_add_to_index,-1,rb_define_method,ext/rugged/rugged_submodule.c,835,ext/rugged/rugged_submodule.c,401,resolved,rb_git_submodule_add_to_index,1.9.6,rugged:ext/rugged/rugged_submodule.c:835:add_to_index,['ext/rugged']
rugged,1.9.6,reload,rb_cRuggedSubmodule,rb_git_submodule_reload,0,rb_define_method,ext/rugged/rugged_submodule.c,836,ext/rugged/rugged_submodule.c,434,resolved,rb_git_submodule_reload,1.9.6,rugged:ext/rugged/rugged_submodule.c:836:reload,['ext/rugged']
rugged,1.9.6,sync,rb_cRuggedSubmodule,rb_git_submodule_sync,0,rb_define_method,ext/rugged/rugged_submodule.c,837,ext/rugged/rugged_submodule.c,457,resolved,rb_git_submodule_sync,1.9.6,rugged:ext/rugged/rugged_submodule.c:837:sync,['ext/rugged']
rugged,1.9.6,init,rb_cRuggedSubmodule,rb_git_submodule_init,-1,rb_define_method,ext/rugged/rugged_submodule.c,838,ext/rugged/rugged_submodule.c,485,resolved,rb_git_submodule_init,1.9.6,rugged:ext/rugged/rugged_submodule.c:838:init,['ext/rugged']
rugged,1.9.6,initialize,rb_cRuggedSubmoduleCollection,rb_git_submodule_collection_initialize,1,rb_define_method,ext/rugged/rugged_submodule_collection.c,370,ext/rugged/rugged_submodule_collection.c,22,resolved,rb_git_submodule_collection_initialize,1.9.6,rugged:ext/rugged/rugged_submodule_collection.c:370:initialize,['ext/rugged']
rugged,1.9.6,[],rb_cRuggedSubmoduleCollection,rb_git_submodule_collection_aref,1,rb_define_method,ext/rugged/rugged_submodule_collection.c,371,ext/rugged/rugged_submodule_collection.c,70,resolved,rb_git_submodule_collection_aref,1.9.6,rugged:ext/rugged/rugged_submodule_collection.c:371:[],['ext/rugged']
rugged,1.9.6,each,rb_cRuggedSubmoduleCollection,rb_git_submodule_collection_each,0,rb_define_method,ext/rugged/rugged_submodule_collection.c,372,ext/rugged/rugged_submodule_collection.c,133,resolved,rb_git_submodule_collection_each,1.9.6,rugged:ext/rugged/rugged_submodule_collection.c:372:each,['ext/rugged']
rugged,1.9.6,update,rb_cRuggedSubmoduleCollection,rb_git_submodule_update,2,rb_define_method,ext/rugged/rugged_submodule_collection.c,374,ext/rugged/rugged_submodule_collection.c,284,resolved,rb_git_submodule_update,1.9.6,rugged:ext/rugged/rugged_submodule_collection.c:374:update,['ext/rugged']
rugged,1.9.6,setup_add,rb_cRuggedSubmoduleCollection,rb_git_submodule_setup_add,-1,rb_define_method,ext/rugged/rugged_submodule_collection.c,376,ext/rugged/rugged_submodule_collection.c,184,resolved,rb_git_submodule_setup_add,1.9.6,rugged:ext/rugged/rugged_submodule_collection.c:376:setup_add,['ext/rugged']
rugged,1.9.6,annotation,rb_cRuggedTag,rb_git_tag_annotation,0,rb_define_method,ext/rugged/rugged_tag.c,225,ext/rugged/rugged_tag.c,156,resolved,rb_git_tag_annotation,1.9.6,rugged:ext/rugged/rugged_tag.c:225:annotation,['ext/rugged']
rugged,1.9.6,annotated?,rb_cRuggedTag,rb_git_tag_annotated_p,0,rb_define_method,ext/rugged/rugged_tag.c,226,ext/rugged/rugged_tag.c,216,resolved,rb_git_tag_annotated_p,1.9.6,rugged:ext/rugged/rugged_tag.c:226:annotated?,['ext/rugged']
rugged,1.9.6,target,rb_cRuggedTag,rb_git_tag_target,0,rb_define_method,ext/rugged/rugged_tag.c,227,ext/rugged/rugged_tag.c,184,resolved,rb_git_tag_target,1.9.6,rugged:ext/rugged/rugged_tag.c:227:target,['ext/rugged']
rugged,1.9.6,message,rb_cRuggedTagAnnotation,rb_git_tag_annotation_message,0,rb_define_method,ext/rugged/rugged_tag.c,232,ext/rugged/rugged_tag.c,138,resolved,rb_git_tag_annotation_message,1.9.6,rugged:ext/rugged/rugged_tag.c:232:message,['ext/rugged']
rugged,1.9.6,name,rb_cRuggedTagAnnotation,rb_git_tag_annotation_name,0,rb_define_method,ext/rugged/rugged_tag.c,233,ext/rugged/rugged_tag.c,97,resolved,rb_git_tag_annotation_name,1.9.6,rugged:ext/rugged/rugged_tag.c:233:name,['ext/rugged']
rugged,1.9.6,target,rb_cRuggedTagAnnotation,rb_git_tag_annotation_target,0,rb_define_method,ext/rugged/rugged_tag.c,234,ext/rugged/rugged_tag.c,31,resolved,rb_git_tag_annotation_target,1.9.6,rugged:ext/rugged/rugged_tag.c:234:target,['ext/rugged']
rugged,1.9.6,target_oid,rb_cRuggedTagAnnotation,rb_git_tag_annotation_target_id,0,rb_define_method,ext/rugged/rugged_tag.c,235,ext/rugged/rugged_tag.c,57,resolved,rb_git_tag_annotation_target_id,1.9.6,rugged:ext/rugged/rugged_tag.c:235:target_oid,['ext/rugged']
rugged,1.9.6,target_id,rb_cRuggedTagAnnotation,rb_git_tag_annotation_target_id,0,rb_define_method,ext/rugged/rugged_tag.c,236,ext/rugged/rugged_tag.c,57,resolved,rb_git_tag_annotation_target_id,1.9.6,rugged:ext/rugged/rugged_tag.c:236:target_id,['ext/rugged']
rugged,1.9.6,target_type,rb_cRuggedTagAnnotation,rb_git_tag_annotation_target_type,0,rb_define_method,ext/rugged/rugged_tag.c,237,ext/rugged/rugged_tag.c,81,resolved,rb_git_tag_annotation_target_type,1.9.6,rugged:ext/rugged/rugged_tag.c:237:target_type,['ext/rugged']
rugged,1.9.6,tagger,rb_cRuggedTagAnnotation,rb_git_tag_annotation_tagger,0,rb_define_method,ext/rugged/rugged_tag.c,238,ext/rugged/rugged_tag.c,115,resolved,rb_git_tag_annotation_tagger,1.9.6,rugged:ext/rugged/rugged_tag.c:238:tagger,['ext/rugged']
rugged,1.9.6,initialize,rb_cRuggedTagCollection,rb_git_tag_collection_initialize,1,rb_define_method,ext/rugged/rugged_tag_collection.c,318,ext/rugged/rugged_tag_collection.c,22,resolved,rb_git_tag_collection_initialize,1.9.6,rugged:ext/rugged/rugged_tag_collection.c:318:initialize,['ext/rugged']
rugged,1.9.6,create,rb_cRuggedTagCollection,rb_git_tag_collection_create,-1,rb_define_method,ext/rugged/rugged_tag_collection.c,320,ext/rugged/rugged_tag_collection.c,109,resolved,rb_git_tag_collection_create,1.9.6,rugged:ext/rugged/rugged_tag_collection.c:320:create,['ext/rugged']
rugged,1.9.6,create_annotation,rb_cRuggedTagCollection,rb_git_tag_collection_create_annotation,3,rb_define_method,ext/rugged/rugged_tag_collection.c,321,ext/rugged/rugged_tag_collection.c,188,resolved,rb_git_tag_collection_create_annotation,1.9.6,rugged:ext/rugged/rugged_tag_collection.c:321:create_annotation,['ext/rugged']
rugged,1.9.6,[],rb_cRuggedTagCollection,rb_git_tag_collection_aref,1,rb_define_method,ext/rugged/rugged_tag_collection.c,322,ext/rugged/rugged_tag_collection.c,39,resolved,rb_git_tag_collection_aref,1.9.6,rugged:ext/rugged/rugged_tag_collection.c:322:[],['ext/rugged']
rugged,1.9.6,each,rb_cRuggedTagCollection,rb_git_tag_collection_each,-1,rb_define_method,ext/rugged/rugged_tag_collection.c,324,ext/rugged/rugged_tag_collection.c,308,resolved,rb_git_tag_collection_each,1.9.6,rugged:ext/rugged/rugged_tag_collection.c:324:each,['ext/rugged']
rugged,1.9.6,each_name,rb_cRuggedTagCollection,rb_git_tag_collection_each_name,-1,rb_define_method,ext/rugged/rugged_tag_collection.c,325,ext/rugged/rugged_tag_collection.c,288,resolved,rb_git_tag_collection_each_name,1.9.6,rugged:ext/rugged/rugged_tag_collection.c:325:each_name,['ext/rugged']
rugged,1.9.6,delete,rb_cRuggedTagCollection,rb_git_tag_collection_delete,1,rb_define_method,ext/rugged/rugged_tag_collection.c,327,ext/rugged/rugged_tag_collection.c,74,resolved,rb_git_tag_collection_delete,1.9.6,rugged:ext/rugged/rugged_tag_collection.c:327:delete,['ext/rugged']
rugged,1.9.6,count,rb_cRuggedTree,rb_git_tree_entrycount,0,rb_define_method,ext/rugged/rugged_tree.c,916,ext/rugged/rugged_tree.c,76,resolved,rb_git_tree_entrycount,1.9.6,rugged:ext/rugged/rugged_tree.c:916:count,['ext/rugged']
rugged,1.9.6,count_recursive,rb_cRuggedTree,rb_git_tree_entrycount_recursive,-1,rb_define_method,ext/rugged/rugged_tree.c,917,ext/rugged/rugged_tree.c,115,resolved,rb_git_tree_entrycount_recursive,1.9.6,rugged:ext/rugged/rugged_tree.c:917:count_recursive,['ext/rugged']
rugged,1.9.6,length,rb_cRuggedTree,rb_git_tree_entrycount,0,rb_define_method,ext/rugged/rugged_tree.c,918,ext/rugged/rugged_tree.c,76,resolved,rb_git_tree_entrycount,1.9.6,rugged:ext/rugged/rugged_tree.c:918:length,['ext/rugged']
rugged,1.9.6,get_entry,rb_cRuggedTree,rb_git_tree_get_entry,1,rb_define_method,ext/rugged/rugged_tree.c,919,ext/rugged/rugged_tree.c,162,resolved,rb_git_tree_get_entry,1.9.6,rugged:ext/rugged/rugged_tree.c:919:get_entry,['ext/rugged']
rugged,1.9.6,get_entry_by_oid,rb_cRuggedTree,rb_git_tree_get_entry_by_oid,1,rb_define_method,ext/rugged/rugged_tree.c,920,ext/rugged/rugged_tree.c,192,resolved,rb_git_tree_get_entry_by_oid,1.9.6,rugged:ext/rugged/rugged_tree.c:920:get_entry_by_oid,['ext/rugged']
rugged,1.9.6,path,rb_cRuggedTree,rb_git_tree_path,1,rb_define_method,ext/rugged/rugged_tree.c,921,ext/rugged/rugged_tree.c,326,resolved,rb_git_tree_path,1.9.6,rugged:ext/rugged/rugged_tree.c:921:path,['ext/rugged']
rugged,1.9.6,diff_workdir,rb_cRuggedTree,rb_git_tree_diff_workdir,-1,rb_define_method,ext/rugged/rugged_tree.c,922,ext/rugged/rugged_tree.c,430,resolved,rb_git_tree_diff_workdir,1.9.6,rugged:ext/rugged/rugged_tree.c:922:diff_workdir,['ext/rugged']
rugged,1.9.6,[],rb_cRuggedTree,rb_git_tree_get_entry,1,rb_define_method,ext/rugged/rugged_tree.c,923,ext/rugged/rugged_tree.c,162,resolved,rb_git_tree_get_entry,1.9.6,rugged:ext/rugged/rugged_tree.c:923:[],['ext/rugged']
rugged,1.9.6,each,rb_cRuggedTree,rb_git_tree_each,0,rb_define_method,ext/rugged/rugged_tree.c,924,ext/rugged/rugged_tree.c,223,resolved,rb_git_tree_each,1.9.6,rugged:ext/rugged/rugged_tree.c:924:each,['ext/rugged']
rugged,1.9.6,walk,rb_cRuggedTree,rb_git_tree_walk,1,rb_define_method,ext/rugged/rugged_tree.c,925,ext/rugged/rugged_tree.c,288,resolved,rb_git_tree_walk,1.9.6,rugged:ext/rugged/rugged_tree.c:925:walk,['ext/rugged']
rugged,1.9.6,merge,rb_cRuggedTree,rb_git_tree_merge,-1,rb_define_method,ext/rugged/rugged_tree.c,926,ext/rugged/rugged_tree.c,537,resolved,rb_git_tree_merge,1.9.6,rugged:ext/rugged/rugged_tree.c:926:merge,['ext/rugged']
rugged,1.9.6,update,rb_cRuggedTree,rb_git_tree_update,1,rb_define_method,ext/rugged/rugged_tree.c,927,ext/rugged/rugged_tree.c,692,resolved,rb_git_tree_update,1.9.6,rugged:ext/rugged/rugged_tree.c:927:update,['ext/rugged']
rugged,1.9.6,empty,rb_cRuggedTree,rb_git_tree_empty,1,rb_define_singleton_method,ext/rugged/rugged_tree.c,928,ext/rugged/rugged_tree.c,595,resolved,rb_git_tree_empty,1.9.6,rugged:ext/rugged/rugged_tree.c:928:empty,['ext/rugged']
rugged,1.9.6,diff_tree_to_index,rb_singleton_class(rb_cRuggedTree),rb_git_diff_tree_to_index,4,rb_define_private_method,ext/rugged/rugged_tree.c,930,ext/rugged/rugged_tree.c,344,resolved,rb_git_diff_tree_to_index,1.9.6,rugged:ext/rugged/rugged_tree.c:930:diff_tree_to_index,['ext/rugged']
rugged,1.9.6,diff_tree_to_tree,rb_singleton_class(rb_cRuggedTree),rb_git_diff_tree_to_tree,4,rb_define_private_method,ext/rugged/rugged_tree.c,931,ext/rugged/rugged_tree.c,388,resolved,rb_git_diff_tree_to_tree,1.9.6,rugged:ext/rugged/rugged_tree.c:931:diff_tree_to_tree,['ext/rugged']
rugged,1.9.6,new,rb_cRuggedTreeBuilder,rb_git_treebuilder_new,-1,rb_define_singleton_method,ext/rugged/rugged_tree.c,936,ext/rugged/rugged_tree.c,739,resolved,rb_git_treebuilder_new,1.9.6,rugged:ext/rugged/rugged_tree.c:936:new,['ext/rugged']
rugged,1.9.6,clear,rb_cRuggedTreeBuilder,rb_git_treebuilder_clear,0,rb_define_method,ext/rugged/rugged_tree.c,937,ext/rugged/rugged_tree.c,772,resolved,rb_git_treebuilder_clear,1.9.6,rugged:ext/rugged/rugged_tree.c:937:clear,['ext/rugged']
rugged,1.9.6,[],rb_cRuggedTreeBuilder,rb_git_treebuilder_get,1,rb_define_method,ext/rugged/rugged_tree.c,938,ext/rugged/rugged_tree.c,786,resolved,rb_git_treebuilder_get,1.9.6,rugged:ext/rugged/rugged_tree.c:938:[],['ext/rugged']
rugged,1.9.6,insert,rb_cRuggedTreeBuilder,rb_git_treebuilder_insert,1,rb_define_method,ext/rugged/rugged_tree.c,939,ext/rugged/rugged_tree.c,803,resolved,rb_git_treebuilder_insert,1.9.6,rugged:ext/rugged/rugged_tree.c:939:insert,['ext/rugged']
rugged,1.9.6,<<,rb_cRuggedTreeBuilder,rb_git_treebuilder_insert,1,rb_define_method,ext/rugged/rugged_tree.c,940,ext/rugged/rugged_tree.c,803,resolved,rb_git_treebuilder_insert,1.9.6,rugged:ext/rugged/rugged_tree.c:940:<<,['ext/rugged']
rugged,1.9.6,remove,rb_cRuggedTreeBuilder,rb_git_treebuilder_remove,1,rb_define_method,ext/rugged/rugged_tree.c,941,ext/rugged/rugged_tree.c,842,resolved,rb_git_treebuilder_remove,1.9.6,rugged:ext/rugged/rugged_tree.c:941:remove,['ext/rugged']
rugged,1.9.6,write,rb_cRuggedTreeBuilder,rb_git_treebuilder_write,0,rb_define_method,ext/rugged/rugged_tree.c,942,ext/rugged/rugged_tree.c,869,resolved,rb_git_treebuilder_write,1.9.6,rugged:ext/rugged/rugged_tree.c:942:write,['ext/rugged']
rugged,1.9.6,reject!,rb_cRuggedTreeBuilder,rb_git_treebuilder_filter,0,rb_define_method,ext/rugged/rugged_tree.c,943,ext/rugged/rugged_tree.c,897,resolved,rb_git_treebuilder_filter,1.9.6,rugged:ext/rugged/rugged_tree.c:943:reject!,['ext/rugged']
stackprof,0.2.28,running?,rb_mStackProf,stackprof_running_p,0,rb_define_singleton_method,ext/stackprof/stackprof.c,1015,ext/stackprof/stackprof.c,495,resolved,stackprof_running_p,0.2.28,stackprof:ext/stackprof/stackprof.c:1015:running?,['ext/stackprof']
stackprof,0.2.28,run,rb_mStackProf,stackprof_run,-1,rb_define_singleton_method,ext/stackprof/stackprof.c,1016,ext/stackprof/stackprof.c,486,resolved,stackprof_run,0.2.28,stackprof:ext/stackprof/stackprof.c:1016:run,['ext/stackprof']
stackprof,0.2.28,start,rb_mStackProf,stackprof_start,-1,rb_define_singleton_method,ext/stackprof/stackprof.c,1017,ext/stackprof/stackprof.c,175,resolved,stackprof_start,0.2.28,stackprof:ext/stackprof/stackprof.c:1017:start,['ext/stackprof']
stackprof,0.2.28,stop,rb_mStackProf,stackprof_stop,0,rb_define_singleton_method,ext/stackprof/stackprof.c,1018,ext/stackprof/stackprof.c,271,resolved,stackprof_stop,0.2.28,stackprof:ext/stackprof/stackprof.c:1018:stop,['ext/stackprof']
stackprof,0.2.28,results,rb_mStackProf,stackprof_results,-1,rb_define_singleton_method,ext/stackprof/stackprof.c,1019,ext/stackprof/stackprof.c,389,resolved,stackprof_results,0.2.28,stackprof:ext/stackprof/stackprof.c:1019:results,['ext/stackprof']
stackprof,0.2.28,sample,rb_mStackProf,stackprof_sample,0,rb_define_singleton_method,ext/stackprof/stackprof.c,1020,ext/stackprof/stackprof.c,850,resolved,stackprof_sample,0.2.28,stackprof:ext/stackprof/stackprof.c:1020:sample,['ext/stackprof']
stackprof,0.2.28,use_postponed_job!,rb_mStackProf,stackprof_use_postponed_job_l,0,rb_define_singleton_method,ext/stackprof/stackprof.c,1021,ext/stackprof/stackprof.c,925,resolved,stackprof_use_postponed_job_l,0.2.28,stackprof:ext/stackprof/stackprof.c:1021:use_postponed_job!,['ext/stackprof']
stringio,3.2.0,<allocator>,StringIO,strio_s_allocate,0,rb_define_alloc_func,ext/stringio/stringio.c,2002,ext/stringio/stringio.c,218,resolved,strio_s_allocate,3.2.0,stringio:ext/stringio/stringio.c:2002:<allocator>,['ext/stringio']
stringio,3.2.0,new,StringIO,strio_s_new,-1,rb_define_singleton_method,ext/stringio/stringio.c,2007,ext/stringio/stringio.c,414,resolved,strio_s_new,3.2.0,stringio:ext/stringio/stringio.c:2007:new,['ext/stringio']
stringio,3.2.0,open,StringIO,strio_s_open,-1,rb_define_singleton_method,ext/stringio/stringio.c,2008,ext/stringio/stringio.c,405,resolved,strio_s_open,3.2.0,stringio:ext/stringio/stringio.c:2008:open,['ext/stringio']
stringio,3.2.0,initialize,StringIO,strio_initialize,-1,rb_define_method,ext/stringio/stringio.c,2009,ext/stringio/stringio.c,255,resolved,strio_initialize,3.2.0,stringio:ext/stringio/stringio.c:2009:initialize,['ext/stringio']
stringio,3.2.0,initialize_copy,StringIO,strio_copy,1,rb_define_method,ext/stringio/stringio.c,2010,ext/stringio/stringio.c,723,resolved,strio_copy,3.2.0,stringio:ext/stringio/stringio.c:2010:initialize_copy,['ext/stringio']
stringio,3.2.0,reopen,StringIO,strio_reopen,-1,rb_define_method,ext/stringio/stringio.c,2011,ext/stringio/stringio.c,823,resolved,strio_reopen,3.2.0,stringio:ext/stringio/stringio.c:2011:reopen,['ext/stringio']
stringio,3.2.0,string,StringIO,strio_get_string,0,rb_define_method,ext/stringio/stringio.c,2013,ext/stringio/stringio.c,507,resolved,strio_get_string,3.2.0,stringio:ext/stringio/stringio.c:2013:string,['ext/stringio']
stringio,3.2.0,string=,StringIO,strio_set_string,1,rb_define_method,ext/stringio/stringio.c,2014,ext/stringio/stringio.c,533,resolved,strio_set_string,3.2.0,stringio:ext/stringio/stringio.c:2014:string=,['ext/stringio']
stringio,3.2.0,lineno,StringIO,strio_get_lineno,0,rb_define_method,ext/stringio/stringio.c,2015,ext/stringio/stringio.c,752,resolved,strio_get_lineno,3.2.0,stringio:ext/stringio/stringio.c:2015:lineno,['ext/stringio']
stringio,3.2.0,lineno=,StringIO,strio_set_lineno,1,rb_define_method,ext/stringio/stringio.c,2016,ext/stringio/stringio.c,765,resolved,strio_set_lineno,3.2.0,stringio:ext/stringio/stringio.c:2016:lineno=,['ext/stringio']
stringio,3.2.0,binmode,StringIO,strio_binmode,0,rb_define_method,ext/stringio/stringio.c,2020,ext/stringio/stringio.c,780,resolved,strio_binmode,3.2.0,stringio:ext/stringio/stringio.c:2020:binmode,['ext/stringio']
stringio,3.2.0,close,StringIO,strio_close,0,rb_define_method,ext/stringio/stringio.c,2021,ext/stringio/stringio.c,563,resolved,strio_close,3.2.0,stringio:ext/stringio/stringio.c:2021:close,['ext/stringio']
stringio,3.2.0,close_read,StringIO,strio_close_read,0,rb_define_method,ext/stringio/stringio.c,2022,ext/stringio/stringio.c,588,resolved,strio_close_read,3.2.0,stringio:ext/stringio/stringio.c:2022:close_read,['ext/stringio']
stringio,3.2.0,close_write,StringIO,strio_close_write,0,rb_define_method,ext/stringio/stringio.c,2023,ext/stringio/stringio.c,614,resolved,strio_close_write,3.2.0,stringio:ext/stringio/stringio.c:2023:close_write,['ext/stringio']
stringio,3.2.0,closed?,StringIO,strio_closed,0,rb_define_method,ext/stringio/stringio.c,2024,ext/stringio/stringio.c,640,resolved,strio_closed,3.2.0,stringio:ext/stringio/stringio.c:2024:closed?,['ext/stringio']
stringio,3.2.0,closed_read?,StringIO,strio_closed_read,0,rb_define_method,ext/stringio/stringio.c,2025,ext/stringio/stringio.c,661,resolved,strio_closed_read,3.2.0,stringio:ext/stringio/stringio.c:2025:closed_read?,['ext/stringio']
stringio,3.2.0,closed_write?,StringIO,strio_closed_write,0,rb_define_method,ext/stringio/stringio.c,2026,ext/stringio/stringio.c,682,resolved,strio_closed_write,3.2.0,stringio:ext/stringio/stringio.c:2026:closed_write?,['ext/stringio']
stringio,3.2.0,eof,StringIO,strio_eof,0,rb_define_method,ext/stringio/stringio.c,2027,ext/stringio/stringio.c,715,resolved,strio_eof,3.2.0,stringio:ext/stringio/stringio.c:2027:eof,['ext/stringio']
stringio,3.2.0,eof?,StringIO,strio_eof,0,rb_define_method,ext/stringio/stringio.c,2028,ext/stringio/stringio.c,715,resolved,strio_eof,3.2.0,stringio:ext/stringio/stringio.c:2028:eof?,['ext/stringio']
stringio,3.2.0,fcntl,StringIO,strio_fcntl,-1,rb_define_method,ext/stringio/stringio.c,2030,,,unresolved_function_binding,strio_fcntl,3.2.0,stringio:ext/stringio/stringio.c:2030:fcntl,['ext/stringio']
stringio,3.2.0,flush,StringIO,strio_flush,0,rb_define_method,ext/stringio/stringio.c,2032,,,unresolved_function_binding,strio_flush,3.2.0,stringio:ext/stringio/stringio.c:2032:flush,['ext/stringio']
stringio,3.2.0,fsync,StringIO,strio_fsync,0,rb_define_method,ext/stringio/stringio.c,2034,,,unresolved_function_binding,strio_fsync,3.2.0,stringio:ext/stringio/stringio.c:2034:fsync,['ext/stringio']
stringio,3.2.0,pos,StringIO,strio_get_pos,0,rb_define_method,ext/stringio/stringio.c,2035,ext/stringio/stringio.c,840,resolved,strio_get_pos,3.2.0,stringio:ext/stringio/stringio.c:2035:pos,['ext/stringio']
stringio,3.2.0,pos=,StringIO,strio_set_pos,1,rb_define_method,ext/stringio/stringio.c,2036,ext/stringio/stringio.c,853,resolved,strio_set_pos,3.2.0,stringio:ext/stringio/stringio.c:2036:pos=,['ext/stringio']
stringio,3.2.0,rewind,StringIO,strio_rewind,0,rb_define_method,ext/stringio/stringio.c,2037,ext/stringio/stringio.c,873,resolved,strio_rewind,3.2.0,stringio:ext/stringio/stringio.c:2037:rewind,['ext/stringio']
stringio,3.2.0,seek,StringIO,strio_seek,-1,rb_define_method,ext/stringio/stringio.c,2038,ext/stringio/stringio.c,890,resolved,strio_seek,3.2.0,stringio:ext/stringio/stringio.c:2038:seek,['ext/stringio']
stringio,3.2.0,sync,StringIO,strio_get_sync,0,rb_define_method,ext/stringio/stringio.c,2039,ext/stringio/stringio.c,932,resolved,strio_get_sync,3.2.0,stringio:ext/stringio/stringio.c:2039:sync,['ext/stringio']
stringio,3.2.0,sync=,StringIO,strio_set_sync,1,rb_define_method,ext/stringio/stringio.c,2041,,,unresolved_function_binding,strio_set_sync,3.2.0,stringio:ext/stringio/stringio.c:2041:sync=,['ext/stringio']
stringio,3.2.0,tell,StringIO,strio_tell,0,rb_define_method,ext/stringio/stringio.c,2042,,,unresolved_function_binding,strio_tell,3.2.0,stringio:ext/stringio/stringio.c:2042:tell,['ext/stringio']
stringio,3.2.0,each,StringIO,strio_each,-1,rb_define_method,ext/stringio/stringio.c,2044,ext/stringio/stringio.c,1479,resolved,strio_each,3.2.0,stringio:ext/stringio/stringio.c:2044:each,['ext/stringio']
stringio,3.2.0,each_line,StringIO,strio_each,-1,rb_define_method,ext/stringio/stringio.c,2045,ext/stringio/stringio.c,1479,resolved,strio_each,3.2.0,stringio:ext/stringio/stringio.c:2045:each_line,['ext/stringio']
stringio,3.2.0,each_byte,StringIO,strio_each_byte,0,rb_define_method,ext/stringio/stringio.c,2046,ext/stringio/stringio.c,951,resolved,strio_each_byte,3.2.0,stringio:ext/stringio/stringio.c:2046:each_byte,['ext/stringio']
stringio,3.2.0,each_char,StringIO,strio_each_char,0,rb_define_method,ext/stringio/stringio.c,2047,ext/stringio/stringio.c,1178,resolved,strio_each_char,3.2.0,stringio:ext/stringio/stringio.c:2047:each_char,['ext/stringio']
stringio,3.2.0,each_codepoint,StringIO,strio_each_codepoint,0,rb_define_method,ext/stringio/stringio.c,2048,ext/stringio/stringio.c,1199,resolved,strio_each_codepoint,3.2.0,stringio:ext/stringio/stringio.c:2048:each_codepoint,['ext/stringio']
stringio,3.2.0,getc,StringIO,strio_getc,0,rb_define_method,ext/stringio/stringio.c,2049,ext/stringio/stringio.c,972,resolved,strio_getc,3.2.0,stringio:ext/stringio/stringio.c:2049:getc,['ext/stringio']
stringio,3.2.0,ungetc,StringIO,strio_ungetc,1,rb_define_method,ext/stringio/stringio.c,2050,ext/stringio/stringio.c,1046,resolved,strio_ungetc,3.2.0,stringio:ext/stringio/stringio.c:2050:ungetc,['ext/stringio']
stringio,3.2.0,ungetbyte,StringIO,strio_ungetbyte,1,rb_define_method,ext/stringio/stringio.c,2051,ext/stringio/stringio.c,1088,resolved,strio_ungetbyte,3.2.0,stringio:ext/stringio/stringio.c:2051:ungetbyte,['ext/stringio']
stringio,3.2.0,getbyte,StringIO,strio_getbyte,0,rb_define_method,ext/stringio/stringio.c,2052,ext/stringio/stringio.c,998,resolved,strio_getbyte,3.2.0,stringio:ext/stringio/stringio.c:2052:getbyte,['ext/stringio']
stringio,3.2.0,gets,StringIO,strio_gets,-1,rb_define_method,ext/stringio/stringio.c,2053,ext/stringio/stringio.c,1434,resolved,strio_gets,3.2.0,stringio:ext/stringio/stringio.c:2053:gets,['ext/stringio']
stringio,3.2.0,readlines,StringIO,strio_readlines,-1,rb_define_method,ext/stringio/stringio.c,2054,ext/stringio/stringio.c,1506,resolved,strio_readlines,3.2.0,stringio:ext/stringio/stringio.c:2054:readlines,['ext/stringio']
stringio,3.2.0,read,StringIO,strio_read,-1,rb_define_method,ext/stringio/stringio.c,2055,ext/stringio/stringio.c,1656,resolved,strio_read,3.2.0,stringio:ext/stringio/stringio.c:2055:read,['ext/stringio']
stringio,3.2.0,pread,StringIO,strio_pread,-1,rb_define_method,ext/stringio/stringio.c,2056,ext/stringio/stringio.c,1731,resolved,strio_pread,3.2.0,stringio:ext/stringio/stringio.c:2056:pread,['ext/stringio']
stringio,3.2.0,write,StringIO,strio_write_m,-1,rb_define_method,ext/stringio/stringio.c,2058,ext/stringio/stringio.c,1534,resolved,strio_write_m,3.2.0,stringio:ext/stringio/stringio.c:2058:write,['ext/stringio']
stringio,3.2.0,putc,StringIO,strio_putc,1,rb_define_method,ext/stringio/stringio.c,2059,ext/stringio/stringio.c,1622,resolved,strio_putc,3.2.0,stringio:ext/stringio/stringio.c:2059:putc,['ext/stringio']
stringio,3.2.0,isatty,StringIO,strio_isatty,0,rb_define_method,ext/stringio/stringio.c,2067,,,unresolved_function_binding,strio_isatty,3.2.0,stringio:ext/stringio/stringio.c:2067:isatty,['ext/stringio']
stringio,3.2.0,tty?,StringIO,strio_isatty,0,rb_define_method,ext/stringio/stringio.c,2068,,,unresolved_function_binding,strio_isatty,3.2.0,stringio:ext/stringio/stringio.c:2068:tty?,['ext/stringio']
stringio,3.2.0,pid,StringIO,strio_pid,0,rb_define_method,ext/stringio/stringio.c,2071,,,unresolved_function_binding,strio_pid,3.2.0,stringio:ext/stringio/stringio.c:2071:pid,['ext/stringio']
stringio,3.2.0,fileno,StringIO,strio_fileno,0,rb_define_method,ext/stringio/stringio.c,2074,,,unresolved_function_binding,strio_fileno,3.2.0,stringio:ext/stringio/stringio.c:2074:fileno,['ext/stringio']
stringio,3.2.0,size,StringIO,strio_size,0,rb_define_method,ext/stringio/stringio.c,2075,ext/stringio/stringio.c,1851,resolved,strio_size,3.2.0,stringio:ext/stringio/stringio.c:2075:size,['ext/stringio']
stringio,3.2.0,length,StringIO,strio_size,0,rb_define_method,ext/stringio/stringio.c,2076,ext/stringio/stringio.c,1851,resolved,strio_size,3.2.0,stringio:ext/stringio/stringio.c:2076:length,['ext/stringio']
stringio,3.2.0,truncate,StringIO,strio_truncate,1,rb_define_method,ext/stringio/stringio.c,2077,ext/stringio/stringio.c,1868,resolved,strio_truncate,3.2.0,stringio:ext/stringio/stringio.c:2077:truncate,['ext/stringio']
stringio,3.2.0,external_encoding,StringIO,strio_external_encoding,0,rb_define_method,ext/stringio/stringio.c,2079,ext/stringio/stringio.c,1903,resolved,strio_external_encoding,3.2.0,stringio:ext/stringio/stringio.c:2079:external_encoding,['ext/stringio']
stringio,3.2.0,internal_encoding,StringIO,strio_internal_encoding,0,rb_define_method,ext/stringio/stringio.c,2080,ext/stringio/stringio.c,1917,resolved,strio_internal_encoding,3.2.0,stringio:ext/stringio/stringio.c:2080:internal_encoding,['ext/stringio']
stringio,3.2.0,set_encoding,StringIO,strio_set_encoding,-1,rb_define_method,ext/stringio/stringio.c,2081,ext/stringio/stringio.c,1933,resolved,strio_set_encoding,3.2.0,stringio:ext/stringio/stringio.c:2081:set_encoding,['ext/stringio']
stringio,3.2.0,set_encoding_by_bom,StringIO,strio_set_encoding_by_bom,0,rb_define_method,ext/stringio/stringio.c,2082,ext/stringio/stringio.c,1973,resolved,strio_set_encoding_by_bom,3.2.0,stringio:ext/stringio/stringio.c:2082:set_encoding_by_bom,['ext/stringio']
stringio,3.2.0,readchar,mReadable,strio_readchar,0,rb_define_method,ext/stringio/stringio.c,2088,ext/stringio/stringio.c,1147,resolved,strio_readchar,3.2.0,stringio:ext/stringio/stringio.c:2088:readchar,['ext/stringio']
stringio,3.2.0,readbyte,mReadable,strio_readbyte,0,rb_define_method,ext/stringio/stringio.c,2089,ext/stringio/stringio.c,1162,resolved,strio_readbyte,3.2.0,stringio:ext/stringio/stringio.c:2089:readbyte,['ext/stringio']
stringio,3.2.0,readline,mReadable,strio_readline,-1,rb_define_method,ext/stringio/stringio.c,2090,ext/stringio/stringio.c,1460,resolved,strio_readline,3.2.0,stringio:ext/stringio/stringio.c:2090:readline,['ext/stringio']
stringio,3.2.0,sysread,mReadable,strio_sysread,-1,rb_define_method,ext/stringio/stringio.c,2091,ext/stringio/stringio.c,1781,resolved,strio_sysread,3.2.0,stringio:ext/stringio/stringio.c:2091:sysread,['ext/stringio']
stringio,3.2.0,readpartial,mReadable,strio_sysread,-1,rb_define_method,ext/stringio/stringio.c,2092,ext/stringio/stringio.c,1781,resolved,strio_sysread,3.2.0,stringio:ext/stringio/stringio.c:2092:readpartial,['ext/stringio']
stringio,3.2.0,read_nonblock,mReadable,strio_read_nonblock,-1,rb_define_method,ext/stringio/stringio.c,2093,ext/stringio/stringio.c,1798,resolved,strio_read_nonblock,3.2.0,stringio:ext/stringio/stringio.c:2093:read_nonblock,['ext/stringio']
stringio,3.2.0,<<,mWritable,strio_addstr,1,rb_define_method,ext/stringio/stringio.c,2100,,,unresolved_function_binding,strio_addstr,3.2.0,stringio:ext/stringio/stringio.c:2100:<<,['ext/stringio']
stringio,3.2.0,print,mWritable,strio_print,-1,rb_define_method,ext/stringio/stringio.c,2101,,,unresolved_function_binding,strio_print,3.2.0,stringio:ext/stringio/stringio.c:2101:print,['ext/stringio']
stringio,3.2.0,printf,mWritable,strio_printf,-1,rb_define_method,ext/stringio/stringio.c,2102,,,unresolved_function_binding,strio_printf,3.2.0,stringio:ext/stringio/stringio.c:2102:printf,['ext/stringio']
stringio,3.2.0,puts,mWritable,strio_puts,-1,rb_define_method,ext/stringio/stringio.c,2103,,,unresolved_function_binding,strio_puts,3.2.0,stringio:ext/stringio/stringio.c:2103:puts,['ext/stringio']
stringio,3.2.0,syswrite,mWritable,strio_syswrite,1,rb_define_method,ext/stringio/stringio.c,2104,,,unresolved_function_binding,strio_syswrite,3.2.0,stringio:ext/stringio/stringio.c:2104:syswrite,['ext/stringio']
stringio,3.2.0,write_nonblock,mWritable,strio_syswrite_nonblock,-1,rb_define_method,ext/stringio/stringio.c,2105,ext/stringio/stringio.c,1829,resolved,strio_syswrite_nonblock,3.2.0,stringio:ext/stringio/stringio.c:2105:write_nonblock,['ext/stringio']
strscan,3.1.8,<allocator>,StringScanner,strscan_s_allocate,0,rb_define_alloc_func,ext/strscan/strscan.c,2277,ext/strscan/strscan.c,254,resolved,strscan_s_allocate,3.1.8,strscan:ext/strscan/strscan.c:2277:<allocator>,['ext/strscan']
strscan,3.1.8,initialize,StringScanner,strscan_initialize,-1,rb_define_private_method,ext/strscan/strscan.c,2278,ext/strscan/strscan.c,290,resolved,strscan_initialize,3.1.8,strscan:ext/strscan/strscan.c:2278:initialize,['ext/strscan']
strscan,3.1.8,initialize_copy,StringScanner,strscan_init_copy,1,rb_define_private_method,ext/strscan/strscan.c,2279,ext/strscan/strscan.c,336,resolved,strscan_init_copy,3.1.8,strscan:ext/strscan/strscan.c:2279:initialize_copy,['ext/strscan']
strscan,3.1.8,must_C_version,StringScanner,strscan_s_mustc,0,rb_define_singleton_method,ext/strscan/strscan.c,2280,ext/strscan/strscan.c,368,resolved,strscan_s_mustc,3.1.8,strscan:ext/strscan/strscan.c:2280:must_C_version,['ext/strscan']
strscan,3.1.8,reset,StringScanner,strscan_reset,0,rb_define_method,ext/strscan/strscan.c,2281,ext/strscan/strscan.c,400,resolved,strscan_reset,3.1.8,strscan:ext/strscan/strscan.c:2281:reset,['ext/strscan']
strscan,3.1.8,terminate,StringScanner,strscan_terminate,0,rb_define_method,ext/strscan/strscan.c,2282,ext/strscan/strscan.c,416,resolved,strscan_terminate,3.1.8,strscan:ext/strscan/strscan.c:2282:terminate,['ext/strscan']
strscan,3.1.8,string,StringScanner,strscan_get_string,0,rb_define_method,ext/strscan/strscan.c,2283,ext/strscan/strscan.c,444,resolved,strscan_get_string,3.1.8,strscan:ext/strscan/strscan.c:2283:string,['ext/strscan']
strscan,3.1.8,string=,StringScanner,strscan_set_string,1,rb_define_method,ext/strscan/strscan.c,2284,ext/strscan/strscan.c,488,resolved,strscan_set_string,3.1.8,strscan:ext/strscan/strscan.c:2284:string=,['ext/strscan']
strscan,3.1.8,concat,StringScanner,strscan_concat,1,rb_define_method,ext/strscan/strscan.c,2285,ext/strscan/strscan.c,529,resolved,strscan_concat,3.1.8,strscan:ext/strscan/strscan.c:2285:concat,['ext/strscan']
strscan,3.1.8,<<,StringScanner,strscan_concat,1,rb_define_method,ext/strscan/strscan.c,2286,ext/strscan/strscan.c,529,resolved,strscan_concat,3.1.8,strscan:ext/strscan/strscan.c:2286:<<,['ext/strscan']
strscan,3.1.8,pos,StringScanner,strscan_get_pos,0,rb_define_method,ext/strscan/strscan.c,2287,ext/strscan/strscan.c,545,resolved,strscan_get_pos,3.1.8,strscan:ext/strscan/strscan.c:2287:pos,['ext/strscan']
strscan,3.1.8,pos=,StringScanner,strscan_set_pos,1,rb_define_method,ext/strscan/strscan.c,2288,ext/strscan/strscan.c,574,resolved,strscan_set_pos,3.1.8,strscan:ext/strscan/strscan.c:2288:pos=,['ext/strscan']
strscan,3.1.8,charpos,StringScanner,strscan_get_charpos,0,rb_define_method,ext/strscan/strscan.c,2289,ext/strscan/strscan.c,559,resolved,strscan_get_charpos,3.1.8,strscan:ext/strscan/strscan.c:2289:charpos,['ext/strscan']
strscan,3.1.8,pointer,StringScanner,strscan_get_pos,0,rb_define_method,ext/strscan/strscan.c,2290,ext/strscan/strscan.c,545,resolved,strscan_get_pos,3.1.8,strscan:ext/strscan/strscan.c:2290:pointer,['ext/strscan']
strscan,3.1.8,pointer=,StringScanner,strscan_set_pos,1,rb_define_method,ext/strscan/strscan.c,2291,ext/strscan/strscan.c,574,resolved,strscan_set_pos,3.1.8,strscan:ext/strscan/strscan.c:2291:pointer=,['ext/strscan']
strscan,3.1.8,scan,StringScanner,strscan_scan,1,rb_define_method,ext/strscan/strscan.c,2293,ext/strscan/strscan.c,798,resolved,strscan_scan,3.1.8,strscan:ext/strscan/strscan.c:2293:scan,['ext/strscan']
strscan,3.1.8,skip,StringScanner,strscan_skip,1,rb_define_method,ext/strscan/strscan.c,2294,ext/strscan/strscan.c,871,resolved,strscan_skip,3.1.8,strscan:ext/strscan/strscan.c:2294:skip,['ext/strscan']
strscan,3.1.8,match?,StringScanner,strscan_match_p,1,rb_define_method,ext/strscan/strscan.c,2295,ext/strscan/strscan.c,860,resolved,strscan_match_p,3.1.8,strscan:ext/strscan/strscan.c:2295:match?,['ext/strscan']
strscan,3.1.8,check,StringScanner,strscan_check,1,rb_define_method,ext/strscan/strscan.c,2296,ext/strscan/strscan.c,932,resolved,strscan_check,3.1.8,strscan:ext/strscan/strscan.c:2296:check,['ext/strscan']
strscan,3.1.8,scan_full,StringScanner,strscan_scan_full,3,rb_define_method,ext/strscan/strscan.c,2297,ext/strscan/strscan.c,957,resolved,strscan_scan_full,3.1.8,strscan:ext/strscan/strscan.c:2297:scan_full,['ext/strscan']
strscan,3.1.8,scan_until,StringScanner,strscan_scan_until,1,rb_define_method,ext/strscan/strscan.c,2299,ext/strscan/strscan.c,968,resolved,strscan_scan_until,3.1.8,strscan:ext/strscan/strscan.c:2299:scan_until,['ext/strscan']
strscan,3.1.8,skip_until,StringScanner,strscan_skip_until,1,rb_define_method,ext/strscan/strscan.c,2300,ext/strscan/strscan.c,1042,resolved,strscan_skip_until,3.1.8,strscan:ext/strscan/strscan.c:2300:skip_until,['ext/strscan']
strscan,3.1.8,exist?,StringScanner,strscan_exist_p,1,rb_define_method,ext/strscan/strscan.c,2301,ext/strscan/strscan.c,1031,resolved,strscan_exist_p,3.1.8,strscan:ext/strscan/strscan.c:2301:exist?,['ext/strscan']
strscan,3.1.8,check_until,StringScanner,strscan_check_until,1,rb_define_method,ext/strscan/strscan.c,2302,ext/strscan/strscan.c,1105,resolved,strscan_check_until,3.1.8,strscan:ext/strscan/strscan.c:2302:check_until,['ext/strscan']
strscan,3.1.8,search_full,StringScanner,strscan_search_full,3,rb_define_method,ext/strscan/strscan.c,2303,ext/strscan/strscan.c,1130,resolved,strscan_search_full,3.1.8,strscan:ext/strscan/strscan.c:2303:search_full,['ext/strscan']
strscan,3.1.8,getch,StringScanner,strscan_getch,0,rb_define_method,ext/strscan/strscan.c,2305,ext/strscan/strscan.c,1153,resolved,strscan_getch,3.1.8,strscan:ext/strscan/strscan.c:2305:getch,['ext/strscan']
strscan,3.1.8,get_byte,StringScanner,strscan_get_byte,0,rb_define_method,ext/strscan/strscan.c,2306,ext/strscan/strscan.c,1226,resolved,strscan_get_byte,3.1.8,strscan:ext/strscan/strscan.c:2306:get_byte,['ext/strscan']
strscan,3.1.8,scan_byte,StringScanner,strscan_scan_byte,0,rb_define_method,ext/strscan/strscan.c,2307,ext/strscan/strscan.c,1184,resolved,strscan_scan_byte,3.1.8,strscan:ext/strscan/strscan.c:2307:scan_byte,['ext/strscan']
strscan,3.1.8,peek,StringScanner,strscan_peek,1,rb_define_method,ext/strscan/strscan.c,2308,ext/strscan/strscan.c,1264,resolved,strscan_peek,3.1.8,strscan:ext/strscan/strscan.c:2308:peek,['ext/strscan']
strscan,3.1.8,peek_byte,StringScanner,strscan_peek_byte,0,rb_define_method,ext/strscan/strscan.c,2309,ext/strscan/strscan.c,1209,resolved,strscan_peek_byte,3.1.8,strscan:ext/strscan/strscan.c:2309:peek_byte,['ext/strscan']
strscan,3.1.8,scan_base10_integer,StringScanner,strscan_scan_base10_integer,0,rb_define_private_method,ext/strscan/strscan.c,2311,ext/strscan/strscan.c,1319,resolved,strscan_scan_base10_integer,3.1.8,strscan:ext/strscan/strscan.c:2311:scan_base10_integer,['ext/strscan']
strscan,3.1.8,scan_base16_integer,StringScanner,strscan_scan_base16_integer,0,rb_define_private_method,ext/strscan/strscan.c,2312,ext/strscan/strscan.c,1357,resolved,strscan_scan_base16_integer,3.1.8,strscan:ext/strscan/strscan.c:2312:scan_base16_integer,['ext/strscan']
strscan,3.1.8,unscan,StringScanner,strscan_unscan,0,rb_define_method,ext/strscan/strscan.c,2314,ext/strscan/strscan.c,1436,resolved,strscan_unscan,3.1.8,strscan:ext/strscan/strscan.c:2314:unscan,['ext/strscan']
strscan,3.1.8,beginning_of_line?,StringScanner,strscan_bol_p,0,rb_define_method,ext/strscan/strscan.c,2316,ext/strscan/strscan.c,1482,resolved,strscan_bol_p,3.1.8,strscan:ext/strscan/strscan.c:2316:beginning_of_line?,['ext/strscan']
strscan,3.1.8,eos?,StringScanner,strscan_eos_p,0,rb_define_method,ext/strscan/strscan.c,2318,ext/strscan/strscan.c,1513,resolved,strscan_eos_p,3.1.8,strscan:ext/strscan/strscan.c:2318:eos?,['ext/strscan']
strscan,3.1.8,rest?,StringScanner,strscan_rest_p,0,rb_define_method,ext/strscan/strscan.c,2319,ext/strscan/strscan.c,1535,resolved,strscan_rest_p,3.1.8,strscan:ext/strscan/strscan.c:2319:rest?,['ext/strscan']
strscan,3.1.8,matched?,StringScanner,strscan_matched_p,0,rb_define_method,ext/strscan/strscan.c,2321,ext/strscan/strscan.c,1566,resolved,strscan_matched_p,3.1.8,strscan:ext/strscan/strscan.c:2321:matched?,['ext/strscan']
strscan,3.1.8,matched,StringScanner,strscan_matched,0,rb_define_method,ext/strscan/strscan.c,2322,ext/strscan/strscan.c,1598,resolved,strscan_matched,3.1.8,strscan:ext/strscan/strscan.c:2322:matched,['ext/strscan']
strscan,3.1.8,matched_size,StringScanner,strscan_matched_size,0,rb_define_method,ext/strscan/strscan.c,2323,ext/strscan/strscan.c,1635,resolved,strscan_matched_size,3.1.8,strscan:ext/strscan/strscan.c:2323:matched_size,['ext/strscan']
strscan,3.1.8,[],StringScanner,strscan_aref,1,rb_define_method,ext/strscan/strscan.c,2324,ext/strscan/strscan.c,1732,resolved,strscan_aref,3.1.8,strscan:ext/strscan/strscan.c:2324:[],['ext/strscan']
strscan,3.1.8,pre_match,StringScanner,strscan_pre_match,0,rb_define_method,ext/strscan/strscan.c,2325,ext/strscan/strscan.c,1917,resolved,strscan_pre_match,3.1.8,strscan:ext/strscan/strscan.c:2325:pre_match,['ext/strscan']
strscan,3.1.8,post_match,StringScanner,strscan_post_match,0,rb_define_method,ext/strscan/strscan.c,2326,ext/strscan/strscan.c,1954,resolved,strscan_post_match,3.1.8,strscan:ext/strscan/strscan.c:2326:post_match,['ext/strscan']
strscan,3.1.8,size,StringScanner,strscan_size,0,rb_define_method,ext/strscan/strscan.c,2327,ext/strscan/strscan.c,1789,resolved,strscan_size,3.1.8,strscan:ext/strscan/strscan.c:2327:size,['ext/strscan']
strscan,3.1.8,captures,StringScanner,strscan_captures,0,rb_define_method,ext/strscan/strscan.c,2328,ext/strscan/strscan.c,1825,resolved,strscan_captures,3.1.8,strscan:ext/strscan/strscan.c:2328:captures,['ext/strscan']
strscan,3.1.8,values_at,StringScanner,strscan_values_at,-1,rb_define_method,ext/strscan/strscan.c,2329,ext/strscan/strscan.c,1874,resolved,strscan_values_at,3.1.8,strscan:ext/strscan/strscan.c:2329:values_at,['ext/strscan']
strscan,3.1.8,rest,StringScanner,strscan_rest,0,rb_define_method,ext/strscan/strscan.c,2331,ext/strscan/strscan.c,1986,resolved,strscan_rest,3.1.8,strscan:ext/strscan/strscan.c:2331:rest,['ext/strscan']
strscan,3.1.8,rest_size,StringScanner,strscan_rest_size,0,rb_define_method,ext/strscan/strscan.c,2332,ext/strscan/strscan.c,2020,resolved,strscan_rest_size,3.1.8,strscan:ext/strscan/strscan.c:2332:rest_size,['ext/strscan']
strscan,3.1.8,inspect,StringScanner,strscan_inspect,0,rb_define_method,ext/strscan/strscan.c,2334,ext/strscan/strscan.c,2071,resolved,strscan_inspect,3.1.8,strscan:ext/strscan/strscan.c:2334:inspect,['ext/strscan']
strscan,3.1.8,fixed_anchor?,StringScanner,strscan_fixed_anchor_p,0,rb_define_method,ext/strscan/strscan.c,2336,ext/strscan/strscan.c,2149,resolved,strscan_fixed_anchor_p,3.1.8,strscan:ext/strscan/strscan.c:2336:fixed_anchor?,['ext/strscan']
strscan,3.1.8,named_captures,StringScanner,strscan_named_captures,0,rb_define_method,ext/strscan/strscan.c,2338,ext/strscan/strscan.c,2213,resolved,strscan_named_captures,3.1.8,strscan:ext/strscan/strscan.c:2338:named_captures,['ext/strscan']
thrift,0.22.0,native?,bpa_class,rb_thrift_binary_proto_native_qmark,0,rb_define_method,ext/binary_protocol_accelerated.c,412,ext/binary_protocol_accelerated.c,28,resolved,rb_thrift_binary_proto_native_qmark,0.22.0,thrift:ext/binary_protocol_accelerated.c:412:native?,['ext']
thrift,0.22.0,write_message_begin,bpa_class,rb_thrift_binary_proto_write_message_begin,3,rb_define_method,ext/binary_protocol_accelerated.c,414,ext/binary_protocol_accelerated.c,121,resolved,rb_thrift_binary_proto_write_message_begin,0.22.0,thrift:ext/binary_protocol_accelerated.c:414:write_message_begin,['ext']
thrift,0.22.0,write_field_begin,bpa_class,rb_thrift_binary_proto_write_field_begin,3,rb_define_method,ext/binary_protocol_accelerated.c,415,ext/binary_protocol_accelerated.c,138,resolved,rb_thrift_binary_proto_write_field_begin,0.22.0,thrift:ext/binary_protocol_accelerated.c:415:write_field_begin,['ext']
thrift,0.22.0,write_field_stop,bpa_class,rb_thrift_binary_proto_write_field_stop,0,rb_define_method,ext/binary_protocol_accelerated.c,416,ext/binary_protocol_accelerated.c,146,resolved,rb_thrift_binary_proto_write_field_stop,0.22.0,thrift:ext/binary_protocol_accelerated.c:416:write_field_stop,['ext']
thrift,0.22.0,write_map_begin,bpa_class,rb_thrift_binary_proto_write_map_begin,3,rb_define_method,ext/binary_protocol_accelerated.c,417,ext/binary_protocol_accelerated.c,151,resolved,rb_thrift_binary_proto_write_map_begin,0.22.0,thrift:ext/binary_protocol_accelerated.c:417:write_map_begin,['ext']
thrift,0.22.0,write_list_begin,bpa_class,rb_thrift_binary_proto_write_list_begin,2,rb_define_method,ext/binary_protocol_accelerated.c,418,ext/binary_protocol_accelerated.c,160,resolved,rb_thrift_binary_proto_write_list_begin,0.22.0,thrift:ext/binary_protocol_accelerated.c:418:write_list_begin,['ext']
thrift,0.22.0,write_set_begin,bpa_class,rb_thrift_binary_proto_write_set_begin,2,rb_define_method,ext/binary_protocol_accelerated.c,419,ext/binary_protocol_accelerated.c,168,resolved,rb_thrift_binary_proto_write_set_begin,0.22.0,thrift:ext/binary_protocol_accelerated.c:419:write_set_begin,['ext']
thrift,0.22.0,write_byte,bpa_class,rb_thrift_binary_proto_write_byte,1,rb_define_method,ext/binary_protocol_accelerated.c,420,ext/binary_protocol_accelerated.c,178,resolved,rb_thrift_binary_proto_write_byte,0.22.0,thrift:ext/binary_protocol_accelerated.c:420:write_byte,['ext']
thrift,0.22.0,write_bool,bpa_class,rb_thrift_binary_proto_write_bool,1,rb_define_method,ext/binary_protocol_accelerated.c,421,ext/binary_protocol_accelerated.c,173,resolved,rb_thrift_binary_proto_write_bool,0.22.0,thrift:ext/binary_protocol_accelerated.c:421:write_bool,['ext']
thrift,0.22.0,write_i16,bpa_class,rb_thrift_binary_proto_write_i16,1,rb_define_method,ext/binary_protocol_accelerated.c,422,ext/binary_protocol_accelerated.c,184,resolved,rb_thrift_binary_proto_write_i16,0.22.0,thrift:ext/binary_protocol_accelerated.c:422:write_i16,['ext']
thrift,0.22.0,write_i32,bpa_class,rb_thrift_binary_proto_write_i32,1,rb_define_method,ext/binary_protocol_accelerated.c,423,ext/binary_protocol_accelerated.c,190,resolved,rb_thrift_binary_proto_write_i32,0.22.0,thrift:ext/binary_protocol_accelerated.c:423:write_i32,['ext']
thrift,0.22.0,write_i64,bpa_class,rb_thrift_binary_proto_write_i64,1,rb_define_method,ext/binary_protocol_accelerated.c,424,ext/binary_protocol_accelerated.c,196,resolved,rb_thrift_binary_proto_write_i64,0.22.0,thrift:ext/binary_protocol_accelerated.c:424:write_i64,['ext']
thrift,0.22.0,write_double,bpa_class,rb_thrift_binary_proto_write_double,1,rb_define_method,ext/binary_protocol_accelerated.c,425,ext/binary_protocol_accelerated.c,202,resolved,rb_thrift_binary_proto_write_double,0.22.0,thrift:ext/binary_protocol_accelerated.c:425:write_double,['ext']
thrift,0.22.0,write_string,bpa_class,rb_thrift_binary_proto_write_string,1,rb_define_method,ext/binary_protocol_accelerated.c,426,ext/binary_protocol_accelerated.c,215,resolved,rb_thrift_binary_proto_write_string,0.22.0,thrift:ext/binary_protocol_accelerated.c:426:write_string,['ext']
thrift,0.22.0,write_binary,bpa_class,rb_thrift_binary_proto_write_binary,1,rb_define_method,ext/binary_protocol_accelerated.c,427,ext/binary_protocol_accelerated.c,222,resolved,rb_thrift_binary_proto_write_binary,0.22.0,thrift:ext/binary_protocol_accelerated.c:427:write_binary,['ext']
thrift,0.22.0,write_message_end,bpa_class,rb_thrift_binary_proto_write_message_end,0,rb_define_method,ext/binary_protocol_accelerated.c,429,ext/binary_protocol_accelerated.c,93,resolved,rb_thrift_binary_proto_write_message_end,0.22.0,thrift:ext/binary_protocol_accelerated.c:429:write_message_end,['ext']
thrift,0.22.0,write_struct_begin,bpa_class,rb_thrift_binary_proto_write_struct_begin,1,rb_define_method,ext/binary_protocol_accelerated.c,430,ext/binary_protocol_accelerated.c,97,resolved,rb_thrift_binary_proto_write_struct_begin,0.22.0,thrift:ext/binary_protocol_accelerated.c:430:write_struct_begin,['ext']
thrift,0.22.0,write_struct_end,bpa_class,rb_thrift_binary_proto_write_struct_end,0,rb_define_method,ext/binary_protocol_accelerated.c,431,ext/binary_protocol_accelerated.c,101,resolved,rb_thrift_binary_proto_write_struct_end,0.22.0,thrift:ext/binary_protocol_accelerated.c:431:write_struct_end,['ext']
thrift,0.22.0,write_field_end,bpa_class,rb_thrift_binary_proto_write_field_end,0,rb_define_method,ext/binary_protocol_accelerated.c,432,ext/binary_protocol_accelerated.c,105,resolved,rb_thrift_binary_proto_write_field_end,0.22.0,thrift:ext/binary_protocol_accelerated.c:432:write_field_end,['ext']
thrift,0.22.0,write_map_end,bpa_class,rb_thrift_binary_proto_write_map_end,0,rb_define_method,ext/binary_protocol_accelerated.c,433,ext/binary_protocol_accelerated.c,109,resolved,rb_thrift_binary_proto_write_map_end,0.22.0,thrift:ext/binary_protocol_accelerated.c:433:write_map_end,['ext']
thrift,0.22.0,write_list_end,bpa_class,rb_thrift_binary_proto_write_list_end,0,rb_define_method,ext/binary_protocol_accelerated.c,434,ext/binary_protocol_accelerated.c,113,resolved,rb_thrift_binary_proto_write_list_end,0.22.0,thrift:ext/binary_protocol_accelerated.c:434:write_list_end,['ext']
thrift,0.22.0,write_set_end,bpa_class,rb_thrift_binary_proto_write_set_end,0,rb_define_method,ext/binary_protocol_accelerated.c,435,ext/binary_protocol_accelerated.c,117,resolved,rb_thrift_binary_proto_write_set_end,0.22.0,thrift:ext/binary_protocol_accelerated.c:435:write_set_end,['ext']
thrift,0.22.0,read_message_begin,bpa_class,rb_thrift_binary_proto_read_message_begin,0,rb_define_method,ext/binary_protocol_accelerated.c,437,ext/binary_protocol_accelerated.c,310,resolved,rb_thrift_binary_proto_read_message_begin,0.22.0,thrift:ext/binary_protocol_accelerated.c:437:read_message_begin,['ext']
thrift,0.22.0,read_field_begin,bpa_class,rb_thrift_binary_proto_read_field_begin,0,rb_define_method,ext/binary_protocol_accelerated.c,438,ext/binary_protocol_accelerated.c,336,resolved,rb_thrift_binary_proto_read_field_begin,0.22.0,thrift:ext/binary_protocol_accelerated.c:438:read_field_begin,['ext']
thrift,0.22.0,read_map_begin,bpa_class,rb_thrift_binary_proto_read_map_begin,0,rb_define_method,ext/binary_protocol_accelerated.c,439,ext/binary_protocol_accelerated.c,346,resolved,rb_thrift_binary_proto_read_map_begin,0.22.0,thrift:ext/binary_protocol_accelerated.c:439:read_map_begin,['ext']
thrift,0.22.0,read_list_begin,bpa_class,rb_thrift_binary_proto_read_list_begin,0,rb_define_method,ext/binary_protocol_accelerated.c,440,ext/binary_protocol_accelerated.c,353,resolved,rb_thrift_binary_proto_read_list_begin,0.22.0,thrift:ext/binary_protocol_accelerated.c:440:read_list_begin,['ext']
thrift,0.22.0,read_set_begin,bpa_class,rb_thrift_binary_proto_read_set_begin,0,rb_define_method,ext/binary_protocol_accelerated.c,441,ext/binary_protocol_accelerated.c,359,resolved,rb_thrift_binary_proto_read_set_begin,0.22.0,thrift:ext/binary_protocol_accelerated.c:441:read_set_begin,['ext']
thrift,0.22.0,read_byte,bpa_class,rb_thrift_binary_proto_read_byte,0,rb_define_method,ext/binary_protocol_accelerated.c,442,ext/binary_protocol_accelerated.c,368,resolved,rb_thrift_binary_proto_read_byte,0.22.0,thrift:ext/binary_protocol_accelerated.c:442:read_byte,['ext']
thrift,0.22.0,read_bool,bpa_class,rb_thrift_binary_proto_read_bool,0,rb_define_method,ext/binary_protocol_accelerated.c,443,ext/binary_protocol_accelerated.c,363,resolved,rb_thrift_binary_proto_read_bool,0.22.0,thrift:ext/binary_protocol_accelerated.c:443:read_bool,['ext']
thrift,0.22.0,read_i16,bpa_class,rb_thrift_binary_proto_read_i16,0,rb_define_method,ext/binary_protocol_accelerated.c,444,ext/binary_protocol_accelerated.c,372,resolved,rb_thrift_binary_proto_read_i16,0.22.0,thrift:ext/binary_protocol_accelerated.c:444:read_i16,['ext']
thrift,0.22.0,read_i32,bpa_class,rb_thrift_binary_proto_read_i32,0,rb_define_method,ext/binary_protocol_accelerated.c,445,ext/binary_protocol_accelerated.c,376,resolved,rb_thrift_binary_proto_read_i32,0.22.0,thrift:ext/binary_protocol_accelerated.c:445:read_i32,['ext']
thrift,0.22.0,read_i64,bpa_class,rb_thrift_binary_proto_read_i64,0,rb_define_method,ext/binary_protocol_accelerated.c,446,ext/binary_protocol_accelerated.c,380,resolved,rb_thrift_binary_proto_read_i64,0.22.0,thrift:ext/binary_protocol_accelerated.c:446:read_i64,['ext']
thrift,0.22.0,read_double,bpa_class,rb_thrift_binary_proto_read_double,0,rb_define_method,ext/binary_protocol_accelerated.c,447,ext/binary_protocol_accelerated.c,384,resolved,rb_thrift_binary_proto_read_double,0.22.0,thrift:ext/binary_protocol_accelerated.c:447:read_double,['ext']
thrift,0.22.0,read_string,bpa_class,rb_thrift_binary_proto_read_string,0,rb_define_method,ext/binary_protocol_accelerated.c,448,ext/binary_protocol_accelerated.c,393,resolved,rb_thrift_binary_proto_read_string,0.22.0,thrift:ext/binary_protocol_accelerated.c:448:read_string,['ext']
thrift,0.22.0,read_binary,bpa_class,rb_thrift_binary_proto_read_binary,0,rb_define_method,ext/binary_protocol_accelerated.c,449,ext/binary_protocol_accelerated.c,398,resolved,rb_thrift_binary_proto_read_binary,0.22.0,thrift:ext/binary_protocol_accelerated.c:449:read_binary,['ext']
thrift,0.22.0,read_message_end,bpa_class,rb_thrift_binary_proto_read_message_end,0,rb_define_method,ext/binary_protocol_accelerated.c,451,ext/binary_protocol_accelerated.c,282,resolved,rb_thrift_binary_proto_read_message_end,0.22.0,thrift:ext/binary_protocol_accelerated.c:451:read_message_end,['ext']
thrift,0.22.0,read_struct_begin,bpa_class,rb_thrift_binary_proto_read_struct_begin,0,rb_define_method,ext/binary_protocol_accelerated.c,452,ext/binary_protocol_accelerated.c,286,resolved,rb_thrift_binary_proto_read_struct_begin,0.22.0,thrift:ext/binary_protocol_accelerated.c:452:read_struct_begin,['ext']
thrift,0.22.0,read_struct_end,bpa_class,rb_thrift_binary_proto_read_struct_end,0,rb_define_method,ext/binary_protocol_accelerated.c,453,ext/binary_protocol_accelerated.c,290,resolved,rb_thrift_binary_proto_read_struct_end,0.22.0,thrift:ext/binary_protocol_accelerated.c:453:read_struct_end,['ext']
thrift,0.22.0,read_field_end,bpa_class,rb_thrift_binary_proto_read_field_end,0,rb_define_method,ext/binary_protocol_accelerated.c,454,ext/binary_protocol_accelerated.c,294,resolved,rb_thrift_binary_proto_read_field_end,0.22.0,thrift:ext/binary_protocol_accelerated.c:454:read_field_end,['ext']
thrift,0.22.0,read_map_end,bpa_class,rb_thrift_binary_proto_read_map_end,0,rb_define_method,ext/binary_protocol_accelerated.c,455,ext/binary_protocol_accelerated.c,298,resolved,rb_thrift_binary_proto_read_map_end,0.22.0,thrift:ext/binary_protocol_accelerated.c:455:read_map_end,['ext']
thrift,0.22.0,read_list_end,bpa_class,rb_thrift_binary_proto_read_list_end,0,rb_define_method,ext/binary_protocol_accelerated.c,456,ext/binary_protocol_accelerated.c,302,resolved,rb_thrift_binary_proto_read_list_end,0.22.0,thrift:ext/binary_protocol_accelerated.c:456:read_list_end,['ext']
thrift,0.22.0,read_set_end,bpa_class,rb_thrift_binary_proto_read_set_end,0,rb_define_method,ext/binary_protocol_accelerated.c,457,ext/binary_protocol_accelerated.c,306,resolved,rb_thrift_binary_proto_read_set_end,0.22.0,thrift:ext/binary_protocol_accelerated.c:457:read_set_end,['ext']
thrift,0.22.0,native?,thrift_compact_protocol_class,rb_thrift_compact_proto_native_qmark,0,rb_define_method,ext/compact_protocol.c,586,ext/compact_protocol.c,31,resolved,rb_thrift_compact_proto_native_qmark,0.22.0,thrift:ext/compact_protocol.c:586:native?,['ext']
thrift,0.22.0,write_message_begin,thrift_compact_protocol_class,rb_thrift_compact_proto_write_message_begin,3,rb_define_method,ext/compact_protocol.c,588,ext/compact_protocol.c,203,resolved,rb_thrift_compact_proto_write_message_begin,0.22.0,thrift:ext/compact_protocol.c:588:write_message_begin,['ext']
thrift,0.22.0,write_field_begin,thrift_compact_protocol_class,rb_thrift_compact_proto_write_field_begin,3,rb_define_method,ext/compact_protocol.c,589,ext/compact_protocol.c,213,resolved,rb_thrift_compact_proto_write_field_begin,0.22.0,thrift:ext/compact_protocol.c:589:write_field_begin,['ext']
thrift,0.22.0,write_field_stop,thrift_compact_protocol_class,rb_thrift_compact_proto_write_field_stop,0,rb_define_method,ext/compact_protocol.c,590,ext/compact_protocol.c,224,resolved,rb_thrift_compact_proto_write_field_stop,0.22.0,thrift:ext/compact_protocol.c:590:write_field_stop,['ext']
thrift,0.22.0,write_map_begin,thrift_compact_protocol_class,rb_thrift_compact_proto_write_map_begin,3,rb_define_method,ext/compact_protocol.c,591,ext/compact_protocol.c,229,resolved,rb_thrift_compact_proto_write_map_begin,0.22.0,thrift:ext/compact_protocol.c:591:write_map_begin,['ext']
thrift,0.22.0,write_list_begin,thrift_compact_protocol_class,rb_thrift_compact_proto_write_list_begin,2,rb_define_method,ext/compact_protocol.c,592,ext/compact_protocol.c,241,resolved,rb_thrift_compact_proto_write_list_begin,0.22.0,thrift:ext/compact_protocol.c:592:write_list_begin,['ext']
thrift,0.22.0,write_set_begin,thrift_compact_protocol_class,rb_thrift_compact_proto_write_set_begin,2,rb_define_method,ext/compact_protocol.c,593,ext/compact_protocol.c,246,resolved,rb_thrift_compact_proto_write_set_begin,0.22.0,thrift:ext/compact_protocol.c:593:write_set_begin,['ext']
thrift,0.22.0,write_byte,thrift_compact_protocol_class,rb_thrift_compact_proto_write_byte,1,rb_define_method,ext/compact_protocol.c,594,ext/compact_protocol.c,265,resolved,rb_thrift_compact_proto_write_byte,0.22.0,thrift:ext/compact_protocol.c:594:write_byte,['ext']
thrift,0.22.0,write_bool,thrift_compact_protocol_class,rb_thrift_compact_proto_write_bool,1,rb_define_method,ext/compact_protocol.c,595,ext/compact_protocol.c,251,resolved,rb_thrift_compact_proto_write_bool,0.22.0,thrift:ext/compact_protocol.c:595:write_bool,['ext']
thrift,0.22.0,write_i16,thrift_compact_protocol_class,rb_thrift_compact_proto_write_i16,1,rb_define_method,ext/compact_protocol.c,596,ext/compact_protocol.c,271,resolved,rb_thrift_compact_proto_write_i16,0.22.0,thrift:ext/compact_protocol.c:596:write_i16,['ext']
thrift,0.22.0,write_i32,thrift_compact_protocol_class,rb_thrift_compact_proto_write_i32,1,rb_define_method,ext/compact_protocol.c,597,ext/compact_protocol.c,276,resolved,rb_thrift_compact_proto_write_i32,0.22.0,thrift:ext/compact_protocol.c:597:write_i32,['ext']
thrift,0.22.0,write_i64,thrift_compact_protocol_class,rb_thrift_compact_proto_write_i64,1,rb_define_method,ext/compact_protocol.c,598,ext/compact_protocol.c,282,resolved,rb_thrift_compact_proto_write_i64,0.22.0,thrift:ext/compact_protocol.c:598:write_i64,['ext']
thrift,0.22.0,write_double,thrift_compact_protocol_class,rb_thrift_compact_proto_write_double,1,rb_define_method,ext/compact_protocol.c,599,ext/compact_protocol.c,288,resolved,rb_thrift_compact_proto_write_double,0.22.0,thrift:ext/compact_protocol.c:599:write_double,['ext']
thrift,0.22.0,write_string,thrift_compact_protocol_class,rb_thrift_compact_proto_write_string,1,rb_define_method,ext/compact_protocol.c,600,ext/compact_protocol.c,309,resolved,rb_thrift_compact_proto_write_string,0.22.0,thrift:ext/compact_protocol.c:600:write_string,['ext']
thrift,0.22.0,write_binary,thrift_compact_protocol_class,rb_thrift_compact_proto_write_binary,1,rb_define_method,ext/compact_protocol.c,601,ext/compact_protocol.c,315,resolved,rb_thrift_compact_proto_write_binary,0.22.0,thrift:ext/compact_protocol.c:601:write_binary,['ext']
thrift,0.22.0,write_message_end,thrift_compact_protocol_class,rb_thrift_compact_proto_write_message_end,0,rb_define_method,ext/compact_protocol.c,603,ext/compact_protocol.c,173,resolved,rb_thrift_compact_proto_write_message_end,0.22.0,thrift:ext/compact_protocol.c:603:write_message_end,['ext']
thrift,0.22.0,write_struct_begin,thrift_compact_protocol_class,rb_thrift_compact_proto_write_struct_begin,1,rb_define_method,ext/compact_protocol.c,604,ext/compact_protocol.c,177,resolved,rb_thrift_compact_proto_write_struct_begin,0.22.0,thrift:ext/compact_protocol.c:604:write_struct_begin,['ext']
thrift,0.22.0,write_struct_end,thrift_compact_protocol_class,rb_thrift_compact_proto_write_struct_end,0,rb_define_method,ext/compact_protocol.c,605,ext/compact_protocol.c,182,resolved,rb_thrift_compact_proto_write_struct_end,0.22.0,thrift:ext/compact_protocol.c:605:write_struct_end,['ext']
thrift,0.22.0,write_field_end,thrift_compact_protocol_class,rb_thrift_compact_proto_write_field_end,0,rb_define_method,ext/compact_protocol.c,606,ext/compact_protocol.c,187,resolved,rb_thrift_compact_proto_write_field_end,0.22.0,thrift:ext/compact_protocol.c:606:write_field_end,['ext']
thrift,0.22.0,write_map_end,thrift_compact_protocol_class,rb_thrift_compact_proto_write_map_end,0,rb_define_method,ext/compact_protocol.c,607,ext/compact_protocol.c,191,resolved,rb_thrift_compact_proto_write_map_end,0.22.0,thrift:ext/compact_protocol.c:607:write_map_end,['ext']
thrift,0.22.0,write_list_end,thrift_compact_protocol_class,rb_thrift_compact_proto_write_list_end,0,rb_define_method,ext/compact_protocol.c,608,ext/compact_protocol.c,195,resolved,rb_thrift_compact_proto_write_list_end,0.22.0,thrift:ext/compact_protocol.c:608:write_list_end,['ext']
thrift,0.22.0,write_set_end,thrift_compact_protocol_class,rb_thrift_compact_proto_write_set_end,0,rb_define_method,ext/compact_protocol.c,609,ext/compact_protocol.c,199,resolved,rb_thrift_compact_proto_write_set_end,0.22.0,thrift:ext/compact_protocol.c:609:write_set_end,['ext']
thrift,0.22.0,read_message_begin,thrift_compact_protocol_class,rb_thrift_compact_proto_read_message_begin,0,rb_define_method,ext/compact_protocol.c,612,ext/compact_protocol.c,436,resolved,rb_thrift_compact_proto_read_message_begin,0.22.0,thrift:ext/compact_protocol.c:612:read_message_begin,['ext']
thrift,0.22.0,read_field_begin,thrift_compact_protocol_class,rb_thrift_compact_proto_read_field_begin,0,rb_define_method,ext/compact_protocol.c,613,ext/compact_protocol.c,460,resolved,rb_thrift_compact_proto_read_field_begin,0.22.0,thrift:ext/compact_protocol.c:613:read_field_begin,['ext']
thrift,0.22.0,read_map_begin,thrift_compact_protocol_class,rb_thrift_compact_proto_read_map_begin,0,rb_define_method,ext/compact_protocol.c,614,ext/compact_protocol.c,492,resolved,rb_thrift_compact_proto_read_map_begin,0.22.0,thrift:ext/compact_protocol.c:614:read_map_begin,['ext']
thrift,0.22.0,read_list_begin,thrift_compact_protocol_class,rb_thrift_compact_proto_read_list_begin,0,rb_define_method,ext/compact_protocol.c,615,ext/compact_protocol.c,498,resolved,rb_thrift_compact_proto_read_list_begin,0.22.0,thrift:ext/compact_protocol.c:615:read_list_begin,['ext']
thrift,0.22.0,read_set_begin,thrift_compact_protocol_class,rb_thrift_compact_proto_read_set_begin,0,rb_define_method,ext/compact_protocol.c,616,ext/compact_protocol.c,508,resolved,rb_thrift_compact_proto_read_set_begin,0.22.0,thrift:ext/compact_protocol.c:616:read_set_begin,['ext']
thrift,0.22.0,read_byte,thrift_compact_protocol_class,rb_thrift_compact_proto_read_byte,0,rb_define_method,ext/compact_protocol.c,617,ext/compact_protocol.c,522,resolved,rb_thrift_compact_proto_read_byte,0.22.0,thrift:ext/compact_protocol.c:617:read_byte,['ext']
thrift,0.22.0,read_bool,thrift_compact_protocol_class,rb_thrift_compact_proto_read_bool,0,rb_define_method,ext/compact_protocol.c,618,ext/compact_protocol.c,512,resolved,rb_thrift_compact_proto_read_bool,0.22.0,thrift:ext/compact_protocol.c:618:read_bool,['ext']
thrift,0.22.0,read_i16,thrift_compact_protocol_class,rb_thrift_compact_proto_read_i16,0,rb_define_method,ext/compact_protocol.c,619,ext/compact_protocol.c,526,resolved,rb_thrift_compact_proto_read_i16,0.22.0,thrift:ext/compact_protocol.c:619:read_i16,['ext']
thrift,0.22.0,read_i32,thrift_compact_protocol_class,rb_thrift_compact_proto_read_i32,0,rb_define_method,ext/compact_protocol.c,620,ext/compact_protocol.c,530,resolved,rb_thrift_compact_proto_read_i32,0.22.0,thrift:ext/compact_protocol.c:620:read_i32,['ext']
thrift,0.22.0,read_i64,thrift_compact_protocol_class,rb_thrift_compact_proto_read_i64,0,rb_define_method,ext/compact_protocol.c,621,ext/compact_protocol.c,534,resolved,rb_thrift_compact_proto_read_i64,0.22.0,thrift:ext/compact_protocol.c:621:read_i64,['ext']
thrift,0.22.0,read_double,thrift_compact_protocol_class,rb_thrift_compact_proto_read_double,0,rb_define_method,ext/compact_protocol.c,622,ext/compact_protocol.c,538,resolved,rb_thrift_compact_proto_read_double,0.22.0,thrift:ext/compact_protocol.c:622:read_double,['ext']
thrift,0.22.0,read_string,thrift_compact_protocol_class,rb_thrift_compact_proto_read_string,0,rb_define_method,ext/compact_protocol.c,623,ext/compact_protocol.c,558,resolved,rb_thrift_compact_proto_read_string,0.22.0,thrift:ext/compact_protocol.c:623:read_string,['ext']
thrift,0.22.0,read_binary,thrift_compact_protocol_class,rb_thrift_compact_proto_read_binary,0,rb_define_method,ext/compact_protocol.c,624,ext/compact_protocol.c,563,resolved,rb_thrift_compact_proto_read_binary,0.22.0,thrift:ext/compact_protocol.c:624:read_binary,['ext']
thrift,0.22.0,read_message_end,thrift_compact_protocol_class,rb_thrift_compact_proto_read_message_end,0,rb_define_method,ext/compact_protocol.c,626,ext/compact_protocol.c,406,resolved,rb_thrift_compact_proto_read_message_end,0.22.0,thrift:ext/compact_protocol.c:626:read_message_end,['ext']
thrift,0.22.0,read_struct_begin,thrift_compact_protocol_class,rb_thrift_compact_proto_read_struct_begin,0,rb_define_method,ext/compact_protocol.c,627,ext/compact_protocol.c,410,resolved,rb_thrift_compact_proto_read_struct_begin,0.22.0,thrift:ext/compact_protocol.c:627:read_struct_begin,['ext']
thrift,0.22.0,read_struct_end,thrift_compact_protocol_class,rb_thrift_compact_proto_read_struct_end,0,rb_define_method,ext/compact_protocol.c,628,ext/compact_protocol.c,415,resolved,rb_thrift_compact_proto_read_struct_end,0.22.0,thrift:ext/compact_protocol.c:628:read_struct_end,['ext']
thrift,0.22.0,read_field_end,thrift_compact_protocol_class,rb_thrift_compact_proto_read_field_end,0,rb_define_method,ext/compact_protocol.c,629,ext/compact_protocol.c,420,resolved,rb_thrift_compact_proto_read_field_end,0.22.0,thrift:ext/compact_protocol.c:629:read_field_end,['ext']
thrift,0.22.0,read_map_end,thrift_compact_protocol_class,rb_thrift_compact_proto_read_map_end,0,rb_define_method,ext/compact_protocol.c,630,ext/compact_protocol.c,424,resolved,rb_thrift_compact_proto_read_map_end,0.22.0,thrift:ext/compact_protocol.c:630:read_map_end,['ext']
thrift,0.22.0,read_list_end,thrift_compact_protocol_class,rb_thrift_compact_proto_read_list_end,0,rb_define_method,ext/compact_protocol.c,631,ext/compact_protocol.c,428,resolved,rb_thrift_compact_proto_read_list_end,0.22.0,thrift:ext/compact_protocol.c:631:read_list_end,['ext']
thrift,0.22.0,read_set_end,thrift_compact_protocol_class,rb_thrift_compact_proto_read_set_end,0,rb_define_method,ext/compact_protocol.c,632,ext/compact_protocol.c,432,resolved,rb_thrift_compact_proto_read_set_end,0.22.0,thrift:ext/compact_protocol.c:632:read_set_end,['ext']
thrift,0.22.0,write,thrift_memory_buffer_class,rb_thrift_memory_buffer_write,1,rb_define_method,ext/memory_buffer.c,123,ext/memory_buffer.c,39,resolved,rb_thrift_memory_buffer_write,0.22.0,thrift:ext/memory_buffer.c:123:write,['ext']
thrift,0.22.0,read,thrift_memory_buffer_class,rb_thrift_memory_buffer_read,1,rb_define_method,ext/memory_buffer.c,124,ext/memory_buffer.c,46,resolved,rb_thrift_memory_buffer_read,0.22.0,thrift:ext/memory_buffer.c:124:read,['ext']
thrift,0.22.0,read_byte,thrift_memory_buffer_class,rb_thrift_memory_buffer_read_byte,0,rb_define_method,ext/memory_buffer.c,125,ext/memory_buffer.c,72,resolved,rb_thrift_memory_buffer_read_byte,0.22.0,thrift:ext/memory_buffer.c:125:read_byte,['ext']
thrift,0.22.0,read_into_buffer,thrift_memory_buffer_class,rb_thrift_memory_buffer_read_into_buffer,2,rb_define_method,ext/memory_buffer.c,126,ext/memory_buffer.c,92,resolved,rb_thrift_memory_buffer_read_into_buffer,0.22.0,thrift:ext/memory_buffer.c:126:read_into_buffer,['ext']
thrift,0.22.0,write,struct_module,rb_thrift_struct_write,1,rb_define_method,ext/struct.c,697,ext/struct.c,358,resolved,rb_thrift_struct_write,0.22.0,thrift:ext/struct.c:697:write,['ext']
thrift,0.22.0,read,struct_module,rb_thrift_struct_read,1,rb_define_method,ext/struct.c,698,ext/struct.c,561,resolved,rb_thrift_struct_read,0.22.0,thrift:ext/struct.c:698:read,['ext']
thrift,0.22.0,write,thrift_union_class,rb_thrift_union_write,1,rb_define_method,ext/struct.c,703,ext/struct.c,658,resolved,rb_thrift_union_write,0.22.0,thrift:ext/struct.c:703:write,['ext']
thrift,0.22.0,read,thrift_union_class,rb_thrift_union_read,1,rb_define_method,ext/struct.c,704,ext/struct.c,611,resolved,rb_thrift_union_read,0.22.0,thrift:ext/struct.c:704:read,['ext']
timfel-krb5-auth,0.8.3,new,cKrb5,Krb5_new,0,rb_define_singleton_method,ext/ruby_krb5_auth.c,745,ext/ruby_krb5_auth.c,90,resolved,Krb5_new,0.8.3,timfel-krb5-auth:ext/ruby_krb5_auth.c:745:new,['ext']
timfel-krb5-auth,0.8.3,get_init_creds_password,cKrb5,Krb5_get_init_creds_password,2,rb_define_method,ext/ruby_krb5_auth.c,746,ext/ruby_krb5_auth.c,204,resolved,Krb5_get_init_creds_password,0.8.3,timfel-krb5-auth:ext/ruby_krb5_auth.c:746:get_init_creds_password,['ext']
timfel-krb5-auth,0.8.3,get_init_creds_keytab,cKrb5,Krb5_get_init_creds_keytab,-1,rb_define_method,ext/ruby_krb5_auth.c,747,ext/ruby_krb5_auth.c,248,resolved,Krb5_get_init_creds_keytab,0.8.3,timfel-krb5-auth:ext/ruby_krb5_auth.c:747:get_init_creds_keytab,['ext']
timfel-krb5-auth,0.8.3,get_default_realm,cKrb5,Krb5_get_default_realm,0,rb_define_method,ext/ruby_krb5_auth.c,748,ext/ruby_krb5_auth.c,118,resolved,Krb5_get_default_realm,0.8.3,timfel-krb5-auth:ext/ruby_krb5_auth.c:748:get_default_realm,['ext']
timfel-krb5-auth,0.8.3,get_default_principal,cKrb5,Krb5_get_default_principal,0,rb_define_method,ext/ruby_krb5_auth.c,749,ext/ruby_krb5_auth.c,154,resolved,Krb5_get_default_principal,0.8.3,timfel-krb5-auth:ext/ruby_krb5_auth.c:749:get_default_principal,['ext']
timfel-krb5-auth,0.8.3,change_password,cKrb5,Krb5_change_password,2,rb_define_method,ext/ruby_krb5_auth.c,750,ext/ruby_krb5_auth.c,323,resolved,Krb5_change_password,0.8.3,timfel-krb5-auth:ext/ruby_krb5_auth.c:750:change_password,['ext']
timfel-krb5-auth,0.8.3,set_password,cKrb5,Krb5_set_password,1,rb_define_method,ext/ruby_krb5_auth.c,751,ext/ruby_krb5_auth.c,401,resolved,Krb5_set_password,0.8.3,timfel-krb5-auth:ext/ruby_krb5_auth.c:751:set_password,['ext']
timfel-krb5-auth,0.8.3,cache,cKrb5,Krb5_cache_creds,-1,rb_define_method,ext/ruby_krb5_auth.c,752,ext/ruby_krb5_auth.c,449,resolved,Krb5_cache_creds,0.8.3,timfel-krb5-auth:ext/ruby_krb5_auth.c:752:cache,['ext']
timfel-krb5-auth,0.8.3,list_cache,cKrb5,Krb5_list_cache_creds,-1,rb_define_method,ext/ruby_krb5_auth.c,753,ext/ruby_krb5_auth.c,516,resolved,Krb5_list_cache_creds,0.8.3,timfel-krb5-auth:ext/ruby_krb5_auth.c:753:list_cache,['ext']
timfel-krb5-auth,0.8.3,destroy,cKrb5,Krb5_destroy_creds,-1,rb_define_method,ext/ruby_krb5_auth.c,754,ext/ruby_krb5_auth.c,622,resolved,Krb5_destroy_creds,0.8.3,timfel-krb5-auth:ext/ruby_krb5_auth.c:754:destroy,['ext']
timfel-krb5-auth,0.8.3,close,cKrb5,Krb5_close,0,rb_define_method,ext/ruby_krb5_auth.c,755,ext/ruby_krb5_auth.c,670,resolved,Krb5_close,0.8.3,timfel-krb5-auth:ext/ruby_krb5_auth.c:755:close,['ext']
unf_ext,0.0.8.2,<allocator>,cls,unf_allocate,0,rb_define_alloc_func,ext/unf_ext/unf.cc,23,ext/unf_ext/unf.cc,34,resolved,unf_allocate,0.0.8.2,unf_ext:ext/unf_ext/unf.cc:23:<allocator>,['ext/unf_ext']
unf_ext,0.0.8.2,initialize,cls,unf_initialize,0,rb_define_method,ext/unf_ext/unf.cc,24,ext/unf_ext/unf.cc,41,resolved,(VALUE (*)(...))unf_initialize,0.0.8.2,unf_ext:ext/unf_ext/unf.cc:24:initialize,['ext/unf_ext']
unf_ext,0.0.8.2,normalize,cls,unf_normalize,2,rb_define_method,ext/unf_ext/unf.cc,25,ext/unf_ext/unf.cc,50,resolved,(VALUE (*)(...))unf_normalize,0.0.8.2,unf_ext:ext/unf_ext/unf.cc:25:normalize,['ext/unf_ext']
unicode,0.4.4.5,strcmp,mUnicode,unicode_strcmp,2,rb_define_module_function,ext/unicode/unicode.c,1271,ext/unicode/unicode.c,630,resolved,unicode_strcmp,0.4.4.5,unicode:ext/unicode/unicode.c:1271:strcmp,['ext/unicode']
unicode,0.4.4.5,strcmp_compat,mUnicode,unicode_strcmp_compat,2,rb_define_module_function,ext/unicode/unicode.c,1273,ext/unicode/unicode.c,672,resolved,unicode_strcmp_compat,0.4.4.5,unicode:ext/unicode/unicode.c:1273:strcmp_compat,['ext/unicode']
unicode,0.4.4.5,decompose,mUnicode,unicode_decompose,1,rb_define_module_function,ext/unicode/unicode.c,1276,ext/unicode/unicode.c,714,resolved,unicode_decompose,0.4.4.5,unicode:ext/unicode/unicode.c:1276:decompose,['ext/unicode']
unicode,0.4.4.5,decompose_safe,mUnicode,unicode_decompose_safe,1,rb_define_module_function,ext/unicode/unicode.c,1278,ext/unicode/unicode.c,740,resolved,unicode_decompose_safe,0.4.4.5,unicode:ext/unicode/unicode.c:1278:decompose_safe,['ext/unicode']
unicode,0.4.4.5,decompose_compat,mUnicode,unicode_decompose_compat,1,rb_define_module_function,ext/unicode/unicode.c,1280,ext/unicode/unicode.c,766,resolved,unicode_decompose_compat,0.4.4.5,unicode:ext/unicode/unicode.c:1280:decompose_compat,['ext/unicode']
unicode,0.4.4.5,compose,mUnicode,unicode_compose,1,rb_define_module_function,ext/unicode/unicode.c,1282,ext/unicode/unicode.c,792,resolved,unicode_compose,0.4.4.5,unicode:ext/unicode/unicode.c:1282:compose,['ext/unicode']
unicode,0.4.4.5,normalize_D,mUnicode,unicode_decompose,1,rb_define_module_function,ext/unicode/unicode.c,1285,ext/unicode/unicode.c,714,resolved,unicode_decompose,0.4.4.5,unicode:ext/unicode/unicode.c:1285:normalize_D,['ext/unicode']
unicode,0.4.4.5,normalize_D_safe,mUnicode,unicode_decompose_safe,1,rb_define_module_function,ext/unicode/unicode.c,1287,ext/unicode/unicode.c,740,resolved,unicode_decompose_safe,0.4.4.5,unicode:ext/unicode/unicode.c:1287:normalize_D_safe,['ext/unicode']
unicode,0.4.4.5,normalize_KD,mUnicode,unicode_decompose_compat,1,rb_define_module_function,ext/unicode/unicode.c,1289,ext/unicode/unicode.c,766,resolved,unicode_decompose_compat,0.4.4.5,unicode:ext/unicode/unicode.c:1289:normalize_KD,['ext/unicode']
unicode,0.4.4.5,normalize_C,mUnicode,unicode_normalize_C,1,rb_define_module_function,ext/unicode/unicode.c,1291,ext/unicode/unicode.c,818,resolved,unicode_normalize_C,0.4.4.5,unicode:ext/unicode/unicode.c:1291:normalize_C,['ext/unicode']
unicode,0.4.4.5,normalize_C_safe,mUnicode,unicode_normalize_safe,1,rb_define_module_function,ext/unicode/unicode.c,1293,ext/unicode/unicode.c,848,resolved,unicode_normalize_safe,0.4.4.5,unicode:ext/unicode/unicode.c:1293:normalize_C_safe,['ext/unicode']
unicode,0.4.4.5,normalize_KC,mUnicode,unicode_normalize_KC,1,rb_define_module_function,ext/unicode/unicode.c,1295,ext/unicode/unicode.c,878,resolved,unicode_normalize_KC,0.4.4.5,unicode:ext/unicode/unicode.c:1295:normalize_KC,['ext/unicode']
unicode,0.4.4.5,nfd,mUnicode,unicode_decompose,1,rb_define_module_function,ext/unicode/unicode.c,1299,ext/unicode/unicode.c,714,resolved,unicode_decompose,0.4.4.5,unicode:ext/unicode/unicode.c:1299:nfd,['ext/unicode']
unicode,0.4.4.5,nfd_safe,mUnicode,unicode_decompose_safe,1,rb_define_module_function,ext/unicode/unicode.c,1301,ext/unicode/unicode.c,740,resolved,unicode_decompose_safe,0.4.4.5,unicode:ext/unicode/unicode.c:1301:nfd_safe,['ext/unicode']
unicode,0.4.4.5,nfkd,mUnicode,unicode_decompose_compat,1,rb_define_module_function,ext/unicode/unicode.c,1303,ext/unicode/unicode.c,766,resolved,unicode_decompose_compat,0.4.4.5,unicode:ext/unicode/unicode.c:1303:nfkd,['ext/unicode']
unicode,0.4.4.5,nfc,mUnicode,unicode_normalize_C,1,rb_define_module_function,ext/unicode/unicode.c,1305,ext/unicode/unicode.c,818,resolved,unicode_normalize_C,0.4.4.5,unicode:ext/unicode/unicode.c:1305:nfc,['ext/unicode']
unicode,0.4.4.5,nfc_safe,mUnicode,unicode_normalize_safe,1,rb_define_module_function,ext/unicode/unicode.c,1307,ext/unicode/unicode.c,848,resolved,unicode_normalize_safe,0.4.4.5,unicode:ext/unicode/unicode.c:1307:nfc_safe,['ext/unicode']
unicode,0.4.4.5,nfkc,mUnicode,unicode_normalize_KC,1,rb_define_module_function,ext/unicode/unicode.c,1309,ext/unicode/unicode.c,878,resolved,unicode_normalize_KC,0.4.4.5,unicode:ext/unicode/unicode.c:1309:nfkc,['ext/unicode']
unicode,0.4.4.5,upcase,mUnicode,unicode_upcase,1,rb_define_module_function,ext/unicode/unicode.c,1312,ext/unicode/unicode.c,908,resolved,unicode_upcase,0.4.4.5,unicode:ext/unicode/unicode.c:1312:upcase,['ext/unicode']
unicode,0.4.4.5,downcase,mUnicode,unicode_downcase,1,rb_define_module_function,ext/unicode/unicode.c,1314,ext/unicode/unicode.c,934,resolved,unicode_downcase,0.4.4.5,unicode:ext/unicode/unicode.c:1314:downcase,['ext/unicode']
unicode,0.4.4.5,capitalize,mUnicode,unicode_capitalize,1,rb_define_module_function,ext/unicode/unicode.c,1316,ext/unicode/unicode.c,965,resolved,unicode_capitalize,0.4.4.5,unicode:ext/unicode/unicode.c:1316:capitalize,['ext/unicode']
unicode,0.4.4.5,categories,mUnicode,unicode_get_categories,1,rb_define_module_function,ext/unicode/unicode.c,1319,ext/unicode/unicode.c,1030,resolved,unicode_get_categories,0.4.4.5,unicode:ext/unicode/unicode.c:1319:categories,['ext/unicode']
unicode,0.4.4.5,abbr_categories,mUnicode,unicode_get_abbr_categories,1,rb_define_module_function,ext/unicode/unicode.c,1321,ext/unicode/unicode.c,1048,resolved,unicode_get_abbr_categories,0.4.4.5,unicode:ext/unicode/unicode.c:1321:abbr_categories,['ext/unicode']
unicode,0.4.4.5,width,mUnicode,unicode_wcswidth,-1,rb_define_module_function,ext/unicode/unicode.c,1323,ext/unicode/unicode.c,1065,resolved,unicode_wcswidth,0.4.4.5,unicode:ext/unicode/unicode.c:1323:width,['ext/unicode']
unicode,0.4.4.5,text_elements,mUnicode,unicode_get_text_elements,1,rb_define_module_function,ext/unicode/unicode.c,1325,ext/unicode/unicode.c,1220,resolved,unicode_get_text_elements,0.4.4.5,unicode:ext/unicode/unicode.c:1325:text_elements,['ext/unicode']
version_sorter,2.3.0,sort,rb_mVersionSorter,rb_version_sort,1,rb_define_module_function,ext/version_sorter/version_sorter.c,310,ext/version_sorter/version_sorter.c,246,resolved,rb_version_sort,2.3.0,version_sorter:ext/version_sorter/version_sorter.c:310:sort,['ext/version_sorter']
version_sorter,2.3.0,rsort,rb_mVersionSorter,rb_version_sort_r,1,rb_define_module_function,ext/version_sorter/version_sorter.c,311,ext/version_sorter/version_sorter.c,252,resolved,rb_version_sort_r,2.3.0,version_sorter:ext/version_sorter/version_sorter.c:311:rsort,['ext/version_sorter']
version_sorter,2.3.0,sort!,rb_mVersionSorter,rb_version_sort_bang,1,rb_define_module_function,ext/version_sorter/version_sorter.c,312,ext/version_sorter/version_sorter.c,258,resolved,rb_version_sort_bang,2.3.0,version_sorter:ext/version_sorter/version_sorter.c:312:sort!,['ext/version_sorter']
version_sorter,2.3.0,rsort!,rb_mVersionSorter,rb_version_sort_r_bang,1,rb_define_module_function,ext/version_sorter/version_sorter.c,313,ext/version_sorter/version_sorter.c,264,resolved,rb_version_sort_r_bang,2.3.0,version_sorter:ext/version_sorter/version_sorter.c:313:rsort!,['ext/version_sorter']
version_sorter,2.3.0,compare,rb_mVersionSorter,rb_version_compare,2,rb_define_module_function,ext/version_sorter/version_sorter.c,314,ext/version_sorter/version_sorter.c,286,resolved,rb_version_compare,2.3.0,version_sorter:ext/version_sorter/version_sorter.c:314:compare,['ext/version_sorter']
vmstat,2.3.1,network_interfaces,vmstat,vmstat_network_interfaces,0,rb_define_singleton_method,ext/vmstat/vmstat.c,18,ext/vmstat/hw/sysctl.h,36,resolved,vmstat_network_interfaces,2.3.1,vmstat:ext/vmstat/vmstat.c:18:network_interfaces,['ext/vmstat']
vmstat,2.3.1,cpu,vmstat,vmstat_cpu,0,rb_define_singleton_method,ext/vmstat/vmstat.c,23,,,unresolved_function_binding,vmstat_cpu,2.3.1,vmstat:ext/vmstat/vmstat.c:23:cpu,['ext/vmstat']
vmstat,2.3.1,memory,vmstat,vmstat_memory,0,rb_define_singleton_method,ext/vmstat/vmstat.c,28,,,unresolved_function_binding,vmstat_memory,2.3.1,vmstat:ext/vmstat/vmstat.c:28:memory,['ext/vmstat']
vmstat,2.3.1,disk,vmstat,vmstat_disk,1,rb_define_singleton_method,ext/vmstat/vmstat.c,33,,,unresolved_function_binding,vmstat_disk,2.3.1,vmstat:ext/vmstat/vmstat.c:33:disk,['ext/vmstat']
vmstat,2.3.1,load_average,vmstat,vmstat_load_average,0,rb_define_singleton_method,ext/vmstat/vmstat.c,38,ext/vmstat/hw/posix.h,21,resolved,vmstat_load_average,2.3.1,vmstat:ext/vmstat/vmstat.c:38:load_average,['ext/vmstat']
vmstat,2.3.1,boot_time,vmstat,vmstat_boot_time,0,rb_define_singleton_method,ext/vmstat/vmstat.c,43,ext/vmstat/hw/sysctl.h,11,resolved,vmstat_boot_time,2.3.1,vmstat:ext/vmstat/vmstat.c:43:boot_time,['ext/vmstat']
vmstat,2.3.1,task,vmstat,vmstat_task,0,rb_define_singleton_method,ext/vmstat/vmstat.c,48,ext/vmstat/hw/mach.h,78,resolved,vmstat_task,2.3.1,vmstat:ext/vmstat/vmstat.c:48:task,['ext/vmstat']
vmstat,2.3.1,pagesize,vmstat,vmstat_pagesize,0,rb_define_singleton_method,ext/vmstat/vmstat.c,53,ext/vmstat/hw/posix.h,8,resolved,vmstat_pagesize,2.3.1,vmstat:ext/vmstat/vmstat.c:53:pagesize,['ext/vmstat']
websocket-driver,0.8.2,mask,Mask,method_websocket_mask,2,rb_define_singleton_method,ext/websocket-driver/websocket_mask.c,31,ext/websocket-driver/websocket_mask.c,3,resolved,method_websocket_mask,0.8.2,websocket-driver:ext/websocket-driver/websocket_mask.c:31:mask,['ext/websocket-driver']
yajl-ruby,1.4.3,to_json,rb_cHash,rb_yajl_json_ext_hash_to_json,-1,rb_define_method,ext/yajl/yajl_ext.c,1355,ext/yajl/yajl_ext.c,1228,resolved,rb_yajl_json_ext_hash_to_json,1.4.3,yajl-ruby:ext/yajl/yajl_ext.c:1355:to_json,['ext/yajl']
yajl-ruby,1.4.3,to_json,rb_cArray,rb_yajl_json_ext_array_to_json,-1,rb_define_method,ext/yajl/yajl_ext.c,1356,ext/yajl/yajl_ext.c,1244,resolved,rb_yajl_json_ext_array_to_json,1.4.3,yajl-ruby:ext/yajl/yajl_ext.c:1356:to_json,['ext/yajl']
yajl-ruby,1.4.3,to_json,rb_cInteger,rb_yajl_json_ext_fixnum_to_json,-1,rb_define_method,ext/yajl/yajl_ext.c,1358,ext/yajl/yajl_ext.c,1260,resolved,rb_yajl_json_ext_fixnum_to_json,1.4.3,yajl-ruby:ext/yajl/yajl_ext.c:1358:to_json,['ext/yajl']
yajl-ruby,1.4.3,to_json,rb_cFixnum,rb_yajl_json_ext_fixnum_to_json,-1,rb_define_method,ext/yajl/yajl_ext.c,1360,ext/yajl/yajl_ext.c,1260,resolved,rb_yajl_json_ext_fixnum_to_json,1.4.3,yajl-ruby:ext/yajl/yajl_ext.c:1360:to_json,['ext/yajl']
yajl-ruby,1.4.3,to_json,rb_cFloat,rb_yajl_json_ext_float_to_json,-1,rb_define_method,ext/yajl/yajl_ext.c,1362,ext/yajl/yajl_ext.c,1276,resolved,rb_yajl_json_ext_float_to_json,1.4.3,yajl-ruby:ext/yajl/yajl_ext.c:1362:to_json,['ext/yajl']
yajl-ruby,1.4.3,to_json,rb_cString,rb_yajl_json_ext_string_to_json,-1,rb_define_method,ext/yajl/yajl_ext.c,1363,ext/yajl/yajl_ext.c,1292,resolved,rb_yajl_json_ext_string_to_json,1.4.3,yajl-ruby:ext/yajl/yajl_ext.c:1363:to_json,['ext/yajl']
yajl-ruby,1.4.3,to_json,rb_cTrueClass,rb_yajl_json_ext_true_to_json,-1,rb_define_method,ext/yajl/yajl_ext.c,1364,ext/yajl/yajl_ext.c,1308,resolved,rb_yajl_json_ext_true_to_json,1.4.3,yajl-ruby:ext/yajl/yajl_ext.c:1364:to_json,['ext/yajl']
yajl-ruby,1.4.3,to_json,rb_cFalseClass,rb_yajl_json_ext_false_to_json,-1,rb_define_method,ext/yajl/yajl_ext.c,1365,ext/yajl/yajl_ext.c,1324,resolved,rb_yajl_json_ext_false_to_json,1.4.3,yajl-ruby:ext/yajl/yajl_ext.c:1365:to_json,['ext/yajl']
yajl-ruby,1.4.3,to_json,rb_cNilClass,rb_yajl_json_ext_nil_to_json,-1,rb_define_method,ext/yajl/yajl_ext.c,1366,ext/yajl/yajl_ext.c,1340,resolved,rb_yajl_json_ext_nil_to_json,1.4.3,yajl-ruby:ext/yajl/yajl_ext.c:1366:to_json,['ext/yajl']
yajl-ruby,1.4.3,new,cParser,rb_yajl_parser_new,-1,rb_define_singleton_method,ext/yajl/yajl_ext.c,1383,ext/yajl/yajl_ext.c,467,resolved,rb_yajl_parser_new,1.4.3,yajl-ruby:ext/yajl/yajl_ext.c:1383:new,['ext/yajl']
yajl-ruby,1.4.3,initialize,cParser,rb_yajl_parser_init,-1,rb_define_method,ext/yajl/yajl_ext.c,1384,ext/yajl/yajl_ext.c,512,resolved,rb_yajl_parser_init,1.4.3,yajl-ruby:ext/yajl/yajl_ext.c:1384:initialize,['ext/yajl']
yajl-ruby,1.4.3,parse,cParser,rb_yajl_parser_parse,-1,rb_define_method,ext/yajl/yajl_ext.c,1385,ext/yajl/yajl_ext.c,537,resolved,rb_yajl_parser_parse,1.4.3,yajl-ruby:ext/yajl/yajl_ext.c:1385:parse,['ext/yajl']
yajl-ruby,1.4.3,parse_chunk,cParser,rb_yajl_parser_parse_chunk,1,rb_define_method,ext/yajl/yajl_ext.c,1386,ext/yajl/yajl_ext.c,594,resolved,rb_yajl_parser_parse_chunk,1.4.3,yajl-ruby:ext/yajl/yajl_ext.c:1386:parse_chunk,['ext/yajl']
yajl-ruby,1.4.3,<<,cParser,rb_yajl_parser_parse_chunk,1,rb_define_method,ext/yajl/yajl_ext.c,1387,ext/yajl/yajl_ext.c,594,resolved,rb_yajl_parser_parse_chunk,1.4.3,yajl-ruby:ext/yajl/yajl_ext.c:1387:<<,['ext/yajl']
yajl-ruby,1.4.3,on_parse_complete=,cParser,rb_yajl_parser_set_complete_cb,1,rb_define_method,ext/yajl/yajl_ext.c,1388,ext/yajl/yajl_ext.c,623,resolved,rb_yajl_parser_set_complete_cb,1.4.3,yajl-ruby:ext/yajl/yajl_ext.c:1388:on_parse_complete=,['ext/yajl']
yajl-ruby,1.4.3,project,cProjector,rb_yajl_projector_project,1,rb_define_method,ext/yajl/yajl_ext.c,1391,ext/yajl/yajl_ext.c,985,resolved,rb_yajl_projector_project,1.4.3,yajl-ruby:ext/yajl/yajl_ext.c:1391:project,['ext/yajl']
yajl-ruby,1.4.3,new,cEncoder,rb_yajl_encoder_new,-1,rb_define_singleton_method,ext/yajl/yajl_ext.c,1395,ext/yajl/yajl_ext.c,1053,resolved,rb_yajl_encoder_new,1.4.3,yajl-ruby:ext/yajl/yajl_ext.c:1395:new,['ext/yajl']
yajl-ruby,1.4.3,initialize,cEncoder,rb_yajl_encoder_init,-1,rb_define_method,ext/yajl/yajl_ext.c,1396,ext/yajl/yajl_ext.c,1125,resolved,rb_yajl_encoder_init,1.4.3,yajl-ruby:ext/yajl/yajl_ext.c:1396:initialize,['ext/yajl']
yajl-ruby,1.4.3,encode,cEncoder,rb_yajl_encoder_encode,-1,rb_define_method,ext/yajl/yajl_ext.c,1397,ext/yajl/yajl_ext.c,1145,resolved,rb_yajl_encoder_encode,1.4.3,yajl-ruby:ext/yajl/yajl_ext.c:1397:encode,['ext/yajl']
yajl-ruby,1.4.3,on_progress=,cEncoder,rb_yajl_encoder_set_progress_cb,1,rb_define_method,ext/yajl/yajl_ext.c,1398,ext/yajl/yajl_ext.c,1206,resolved,rb_yajl_encoder_set_progress_cb,1.4.3,yajl-ruby:ext/yajl/yajl_ext.c:1398:on_progress=,['ext/yajl']
yajl-ruby,1.4.3,enable_json_gem_compatability,cEncoder,rb_yajl_encoder_enable_json_gem_ext,0,rb_define_singleton_method,ext/yajl/yajl_ext.c,1400,ext/yajl/yajl_ext.c,1354,resolved,rb_yajl_encoder_enable_json_gem_ext,1.4.3,yajl-ruby:ext/yajl/yajl_ext.c:1400:enable_json_gem_compatability,['ext/yajl']
zlib,3.2.3,path,obj,rb_gzfile_path,0,rb_define_singleton_method,ext/zlib/zlib.c,3667,ext/zlib/zlib.c,3653,resolved,rb_gzfile_path,3.2.3,zlib:ext/zlib/zlib.c:3667:path,['ext/zlib']
zlib,3.2.3,zlib_version,mZlib,rb_zlib_version,0,rb_define_module_function,ext/zlib/zlib.c,4731,ext/zlib/zlib.c,379,resolved,rb_zlib_version,3.2.3,zlib:ext/zlib/zlib.c:4731:zlib_version,['ext/zlib']
zlib,3.2.3,adler32,mZlib,rb_zlib_adler32,-1,rb_define_module_function,ext/zlib/zlib.c,4732,ext/zlib/zlib.c,466,resolved,rb_zlib_adler32,3.2.3,zlib:ext/zlib/zlib.c:4732:adler32,['ext/zlib']
zlib,3.2.3,adler32_combine,mZlib,rb_zlib_adler32_combine,3,rb_define_module_function,ext/zlib/zlib.c,4733,ext/zlib/zlib.c,483,resolved,rb_zlib_adler32_combine,3.2.3,zlib:ext/zlib/zlib.c:4733:adler32_combine,['ext/zlib']
zlib,3.2.3,crc32,mZlib,rb_zlib_crc32,-1,rb_define_module_function,ext/zlib/zlib.c,4734,ext/zlib/zlib.c,506,resolved,rb_zlib_crc32,3.2.3,zlib:ext/zlib/zlib.c:4734:crc32,['ext/zlib']
zlib,3.2.3,crc32_combine,mZlib,rb_zlib_crc32_combine,3,rb_define_module_function,ext/zlib/zlib.c,4735,ext/zlib/zlib.c,523,resolved,rb_zlib_crc32_combine,3.2.3,zlib:ext/zlib/zlib.c:4735:crc32_combine,['ext/zlib']
zlib,3.2.3,crc_table,mZlib,rb_zlib_crc_table,0,rb_define_module_function,ext/zlib/zlib.c,4736,ext/zlib/zlib.c,538,resolved,rb_zlib_crc_table,3.2.3,zlib:ext/zlib/zlib.c:4736:crc_table,['ext/zlib']
zlib,3.2.3,avail_out,cZStream,rb_zstream_avail_out,0,rb_define_method,ext/zlib/zlib.c,4745,ext/zlib/zlib.c,1492,resolved,rb_zstream_avail_out,3.2.3,zlib:ext/zlib/zlib.c:4745:avail_out,['ext/zlib']
zlib,3.2.3,avail_out=,cZStream,rb_zstream_set_avail_out,1,rb_define_method,ext/zlib/zlib.c,4746,ext/zlib/zlib.c,1506,resolved,rb_zstream_set_avail_out,3.2.3,zlib:ext/zlib/zlib.c:4746:avail_out=,['ext/zlib']
zlib,3.2.3,avail_in,cZStream,rb_zstream_avail_in,0,rb_define_method,ext/zlib/zlib.c,4747,ext/zlib/zlib.c,1518,resolved,rb_zstream_avail_in,3.2.3,zlib:ext/zlib/zlib.c:4747:avail_in,['ext/zlib']
zlib,3.2.3,total_in,cZStream,rb_zstream_total_in,0,rb_define_method,ext/zlib/zlib.c,4748,ext/zlib/zlib.c,1529,resolved,rb_zstream_total_in,3.2.3,zlib:ext/zlib/zlib.c:4748:total_in,['ext/zlib']
zlib,3.2.3,total_out,cZStream,rb_zstream_total_out,0,rb_define_method,ext/zlib/zlib.c,4749,ext/zlib/zlib.c,1538,resolved,rb_zstream_total_out,3.2.3,zlib:ext/zlib/zlib.c:4749:total_out,['ext/zlib']
zlib,3.2.3,data_type,cZStream,rb_zstream_data_type,0,rb_define_method,ext/zlib/zlib.c,4750,ext/zlib/zlib.c,1549,resolved,rb_zstream_data_type,3.2.3,zlib:ext/zlib/zlib.c:4750:data_type,['ext/zlib']
zlib,3.2.3,adler,cZStream,rb_zstream_adler,0,rb_define_method,ext/zlib/zlib.c,4751,ext/zlib/zlib.c,1558,resolved,rb_zstream_adler,3.2.3,zlib:ext/zlib/zlib.c:4751:adler,['ext/zlib']
zlib,3.2.3,finished?,cZStream,rb_zstream_finished_p,0,rb_define_method,ext/zlib/zlib.c,4752,ext/zlib/zlib.c,1567,resolved,rb_zstream_finished_p,3.2.3,zlib:ext/zlib/zlib.c:4752:finished?,['ext/zlib']
zlib,3.2.3,stream_end?,cZStream,rb_zstream_finished_p,0,rb_define_method,ext/zlib/zlib.c,4753,ext/zlib/zlib.c,1567,resolved,rb_zstream_finished_p,3.2.3,zlib:ext/zlib/zlib.c:4753:stream_end?,['ext/zlib']
zlib,3.2.3,closed?,cZStream,rb_zstream_closed_p,0,rb_define_method,ext/zlib/zlib.c,4754,ext/zlib/zlib.c,1576,resolved,rb_zstream_closed_p,3.2.3,zlib:ext/zlib/zlib.c:4754:closed?,['ext/zlib']
zlib,3.2.3,ended?,cZStream,rb_zstream_closed_p,0,rb_define_method,ext/zlib/zlib.c,4755,ext/zlib/zlib.c,1576,resolved,rb_zstream_closed_p,3.2.3,zlib:ext/zlib/zlib.c:4755:ended?,['ext/zlib']
zlib,3.2.3,close,cZStream,rb_zstream_end,0,rb_define_method,ext/zlib/zlib.c,4756,ext/zlib/zlib.c,1416,resolved,rb_zstream_end,3.2.3,zlib:ext/zlib/zlib.c:4756:close,['ext/zlib']
zlib,3.2.3,end,cZStream,rb_zstream_end,0,rb_define_method,ext/zlib/zlib.c,4757,ext/zlib/zlib.c,1416,resolved,rb_zstream_end,3.2.3,zlib:ext/zlib/zlib.c:4757:end,['ext/zlib']
zlib,3.2.3,reset,cZStream,rb_zstream_reset,0,rb_define_method,ext/zlib/zlib.c,4758,ext/zlib/zlib.c,1427,resolved,rb_zstream_reset,3.2.3,zlib:ext/zlib/zlib.c:4758:reset,['ext/zlib']
zlib,3.2.3,finish,cZStream,rb_zstream_finish,0,rb_define_method,ext/zlib/zlib.c,4759,ext/zlib/zlib.c,1443,resolved,rb_zstream_finish,3.2.3,zlib:ext/zlib/zlib.c:4759:finish,['ext/zlib']
zlib,3.2.3,flush_next_in,cZStream,rb_zstream_flush_next_in,0,rb_define_method,ext/zlib/zlib.c,4760,ext/zlib/zlib.c,1458,resolved,rb_zstream_flush_next_in,3.2.3,zlib:ext/zlib/zlib.c:4760:flush_next_in,['ext/zlib']
zlib,3.2.3,flush_next_out,cZStream,rb_zstream_flush_next_out,0,rb_define_method,ext/zlib/zlib.c,4761,ext/zlib/zlib.c,1478,resolved,rb_zstream_flush_next_out,3.2.3,zlib:ext/zlib/zlib.c:4761:flush_next_out,['ext/zlib']
zlib,3.2.3,deflate,cDeflate,rb_deflate_s_deflate,-1,rb_define_singleton_method,ext/zlib/zlib.c,4789,ext/zlib/zlib.c,1764,resolved,rb_deflate_s_deflate,3.2.3,zlib:ext/zlib/zlib.c:4789:deflate,['ext/zlib']
zlib,3.2.3,deflate,mZlib,rb_deflate_s_deflate,-1,rb_define_singleton_method,ext/zlib/zlib.c,4790,ext/zlib/zlib.c,1764,resolved,rb_deflate_s_deflate,3.2.3,zlib:ext/zlib/zlib.c:4790:deflate,['ext/zlib']
zlib,3.2.3,<allocator>,cDeflate,rb_deflate_s_allocate,0,rb_define_alloc_func,ext/zlib/zlib.c,4791,ext/zlib/zlib.c,1605,resolved,rb_deflate_s_allocate,3.2.3,zlib:ext/zlib/zlib.c:4791:<allocator>,['ext/zlib']
zlib,3.2.3,initialize,cDeflate,rb_deflate_initialize,-1,rb_define_method,ext/zlib/zlib.c,4792,ext/zlib/zlib.c,1684,resolved,rb_deflate_initialize,3.2.3,zlib:ext/zlib/zlib.c:4792:initialize,['ext/zlib']
zlib,3.2.3,initialize_copy,cDeflate,rb_deflate_init_copy,1,rb_define_method,ext/zlib/zlib.c,4793,ext/zlib/zlib.c,1710,resolved,rb_deflate_init_copy,3.2.3,zlib:ext/zlib/zlib.c:4793:initialize_copy,['ext/zlib']
zlib,3.2.3,deflate,cDeflate,rb_deflate_deflate,-1,rb_define_method,ext/zlib/zlib.c,4794,ext/zlib/zlib.c,1844,resolved,rb_deflate_deflate,3.2.3,zlib:ext/zlib/zlib.c:4794:deflate,['ext/zlib']
zlib,3.2.3,<<,cDeflate,rb_deflate_addstr,1,rb_define_method,ext/zlib/zlib.c,4795,ext/zlib/zlib.c,1864,resolved,rb_deflate_addstr,3.2.3,zlib:ext/zlib/zlib.c:4795:<<,['ext/zlib']
zlib,3.2.3,flush,cDeflate,rb_deflate_flush,-1,rb_define_method,ext/zlib/zlib.c,4796,ext/zlib/zlib.c,1886,resolved,rb_deflate_flush,3.2.3,zlib:ext/zlib/zlib.c:4796:flush,['ext/zlib']
zlib,3.2.3,params,cDeflate,rb_deflate_params,2,rb_define_method,ext/zlib/zlib.c,4797,ext/zlib/zlib.c,1914,resolved,rb_deflate_params,3.2.3,zlib:ext/zlib/zlib.c:4797:params,['ext/zlib']
zlib,3.2.3,set_dictionary,cDeflate,rb_deflate_set_dictionary,1,rb_define_method,ext/zlib/zlib.c,4798,ext/zlib/zlib.c,1959,resolved,rb_deflate_set_dictionary,3.2.3,zlib:ext/zlib/zlib.c:4798:set_dictionary,['ext/zlib']
zlib,3.2.3,inflate,cInflate,rb_inflate_s_inflate,1,rb_define_singleton_method,ext/zlib/zlib.c,4801,ext/zlib/zlib.c,2093,resolved,rb_inflate_s_inflate,3.2.3,zlib:ext/zlib/zlib.c:4801:inflate,['ext/zlib']
zlib,3.2.3,inflate,mZlib,rb_inflate_s_inflate,1,rb_define_singleton_method,ext/zlib/zlib.c,4802,ext/zlib/zlib.c,2093,resolved,rb_inflate_s_inflate,3.2.3,zlib:ext/zlib/zlib.c:4802:inflate,['ext/zlib']
zlib,3.2.3,<allocator>,cInflate,rb_inflate_s_allocate,0,rb_define_alloc_func,ext/zlib/zlib.c,4803,ext/zlib/zlib.c,1987,resolved,rb_inflate_s_allocate,3.2.3,zlib:ext/zlib/zlib.c:4803:<allocator>,['ext/zlib']
zlib,3.2.3,initialize,cInflate,rb_inflate_initialize,-1,rb_define_method,ext/zlib/zlib.c,4804,ext/zlib/zlib.c,2040,resolved,rb_inflate_initialize,3.2.3,zlib:ext/zlib/zlib.c:4804:initialize,['ext/zlib']
zlib,3.2.3,add_dictionary,cInflate,rb_inflate_add_dictionary,1,rb_define_method,ext/zlib/zlib.c,4805,ext/zlib/zlib.c,2137,resolved,rb_inflate_add_dictionary,3.2.3,zlib:ext/zlib/zlib.c:4805:add_dictionary,['ext/zlib']
zlib,3.2.3,inflate,cInflate,rb_inflate_inflate,-1,rb_define_method,ext/zlib/zlib.c,4806,ext/zlib/zlib.c,2261,resolved,rb_inflate_inflate,3.2.3,zlib:ext/zlib/zlib.c:4806:inflate,['ext/zlib']
zlib,3.2.3,<<,cInflate,rb_inflate_addstr,1,rb_define_method,ext/zlib/zlib.c,4807,ext/zlib/zlib.c,2276,resolved,rb_inflate_addstr,3.2.3,zlib:ext/zlib/zlib.c:4807:<<,['ext/zlib']
zlib,3.2.3,sync,cInflate,rb_inflate_sync,1,rb_define_method,ext/zlib/zlib.c,4808,ext/zlib/zlib.c,2305,resolved,rb_inflate_sync,3.2.3,zlib:ext/zlib/zlib.c:4808:sync,['ext/zlib']
zlib,3.2.3,sync_point?,cInflate,rb_inflate_sync_point_p,0,rb_define_method,ext/zlib/zlib.c,4809,ext/zlib/zlib.c,2321,resolved,rb_inflate_sync_point_p,3.2.3,zlib:ext/zlib/zlib.c:4809:sync_point?,['ext/zlib']
zlib,3.2.3,set_dictionary,cInflate,rb_inflate_set_dictionary,1,rb_define_method,ext/zlib/zlib.c,4810,ext/zlib/zlib.c,2344,resolved,rb_inflate_set_dictionary,3.2.3,zlib:ext/zlib/zlib.c:4810:set_dictionary,['ext/zlib']
zlib,3.2.3,inspect,cGzError,gzfile_error_inspect,0,rb_define_method,ext/zlib/zlib.c,4907,ext/zlib/zlib.c,2694,resolved,gzfile_error_inspect,3.2.3,zlib:ext/zlib/zlib.c:4907:inspect,['ext/zlib']
zlib,3.2.3,wrap,cGzipFile,rb_gzfile_s_wrap,-1,rb_define_singleton_method,ext/zlib/zlib.c,4917,ext/zlib/zlib.c,3294,resolved,rb_gzfile_s_wrap,3.2.3,zlib:ext/zlib/zlib.c:4917:wrap,['ext/zlib']
zlib,3.2.3,to_io,cGzipFile,rb_gzfile_to_io,0,rb_define_method,ext/zlib/zlib.c,4919,ext/zlib/zlib.c,3322,resolved,rb_gzfile_to_io,3.2.3,zlib:ext/zlib/zlib.c:4919:to_io,['ext/zlib']
zlib,3.2.3,crc,cGzipFile,rb_gzfile_crc,0,rb_define_method,ext/zlib/zlib.c,4920,ext/zlib/zlib.c,3333,resolved,rb_gzfile_crc,3.2.3,zlib:ext/zlib/zlib.c:4920:crc,['ext/zlib']
zlib,3.2.3,mtime,cGzipFile,rb_gzfile_mtime,0,rb_define_method,ext/zlib/zlib.c,4921,ext/zlib/zlib.c,3344,resolved,rb_gzfile_mtime,3.2.3,zlib:ext/zlib/zlib.c:4921:mtime,['ext/zlib']
zlib,3.2.3,level,cGzipFile,rb_gzfile_level,0,rb_define_method,ext/zlib/zlib.c,4922,ext/zlib/zlib.c,3355,resolved,rb_gzfile_level,3.2.3,zlib:ext/zlib/zlib.c:4922:level,['ext/zlib']
zlib,3.2.3,os_code,cGzipFile,rb_gzfile_os_code,0,rb_define_method,ext/zlib/zlib.c,4923,ext/zlib/zlib.c,3366,resolved,rb_gzfile_os_code,3.2.3,zlib:ext/zlib/zlib.c:4923:os_code,['ext/zlib']
zlib,3.2.3,orig_name,cGzipFile,rb_gzfile_orig_name,0,rb_define_method,ext/zlib/zlib.c,4924,ext/zlib/zlib.c,3378,resolved,rb_gzfile_orig_name,3.2.3,zlib:ext/zlib/zlib.c:4924:orig_name,['ext/zlib']
zlib,3.2.3,comment,cGzipFile,rb_gzfile_comment,0,rb_define_method,ext/zlib/zlib.c,4925,ext/zlib/zlib.c,3394,resolved,rb_gzfile_comment,3.2.3,zlib:ext/zlib/zlib.c:4925:comment,['ext/zlib']
zlib,3.2.3,lineno,cGzipReader,rb_gzfile_lineno,0,rb_define_method,ext/zlib/zlib.c,4926,ext/zlib/zlib.c,3409,resolved,rb_gzfile_lineno,3.2.3,zlib:ext/zlib/zlib.c:4926:lineno,['ext/zlib']
zlib,3.2.3,lineno=,cGzipReader,rb_gzfile_set_lineno,1,rb_define_method,ext/zlib/zlib.c,4927,ext/zlib/zlib.c,3420,resolved,rb_gzfile_set_lineno,3.2.3,zlib:ext/zlib/zlib.c:4927:lineno=,['ext/zlib']
zlib,3.2.3,mtime=,cGzipWriter,rb_gzfile_set_mtime,1,rb_define_method,ext/zlib/zlib.c,4928,ext/zlib/zlib.c,3447,resolved,rb_gzfile_set_mtime,3.2.3,zlib:ext/zlib/zlib.c:4928:mtime=,['ext/zlib']
zlib,3.2.3,orig_name=,cGzipWriter,rb_gzfile_set_orig_name,1,rb_define_method,ext/zlib/zlib.c,4929,ext/zlib/zlib.c,3469,resolved,rb_gzfile_set_orig_name,3.2.3,zlib:ext/zlib/zlib.c:4929:orig_name=,['ext/zlib']
zlib,3.2.3,comment=,cGzipWriter,rb_gzfile_set_comment,1,rb_define_method,ext/zlib/zlib.c,4930,ext/zlib/zlib.c,3493,resolved,rb_gzfile_set_comment,3.2.3,zlib:ext/zlib/zlib.c:4930:comment=,['ext/zlib']
zlib,3.2.3,close,cGzipFile,rb_gzfile_close,0,rb_define_method,ext/zlib/zlib.c,4931,ext/zlib/zlib.c,3518,resolved,rb_gzfile_close,3.2.3,zlib:ext/zlib/zlib.c:4931:close,['ext/zlib']
zlib,3.2.3,finish,cGzipFile,rb_gzfile_finish,0,rb_define_method,ext/zlib/zlib.c,4932,ext/zlib/zlib.c,3540,resolved,rb_gzfile_finish,3.2.3,zlib:ext/zlib/zlib.c:4932:finish,['ext/zlib']
zlib,3.2.3,closed?,cGzipFile,rb_gzfile_closed_p,0,rb_define_method,ext/zlib/zlib.c,4933,ext/zlib/zlib.c,3557,resolved,rb_gzfile_closed_p,3.2.3,zlib:ext/zlib/zlib.c:4933:closed?,['ext/zlib']
zlib,3.2.3,eof,cGzipReader,rb_gzfile_eof_p,0,rb_define_method,ext/zlib/zlib.c,4934,ext/zlib/zlib.c,3570,resolved,rb_gzfile_eof_p,3.2.3,zlib:ext/zlib/zlib.c:4934:eof,['ext/zlib']
zlib,3.2.3,eof?,cGzipReader,rb_gzfile_eof_p,0,rb_define_method,ext/zlib/zlib.c,4935,ext/zlib/zlib.c,3570,resolved,rb_gzfile_eof_p,3.2.3,zlib:ext/zlib/zlib.c:4935:eof?,['ext/zlib']
zlib,3.2.3,sync,cGzipFile,rb_gzfile_sync,0,rb_define_method,ext/zlib/zlib.c,4936,ext/zlib/zlib.c,3586,resolved,rb_gzfile_sync,3.2.3,zlib:ext/zlib/zlib.c:4936:sync,['ext/zlib']
zlib,3.2.3,sync=,cGzipFile,rb_gzfile_set_sync,1,rb_define_method,ext/zlib/zlib.c,4937,ext/zlib/zlib.c,3601,resolved,rb_gzfile_set_sync,3.2.3,zlib:ext/zlib/zlib.c:4937:sync=,['ext/zlib']
zlib,3.2.3,pos,cGzipReader,rb_gzfile_total_out,0,rb_define_method,ext/zlib/zlib.c,4938,ext/zlib/zlib.c,3631,resolved,rb_gzfile_total_out,3.2.3,zlib:ext/zlib/zlib.c:4938:pos,['ext/zlib']
zlib,3.2.3,pos,cGzipWriter,rb_gzfile_total_in,0,rb_define_method,ext/zlib/zlib.c,4939,ext/zlib/zlib.c,3620,resolved,rb_gzfile_total_in,3.2.3,zlib:ext/zlib/zlib.c:4939:pos,['ext/zlib']
zlib,3.2.3,tell,cGzipReader,rb_gzfile_total_out,0,rb_define_method,ext/zlib/zlib.c,4940,ext/zlib/zlib.c,3631,resolved,rb_gzfile_total_out,3.2.3,zlib:ext/zlib/zlib.c:4940:tell,['ext/zlib']
zlib,3.2.3,tell,cGzipWriter,rb_gzfile_total_in,0,rb_define_method,ext/zlib/zlib.c,4941,ext/zlib/zlib.c,3620,resolved,rb_gzfile_total_in,3.2.3,zlib:ext/zlib/zlib.c:4941:tell,['ext/zlib']
zlib,3.2.3,open,cGzipWriter,rb_gzwriter_s_open,-1,rb_define_singleton_method,ext/zlib/zlib.c,4943,ext/zlib/zlib.c,3733,resolved,rb_gzwriter_s_open,3.2.3,zlib:ext/zlib/zlib.c:4943:open,['ext/zlib']
zlib,3.2.3,<allocator>,cGzipWriter,rb_gzwriter_s_allocate,0,rb_define_alloc_func,ext/zlib/zlib.c,4944,ext/zlib/zlib.c,3720,resolved,rb_gzwriter_s_allocate,3.2.3,zlib:ext/zlib/zlib.c:4944:<allocator>,['ext/zlib']
zlib,3.2.3,initialize,cGzipWriter,rb_gzwriter_initialize,-1,rb_define_method,ext/zlib/zlib.c,4945,ext/zlib/zlib.c,3752,resolved,rb_gzwriter_initialize,3.2.3,zlib:ext/zlib/zlib.c:4945:initialize,['ext/zlib']
zlib,3.2.3,flush,cGzipWriter,rb_gzwriter_flush,-1,rb_define_method,ext/zlib/zlib.c,4946,ext/zlib/zlib.c,3793,resolved,rb_gzwriter_flush,3.2.3,zlib:ext/zlib/zlib.c:4946:flush,['ext/zlib']
zlib,3.2.3,write,cGzipWriter,rb_gzwriter_write,-1,rb_define_method,ext/zlib/zlib.c,4947,ext/zlib/zlib.c,3817,resolved,rb_gzwriter_write,3.2.3,zlib:ext/zlib/zlib.c:4947:write,['ext/zlib']
zlib,3.2.3,putc,cGzipWriter,rb_gzwriter_putc,1,rb_define_method,ext/zlib/zlib.c,4948,ext/zlib/zlib.c,3840,resolved,rb_gzwriter_putc,3.2.3,zlib:ext/zlib/zlib.c:4948:putc,['ext/zlib']
zlib,3.2.3,<<,cGzipWriter,rb_gzwriter_addstr,1,rb_define_method,ext/zlib/zlib.c,4949,,,unresolved_function_binding,rb_gzwriter_addstr,3.2.3,zlib:ext/zlib/zlib.c:4949:<<,['ext/zlib']
zlib,3.2.3,printf,cGzipWriter,rb_gzwriter_printf,-1,rb_define_method,ext/zlib/zlib.c,4950,,,unresolved_function_binding,rb_gzwriter_printf,3.2.3,zlib:ext/zlib/zlib.c:4950:printf,['ext/zlib']
zlib,3.2.3,print,cGzipWriter,rb_gzwriter_print,-1,rb_define_method,ext/zlib/zlib.c,4951,,,unresolved_function_binding,rb_gzwriter_print,3.2.3,zlib:ext/zlib/zlib.c:4951:print,['ext/zlib']
zlib,3.2.3,puts,cGzipWriter,rb_gzwriter_puts,-1,rb_define_method,ext/zlib/zlib.c,4952,,,unresolved_function_binding,rb_gzwriter_puts,3.2.3,zlib:ext/zlib/zlib.c:4952:puts,['ext/zlib']
zlib,3.2.3,open,cGzipReader,rb_gzreader_s_open,-1,rb_define_singleton_method,ext/zlib/zlib.c,4954,ext/zlib/zlib.c,3943,resolved,rb_gzreader_s_open,3.2.3,zlib:ext/zlib/zlib.c:4954:open,['ext/zlib']
zlib,3.2.3,zcat,cGzipReader,rb_gzreader_s_zcat,-1,rb_define_singleton_method,ext/zlib/zlib.c,4955,ext/zlib/zlib.c,3965,resolved,rb_gzreader_s_zcat,3.2.3,zlib:ext/zlib/zlib.c:4955:zcat,['ext/zlib']
zlib,3.2.3,<allocator>,cGzipReader,rb_gzreader_s_allocate,0,rb_define_alloc_func,ext/zlib/zlib.c,4956,ext/zlib/zlib.c,3928,resolved,rb_gzreader_s_allocate,3.2.3,zlib:ext/zlib/zlib.c:4956:<allocator>,['ext/zlib']
zlib,3.2.3,initialize,cGzipReader,rb_gzreader_initialize,-1,rb_define_method,ext/zlib/zlib.c,4957,ext/zlib/zlib.c,4020,resolved,rb_gzreader_initialize,3.2.3,zlib:ext/zlib/zlib.c:4957:initialize,['ext/zlib']
zlib,3.2.3,rewind,cGzipReader,rb_gzreader_rewind,0,rb_define_method,ext/zlib/zlib.c,4958,ext/zlib/zlib.c,4054,resolved,rb_gzreader_rewind,3.2.3,zlib:ext/zlib/zlib.c:4958:rewind,['ext/zlib']
zlib,3.2.3,unused,cGzipReader,rb_gzreader_unused,0,rb_define_method,ext/zlib/zlib.c,4959,ext/zlib/zlib.c,4068,resolved,rb_gzreader_unused,3.2.3,zlib:ext/zlib/zlib.c:4959:unused,['ext/zlib']
zlib,3.2.3,read,cGzipReader,rb_gzreader_read,-1,rb_define_method,ext/zlib/zlib.c,4960,ext/zlib/zlib.c,4081,resolved,rb_gzreader_read,3.2.3,zlib:ext/zlib/zlib.c:4960:read,['ext/zlib']
zlib,3.2.3,readpartial,cGzipReader,rb_gzreader_readpartial,-1,rb_define_method,ext/zlib/zlib.c,4961,ext/zlib/zlib.c,4112,resolved,rb_gzreader_readpartial,3.2.3,zlib:ext/zlib/zlib.c:4961:readpartial,['ext/zlib']
zlib,3.2.3,getc,cGzipReader,rb_gzreader_getc,0,rb_define_method,ext/zlib/zlib.c,4962,ext/zlib/zlib.c,4135,resolved,rb_gzreader_getc,3.2.3,zlib:ext/zlib/zlib.c:4962:getc,['ext/zlib']
zlib,3.2.3,getbyte,cGzipReader,rb_gzreader_getbyte,0,rb_define_method,ext/zlib/zlib.c,4963,ext/zlib/zlib.c,4164,resolved,rb_gzreader_getbyte,3.2.3,zlib:ext/zlib/zlib.c:4963:getbyte,['ext/zlib']
zlib,3.2.3,readchar,cGzipReader,rb_gzreader_readchar,0,rb_define_method,ext/zlib/zlib.c,4964,ext/zlib/zlib.c,4148,resolved,rb_gzreader_readchar,3.2.3,zlib:ext/zlib/zlib.c:4964:readchar,['ext/zlib']
zlib,3.2.3,readbyte,cGzipReader,rb_gzreader_readbyte,0,rb_define_method,ext/zlib/zlib.c,4965,ext/zlib/zlib.c,4182,resolved,rb_gzreader_readbyte,3.2.3,zlib:ext/zlib/zlib.c:4965:readbyte,['ext/zlib']
zlib,3.2.3,each_byte,cGzipReader,rb_gzreader_each_byte,0,rb_define_method,ext/zlib/zlib.c,4966,ext/zlib/zlib.c,4216,resolved,rb_gzreader_each_byte,3.2.3,zlib:ext/zlib/zlib.c:4966:each_byte,['ext/zlib']
zlib,3.2.3,each_char,cGzipReader,rb_gzreader_each_char,0,rb_define_method,ext/zlib/zlib.c,4967,ext/zlib/zlib.c,4198,resolved,rb_gzreader_each_char,3.2.3,zlib:ext/zlib/zlib.c:4967:each_char,['ext/zlib']
zlib,3.2.3,ungetc,cGzipReader,rb_gzreader_ungetc,1,rb_define_method,ext/zlib/zlib.c,4968,ext/zlib/zlib.c,4234,resolved,rb_gzreader_ungetc,3.2.3,zlib:ext/zlib/zlib.c:4968:ungetc,['ext/zlib']
zlib,3.2.3,ungetbyte,cGzipReader,rb_gzreader_ungetbyte,1,rb_define_method,ext/zlib/zlib.c,4969,ext/zlib/zlib.c,4256,resolved,rb_gzreader_ungetbyte,3.2.3,zlib:ext/zlib/zlib.c:4969:ungetbyte,['ext/zlib']
zlib,3.2.3,gets,cGzipReader,rb_gzreader_gets,-1,rb_define_method,ext/zlib/zlib.c,4970,ext/zlib/zlib.c,4459,resolved,rb_gzreader_gets,3.2.3,zlib:ext/zlib/zlib.c:4970:gets,['ext/zlib']
zlib,3.2.3,readline,cGzipReader,rb_gzreader_readline,-1,rb_define_method,ext/zlib/zlib.c,4971,ext/zlib/zlib.c,4475,resolved,rb_gzreader_readline,3.2.3,zlib:ext/zlib/zlib.c:4971:readline,['ext/zlib']
zlib,3.2.3,each,cGzipReader,rb_gzreader_each,-1,rb_define_method,ext/zlib/zlib.c,4972,ext/zlib/zlib.c,4491,resolved,rb_gzreader_each,3.2.3,zlib:ext/zlib/zlib.c:4972:each,['ext/zlib']
zlib,3.2.3,each_line,cGzipReader,rb_gzreader_each,-1,rb_define_method,ext/zlib/zlib.c,4973,ext/zlib/zlib.c,4491,resolved,rb_gzreader_each,3.2.3,zlib:ext/zlib/zlib.c:4973:each_line,['ext/zlib']
zlib,3.2.3,readlines,cGzipReader,rb_gzreader_readlines,-1,rb_define_method,ext/zlib/zlib.c,4974,ext/zlib/zlib.c,4509,resolved,rb_gzreader_readlines,3.2.3,zlib:ext/zlib/zlib.c:4974:readlines,['ext/zlib']
zlib,3.2.3,external_encoding,cGzipReader,rb_gzreader_external_encoding,0,rb_define_method,ext/zlib/zlib.c,4975,ext/zlib/zlib.c,4525,resolved,rb_gzreader_external_encoding,3.2.3,zlib:ext/zlib/zlib.c:4975:external_encoding,['ext/zlib']
zlib,3.2.3,gzip,mZlib,zlib_s_gzip,-1,rb_define_singleton_method,ext/zlib/zlib.c,4977,ext/zlib/zlib.c,4579,resolved,zlib_s_gzip,3.2.3,zlib:ext/zlib/zlib.c:4977:gzip,['ext/zlib']
zlib,3.2.3,gunzip,mZlib,zlib_gunzip,1,rb_define_singleton_method,ext/zlib/zlib.c,4978,ext/zlib/zlib.c,4662,resolved,zlib_gunzip,3.2.3,zlib:ext/zlib/zlib.c:4978:gunzip,['ext/zlib']
zstd-ruby,2.0.8,write_skippable_frame,rb_mZstd,rb_write_skippable_frame,-1,rb_define_module_function,ext/zstdruby/skippable_frame.c,61,ext/zstdruby/skippable_frame.c,5,resolved,rb_write_skippable_frame,2.0.8,zstd-ruby:ext/zstdruby/skippable_frame.c:61:write_skippable_frame,['ext/zstdruby']
zstd-ruby,2.0.8,read_skippable_frame,rb_mZstd,rb_read_skippable_frame,1,rb_define_module_function,ext/zstdruby/skippable_frame.c,62,ext/zstdruby/skippable_frame.c,36,resolved,rb_read_skippable_frame,2.0.8,zstd-ruby:ext/zstdruby/skippable_frame.c:62:read_skippable_frame,['ext/zstdruby']
zstd-ruby,2.0.8,<allocator>,cStreamingCompress,rb_streaming_compress_allocate,0,rb_define_alloc_func,ext/zstdruby/streaming_compress.c,229,ext/zstdruby/streaming_compress.c,63,resolved,rb_streaming_compress_allocate,2.0.8,zstd-ruby:ext/zstdruby/streaming_compress.c:229:<allocator>,['ext/zstdruby']
zstd-ruby,2.0.8,initialize,cStreamingCompress,rb_streaming_compress_initialize,-1,rb_define_method,ext/zstdruby/streaming_compress.c,230,ext/zstdruby/streaming_compress.c,75,resolved,rb_streaming_compress_initialize,2.0.8,zstd-ruby:ext/zstdruby/streaming_compress.c:230:initialize,['ext/zstdruby']
zstd-ruby,2.0.8,compress,cStreamingCompress,rb_streaming_compress_compress,1,rb_define_method,ext/zstdruby/streaming_compress.c,231,ext/zstdruby/streaming_compress.c,123,resolved,rb_streaming_compress_compress,2.0.8,zstd-ruby:ext/zstdruby/streaming_compress.c:231:compress,['ext/zstdruby']
zstd-ruby,2.0.8,write,cStreamingCompress,rb_streaming_compress_write,-1,rb_define_method,ext/zstdruby/streaming_compress.c,232,ext/zstdruby/streaming_compress.c,147,resolved,rb_streaming_compress_write,2.0.8,zstd-ruby:ext/zstdruby/streaming_compress.c:232:write,['ext/zstdruby']
zstd-ruby,2.0.8,<<,cStreamingCompress,rb_streaming_compress_addstr,1,rb_define_method,ext/zstdruby/streaming_compress.c,233,,,unresolved_function_binding,rb_streaming_compress_addstr,2.0.8,zstd-ruby:ext/zstdruby/streaming_compress.c:233:<<,['ext/zstdruby']
zstd-ruby,2.0.8,printf,cStreamingCompress,rb_streaming_compress_printf,-1,rb_define_method,ext/zstdruby/streaming_compress.c,234,,,unresolved_function_binding,rb_streaming_compress_printf,2.0.8,zstd-ruby:ext/zstdruby/streaming_compress.c:234:printf,['ext/zstdruby']
zstd-ruby,2.0.8,print,cStreamingCompress,rb_streaming_compress_print,-1,rb_define_method,ext/zstdruby/streaming_compress.c,235,,,unresolved_function_binding,rb_streaming_compress_print,2.0.8,zstd-ruby:ext/zstdruby/streaming_compress.c:235:print,['ext/zstdruby']
zstd-ruby,2.0.8,puts,cStreamingCompress,rb_streaming_compress_puts,-1,rb_define_method,ext/zstdruby/streaming_compress.c,236,,,unresolved_function_binding,rb_streaming_compress_puts,2.0.8,zstd-ruby:ext/zstdruby/streaming_compress.c:236:puts,['ext/zstdruby']
zstd-ruby,2.0.8,flush,cStreamingCompress,rb_streaming_compress_flush,0,rb_define_method,ext/zstdruby/streaming_compress.c,238,ext/zstdruby/streaming_compress.c,200,resolved,rb_streaming_compress_flush,2.0.8,zstd-ruby:ext/zstdruby/streaming_compress.c:238:flush,['ext/zstdruby']
zstd-ruby,2.0.8,finish,cStreamingCompress,rb_streaming_compress_finish,0,rb_define_method,ext/zstdruby/streaming_compress.c,239,ext/zstdruby/streaming_compress.c,212,resolved,rb_streaming_compress_finish,2.0.8,zstd-ruby:ext/zstdruby/streaming_compress.c:239:finish,['ext/zstdruby']
zstd-ruby,2.0.8,<allocator>,cStreamingDecompress,rb_streaming_decompress_allocate,0,rb_define_alloc_func,ext/zstdruby/streaming_decompress.c,149,ext/zstdruby/streaming_decompress.c,59,resolved,rb_streaming_decompress_allocate,2.0.8,zstd-ruby:ext/zstdruby/streaming_decompress.c:149:<allocator>,['ext/zstdruby']
zstd-ruby,2.0.8,initialize,cStreamingDecompress,rb_streaming_decompress_initialize,-1,rb_define_method,ext/zstdruby/streaming_decompress.c,150,ext/zstdruby/streaming_decompress.c,70,resolved,rb_streaming_decompress_initialize,2.0.8,zstd-ruby:ext/zstdruby/streaming_decompress.c:150:initialize,['ext/zstdruby']
zstd-ruby,2.0.8,decompress,cStreamingDecompress,rb_streaming_decompress_decompress,1,rb_define_method,ext/zstdruby/streaming_decompress.c,151,ext/zstdruby/streaming_decompress.c,93,resolved,rb_streaming_decompress_decompress,2.0.8,zstd-ruby:ext/zstdruby/streaming_decompress.c:151:decompress,['ext/zstdruby']
zstd-ruby,2.0.8,decompress_with_pos,cStreamingDecompress,rb_streaming_decompress_decompress_with_pos,1,rb_define_method,ext/zstdruby/streaming_decompress.c,152,ext/zstdruby/streaming_decompress.c,123,resolved,rb_streaming_decompress_decompress_with_pos,2.0.8,zstd-ruby:ext/zstdruby/streaming_decompress.c:152:decompress_with_pos,['ext/zstdruby']
zstd-ruby,2.0.8,zstd_version,rb_mZstd,zstdVersion,0,rb_define_module_function,ext/zstdruby/zstdruby.c,238,ext/zstdruby/zstdruby.c,5,resolved,zstdVersion,2.0.8,zstd-ruby:ext/zstdruby/zstdruby.c:238:zstd_version,['ext/zstdruby']
zstd-ruby,2.0.8,compress,rb_mZstd,rb_compress,-1,rb_define_module_function,ext/zstdruby/zstdruby.c,239,ext/zstdruby/zstdruby.c,11,resolved,rb_compress,2.0.8,zstd-ruby:ext/zstdruby/zstdruby.c:239:compress,['ext/zstdruby']
zstd-ruby,2.0.8,decompress,rb_mZstd,rb_decompress,-1,rb_define_module_function,ext/zstdruby/zstdruby.c,240,ext/zstdruby/zstdruby.c,77,resolved,rb_decompress,2.0.8,zstd-ruby:ext/zstdruby/zstdruby.c:240:decompress,['ext/zstdruby']
zstd-ruby,2.0.8,<allocator>,rb_cCDict,rb_cdict_alloc,0,rb_define_alloc_func,ext/zstdruby/zstdruby.c,242,ext/zstdruby/zstdruby.c,183,resolved,rb_cdict_alloc,2.0.8,zstd-ruby:ext/zstdruby/zstdruby.c:242:<allocator>,['ext/zstdruby']
zstd-ruby,2.0.8,initialize,rb_cCDict,rb_cdict_initialize,-1,rb_define_private_method,ext/zstdruby/zstdruby.c,243,ext/zstdruby/zstdruby.c,189,resolved,rb_cdict_initialize,2.0.8,zstd-ruby:ext/zstdruby/zstdruby.c:243:initialize,['ext/zstdruby']
zstd-ruby,2.0.8,initialize_copy,rb_cCDict,rb_prohibit_copy,1,rb_define_method,ext/zstdruby/zstdruby.c,244,ext/zstdruby/zstdruby.c,230,resolved,rb_prohibit_copy,2.0.8,zstd-ruby:ext/zstdruby/zstdruby.c:244:initialize_copy,['ext/zstdruby']
zstd-ruby,2.0.8,<allocator>,rb_cDDict,rb_ddict_alloc,0,rb_define_alloc_func,ext/zstdruby/zstdruby.c,246,ext/zstdruby/zstdruby.c,209,resolved,rb_ddict_alloc,2.0.8,zstd-ruby:ext/zstdruby/zstdruby.c:246:<allocator>,['ext/zstdruby']
zstd-ruby,2.0.8,initialize,rb_cDDict,rb_ddict_initialize,1,rb_define_private_method,ext/zstdruby/zstdruby.c,247,ext/zstdruby/zstdruby.c,215,resolved,rb_ddict_initialize,2.0.8,zstd-ruby:ext/zstdruby/zstdruby.c:247:initialize,['ext/zstdruby']
zstd-ruby,2.0.8,initialize_copy,rb_cDDict,rb_prohibit_copy,1,rb_define_method,ext/zstdruby/zstdruby.c,248,ext/zstdruby/zstdruby.c,230,resolved,rb_prohibit_copy,2.0.8,zstd-ruby:ext/zstdruby/zstdruby.c:248:initialize_copy,['ext/zstdruby']
