gem,version,ruby_method_name,c_function,argument_index,slot,site_file,site_line,hop_count,argument_label,parameter_name,site_function,callee_or_store,slot_argument_index,slot_expression,ruby_receiver,registration_file,registration_line,entry_id,path,argument_labels,slot_labels,visible_parameters
amatch,0.4.2,pair_distance_similar,rb_str_pair_distance_similar,0,index,ext/amatch_ext.c,1360,0,literal,string,rb_str_pair_distance_similar,indexed-store,-1,0,rb_mAmatchStringMethods,ext/amatch_ext.c,1837,amatch:ext/amatch_ext.c:1837:pair_distance_similar,rb_str_pair_distance_similar,"[{""argument_index"": 0, ""expression"": ""args[0]"", ""label"": ""local""}, {""argument_index"": 1, ""expression"": ""string"", ""label"": ""param"", ""parameters"": [{""index"": 0, ""name"": ""string""}]}]","[{""argument_index"": -1, ""expression"": ""0"", ""label"": ""literal"", ""slot"": ""index""}]","[{""index"": 0, ""name"": ""string""}]"
amatch,0.4.2,pair_distance_similar,rb_str_pair_distance_similar,1,index,ext/amatch_ext.c,1361,0,literal,regexp,rb_str_pair_distance_similar,indexed-store,-1,1,rb_mAmatchStringMethods,ext/amatch_ext.c,1837,amatch:ext/amatch_ext.c:1837:pair_distance_similar,rb_str_pair_distance_similar,"[{""argument_index"": 0, ""expression"": ""args[1]"", ""label"": ""local""}, {""argument_index"": 1, ""expression"": ""regexp"", ""label"": ""param"", ""parameters"": [{""index"": 1, ""name"": ""regexp""}]}]","[{""argument_index"": -1, ""expression"": ""1"", ""label"": ""literal"", ""slot"": ""index""}]","[{""index"": 1, ""name"": ""regexp""}]"
bigdecimal,3.3.1,%,BigDecimal_mod,0,format,ext/bigdecimal/bigdecimal.c,2882,4,literal,r,rb_rational_convert_to_BigDecimal,rb_raise,1,"""can't omit precision for a %""PRIsVALUE"".""",rb_cBigDecimal,ext/bigdecimal/bigdecimal.c,3619,bigdecimal:ext/bigdecimal/bigdecimal.c:3619:%,BigDecimal_mod -> BigDecimal_DoDivmod -> GetBDValueWithPrec -> GetBDValueWithPrecInternal -> rb_rational_convert_to_BigDecimal,"[{""argument_index"": 0, ""expression"": ""rb_eArgError"", ""label"": ""other""}, {""argument_index"": 1, ""expression"": ""\""can't omit precision for a %\""PRIsVALUE\"".\"""", ""label"": ""literal""}, {""argument_index"": 2, ""expression"": ""CLASS_OF(val)"", ""label"": ""param"", ""parameters"": [{""index"": 0, ""name"": ""r""}]}]","[{""argument_index"": 1, ""expression"": ""\""can't omit precision for a %\""PRIsVALUE\"".\"""", ""label"": ""literal"", ""slot"": ""format""}]","[{""index"": 0, ""name"": ""r""}]"
bigdecimal,3.3.1,*,BigDecimal_mult,0,format,ext/bigdecimal/bigdecimal.c,2882,4,literal,r,rb_rational_convert_to_BigDecimal,rb_raise,1,"""can't omit precision for a %""PRIsVALUE"".""",rb_cBigDecimal,ext/bigdecimal/bigdecimal.c,3616,bigdecimal:ext/bigdecimal/bigdecimal.c:3616:*,BigDecimal_mult -> BigDecimal_mult_with_coerce -> GetBDValueWithPrecMust -> GetBDValueWithPrecInternal -> rb_rational_convert_to_BigDecimal,"[{""argument_index"": 0, ""expression"": ""rb_eArgError"", ""label"": ""other""}, {""argument_index"": 1, ""expression"": ""\""can't omit precision for a %\""PRIsVALUE\"".\"""", ""label"": ""literal""}, {""argument_index"": 2, ""expression"": ""CLASS_OF(val)"", ""label"": ""param"", ""parameters"": [{""index"": 0, ""name"": ""r""}]}]","[{""argument_index"": 1, ""expression"": ""\""can't omit precision for a %\""PRIsVALUE\"".\"""", ""label"": ""literal"", ""slot"": ""format""}]","[{""index"": 0, ""name"": ""r""}]"
bigdecimal,3.3.1,+,BigDecimal_add,0,format,ext/bigdecimal/bigdecimal.c,2882,4,literal,r,rb_rational_convert_to_BigDecimal,rb_raise,1,"""can't omit precision for a %""PRIsVALUE"".""",rb_cBigDecimal,ext/bigdecimal/bigdecimal.c,3612,bigdecimal:ext/bigdecimal/bigdecimal.c:3612:+,BigDecimal_add -> BigDecimal_addsub_with_coerce -> GetBDValueWithPrecMust -> GetBDValueWithPrecInternal -> rb_rational_convert_to_BigDecimal,"[{""argument_index"": 0, ""expression"": ""rb_eArgError"", ""label"": ""other""}, {""argument_index"": 1, ""expression"": ""\""can't omit precision for a %\""PRIsVALUE\"".\"""", ""label"": ""literal""}, {""argument_index"": 2, ""expression"": ""CLASS_OF(val)"", ""label"": ""param"", ""parameters"": [{""index"": 0, ""name"": ""r""}]}]","[{""argument_index"": 1, ""expression"": ""\""can't omit precision for a %\""PRIsVALUE\"".\"""", ""label"": ""literal"", ""slot"": ""format""}]","[{""index"": 0, ""name"": ""r""}]"
bigdecimal,3.3.1,-,BigDecimal_sub,0,format,ext/bigdecimal/bigdecimal.c,2882,4,literal,r,rb_rational_convert_to_BigDecimal,rb_raise,1,"""can't omit precision for a %""PRIsVALUE"".""",rb_cBigDecimal,ext/bigdecimal/bigdecimal.c,3613,bigdecimal:ext/bigdecimal/bigdecimal.c:3613:-,BigDecimal_sub -> BigDecimal_addsub_with_coerce -> GetBDValueWithPrecMust -> GetBDValueWithPrecInternal -> rb_rational_convert_to_BigDecimal,"[{""argument_index"": 0, ""expression"": ""rb_eArgError"", ""label"": ""other""}, {""argument_index"": 1, ""expression"": ""\""can't omit precision for a %\""PRIsVALUE\"".\"""", ""label"": ""literal""}, {""argument_index"": 2, ""expression"": ""CLASS_OF(val)"", ""label"": ""param"", ""parameters"": [{""index"": 0, ""name"": ""r""}]}]","[{""argument_index"": 1, ""expression"": ""\""can't omit precision for a %\""PRIsVALUE\"".\"""", ""label"": ""literal"", ""slot"": ""format""}]","[{""index"": 0, ""name"": ""r""}]"
bigdecimal,3.3.1,/,BigDecimal_div,0,format,ext/bigdecimal/bigdecimal.c,2882,4,literal,r,rb_rational_convert_to_BigDecimal,rb_raise,1,"""can't omit precision for a %""PRIsVALUE"".""",rb_cBigDecimal,ext/bigdecimal/bigdecimal.c,3617,bigdecimal:ext/bigdecimal/bigdecimal.c:3617:/,BigDecimal_div -> BigDecimal_div2 -> GetBDValueWithPrecMust -> GetBDValueWithPrecInternal -> rb_rational_convert_to_BigDecimal,"[{""argument_index"": 0, ""expression"": ""rb_eArgError"", ""label"": ""other""}, {""argument_index"": 1, ""expression"": ""\""can't omit precision for a %\""PRIsVALUE\"".\"""", ""label"": ""literal""}, {""argument_index"": 2, ""expression"": ""CLASS_OF(val)"", ""label"": ""param"", ""parameters"": [{""index"": 0, ""name"": ""r""}]}]","[{""argument_index"": 1, ""expression"": ""\""can't omit precision for a %\""PRIsVALUE\"".\"""", ""label"": ""literal"", ""slot"": ""format""}]","[{""index"": 0, ""name"": ""r""}]"
bigdecimal,3.3.1,<,BigDecimal_lt,0,format,ext/bigdecimal/bigdecimal.c,2882,4,literal,r,rb_rational_convert_to_BigDecimal,rb_raise,1,"""can't omit precision for a %""PRIsVALUE"".""",rb_cBigDecimal,ext/bigdecimal/bigdecimal.c,3636,bigdecimal:ext/bigdecimal/bigdecimal.c:3636:<,BigDecimal_lt -> BigDecimalCmp -> GetBDValueWithPrec -> GetBDValueWithPrecInternal -> rb_rational_convert_to_BigDecimal,"[{""argument_index"": 0, ""expression"": ""rb_eArgError"", ""label"": ""other""}, {""argument_index"": 1, ""expression"": ""\""can't omit precision for a %\""PRIsVALUE\"".\"""", ""label"": ""literal""}, {""argument_index"": 2, ""expression"": ""CLASS_OF(val)"", ""label"": ""param"", ""parameters"": [{""index"": 0, ""name"": ""r""}]}]","[{""argument_index"": 1, ""expression"": ""\""can't omit precision for a %\""PRIsVALUE\"".\"""", ""label"": ""literal"", ""slot"": ""format""}]","[{""index"": 0, ""name"": ""r""}]"
bigdecimal,3.3.1,<=,BigDecimal_le,0,format,ext/bigdecimal/bigdecimal.c,2882,4,literal,r,rb_rational_convert_to_BigDecimal,rb_raise,1,"""can't omit precision for a %""PRIsVALUE"".""",rb_cBigDecimal,ext/bigdecimal/bigdecimal.c,3637,bigdecimal:ext/bigdecimal/bigdecimal.c:3637:<=,BigDecimal_le -> BigDecimalCmp -> GetBDValueWithPrec -> GetBDValueWithPrecInternal -> rb_rational_convert_to_BigDecimal,"[{""argument_index"": 0, ""expression"": ""rb_eArgError"", ""label"": ""other""}, {""argument_index"": 1, ""expression"": ""\""can't omit precision for a %\""PRIsVALUE\"".\"""", ""label"": ""literal""}, {""argument_index"": 2, ""expression"": ""CLASS_OF(val)"", ""label"": ""param"", ""parameters"": [{""index"": 0, ""name"": ""r""}]}]","[{""argument_index"": 1, ""expression"": ""\""can't omit precision for a %\""PRIsVALUE\"".\"""", ""label"": ""literal"", ""slot"": ""format""}]","[{""index"": 0, ""name"": ""r""}]"
bigdecimal,3.3.1,<=>,BigDecimal_comp,0,format,ext/bigdecimal/bigdecimal.c,2882,4,literal,r,rb_rational_convert_to_BigDecimal,rb_raise,1,"""can't omit precision for a %""PRIsVALUE"".""",rb_cBigDecimal,ext/bigdecimal/bigdecimal.c,3632,bigdecimal:ext/bigdecimal/bigdecimal.c:3632:<=>,BigDecimal_comp -> BigDecimalCmp -> GetBDValueWithPrec -> GetBDValueWithPrecInternal -> rb_rational_convert_to_BigDecimal,"[{""argument_index"": 0, ""expression"": ""rb_eArgError"", ""label"": ""other""}, {""argument_index"": 1, ""expression"": ""\""can't omit precision for a %\""PRIsVALUE\"".\"""", ""label"": ""literal""}, {""argument_index"": 2, ""expression"": ""CLASS_OF(val)"", ""label"": ""param"", ""parameters"": [{""index"": 0, ""name"": ""r""}]}]","[{""argument_index"": 1, ""expression"": ""\""can't omit precision for a %\""PRIsVALUE\"".\"""", ""label"": ""literal"", ""slot"": ""format""}]","[{""index"": 0, ""name"": ""r""}]"
bigdecimal,3.3.1,==,BigDecimal_eq,0,format,ext/bigdecimal/bigdecimal.c,2882,4,literal,r,rb_rational_convert_to_BigDecimal,rb_raise,1,"""can't omit precision for a %""PRIsVALUE"".""",rb_cBigDecimal,ext/bigdecimal/bigdecimal.c,3633,bigdecimal:ext/bigdecimal/bigdecimal.c:3633:==,BigDecimal_eq -> BigDecimalCmp -> GetBDValueWithPrec -> GetBDValueWithPrecInternal -> rb_rational_convert_to_BigDecimal,"[{""argument_index"": 0, ""expression"": ""rb_eArgError"", ""label"": ""other""}, {""argument_index"": 1, ""expression"": ""\""can't omit precision for a %\""PRIsVALUE\"".\"""", ""label"": ""literal""}, {""argument_index"": 2, ""expression"": ""CLASS_OF(val)"", ""label"": ""param"", ""parameters"": [{""index"": 0, ""name"": ""r""}]}]","[{""argument_index"": 1, ""expression"": ""\""can't omit precision for a %\""PRIsVALUE\"".\"""", ""label"": ""literal"", ""slot"": ""format""}]","[{""index"": 0, ""name"": ""r""}]"
bigdecimal,3.3.1,===,BigDecimal_eq,0,format,ext/bigdecimal/bigdecimal.c,2882,4,literal,r,rb_rational_convert_to_BigDecimal,rb_raise,1,"""can't omit precision for a %""PRIsVALUE"".""",rb_cBigDecimal,ext/bigdecimal/bigdecimal.c,3634,bigdecimal:ext/bigdecimal/bigdecimal.c:3634:===,BigDecimal_eq -> BigDecimalCmp -> GetBDValueWithPrec -> GetBDValueWithPrecInternal -> rb_rational_convert_to_BigDecimal,"[{""argument_index"": 0, ""expression"": ""rb_eArgError"", ""label"": ""other""}, {""argument_index"": 1, ""expression"": ""\""can't omit precision for a %\""PRIsVALUE\"".\"""", ""label"": ""literal""}, {""argument_index"": 2, ""expression"": ""CLASS_OF(val)"", ""label"": ""param"", ""parameters"": [{""index"": 0, ""name"": ""r""}]}]","[{""argument_index"": 1, ""expression"": ""\""can't omit precision for a %\""PRIsVALUE\"".\"""", ""label"": ""literal"", ""slot"": ""format""}]","[{""index"": 0, ""name"": ""r""}]"
bigdecimal,3.3.1,>,BigDecimal_gt,0,format,ext/bigdecimal/bigdecimal.c,2882,4,literal,r,rb_rational_convert_to_BigDecimal,rb_raise,1,"""can't omit precision for a %""PRIsVALUE"".""",rb_cBigDecimal,ext/bigdecimal/bigdecimal.c,3638,bigdecimal:ext/bigdecimal/bigdecimal.c:3638:>,BigDecimal_gt -> BigDecimalCmp -> GetBDValueWithPrec -> GetBDValueWithPrecInternal -> rb_rational_convert_to_BigDecimal,"[{""argument_index"": 0, ""expression"": ""rb_eArgError"", ""label"": ""other""}, {""argument_index"": 1, ""expression"": ""\""can't omit precision for a %\""PRIsVALUE\"".\"""", ""label"": ""literal""}, {""argument_index"": 2, ""expression"": ""CLASS_OF(val)"", ""label"": ""param"", ""parameters"": [{""index"": 0, ""name"": ""r""}]}]","[{""argument_index"": 1, ""expression"": ""\""can't omit precision for a %\""PRIsVALUE\"".\"""", ""label"": ""literal"", ""slot"": ""format""}]","[{""index"": 0, ""name"": ""r""}]"
bigdecimal,3.3.1,>=,BigDecimal_ge,0,format,ext/bigdecimal/bigdecimal.c,2882,4,literal,r,rb_rational_convert_to_BigDecimal,rb_raise,1,"""can't omit precision for a %""PRIsVALUE"".""",rb_cBigDecimal,ext/bigdecimal/bigdecimal.c,3639,bigdecimal:ext/bigdecimal/bigdecimal.c:3639:>=,BigDecimal_ge -> BigDecimalCmp -> GetBDValueWithPrec -> GetBDValueWithPrecInternal -> rb_rational_convert_to_BigDecimal,"[{""argument_index"": 0, ""expression"": ""rb_eArgError"", ""label"": ""other""}, {""argument_index"": 1, ""expression"": ""\""can't omit precision for a %\""PRIsVALUE\"".\"""", ""label"": ""literal""}, {""argument_index"": 2, ""expression"": ""CLASS_OF(val)"", ""label"": ""param"", ""parameters"": [{""index"": 0, ""name"": ""r""}]}]","[{""argument_index"": 1, ""expression"": ""\""can't omit precision for a %\""PRIsVALUE\"".\"""", ""label"": ""literal"", ""slot"": ""format""}]","[{""index"": 0, ""name"": ""r""}]"
bigdecimal,3.3.1,_decimal_shift,BigDecimal_decimal_shift,0,index,ext/bigdecimal/bigdecimal.c,2516,0,local,v,BigDecimal_decimal_shift,indexed-store,-1,i,rb_cBigDecimal,ext/bigdecimal/bigdecimal.c,3650,bigdecimal:ext/bigdecimal/bigdecimal.c:3650:_decimal_shift,BigDecimal_decimal_shift,"[{""argument_index"": 0, ""expression"": ""c.real->frac[i]"", ""label"": ""local""}, {""argument_index"": 1, ""expression"": ""carry * ex + v / iex"", ""label"": ""param"", ""parameters"": [{""index"": 0, ""name"": ""v""}]}]","[{""argument_index"": -1, ""expression"": ""i"", ""label"": ""local"", ""slot"": ""index""}]","[{""index"": 0, ""name"": ""v""}]"
bigdecimal,3.3.1,_decimal_shift,BigDecimal_decimal_shift,0,index,ext/bigdecimal/bigdecimal.c,2524,0,local,v,BigDecimal_decimal_shift,indexed-store,-1,i,rb_cBigDecimal,ext/bigdecimal/bigdecimal.c,3650,bigdecimal:ext/bigdecimal/bigdecimal.c:3650:_decimal_shift,BigDecimal_decimal_shift,"[{""argument_index"": 0, ""expression"": ""c.real->frac[i]"", ""label"": ""local""}, {""argument_index"": 1, ""expression"": ""v % iex * ex + carry"", ""label"": ""param"", ""parameters"": [{""index"": 0, ""name"": ""v""}]}]","[{""argument_index"": -1, ""expression"": ""i"", ""label"": ""local"", ""slot"": ""index""}]","[{""index"": 0, ""name"": ""v""}]"
bigdecimal,3.3.1,add,BigDecimal_add2,0,format,ext/bigdecimal/bigdecimal.c,2882,4,literal,b,rb_rational_convert_to_BigDecimal,rb_raise,1,"""can't omit precision for a %""PRIsVALUE"".""",rb_cBigDecimal,ext/bigdecimal/bigdecimal.c,3602,bigdecimal:ext/bigdecimal/bigdecimal.c:3602:add,BigDecimal_add2 -> BigDecimal_addsub_with_coerce -> GetBDValueWithPrecMust -> GetBDValueWithPrecInternal -> rb_rational_convert_to_BigDecimal,"[{""argument_index"": 0, ""expression"": ""rb_eArgError"", ""label"": ""other""}, {""argument_index"": 1, ""expression"": ""\""can't omit precision for a %\""PRIsVALUE\"".\"""", ""label"": ""literal""}, {""argument_index"": 2, ""expression"": ""CLASS_OF(val)"", ""label"": ""param"", ""parameters"": [{""index"": 0, ""name"": ""b""}]}]","[{""argument_index"": 1, ""expression"": ""\""can't omit precision for a %\""PRIsVALUE\"".\"""", ""label"": ""literal"", ""slot"": ""format""}]","[{""index"": 0, ""name"": ""b""}]"
bigdecimal,3.3.1,coerce,BigDecimal_coerce,0,format,ext/bigdecimal/bigdecimal.c,2882,3,literal,other,rb_rational_convert_to_BigDecimal,rb_raise,1,"""can't omit precision for a %""PRIsVALUE"".""",rb_cBigDecimal,ext/bigdecimal/bigdecimal.c,3642,bigdecimal:ext/bigdecimal/bigdecimal.c:3642:coerce,BigDecimal_coerce -> GetBDValueWithPrecMust -> GetBDValueWithPrecInternal -> rb_rational_convert_to_BigDecimal,"[{""argument_index"": 0, ""expression"": ""rb_eArgError"", ""label"": ""other""}, {""argument_index"": 1, ""expression"": ""\""can't omit precision for a %\""PRIsVALUE\"".\"""", ""label"": ""literal""}, {""argument_index"": 2, ""expression"": ""CLASS_OF(val)"", ""label"": ""param"", ""parameters"": [{""index"": 0, ""name"": ""other""}]}]","[{""argument_index"": 1, ""expression"": ""\""can't omit precision for a %\""PRIsVALUE\"".\"""", ""label"": ""literal"", ""slot"": ""format""}]","[{""index"": 0, ""name"": ""other""}]"
bigdecimal,3.3.1,div,BigDecimal_div3,0,format,ext/bigdecimal/bigdecimal.c,2882,4,literal,b,rb_rational_convert_to_BigDecimal,rb_raise,1,"""can't omit precision for a %""PRIsVALUE"".""",rb_cBigDecimal,ext/bigdecimal/bigdecimal.c,3605,bigdecimal:ext/bigdecimal/bigdecimal.c:3605:div,BigDecimal_div3 -> BigDecimal_div2 -> GetBDValueWithPrecMust -> GetBDValueWithPrecInternal -> rb_rational_convert_to_BigDecimal,"[{""argument_index"": 0, ""expression"": ""rb_eArgError"", ""label"": ""other""}, {""argument_index"": 1, ""expression"": ""\""can't omit precision for a %\""PRIsVALUE\"".\"""", ""label"": ""literal""}, {""argument_index"": 2, ""expression"": ""CLASS_OF(val)"", ""label"": ""param"", ""parameters"": [{""index"": 0, ""name"": ""b""}]}]","[{""argument_index"": 1, ""expression"": ""\""can't omit precision for a %\""PRIsVALUE\"".\"""", ""label"": ""literal"", ""slot"": ""format""}]","[{""index"": 0, ""name"": ""b""}]"
bigdecimal,3.3.1,divmod,BigDecimal_divmod,0,format,ext/bigdecimal/bigdecimal.c,2882,4,literal,r,rb_rational_convert_to_BigDecimal,rb_raise,1,"""can't omit precision for a %""PRIsVALUE"".""",rb_cBigDecimal,ext/bigdecimal/bigdecimal.c,3622,bigdecimal:ext/bigdecimal/bigdecimal.c:3622:divmod,BigDecimal_divmod -> BigDecimal_DoDivmod -> GetBDValueWithPrec -> GetBDValueWithPrecInternal -> rb_rational_convert_to_BigDecimal,"[{""argument_index"": 0, ""expression"": ""rb_eArgError"", ""label"": ""other""}, {""argument_index"": 1, ""expression"": ""\""can't omit precision for a %\""PRIsVALUE\"".\"""", ""label"": ""literal""}, {""argument_index"": 2, ""expression"": ""CLASS_OF(val)"", ""label"": ""param"", ""parameters"": [{""index"": 0, ""name"": ""r""}]}]","[{""argument_index"": 1, ""expression"": ""\""can't omit precision for a %\""PRIsVALUE\"".\"""", ""label"": ""literal"", ""slot"": ""format""}]","[{""index"": 0, ""name"": ""r""}]"
bigdecimal,3.3.1,eql?,BigDecimal_eq,0,format,ext/bigdecimal/bigdecimal.c,2882,4,literal,r,rb_rational_convert_to_BigDecimal,rb_raise,1,"""can't omit precision for a %""PRIsVALUE"".""",rb_cBigDecimal,ext/bigdecimal/bigdecimal.c,3635,bigdecimal:ext/bigdecimal/bigdecimal.c:3635:eql?,BigDecimal_eq -> BigDecimalCmp -> GetBDValueWithPrec -> GetBDValueWithPrecInternal -> rb_rational_convert_to_BigDecimal,"[{""argument_index"": 0, ""expression"": ""rb_eArgError"", ""label"": ""other""}, {""argument_index"": 1, ""expression"": ""\""can't omit precision for a %\""PRIsVALUE\"".\"""", ""label"": ""literal""}, {""argument_index"": 2, ""expression"": ""CLASS_OF(val)"", ""label"": ""param"", ""parameters"": [{""index"": 0, ""name"": ""r""}]}]","[{""argument_index"": 1, ""expression"": ""\""can't omit precision for a %\""PRIsVALUE\"".\"""", ""label"": ""literal"", ""slot"": ""format""}]","[{""index"": 0, ""name"": ""r""}]"
bigdecimal,3.3.1,mode,BigDecimal_mode,1,format,ext/bigdecimal/bigdecimal.c,801,1,literal,val,check_rounding_mode,rb_raise,1,"""invalid rounding mode (%""PRIsVALUE"")""",rb_cBigDecimal,ext/bigdecimal/bigdecimal.c,3462,bigdecimal:ext/bigdecimal/bigdecimal.c:3462:mode,BigDecimal_mode -> check_rounding_mode,"[{""argument_index"": 0, ""expression"": ""rb_eArgError"", ""label"": ""other""}, {""argument_index"": 1, ""expression"": ""\""invalid rounding mode (%\""PRIsVALUE\"")\"""", ""label"": ""literal""}, {""argument_index"": 2, ""expression"": ""v"", ""label"": ""param"", ""parameters"": [{""index"": 1, ""name"": ""val""}]}]","[{""argument_index"": 1, ""expression"": ""\""invalid rounding mode (%\""PRIsVALUE\"")\"""", ""label"": ""literal"", ""slot"": ""format""}]","[{""index"": 1, ""name"": ""val""}]"
bigdecimal,3.3.1,mode,BigDecimal_mode,1,format,ext/bigdecimal/bigdecimal.c,806,1,literal,val,check_rounding_mode,rb_raise,1,"""invalid rounding mode (%""PRIsVALUE"")""",rb_cBigDecimal,ext/bigdecimal/bigdecimal.c,3462,bigdecimal:ext/bigdecimal/bigdecimal.c:3462:mode,BigDecimal_mode -> check_rounding_mode,"[{""argument_index"": 0, ""expression"": ""rb_eArgError"", ""label"": ""other""}, {""argument_index"": 1, ""expression"": ""\""invalid rounding mode (%\""PRIsVALUE\"")\"""", ""label"": ""literal""}, {""argument_index"": 2, ""expression"": ""v"", ""label"": ""param"", ""parameters"": [{""index"": 1, ""name"": ""val""}]}]","[{""argument_index"": 1, ""expression"": ""\""invalid rounding mode (%\""PRIsVALUE\"")\"""", ""label"": ""literal"", ""slot"": ""format""}]","[{""index"": 1, ""name"": ""val""}]"
bigdecimal,3.3.1,modulo,BigDecimal_mod,0,format,ext/bigdecimal/bigdecimal.c,2882,4,literal,r,rb_rational_convert_to_BigDecimal,rb_raise,1,"""can't omit precision for a %""PRIsVALUE"".""",rb_cBigDecimal,ext/bigdecimal/bigdecimal.c,3620,bigdecimal:ext/bigdecimal/bigdecimal.c:3620:modulo,BigDecimal_mod -> BigDecimal_DoDivmod -> GetBDValueWithPrec -> GetBDValueWithPrecInternal -> rb_rational_convert_to_BigDecimal,"[{""argument_index"": 0, ""expression"": ""rb_eArgError"", ""label"": ""other""}, {""argument_index"": 1, ""expression"": ""\""can't omit precision for a %\""PRIsVALUE\"".\"""", ""label"": ""literal""}, {""argument_index"": 2, ""expression"": ""CLASS_OF(val)"", ""label"": ""param"", ""parameters"": [{""index"": 0, ""name"": ""r""}]}]","[{""argument_index"": 1, ""expression"": ""\""can't omit precision for a %\""PRIsVALUE\"".\"""", ""label"": ""literal"", ""slot"": ""format""}]","[{""index"": 0, ""name"": ""r""}]"
bigdecimal,3.3.1,mult,BigDecimal_mult2,0,format,ext/bigdecimal/bigdecimal.c,2882,4,literal,b,rb_rational_convert_to_BigDecimal,rb_raise,1,"""can't omit precision for a %""PRIsVALUE"".""",rb_cBigDecimal,ext/bigdecimal/bigdecimal.c,3604,bigdecimal:ext/bigdecimal/bigdecimal.c:3604:mult,BigDecimal_mult2 -> BigDecimal_mult_with_coerce -> GetBDValueWithPrecMust -> GetBDValueWithPrecInternal -> rb_rational_convert_to_BigDecimal,"[{""argument_index"": 0, ""expression"": ""rb_eArgError"", ""label"": ""other""}, {""argument_index"": 1, ""expression"": ""\""can't omit precision for a %\""PRIsVALUE\"".\"""", ""label"": ""literal""}, {""argument_index"": 2, ""expression"": ""CLASS_OF(val)"", ""label"": ""param"", ""parameters"": [{""index"": 0, ""name"": ""b""}]}]","[{""argument_index"": 1, ""expression"": ""\""can't omit precision for a %\""PRIsVALUE\"".\"""", ""label"": ""literal"", ""slot"": ""format""}]","[{""index"": 0, ""name"": ""b""}]"
bigdecimal,3.3.1,quo,BigDecimal_quo,0,format,ext/bigdecimal/bigdecimal.c,2882,4,literal,value,rb_rational_convert_to_BigDecimal,rb_raise,1,"""can't omit precision for a %""PRIsVALUE"".""",rb_cBigDecimal,ext/bigdecimal/bigdecimal.c,3618,bigdecimal:ext/bigdecimal/bigdecimal.c:3618:quo,BigDecimal_quo -> BigDecimal_div2 -> GetBDValueWithPrecMust -> GetBDValueWithPrecInternal -> rb_rational_convert_to_BigDecimal,"[{""argument_index"": 0, ""expression"": ""rb_eArgError"", ""label"": ""other""}, {""argument_index"": 1, ""expression"": ""\""can't omit precision for a %\""PRIsVALUE\"".\"""", ""label"": ""literal""}, {""argument_index"": 2, ""expression"": ""CLASS_OF(val)"", ""label"": ""param"", ""parameters"": [{""index"": 0, ""name"": ""value""}]}]","[{""argument_index"": 1, ""expression"": ""\""can't omit precision for a %\""PRIsVALUE\"".\"""", ""label"": ""literal"", ""slot"": ""format""}]","[{""index"": 0, ""name"": ""value""}]"
bigdecimal,3.3.1,remainder,BigDecimal_remainder,0,format,ext/bigdecimal/bigdecimal.c,2882,4,literal,r,rb_rational_convert_to_BigDecimal,rb_raise,1,"""can't omit precision for a %""PRIsVALUE"".""",rb_cBigDecimal,ext/bigdecimal/bigdecimal.c,3621,bigdecimal:ext/bigdecimal/bigdecimal.c:3621:remainder,BigDecimal_remainder -> BigDecimal_DoDivmod -> GetBDValueWithPrec -> GetBDValueWithPrecInternal -> rb_rational_convert_to_BigDecimal,"[{""argument_index"": 0, ""expression"": ""rb_eArgError"", ""label"": ""other""}, {""argument_index"": 1, ""expression"": ""\""can't omit precision for a %\""PRIsVALUE\"".\"""", ""label"": ""literal""}, {""argument_index"": 2, ""expression"": ""CLASS_OF(val)"", ""label"": ""param"", ""parameters"": [{""index"": 0, ""name"": ""r""}]}]","[{""argument_index"": 1, ""expression"": ""\""can't omit precision for a %\""PRIsVALUE\"".\"""", ""label"": ""literal"", ""slot"": ""format""}]","[{""index"": 0, ""name"": ""r""}]"
bigdecimal,3.3.1,round,BigDecimal_round,1,format,ext/bigdecimal/bigdecimal.c,801,1,literal,vRound,check_rounding_mode,rb_raise,1,"""invalid rounding mode (%""PRIsVALUE"")""",rb_cBigDecimal,ext/bigdecimal/bigdecimal.c,3628,bigdecimal:ext/bigdecimal/bigdecimal.c:3628:round,BigDecimal_round -> check_rounding_mode,"[{""argument_index"": 0, ""expression"": ""rb_eArgError"", ""label"": ""other""}, {""argument_index"": 1, ""expression"": ""\""invalid rounding mode (%\""PRIsVALUE\"")\"""", ""label"": ""literal""}, {""argument_index"": 2, ""expression"": ""v"", ""label"": ""param"", ""parameters"": [{""index"": 1, ""name"": ""vRound""}]}]","[{""argument_index"": 1, ""expression"": ""\""invalid rounding mode (%\""PRIsVALUE\"")\"""", ""label"": ""literal"", ""slot"": ""format""}]","[{""index"": 1, ""name"": ""vRound""}]"
bigdecimal,3.3.1,round,BigDecimal_round,1,format,ext/bigdecimal/bigdecimal.c,806,1,literal,vRound,check_rounding_mode,rb_raise,1,"""invalid rounding mode (%""PRIsVALUE"")""",rb_cBigDecimal,ext/bigdecimal/bigdecimal.c,3628,bigdecimal:ext/bigdecimal/bigdecimal.c:3628:round,BigDecimal_round -> check_rounding_mode,"[{""argument_index"": 0, ""expression"": ""rb_eArgError"", ""label"": ""other""}, {""argument_index"": 1, ""expression"": ""\""invalid rounding mode (%\""PRIsVALUE\"")\"""", ""label"": ""literal""}, {""argument_index"": 2, ""expression"": ""v"", ""label"": ""param"", ""parameters"": [{""index"": 1, ""name"": ""vRound""}]}]","[{""argument_index"": 1, ""expression"": ""\""invalid rounding mode (%\""PRIsVALUE\"")\"""", ""label"": ""literal"", ""slot"": ""format""}]","[{""index"": 1, ""name"": ""vRound""}]"
bigdecimal,3.3.1,sub,BigDecimal_sub2,0,format,ext/bigdecimal/bigdecimal.c,2882,4,literal,b,rb_rational_convert_to_BigDecimal,rb_raise,1,"""can't omit precision for a %""PRIsVALUE"".""",rb_cBigDecimal,ext/bigdecimal/bigdecimal.c,3603,bigdecimal:ext/bigdecimal/bigdecimal.c:3603:sub,BigDecimal_sub2 -> BigDecimal_addsub_with_coerce -> GetBDValueWithPrecMust -> GetBDValueWithPrecInternal -> rb_rational_convert_to_BigDecimal,"[{""argument_index"": 0, ""expression"": ""rb_eArgError"", ""label"": ""other""}, {""argument_index"": 1, ""expression"": ""\""can't omit precision for a %\""PRIsVALUE\"".\"""", ""label"": ""literal""}, {""argument_index"": 2, ""expression"": ""CLASS_OF(val)"", ""label"": ""param"", ""parameters"": [{""index"": 0, ""name"": ""b""}]}]","[{""argument_index"": 1, ""expression"": ""\""can't omit precision for a %\""PRIsVALUE\"".\"""", ""label"": ""literal"", ""slot"": ""format""}]","[{""index"": 0, ""name"": ""b""}]"
bigdecimal,3.3.1,vpdivd,BigDecimal_vpdivd,0,format,ext/bigdecimal/bigdecimal.c,2882,4,literal,r,rb_rational_convert_to_BigDecimal,rb_raise,1,"""can't omit precision for a %""PRIsVALUE"".""",rb_cBigDecimal,ext/bigdecimal/bigdecimal.c,3654,bigdecimal:ext/bigdecimal/bigdecimal.c:3654:vpdivd,BigDecimal_vpdivd -> GetBDValueMust -> GetBDValueWithPrecMust -> GetBDValueWithPrecInternal -> rb_rational_convert_to_BigDecimal,"[{""argument_index"": 0, ""expression"": ""rb_eArgError"", ""label"": ""other""}, {""argument_index"": 1, ""expression"": ""\""can't omit precision for a %\""PRIsVALUE\"".\"""", ""label"": ""literal""}, {""argument_index"": 2, ""expression"": ""CLASS_OF(val)"", ""label"": ""param"", ""parameters"": [{""index"": 0, ""name"": ""r""}]}]","[{""argument_index"": 1, ""expression"": ""\""can't omit precision for a %\""PRIsVALUE\"".\"""", ""label"": ""literal"", ""slot"": ""format""}]","[{""index"": 0, ""name"": ""r""}]"
bigdecimal,3.3.1,vpmult,BigDecimal_vpmult,0,format,ext/bigdecimal/bigdecimal.c,2882,4,literal,v,rb_rational_convert_to_BigDecimal,rb_raise,1,"""can't omit precision for a %""PRIsVALUE"".""",rb_cBigDecimal,ext/bigdecimal/bigdecimal.c,3655,bigdecimal:ext/bigdecimal/bigdecimal.c:3655:vpmult,BigDecimal_vpmult -> GetBDValueMust -> GetBDValueWithPrecMust -> GetBDValueWithPrecInternal -> rb_rational_convert_to_BigDecimal,"[{""argument_index"": 0, ""expression"": ""rb_eArgError"", ""label"": ""other""}, {""argument_index"": 1, ""expression"": ""\""can't omit precision for a %\""PRIsVALUE\"".\"""", ""label"": ""literal""}, {""argument_index"": 2, ""expression"": ""CLASS_OF(val)"", ""label"": ""param"", ""parameters"": [{""index"": 0, ""name"": ""v""}]}]","[{""argument_index"": 1, ""expression"": ""\""can't omit precision for a %\""PRIsVALUE\"".\"""", ""label"": ""literal"", ""slot"": ""format""}]","[{""index"": 0, ""name"": ""v""}]"
cbor,0.5.10.1,initialize,Packer_initialize,0,format,ext/cbor/packer_class.c,91,0,literal,io,Packer_initialize,rb_raise,1,"""expected Hash but found %s.""",cMessagePack_Packer,ext/cbor/packer_class.c,275,cbor:ext/cbor/packer_class.c:275:initialize,Packer_initialize,"[{""argument_index"": 0, ""expression"": ""rb_eArgError"", ""label"": ""other""}, {""argument_index"": 1, ""expression"": ""\""expected Hash but found %s.\"""", ""label"": ""literal""}, {""argument_index"": 2, ""expression"": ""rb_obj_classname(io)"", ""label"": ""param"", ""parameters"": [{""index"": 0, ""name"": ""io""}]}]","[{""argument_index"": 1, ""expression"": ""\""expected Hash but found %s.\"""", ""label"": ""literal"", ""slot"": ""format""}]","[{""index"": 0, ""name"": ""io""}]"
cbor,0.5.10.1,initialize,Buffer_initialize,0,format,ext/cbor/buffer_class.c,146,0,literal,io,Buffer_initialize,rb_raise,1,"""expected Hash but found %s.""",cMessagePack_Buffer,ext/cbor/buffer_class.c,499,cbor:ext/cbor/buffer_class.c:499:initialize,Buffer_initialize,"[{""argument_index"": 0, ""expression"": ""rb_eArgError"", ""label"": ""other""}, {""argument_index"": 1, ""expression"": ""\""expected Hash but found %s.\"""", ""label"": ""literal""}, {""argument_index"": 2, ""expression"": ""rb_obj_classname(io)"", ""label"": ""param"", ""parameters"": [{""index"": 0, ""name"": ""io""}]}]","[{""argument_index"": 1, ""expression"": ""\""expected Hash but found %s.\"""", ""label"": ""literal"", ""slot"": ""format""}]","[{""index"": 0, ""name"": ""io""}]"
cbor,0.5.10.1,initialize,Unpacker_initialize,1,format,ext/cbor/unpacker_class.c,90,0,literal,options,Unpacker_initialize,rb_raise,1,"""expected Hash but found %s.""",cMessagePack_Unpacker,ext/cbor/unpacker_class.c,404,cbor:ext/cbor/unpacker_class.c:404:initialize,Unpacker_initialize,"[{""argument_index"": 0, ""expression"": ""rb_eArgError"", ""label"": ""other""}, {""argument_index"": 1, ""expression"": ""\""expected Hash but found %s.\"""", ""label"": ""literal""}, {""argument_index"": 2, ""expression"": ""rb_obj_classname(options)"", ""label"": ""param"", ""parameters"": [{""index"": 1, ""name"": ""options""}]}]","[{""argument_index"": 1, ""expression"": ""\""expected Hash but found %s.\"""", ""label"": ""literal"", ""slot"": ""format""}]","[{""index"": 1, ""name"": ""options""}]"
cgi,0.5.1,escapeHTML,cgiesc_escape_html,0,size,ext/cgi/escape/escape.c,50,1,"param(str,0)",str,optimized_escape_html,ALLOCV_N,2,escaped_length(str),rb_mEscapeExt,ext/cgi/escape/escape.c,477,cgi:ext/cgi/escape/escape.c:477:escapeHTML,cgiesc_escape_html -> optimized_escape_html,"[{""argument_index"": 0, ""expression"": ""char"", ""label"": ""other""}, {""argument_index"": 1, ""expression"": ""vbuf"", ""label"": ""local""}, {""argument_index"": 2, ""expression"": ""escaped_length(str)"", ""label"": ""param"", ""parameters"": [{""index"": 0, ""name"": ""str""}]}]","[{""argument_index"": 2, ""expression"": ""escaped_length(str)"", ""label"": ""param"", ""parameters"": [{""index"": 0, ""name"": ""str""}], ""slot"": ""size""}]","[{""index"": 0, ""name"": ""str""}]"
date,3.5.1,_valid_civil?,date_s__valid_civil_p,0,index,ext/date/date_core.c,2572,0,literal,vy,date_s__valid_civil_p,indexed-store,-1,0,CLASS_OF(cDate),ext/date/date_core.c,9644,date:ext/date/date_core.c:9644:_valid_civil?,date_s__valid_civil_p,"[{""argument_index"": 0, ""expression"": ""argv2[0]"", ""label"": ""local""}, {""argument_index"": 1, ""expression"": ""vy"", ""label"": ""param"", ""parameters"": [{""index"": 0, ""name"": ""vy""}]}]","[{""argument_index"": -1, ""expression"": ""0"", ""label"": ""literal"", ""slot"": ""index""}]","[{""index"": 0, ""name"": ""vy""}]"
date,3.5.1,_valid_civil?,date_s__valid_civil_p,1,index,ext/date/date_core.c,2573,0,literal,vm,date_s__valid_civil_p,indexed-store,-1,1,CLASS_OF(cDate),ext/date/date_core.c,9644,date:ext/date/date_core.c:9644:_valid_civil?,date_s__valid_civil_p,"[{""argument_index"": 0, ""expression"": ""argv2[1]"", ""label"": ""local""}, {""argument_index"": 1, ""expression"": ""vm"", ""label"": ""param"", ""parameters"": [{""index"": 1, ""name"": ""vm""}]}]","[{""argument_index"": -1, ""expression"": ""1"", ""label"": ""literal"", ""slot"": ""index""}]","[{""index"": 1, ""name"": ""vm""}]"
date,3.5.1,_valid_civil?,date_s__valid_civil_p,2,index,ext/date/date_core.c,2574,0,literal,vd,date_s__valid_civil_p,indexed-store,-1,2,CLASS_OF(cDate),ext/date/date_core.c,9644,date:ext/date/date_core.c:9644:_valid_civil?,date_s__valid_civil_p,"[{""argument_index"": 0, ""expression"": ""argv2[2]"", ""label"": ""local""}, {""argument_index"": 1, ""expression"": ""vd"", ""label"": ""param"", ""parameters"": [{""index"": 2, ""name"": ""vd""}]}]","[{""argument_index"": -1, ""expression"": ""2"", ""label"": ""literal"", ""slot"": ""index""}]","[{""index"": 2, ""name"": ""vd""}]"
date,3.5.1,_valid_civil?,date_s__valid_civil_p,3,index,ext/date/date_core.c,2578,0,literal,vsg,date_s__valid_civil_p,indexed-store,-1,3,CLASS_OF(cDate),ext/date/date_core.c,9644,date:ext/date/date_core.c:9644:_valid_civil?,date_s__valid_civil_p,"[{""argument_index"": 0, ""expression"": ""argv2[3]"", ""label"": ""local""}, {""argument_index"": 1, ""expression"": ""vsg"", ""label"": ""param"", ""parameters"": [{""index"": 3, ""name"": ""vsg""}]}]","[{""argument_index"": -1, ""expression"": ""3"", ""label"": ""literal"", ""slot"": ""index""}]","[{""index"": 3, ""name"": ""vsg""}]"
date,3.5.1,_valid_commercial?,date_s__valid_commercial_p,0,index,ext/date/date_core.c,2749,0,literal,vy,date_s__valid_commercial_p,indexed-store,-1,0,CLASS_OF(cDate),ext/date/date_core.c,9648,date:ext/date/date_core.c:9648:_valid_commercial?,date_s__valid_commercial_p,"[{""argument_index"": 0, ""expression"": ""argv2[0]"", ""label"": ""local""}, {""argument_index"": 1, ""expression"": ""vy"", ""label"": ""param"", ""parameters"": [{""index"": 0, ""name"": ""vy""}]}]","[{""argument_index"": -1, ""expression"": ""0"", ""label"": ""literal"", ""slot"": ""index""}]","[{""index"": 0, ""name"": ""vy""}]"
date,3.5.1,_valid_commercial?,date_s__valid_commercial_p,1,index,ext/date/date_core.c,2750,0,literal,vw,date_s__valid_commercial_p,indexed-store,-1,1,CLASS_OF(cDate),ext/date/date_core.c,9648,date:ext/date/date_core.c:9648:_valid_commercial?,date_s__valid_commercial_p,"[{""argument_index"": 0, ""expression"": ""argv2[1]"", ""label"": ""local""}, {""argument_index"": 1, ""expression"": ""vw"", ""label"": ""param"", ""parameters"": [{""index"": 1, ""name"": ""vw""}]}]","[{""argument_index"": -1, ""expression"": ""1"", ""label"": ""literal"", ""slot"": ""index""}]","[{""index"": 1, ""name"": ""vw""}]"
date,3.5.1,_valid_commercial?,date_s__valid_commercial_p,2,index,ext/date/date_core.c,2751,0,literal,vd,date_s__valid_commercial_p,indexed-store,-1,2,CLASS_OF(cDate),ext/date/date_core.c,9648,date:ext/date/date_core.c:9648:_valid_commercial?,date_s__valid_commercial_p,"[{""argument_index"": 0, ""expression"": ""argv2[2]"", ""label"": ""local""}, {""argument_index"": 1, ""expression"": ""vd"", ""label"": ""param"", ""parameters"": [{""index"": 2, ""name"": ""vd""}]}]","[{""argument_index"": -1, ""expression"": ""2"", ""label"": ""literal"", ""slot"": ""index""}]","[{""index"": 2, ""name"": ""vd""}]"
date,3.5.1,_valid_commercial?,date_s__valid_commercial_p,3,index,ext/date/date_core.c,2755,0,literal,vsg,date_s__valid_commercial_p,indexed-store,-1,3,CLASS_OF(cDate),ext/date/date_core.c,9648,date:ext/date/date_core.c:9648:_valid_commercial?,date_s__valid_commercial_p,"[{""argument_index"": 0, ""expression"": ""argv2[3]"", ""label"": ""local""}, {""argument_index"": 1, ""expression"": ""vsg"", ""label"": ""param"", ""parameters"": [{""index"": 3, ""name"": ""vsg""}]}]","[{""argument_index"": -1, ""expression"": ""3"", ""label"": ""literal"", ""slot"": ""index""}]","[{""index"": 3, ""name"": ""vsg""}]"
date,3.5.1,_valid_date?,date_s__valid_civil_p,0,index,ext/date/date_core.c,2572,0,literal,vy,date_s__valid_civil_p,indexed-store,-1,0,CLASS_OF(cDate),ext/date/date_core.c,9646,date:ext/date/date_core.c:9646:_valid_date?,date_s__valid_civil_p,"[{""argument_index"": 0, ""expression"": ""argv2[0]"", ""label"": ""local""}, {""argument_index"": 1, ""expression"": ""vy"", ""label"": ""param"", ""parameters"": [{""index"": 0, ""name"": ""vy""}]}]","[{""argument_index"": -1, ""expression"": ""0"", ""label"": ""literal"", ""slot"": ""index""}]","[{""index"": 0, ""name"": ""vy""}]"
date,3.5.1,_valid_date?,date_s__valid_civil_p,1,index,ext/date/date_core.c,2573,0,literal,vm,date_s__valid_civil_p,indexed-store,-1,1,CLASS_OF(cDate),ext/date/date_core.c,9646,date:ext/date/date_core.c:9646:_valid_date?,date_s__valid_civil_p,"[{""argument_index"": 0, ""expression"": ""argv2[1]"", ""label"": ""local""}, {""argument_index"": 1, ""expression"": ""vm"", ""label"": ""param"", ""parameters"": [{""index"": 1, ""name"": ""vm""}]}]","[{""argument_index"": -1, ""expression"": ""1"", ""label"": ""literal"", ""slot"": ""index""}]","[{""index"": 1, ""name"": ""vm""}]"
date,3.5.1,_valid_date?,date_s__valid_civil_p,2,index,ext/date/date_core.c,2574,0,literal,vd,date_s__valid_civil_p,indexed-store,-1,2,CLASS_OF(cDate),ext/date/date_core.c,9646,date:ext/date/date_core.c:9646:_valid_date?,date_s__valid_civil_p,"[{""argument_index"": 0, ""expression"": ""argv2[2]"", ""label"": ""local""}, {""argument_index"": 1, ""expression"": ""vd"", ""label"": ""param"", ""parameters"": [{""index"": 2, ""name"": ""vd""}]}]","[{""argument_index"": -1, ""expression"": ""2"", ""label"": ""literal"", ""slot"": ""index""}]","[{""index"": 2, ""name"": ""vd""}]"
date,3.5.1,_valid_date?,date_s__valid_civil_p,3,index,ext/date/date_core.c,2578,0,literal,vsg,date_s__valid_civil_p,indexed-store,-1,3,CLASS_OF(cDate),ext/date/date_core.c,9646,date:ext/date/date_core.c:9646:_valid_date?,date_s__valid_civil_p,"[{""argument_index"": 0, ""expression"": ""argv2[3]"", ""label"": ""local""}, {""argument_index"": 1, ""expression"": ""vsg"", ""label"": ""param"", ""parameters"": [{""index"": 3, ""name"": ""vsg""}]}]","[{""argument_index"": -1, ""expression"": ""3"", ""label"": ""literal"", ""slot"": ""index""}]","[{""index"": 3, ""name"": ""vsg""}]"
date,3.5.1,_valid_jd?,date_s__valid_jd_p,0,index,ext/date/date_core.c,2482,0,literal,vjd,date_s__valid_jd_p,indexed-store,-1,0,CLASS_OF(cDate),ext/date/date_core.c,9640,date:ext/date/date_core.c:9640:_valid_jd?,date_s__valid_jd_p,"[{""argument_index"": 0, ""expression"": ""argv2[0]"", ""label"": ""local""}, {""argument_index"": 1, ""expression"": ""vjd"", ""label"": ""param"", ""parameters"": [{""index"": 0, ""name"": ""vjd""}]}]","[{""argument_index"": -1, ""expression"": ""0"", ""label"": ""literal"", ""slot"": ""index""}]","[{""index"": 0, ""name"": ""vjd""}]"
date,3.5.1,_valid_jd?,date_s__valid_jd_p,1,index,ext/date/date_core.c,2486,0,literal,vsg,date_s__valid_jd_p,indexed-store,-1,1,CLASS_OF(cDate),ext/date/date_core.c,9640,date:ext/date/date_core.c:9640:_valid_jd?,date_s__valid_jd_p,"[{""argument_index"": 0, ""expression"": ""argv2[1]"", ""label"": ""local""}, {""argument_index"": 1, ""expression"": ""vsg"", ""label"": ""param"", ""parameters"": [{""index"": 1, ""name"": ""vsg""}]}]","[{""argument_index"": -1, ""expression"": ""1"", ""label"": ""literal"", ""slot"": ""index""}]","[{""index"": 1, ""name"": ""vsg""}]"
date,3.5.1,_valid_nth_kday?,date_s__valid_nth_kday_p,0,index,ext/date/date_core.c,2916,0,literal,vy,date_s__valid_nth_kday_p,indexed-store,-1,0,CLASS_OF(cDate),ext/date/date_core.c,9652,date:ext/date/date_core.c:9652:_valid_nth_kday?,date_s__valid_nth_kday_p,"[{""argument_index"": 0, ""expression"": ""argv2[0]"", ""label"": ""local""}, {""argument_index"": 1, ""expression"": ""vy"", ""label"": ""param"", ""parameters"": [{""index"": 0, ""name"": ""vy""}]}]","[{""argument_index"": -1, ""expression"": ""0"", ""label"": ""literal"", ""slot"": ""index""}]","[{""index"": 0, ""name"": ""vy""}]"
date,3.5.1,_valid_nth_kday?,date_s__valid_nth_kday_p,1,index,ext/date/date_core.c,2917,0,literal,vm,date_s__valid_nth_kday_p,indexed-store,-1,1,CLASS_OF(cDate),ext/date/date_core.c,9652,date:ext/date/date_core.c:9652:_valid_nth_kday?,date_s__valid_nth_kday_p,"[{""argument_index"": 0, ""expression"": ""argv2[1]"", ""label"": ""local""}, {""argument_index"": 1, ""expression"": ""vm"", ""label"": ""param"", ""parameters"": [{""index"": 1, ""name"": ""vm""}]}]","[{""argument_index"": -1, ""expression"": ""1"", ""label"": ""literal"", ""slot"": ""index""}]","[{""index"": 1, ""name"": ""vm""}]"
date,3.5.1,_valid_nth_kday?,date_s__valid_nth_kday_p,2,index,ext/date/date_core.c,2918,0,literal,vn,date_s__valid_nth_kday_p,indexed-store,-1,2,CLASS_OF(cDate),ext/date/date_core.c,9652,date:ext/date/date_core.c:9652:_valid_nth_kday?,date_s__valid_nth_kday_p,"[{""argument_index"": 0, ""expression"": ""argv2[2]"", ""label"": ""local""}, {""argument_index"": 1, ""expression"": ""vn"", ""label"": ""param"", ""parameters"": [{""index"": 2, ""name"": ""vn""}]}]","[{""argument_index"": -1, ""expression"": ""2"", ""label"": ""literal"", ""slot"": ""index""}]","[{""index"": 2, ""name"": ""vn""}]"
date,3.5.1,_valid_nth_kday?,date_s__valid_nth_kday_p,3,index,ext/date/date_core.c,2919,0,literal,vk,date_s__valid_nth_kday_p,indexed-store,-1,3,CLASS_OF(cDate),ext/date/date_core.c,9652,date:ext/date/date_core.c:9652:_valid_nth_kday?,date_s__valid_nth_kday_p,"[{""argument_index"": 0, ""expression"": ""argv2[3]"", ""label"": ""local""}, {""argument_index"": 1, ""expression"": ""vk"", ""label"": ""param"", ""parameters"": [{""index"": 3, ""name"": ""vk""}]}]","[{""argument_index"": -1, ""expression"": ""3"", ""label"": ""literal"", ""slot"": ""index""}]","[{""index"": 3, ""name"": ""vk""}]"
date,3.5.1,_valid_nth_kday?,date_s__valid_nth_kday_p,4,index,ext/date/date_core.c,2923,0,literal,vsg,date_s__valid_nth_kday_p,indexed-store,-1,4,CLASS_OF(cDate),ext/date/date_core.c,9652,date:ext/date/date_core.c:9652:_valid_nth_kday?,date_s__valid_nth_kday_p,"[{""argument_index"": 0, ""expression"": ""argv2[4]"", ""label"": ""local""}, {""argument_index"": 1, ""expression"": ""vsg"", ""label"": ""param"", ""parameters"": [{""index"": 4, ""name"": ""vsg""}]}]","[{""argument_index"": -1, ""expression"": ""4"", ""label"": ""literal"", ""slot"": ""index""}]","[{""index"": 4, ""name"": ""vsg""}]"
date,3.5.1,_valid_ordinal?,date_s__valid_ordinal_p,0,index,ext/date/date_core.c,2662,0,literal,vy,date_s__valid_ordinal_p,indexed-store,-1,0,CLASS_OF(cDate),ext/date/date_core.c,9642,date:ext/date/date_core.c:9642:_valid_ordinal?,date_s__valid_ordinal_p,"[{""argument_index"": 0, ""expression"": ""argv2[0]"", ""label"": ""local""}, {""argument_index"": 1, ""expression"": ""vy"", ""label"": ""param"", ""parameters"": [{""index"": 0, ""name"": ""vy""}]}]","[{""argument_index"": -1, ""expression"": ""0"", ""label"": ""literal"", ""slot"": ""index""}]","[{""index"": 0, ""name"": ""vy""}]"
date,3.5.1,_valid_ordinal?,date_s__valid_ordinal_p,1,index,ext/date/date_core.c,2663,0,literal,vd,date_s__valid_ordinal_p,indexed-store,-1,1,CLASS_OF(cDate),ext/date/date_core.c,9642,date:ext/date/date_core.c:9642:_valid_ordinal?,date_s__valid_ordinal_p,"[{""argument_index"": 0, ""expression"": ""argv2[1]"", ""label"": ""local""}, {""argument_index"": 1, ""expression"": ""vd"", ""label"": ""param"", ""parameters"": [{""index"": 1, ""name"": ""vd""}]}]","[{""argument_index"": -1, ""expression"": ""1"", ""label"": ""literal"", ""slot"": ""index""}]","[{""index"": 1, ""name"": ""vd""}]"
date,3.5.1,_valid_ordinal?,date_s__valid_ordinal_p,2,index,ext/date/date_core.c,2667,0,literal,vsg,date_s__valid_ordinal_p,indexed-store,-1,2,CLASS_OF(cDate),ext/date/date_core.c,9642,date:ext/date/date_core.c:9642:_valid_ordinal?,date_s__valid_ordinal_p,"[{""argument_index"": 0, ""expression"": ""argv2[2]"", ""label"": ""local""}, {""argument_index"": 1, ""expression"": ""vsg"", ""label"": ""param"", ""parameters"": [{""index"": 2, ""name"": ""vsg""}]}]","[{""argument_index"": -1, ""expression"": ""2"", ""label"": ""literal"", ""slot"": ""index""}]","[{""index"": 2, ""name"": ""vsg""}]"
date,3.5.1,_valid_weeknum?,date_s__valid_weeknum_p,0,index,ext/date/date_core.c,2843,0,literal,vy,date_s__valid_weeknum_p,indexed-store,-1,0,CLASS_OF(cDate),ext/date/date_core.c,9650,date:ext/date/date_core.c:9650:_valid_weeknum?,date_s__valid_weeknum_p,"[{""argument_index"": 0, ""expression"": ""argv2[0]"", ""label"": ""local""}, {""argument_index"": 1, ""expression"": ""vy"", ""label"": ""param"", ""parameters"": [{""index"": 0, ""name"": ""vy""}]}]","[{""argument_index"": -1, ""expression"": ""0"", ""label"": ""literal"", ""slot"": ""index""}]","[{""index"": 0, ""name"": ""vy""}]"
date,3.5.1,_valid_weeknum?,date_s__valid_weeknum_p,1,index,ext/date/date_core.c,2844,0,literal,vw,date_s__valid_weeknum_p,indexed-store,-1,1,CLASS_OF(cDate),ext/date/date_core.c,9650,date:ext/date/date_core.c:9650:_valid_weeknum?,date_s__valid_weeknum_p,"[{""argument_index"": 0, ""expression"": ""argv2[1]"", ""label"": ""local""}, {""argument_index"": 1, ""expression"": ""vw"", ""label"": ""param"", ""parameters"": [{""index"": 1, ""name"": ""vw""}]}]","[{""argument_index"": -1, ""expression"": ""1"", ""label"": ""literal"", ""slot"": ""index""}]","[{""index"": 1, ""name"": ""vw""}]"
date,3.5.1,_valid_weeknum?,date_s__valid_weeknum_p,2,index,ext/date/date_core.c,2845,0,literal,vd,date_s__valid_weeknum_p,indexed-store,-1,2,CLASS_OF(cDate),ext/date/date_core.c,9650,date:ext/date/date_core.c:9650:_valid_weeknum?,date_s__valid_weeknum_p,"[{""argument_index"": 0, ""expression"": ""argv2[2]"", ""label"": ""local""}, {""argument_index"": 1, ""expression"": ""vd"", ""label"": ""param"", ""parameters"": [{""index"": 2, ""name"": ""vd""}]}]","[{""argument_index"": -1, ""expression"": ""2"", ""label"": ""literal"", ""slot"": ""index""}]","[{""index"": 2, ""name"": ""vd""}]"
date,3.5.1,_valid_weeknum?,date_s__valid_weeknum_p,3,index,ext/date/date_core.c,2846,0,literal,vf,date_s__valid_weeknum_p,indexed-store,-1,3,CLASS_OF(cDate),ext/date/date_core.c,9650,date:ext/date/date_core.c:9650:_valid_weeknum?,date_s__valid_weeknum_p,"[{""argument_index"": 0, ""expression"": ""argv2[3]"", ""label"": ""local""}, {""argument_index"": 1, ""expression"": ""vf"", ""label"": ""param"", ""parameters"": [{""index"": 3, ""name"": ""vf""}]}]","[{""argument_index"": -1, ""expression"": ""3"", ""label"": ""literal"", ""slot"": ""index""}]","[{""index"": 3, ""name"": ""vf""}]"
date,3.5.1,_valid_weeknum?,date_s__valid_weeknum_p,4,index,ext/date/date_core.c,2850,0,literal,vsg,date_s__valid_weeknum_p,indexed-store,-1,4,CLASS_OF(cDate),ext/date/date_core.c,9650,date:ext/date/date_core.c:9650:_valid_weeknum?,date_s__valid_weeknum_p,"[{""argument_index"": 0, ""expression"": ""argv2[4]"", ""label"": ""local""}, {""argument_index"": 1, ""expression"": ""vsg"", ""label"": ""param"", ""parameters"": [{""index"": 4, ""name"": ""vsg""}]}]","[{""argument_index"": -1, ""expression"": ""4"", ""label"": ""literal"", ""slot"": ""index""}]","[{""index"": 4, ""name"": ""vsg""}]"
date,3.5.1,deconstruct_keys,dt_lite_deconstruct_keys,0,format,ext/date/date_core.c,7451,1,literal,keys,deconstruct_keys,rb_raise,1,"""wrong argument type %""PRIsVALUE"" (expected Array or nil)""",cDateTime,ext/date/date_core.c,10030,date:ext/date/date_core.c:10030:deconstruct_keys,dt_lite_deconstruct_keys -> deconstruct_keys,"[{""argument_index"": 0, ""expression"": ""rb_eTypeError"", ""label"": ""other""}, {""argument_index"": 1, ""expression"": ""\""wrong argument type %\""PRIsVALUE\"" (expected Array or nil)\"""", ""label"": ""literal""}, {""argument_index"": 2, ""expression"": ""rb_obj_class(keys)"", ""label"": ""param"", ""parameters"": [{""index"": 0, ""name"": ""keys""}]}]","[{""argument_index"": 1, ""expression"": ""\""wrong argument type %\""PRIsVALUE\"" (expected Array or nil)\"""", ""label"": ""literal"", ""slot"": ""format""}]","[{""index"": 0, ""name"": ""keys""}]"
date,3.5.1,httpdate,date_s_httpdate,0,index,ext/date/date_core.c,4939,0,literal,str,date_s_httpdate,indexed-store,-1,0,cDate,ext/date/date_core.c,9710,date:ext/date/date_core.c:9710:httpdate,date_s_httpdate,"[{""argument_index"": 0, ""expression"": ""argv2[0]"", ""label"": ""local""}, {""argument_index"": 1, ""expression"": ""str"", ""label"": ""param"", ""parameters"": [{""index"": 0, ""name"": ""str""}]}]","[{""argument_index"": -1, ""expression"": ""0"", ""label"": ""literal"", ""slot"": ""index""}]","[{""index"": 0, ""name"": ""str""}]"
date,3.5.1,httpdate,datetime_s_httpdate,0,index,ext/date/date_core.c,8642,0,literal,str,datetime_s_httpdate,indexed-store,-1,0,cDateTime,ext/date/date_core.c,10005,date:ext/date/date_core.c:10005:httpdate,datetime_s_httpdate,"[{""argument_index"": 0, ""expression"": ""argv2[0]"", ""label"": ""local""}, {""argument_index"": 1, ""expression"": ""str"", ""label"": ""param"", ""parameters"": [{""index"": 0, ""name"": ""str""}]}]","[{""argument_index"": -1, ""expression"": ""0"", ""label"": ""literal"", ""slot"": ""index""}]","[{""index"": 0, ""name"": ""str""}]"
date,3.5.1,iso8601,date_s_iso8601,0,index,ext/date/date_core.c,4663,0,literal,str,date_s_iso8601,indexed-store,-1,0,cDate,ext/date/date_core.c,9700,date:ext/date/date_core.c:9700:iso8601,date_s_iso8601,"[{""argument_index"": 0, ""expression"": ""argv2[0]"", ""label"": ""local""}, {""argument_index"": 1, ""expression"": ""str"", ""label"": ""param"", ""parameters"": [{""index"": 0, ""name"": ""str""}]}]","[{""argument_index"": -1, ""expression"": ""0"", ""label"": ""literal"", ""slot"": ""index""}]","[{""index"": 0, ""name"": ""str""}]"
date,3.5.1,iso8601,datetime_s_iso8601,0,index,ext/date/date_core.c,8485,0,literal,str,datetime_s_iso8601,indexed-store,-1,0,cDateTime,ext/date/date_core.c,9995,date:ext/date/date_core.c:9995:iso8601,datetime_s_iso8601,"[{""argument_index"": 0, ""expression"": ""argv2[0]"", ""label"": ""local""}, {""argument_index"": 1, ""expression"": ""str"", ""label"": ""param"", ""parameters"": [{""index"": 0, ""name"": ""str""}]}]","[{""argument_index"": -1, ""expression"": ""0"", ""label"": ""literal"", ""slot"": ""index""}]","[{""index"": 0, ""name"": ""str""}]"
date,3.5.1,jisx0301,date_s_jisx0301,0,index,ext/date/date_core.c,5011,0,literal,str,date_s_jisx0301,indexed-store,-1,0,cDate,ext/date/date_core.c,9712,date:ext/date/date_core.c:9712:jisx0301,date_s_jisx0301,"[{""argument_index"": 0, ""expression"": ""argv2[0]"", ""label"": ""local""}, {""argument_index"": 1, ""expression"": ""str"", ""label"": ""param"", ""parameters"": [{""index"": 0, ""name"": ""str""}]}]","[{""argument_index"": -1, ""expression"": ""0"", ""label"": ""literal"", ""slot"": ""index""}]","[{""index"": 0, ""name"": ""str""}]"
date,3.5.1,jisx0301,datetime_s_jisx0301,0,index,ext/date/date_core.c,8686,0,literal,str,datetime_s_jisx0301,indexed-store,-1,0,cDateTime,ext/date/date_core.c,10007,date:ext/date/date_core.c:10007:jisx0301,datetime_s_jisx0301,"[{""argument_index"": 0, ""expression"": ""argv2[0]"", ""label"": ""local""}, {""argument_index"": 1, ""expression"": ""str"", ""label"": ""param"", ""parameters"": [{""index"": 0, ""name"": ""str""}]}]","[{""argument_index"": -1, ""expression"": ""0"", ""label"": ""literal"", ""slot"": ""index""}]","[{""index"": 0, ""name"": ""str""}]"
date,3.5.1,parse,date_s_parse,0,index,ext/date/date_core.c,4586,0,literal,str,date_s_parse,indexed-store,-1,0,cDate,ext/date/date_core.c,9698,date:ext/date/date_core.c:9698:parse,date_s_parse,"[{""argument_index"": 0, ""expression"": ""argv2[0]"", ""label"": ""local""}, {""argument_index"": 1, ""expression"": ""str"", ""label"": ""param"", ""parameters"": [{""index"": 0, ""name"": ""str""}]}]","[{""argument_index"": -1, ""expression"": ""0"", ""label"": ""literal"", ""slot"": ""index""}]","[{""index"": 0, ""name"": ""str""}]"
date,3.5.1,parse,datetime_s_parse,0,index,ext/date/date_core.c,8441,0,literal,str,datetime_s_parse,indexed-store,-1,0,cDateTime,ext/date/date_core.c,9993,date:ext/date/date_core.c:9993:parse,datetime_s_parse,"[{""argument_index"": 0, ""expression"": ""argv2[0]"", ""label"": ""local""}, {""argument_index"": 1, ""expression"": ""str"", ""label"": ""param"", ""parameters"": [{""index"": 0, ""name"": ""str""}]}]","[{""argument_index"": -1, ""expression"": ""0"", ""label"": ""literal"", ""slot"": ""index""}]","[{""index"": 0, ""name"": ""str""}]"
date,3.5.1,parse,date_s_parse,1,index,ext/date/date_core.c,4587,0,literal,comp,date_s_parse,indexed-store,-1,1,cDate,ext/date/date_core.c,9698,date:ext/date/date_core.c:9698:parse,date_s_parse,"[{""argument_index"": 0, ""expression"": ""argv2[1]"", ""label"": ""local""}, {""argument_index"": 1, ""expression"": ""comp"", ""label"": ""param"", ""parameters"": [{""index"": 1, ""name"": ""comp""}]}]","[{""argument_index"": -1, ""expression"": ""1"", ""label"": ""literal"", ""slot"": ""index""}]","[{""index"": 1, ""name"": ""comp""}]"
date,3.5.1,parse,datetime_s_parse,1,index,ext/date/date_core.c,8442,0,literal,comp,datetime_s_parse,indexed-store,-1,1,cDateTime,ext/date/date_core.c,9993,date:ext/date/date_core.c:9993:parse,datetime_s_parse,"[{""argument_index"": 0, ""expression"": ""argv2[1]"", ""label"": ""local""}, {""argument_index"": 1, ""expression"": ""comp"", ""label"": ""param"", ""parameters"": [{""index"": 1, ""name"": ""comp""}]}]","[{""argument_index"": -1, ""expression"": ""1"", ""label"": ""literal"", ""slot"": ""index""}]","[{""index"": 1, ""name"": ""comp""}]"
date,3.5.1,rfc2822,date_s_rfc2822,0,index,ext/date/date_core.c,4871,0,literal,str,date_s_rfc2822,indexed-store,-1,0,cDate,ext/date/date_core.c,9707,date:ext/date/date_core.c:9707:rfc2822,date_s_rfc2822,"[{""argument_index"": 0, ""expression"": ""argv2[0]"", ""label"": ""local""}, {""argument_index"": 1, ""expression"": ""str"", ""label"": ""param"", ""parameters"": [{""index"": 0, ""name"": ""str""}]}]","[{""argument_index"": -1, ""expression"": ""0"", ""label"": ""literal"", ""slot"": ""index""}]","[{""index"": 0, ""name"": ""str""}]"
date,3.5.1,rfc2822,datetime_s_rfc2822,0,index,ext/date/date_core.c,8603,0,literal,str,datetime_s_rfc2822,indexed-store,-1,0,cDateTime,ext/date/date_core.c,10001,date:ext/date/date_core.c:10001:rfc2822,datetime_s_rfc2822,"[{""argument_index"": 0, ""expression"": ""argv2[0]"", ""label"": ""local""}, {""argument_index"": 1, ""expression"": ""str"", ""label"": ""param"", ""parameters"": [{""index"": 0, ""name"": ""str""}]}]","[{""argument_index"": -1, ""expression"": ""0"", ""label"": ""literal"", ""slot"": ""index""}]","[{""index"": 0, ""name"": ""str""}]"
date,3.5.1,rfc3339,date_s_rfc3339,0,index,ext/date/date_core.c,4733,0,literal,str,date_s_rfc3339,indexed-store,-1,0,cDate,ext/date/date_core.c,9702,date:ext/date/date_core.c:9702:rfc3339,date_s_rfc3339,"[{""argument_index"": 0, ""expression"": ""argv2[0]"", ""label"": ""local""}, {""argument_index"": 1, ""expression"": ""str"", ""label"": ""param"", ""parameters"": [{""index"": 0, ""name"": ""str""}]}]","[{""argument_index"": -1, ""expression"": ""0"", ""label"": ""literal"", ""slot"": ""index""}]","[{""index"": 0, ""name"": ""str""}]"
date,3.5.1,rfc3339,datetime_s_rfc3339,0,index,ext/date/date_core.c,8524,0,literal,str,datetime_s_rfc3339,indexed-store,-1,0,cDateTime,ext/date/date_core.c,9997,date:ext/date/date_core.c:9997:rfc3339,datetime_s_rfc3339,"[{""argument_index"": 0, ""expression"": ""argv2[0]"", ""label"": ""local""}, {""argument_index"": 1, ""expression"": ""str"", ""label"": ""param"", ""parameters"": [{""index"": 0, ""name"": ""str""}]}]","[{""argument_index"": -1, ""expression"": ""0"", ""label"": ""literal"", ""slot"": ""index""}]","[{""index"": 0, ""name"": ""str""}]"
date,3.5.1,rfc822,date_s_rfc2822,0,index,ext/date/date_core.c,4871,0,literal,str,date_s_rfc2822,indexed-store,-1,0,cDate,ext/date/date_core.c,9708,date:ext/date/date_core.c:9708:rfc822,date_s_rfc2822,"[{""argument_index"": 0, ""expression"": ""argv2[0]"", ""label"": ""local""}, {""argument_index"": 1, ""expression"": ""str"", ""label"": ""param"", ""parameters"": [{""index"": 0, ""name"": ""str""}]}]","[{""argument_index"": -1, ""expression"": ""0"", ""label"": ""literal"", ""slot"": ""index""}]","[{""index"": 0, ""name"": ""str""}]"
date,3.5.1,rfc822,datetime_s_rfc2822,0,index,ext/date/date_core.c,8603,0,literal,str,datetime_s_rfc2822,indexed-store,-1,0,cDateTime,ext/date/date_core.c,10003,date:ext/date/date_core.c:10003:rfc822,datetime_s_rfc2822,"[{""argument_index"": 0, ""expression"": ""argv2[0]"", ""label"": ""local""}, {""argument_index"": 1, ""expression"": ""str"", ""label"": ""param"", ""parameters"": [{""index"": 0, ""name"": ""str""}]}]","[{""argument_index"": -1, ""expression"": ""0"", ""label"": ""literal"", ""slot"": ""index""}]","[{""index"": 0, ""name"": ""str""}]"
date,3.5.1,strptime,date_s_strptime,0,index,ext/date/date_core.c,4443,0,literal,str,date_s_strptime,indexed-store,-1,0,cDate,ext/date/date_core.c,9696,date:ext/date/date_core.c:9696:strptime,date_s_strptime,"[{""argument_index"": 0, ""expression"": ""argv2[0]"", ""label"": ""local""}, {""argument_index"": 1, ""expression"": ""str"", ""label"": ""param"", ""parameters"": [{""index"": 0, ""name"": ""str""}]}]","[{""argument_index"": -1, ""expression"": ""0"", ""label"": ""literal"", ""slot"": ""index""}]","[{""index"": 0, ""name"": ""str""}]"
date,3.5.1,strptime,datetime_s_strptime,0,index,ext/date/date_core.c,8389,0,literal,str,datetime_s_strptime,indexed-store,-1,0,cDateTime,ext/date/date_core.c,9991,date:ext/date/date_core.c:9991:strptime,datetime_s_strptime,"[{""argument_index"": 0, ""expression"": ""argv2[0]"", ""label"": ""local""}, {""argument_index"": 1, ""expression"": ""str"", ""label"": ""param"", ""parameters"": [{""index"": 0, ""name"": ""str""}]}]","[{""argument_index"": -1, ""expression"": ""0"", ""label"": ""literal"", ""slot"": ""index""}]","[{""index"": 0, ""name"": ""str""}]"
date,3.5.1,strptime,date_s_strptime,1,index,ext/date/date_core.c,4444,0,literal,fmt,date_s_strptime,indexed-store,-1,1,cDate,ext/date/date_core.c,9696,date:ext/date/date_core.c:9696:strptime,date_s_strptime,"[{""argument_index"": 0, ""expression"": ""argv2[1]"", ""label"": ""local""}, {""argument_index"": 1, ""expression"": ""fmt"", ""label"": ""param"", ""parameters"": [{""index"": 1, ""name"": ""fmt""}]}]","[{""argument_index"": -1, ""expression"": ""1"", ""label"": ""literal"", ""slot"": ""index""}]","[{""index"": 1, ""name"": ""fmt""}]"
date,3.5.1,strptime,datetime_s_strptime,1,index,ext/date/date_core.c,8390,0,literal,fmt,datetime_s_strptime,indexed-store,-1,1,cDateTime,ext/date/date_core.c,9991,date:ext/date/date_core.c:9991:strptime,datetime_s_strptime,"[{""argument_index"": 0, ""expression"": ""argv2[1]"", ""label"": ""local""}, {""argument_index"": 1, ""expression"": ""fmt"", ""label"": ""param"", ""parameters"": [{""index"": 1, ""name"": ""fmt""}]}]","[{""argument_index"": -1, ""expression"": ""1"", ""label"": ""literal"", ""slot"": ""index""}]","[{""index"": 1, ""name"": ""fmt""}]"
date,3.5.1,valid_civil?,date_s_valid_civil_p,0,index,ext/date/date_core.c,2610,0,literal,vy,date_s_valid_civil_p,indexed-store,-1,0,cDate,ext/date/date_core.c,9659,date:ext/date/date_core.c:9659:valid_civil?,date_s_valid_civil_p,"[{""argument_index"": 0, ""expression"": ""argv2[0]"", ""label"": ""local""}, {""argument_index"": 1, ""expression"": ""vy"", ""label"": ""param"", ""parameters"": [{""index"": 0, ""name"": ""vy""}]}]","[{""argument_index"": -1, ""expression"": ""0"", ""label"": ""literal"", ""slot"": ""index""}]","[{""index"": 0, ""name"": ""vy""}]"
date,3.5.1,valid_civil?,date_s_valid_civil_p,1,index,ext/date/date_core.c,2611,0,literal,vm,date_s_valid_civil_p,indexed-store,-1,1,cDate,ext/date/date_core.c,9659,date:ext/date/date_core.c:9659:valid_civil?,date_s_valid_civil_p,"[{""argument_index"": 0, ""expression"": ""argv2[1]"", ""label"": ""local""}, {""argument_index"": 1, ""expression"": ""vm"", ""label"": ""param"", ""parameters"": [{""index"": 1, ""name"": ""vm""}]}]","[{""argument_index"": -1, ""expression"": ""1"", ""label"": ""literal"", ""slot"": ""index""}]","[{""index"": 1, ""name"": ""vm""}]"
date,3.5.1,valid_civil?,date_s_valid_civil_p,2,index,ext/date/date_core.c,2612,0,literal,vd,date_s_valid_civil_p,indexed-store,-1,2,cDate,ext/date/date_core.c,9659,date:ext/date/date_core.c:9659:valid_civil?,date_s_valid_civil_p,"[{""argument_index"": 0, ""expression"": ""argv2[2]"", ""label"": ""local""}, {""argument_index"": 1, ""expression"": ""vd"", ""label"": ""param"", ""parameters"": [{""index"": 2, ""name"": ""vd""}]}]","[{""argument_index"": -1, ""expression"": ""2"", ""label"": ""literal"", ""slot"": ""index""}]","[{""index"": 2, ""name"": ""vd""}]"
date,3.5.1,valid_civil?,date_s_valid_civil_p,3,index,ext/date/date_core.c,2616,0,literal,vsg,date_s_valid_civil_p,indexed-store,-1,3,cDate,ext/date/date_core.c,9659,date:ext/date/date_core.c:9659:valid_civil?,date_s_valid_civil_p,"[{""argument_index"": 0, ""expression"": ""argv2[3]"", ""label"": ""local""}, {""argument_index"": 1, ""expression"": ""vsg"", ""label"": ""param"", ""parameters"": [{""index"": 3, ""name"": ""vsg""}]}]","[{""argument_index"": -1, ""expression"": ""3"", ""label"": ""literal"", ""slot"": ""index""}]","[{""index"": 3, ""name"": ""vsg""}]"
date,3.5.1,valid_commercial?,date_s_valid_commercial_p,0,index,ext/date/date_core.c,2788,0,literal,vy,date_s_valid_commercial_p,indexed-store,-1,0,cDate,ext/date/date_core.c,9661,date:ext/date/date_core.c:9661:valid_commercial?,date_s_valid_commercial_p,"[{""argument_index"": 0, ""expression"": ""argv2[0]"", ""label"": ""local""}, {""argument_index"": 1, ""expression"": ""vy"", ""label"": ""param"", ""parameters"": [{""index"": 0, ""name"": ""vy""}]}]","[{""argument_index"": -1, ""expression"": ""0"", ""label"": ""literal"", ""slot"": ""index""}]","[{""index"": 0, ""name"": ""vy""}]"
date,3.5.1,valid_commercial?,date_s_valid_commercial_p,1,index,ext/date/date_core.c,2789,0,literal,vw,date_s_valid_commercial_p,indexed-store,-1,1,cDate,ext/date/date_core.c,9661,date:ext/date/date_core.c:9661:valid_commercial?,date_s_valid_commercial_p,"[{""argument_index"": 0, ""expression"": ""argv2[1]"", ""label"": ""local""}, {""argument_index"": 1, ""expression"": ""vw"", ""label"": ""param"", ""parameters"": [{""index"": 1, ""name"": ""vw""}]}]","[{""argument_index"": -1, ""expression"": ""1"", ""label"": ""literal"", ""slot"": ""index""}]","[{""index"": 1, ""name"": ""vw""}]"
date,3.5.1,valid_commercial?,date_s_valid_commercial_p,2,index,ext/date/date_core.c,2790,0,literal,vd,date_s_valid_commercial_p,indexed-store,-1,2,cDate,ext/date/date_core.c,9661,date:ext/date/date_core.c:9661:valid_commercial?,date_s_valid_commercial_p,"[{""argument_index"": 0, ""expression"": ""argv2[2]"", ""label"": ""local""}, {""argument_index"": 1, ""expression"": ""vd"", ""label"": ""param"", ""parameters"": [{""index"": 2, ""name"": ""vd""}]}]","[{""argument_index"": -1, ""expression"": ""2"", ""label"": ""literal"", ""slot"": ""index""}]","[{""index"": 2, ""name"": ""vd""}]"
date,3.5.1,valid_commercial?,date_s_valid_commercial_p,3,index,ext/date/date_core.c,2794,0,literal,vsg,date_s_valid_commercial_p,indexed-store,-1,3,cDate,ext/date/date_core.c,9661,date:ext/date/date_core.c:9661:valid_commercial?,date_s_valid_commercial_p,"[{""argument_index"": 0, ""expression"": ""argv2[3]"", ""label"": ""local""}, {""argument_index"": 1, ""expression"": ""vsg"", ""label"": ""param"", ""parameters"": [{""index"": 3, ""name"": ""vsg""}]}]","[{""argument_index"": -1, ""expression"": ""3"", ""label"": ""literal"", ""slot"": ""index""}]","[{""index"": 3, ""name"": ""vsg""}]"
date,3.5.1,valid_date?,date_s_valid_civil_p,0,index,ext/date/date_core.c,2610,0,literal,vy,date_s_valid_civil_p,indexed-store,-1,0,cDate,ext/date/date_core.c,9660,date:ext/date/date_core.c:9660:valid_date?,date_s_valid_civil_p,"[{""argument_index"": 0, ""expression"": ""argv2[0]"", ""label"": ""local""}, {""argument_index"": 1, ""expression"": ""vy"", ""label"": ""param"", ""parameters"": [{""index"": 0, ""name"": ""vy""}]}]","[{""argument_index"": -1, ""expression"": ""0"", ""label"": ""literal"", ""slot"": ""index""}]","[{""index"": 0, ""name"": ""vy""}]"
date,3.5.1,valid_date?,date_s_valid_civil_p,1,index,ext/date/date_core.c,2611,0,literal,vm,date_s_valid_civil_p,indexed-store,-1,1,cDate,ext/date/date_core.c,9660,date:ext/date/date_core.c:9660:valid_date?,date_s_valid_civil_p,"[{""argument_index"": 0, ""expression"": ""argv2[1]"", ""label"": ""local""}, {""argument_index"": 1, ""expression"": ""vm"", ""label"": ""param"", ""parameters"": [{""index"": 1, ""name"": ""vm""}]}]","[{""argument_index"": -1, ""expression"": ""1"", ""label"": ""literal"", ""slot"": ""index""}]","[{""index"": 1, ""name"": ""vm""}]"
date,3.5.1,valid_date?,date_s_valid_civil_p,2,index,ext/date/date_core.c,2612,0,literal,vd,date_s_valid_civil_p,indexed-store,-1,2,cDate,ext/date/date_core.c,9660,date:ext/date/date_core.c:9660:valid_date?,date_s_valid_civil_p,"[{""argument_index"": 0, ""expression"": ""argv2[2]"", ""label"": ""local""}, {""argument_index"": 1, ""expression"": ""vd"", ""label"": ""param"", ""parameters"": [{""index"": 2, ""name"": ""vd""}]}]","[{""argument_index"": -1, ""expression"": ""2"", ""label"": ""literal"", ""slot"": ""index""}]","[{""index"": 2, ""name"": ""vd""}]"
date,3.5.1,valid_date?,date_s_valid_civil_p,3,index,ext/date/date_core.c,2616,0,literal,vsg,date_s_valid_civil_p,indexed-store,-1,3,cDate,ext/date/date_core.c,9660,date:ext/date/date_core.c:9660:valid_date?,date_s_valid_civil_p,"[{""argument_index"": 0, ""expression"": ""argv2[3]"", ""label"": ""local""}, {""argument_index"": 1, ""expression"": ""vsg"", ""label"": ""param"", ""parameters"": [{""index"": 3, ""name"": ""vsg""}]}]","[{""argument_index"": -1, ""expression"": ""3"", ""label"": ""literal"", ""slot"": ""index""}]","[{""index"": 3, ""name"": ""vsg""}]"
date,3.5.1,valid_jd?,date_s_valid_jd_p,0,index,ext/date/date_core.c,2514,0,literal,vjd,date_s_valid_jd_p,indexed-store,-1,0,cDate,ext/date/date_core.c,9656,date:ext/date/date_core.c:9656:valid_jd?,date_s_valid_jd_p,"[{""argument_index"": 0, ""expression"": ""argv2[0]"", ""label"": ""local""}, {""argument_index"": 1, ""expression"": ""vjd"", ""label"": ""param"", ""parameters"": [{""index"": 0, ""name"": ""vjd""}]}]","[{""argument_index"": -1, ""expression"": ""0"", ""label"": ""literal"", ""slot"": ""index""}]","[{""index"": 0, ""name"": ""vjd""}]"
date,3.5.1,valid_jd?,date_s_valid_jd_p,1,index,ext/date/date_core.c,2518,0,literal,vsg,date_s_valid_jd_p,indexed-store,-1,1,cDate,ext/date/date_core.c,9656,date:ext/date/date_core.c:9656:valid_jd?,date_s_valid_jd_p,"[{""argument_index"": 0, ""expression"": ""argv2[1]"", ""label"": ""local""}, {""argument_index"": 1, ""expression"": ""vsg"", ""label"": ""param"", ""parameters"": [{""index"": 1, ""name"": ""vsg""}]}]","[{""argument_index"": -1, ""expression"": ""1"", ""label"": ""literal"", ""slot"": ""index""}]","[{""index"": 1, ""name"": ""vsg""}]"
date,3.5.1,valid_nth_kday?,date_s_valid_nth_kday_p,0,index,ext/date/date_core.c,2937,0,literal,vy,date_s_valid_nth_kday_p,indexed-store,-1,0,CLASS_OF(cDate),ext/date/date_core.c,9667,date:ext/date/date_core.c:9667:valid_nth_kday?,date_s_valid_nth_kday_p,"[{""argument_index"": 0, ""expression"": ""argv2[0]"", ""label"": ""local""}, {""argument_index"": 1, ""expression"": ""vy"", ""label"": ""param"", ""parameters"": [{""index"": 0, ""name"": ""vy""}]}]","[{""argument_index"": -1, ""expression"": ""0"", ""label"": ""literal"", ""slot"": ""index""}]","[{""index"": 0, ""name"": ""vy""}]"
date,3.5.1,valid_nth_kday?,date_s_valid_nth_kday_p,1,index,ext/date/date_core.c,2938,0,literal,vm,date_s_valid_nth_kday_p,indexed-store,-1,1,CLASS_OF(cDate),ext/date/date_core.c,9667,date:ext/date/date_core.c:9667:valid_nth_kday?,date_s_valid_nth_kday_p,"[{""argument_index"": 0, ""expression"": ""argv2[1]"", ""label"": ""local""}, {""argument_index"": 1, ""expression"": ""vm"", ""label"": ""param"", ""parameters"": [{""index"": 1, ""name"": ""vm""}]}]","[{""argument_index"": -1, ""expression"": ""1"", ""label"": ""literal"", ""slot"": ""index""}]","[{""index"": 1, ""name"": ""vm""}]"
date,3.5.1,valid_nth_kday?,date_s_valid_nth_kday_p,2,index,ext/date/date_core.c,2939,0,literal,vn,date_s_valid_nth_kday_p,indexed-store,-1,2,CLASS_OF(cDate),ext/date/date_core.c,9667,date:ext/date/date_core.c:9667:valid_nth_kday?,date_s_valid_nth_kday_p,"[{""argument_index"": 0, ""expression"": ""argv2[2]"", ""label"": ""local""}, {""argument_index"": 1, ""expression"": ""vn"", ""label"": ""param"", ""parameters"": [{""index"": 2, ""name"": ""vn""}]}]","[{""argument_index"": -1, ""expression"": ""2"", ""label"": ""literal"", ""slot"": ""index""}]","[{""index"": 2, ""name"": ""vn""}]"
date,3.5.1,valid_nth_kday?,date_s_valid_nth_kday_p,3,index,ext/date/date_core.c,2940,0,literal,vk,date_s_valid_nth_kday_p,indexed-store,-1,3,CLASS_OF(cDate),ext/date/date_core.c,9667,date:ext/date/date_core.c:9667:valid_nth_kday?,date_s_valid_nth_kday_p,"[{""argument_index"": 0, ""expression"": ""argv2[3]"", ""label"": ""local""}, {""argument_index"": 1, ""expression"": ""vk"", ""label"": ""param"", ""parameters"": [{""index"": 3, ""name"": ""vk""}]}]","[{""argument_index"": -1, ""expression"": ""3"", ""label"": ""literal"", ""slot"": ""index""}]","[{""index"": 3, ""name"": ""vk""}]"
date,3.5.1,valid_nth_kday?,date_s_valid_nth_kday_p,4,index,ext/date/date_core.c,2944,0,literal,vsg,date_s_valid_nth_kday_p,indexed-store,-1,4,CLASS_OF(cDate),ext/date/date_core.c,9667,date:ext/date/date_core.c:9667:valid_nth_kday?,date_s_valid_nth_kday_p,"[{""argument_index"": 0, ""expression"": ""argv2[4]"", ""label"": ""local""}, {""argument_index"": 1, ""expression"": ""vsg"", ""label"": ""param"", ""parameters"": [{""index"": 4, ""name"": ""vsg""}]}]","[{""argument_index"": -1, ""expression"": ""4"", ""label"": ""literal"", ""slot"": ""index""}]","[{""index"": 4, ""name"": ""vsg""}]"
date,3.5.1,valid_ordinal?,date_s_valid_ordinal_p,0,index,ext/date/date_core.c,2697,0,literal,vy,date_s_valid_ordinal_p,indexed-store,-1,0,cDate,ext/date/date_core.c,9657,date:ext/date/date_core.c:9657:valid_ordinal?,date_s_valid_ordinal_p,"[{""argument_index"": 0, ""expression"": ""argv2[0]"", ""label"": ""local""}, {""argument_index"": 1, ""expression"": ""vy"", ""label"": ""param"", ""parameters"": [{""index"": 0, ""name"": ""vy""}]}]","[{""argument_index"": -1, ""expression"": ""0"", ""label"": ""literal"", ""slot"": ""index""}]","[{""index"": 0, ""name"": ""vy""}]"
date,3.5.1,valid_ordinal?,date_s_valid_ordinal_p,1,index,ext/date/date_core.c,2698,0,literal,vd,date_s_valid_ordinal_p,indexed-store,-1,1,cDate,ext/date/date_core.c,9657,date:ext/date/date_core.c:9657:valid_ordinal?,date_s_valid_ordinal_p,"[{""argument_index"": 0, ""expression"": ""argv2[1]"", ""label"": ""local""}, {""argument_index"": 1, ""expression"": ""vd"", ""label"": ""param"", ""parameters"": [{""index"": 1, ""name"": ""vd""}]}]","[{""argument_index"": -1, ""expression"": ""1"", ""label"": ""literal"", ""slot"": ""index""}]","[{""index"": 1, ""name"": ""vd""}]"
date,3.5.1,valid_ordinal?,date_s_valid_ordinal_p,2,index,ext/date/date_core.c,2702,0,literal,vsg,date_s_valid_ordinal_p,indexed-store,-1,2,cDate,ext/date/date_core.c,9657,date:ext/date/date_core.c:9657:valid_ordinal?,date_s_valid_ordinal_p,"[{""argument_index"": 0, ""expression"": ""argv2[2]"", ""label"": ""local""}, {""argument_index"": 1, ""expression"": ""vsg"", ""label"": ""param"", ""parameters"": [{""index"": 2, ""name"": ""vsg""}]}]","[{""argument_index"": -1, ""expression"": ""2"", ""label"": ""literal"", ""slot"": ""index""}]","[{""index"": 2, ""name"": ""vsg""}]"
date,3.5.1,valid_weeknum?,date_s_valid_weeknum_p,0,index,ext/date/date_core.c,2864,0,literal,vy,date_s_valid_weeknum_p,indexed-store,-1,0,CLASS_OF(cDate),ext/date/date_core.c,9665,date:ext/date/date_core.c:9665:valid_weeknum?,date_s_valid_weeknum_p,"[{""argument_index"": 0, ""expression"": ""argv2[0]"", ""label"": ""local""}, {""argument_index"": 1, ""expression"": ""vy"", ""label"": ""param"", ""parameters"": [{""index"": 0, ""name"": ""vy""}]}]","[{""argument_index"": -1, ""expression"": ""0"", ""label"": ""literal"", ""slot"": ""index""}]","[{""index"": 0, ""name"": ""vy""}]"
date,3.5.1,valid_weeknum?,date_s_valid_weeknum_p,1,index,ext/date/date_core.c,2865,0,literal,vw,date_s_valid_weeknum_p,indexed-store,-1,1,CLASS_OF(cDate),ext/date/date_core.c,9665,date:ext/date/date_core.c:9665:valid_weeknum?,date_s_valid_weeknum_p,"[{""argument_index"": 0, ""expression"": ""argv2[1]"", ""label"": ""local""}, {""argument_index"": 1, ""expression"": ""vw"", ""label"": ""param"", ""parameters"": [{""index"": 1, ""name"": ""vw""}]}]","[{""argument_index"": -1, ""expression"": ""1"", ""label"": ""literal"", ""slot"": ""index""}]","[{""index"": 1, ""name"": ""vw""}]"
date,3.5.1,valid_weeknum?,date_s_valid_weeknum_p,2,index,ext/date/date_core.c,2866,0,literal,vd,date_s_valid_weeknum_p,indexed-store,-1,2,CLASS_OF(cDate),ext/date/date_core.c,9665,date:ext/date/date_core.c:9665:valid_weeknum?,date_s_valid_weeknum_p,"[{""argument_index"": 0, ""expression"": ""argv2[2]"", ""label"": ""local""}, {""argument_index"": 1, ""expression"": ""vd"", ""label"": ""param"", ""parameters"": [{""index"": 2, ""name"": ""vd""}]}]","[{""argument_index"": -1, ""expression"": ""2"", ""label"": ""literal"", ""slot"": ""index""}]","[{""index"": 2, ""name"": ""vd""}]"
date,3.5.1,valid_weeknum?,date_s_valid_weeknum_p,3,index,ext/date/date_core.c,2867,0,literal,vf,date_s_valid_weeknum_p,indexed-store,-1,3,CLASS_OF(cDate),ext/date/date_core.c,9665,date:ext/date/date_core.c:9665:valid_weeknum?,date_s_valid_weeknum_p,"[{""argument_index"": 0, ""expression"": ""argv2[3]"", ""label"": ""local""}, {""argument_index"": 1, ""expression"": ""vf"", ""label"": ""param"", ""parameters"": [{""index"": 3, ""name"": ""vf""}]}]","[{""argument_index"": -1, ""expression"": ""3"", ""label"": ""literal"", ""slot"": ""index""}]","[{""index"": 3, ""name"": ""vf""}]"
date,3.5.1,valid_weeknum?,date_s_valid_weeknum_p,4,index,ext/date/date_core.c,2871,0,literal,vsg,date_s_valid_weeknum_p,indexed-store,-1,4,CLASS_OF(cDate),ext/date/date_core.c,9665,date:ext/date/date_core.c:9665:valid_weeknum?,date_s_valid_weeknum_p,"[{""argument_index"": 0, ""expression"": ""argv2[4]"", ""label"": ""local""}, {""argument_index"": 1, ""expression"": ""vsg"", ""label"": ""param"", ""parameters"": [{""index"": 4, ""name"": ""vsg""}]}]","[{""argument_index"": -1, ""expression"": ""4"", ""label"": ""literal"", ""slot"": ""index""}]","[{""index"": 4, ""name"": ""vsg""}]"
date,3.5.1,xmlschema,date_s_xmlschema,0,index,ext/date/date_core.c,4801,0,literal,str,date_s_xmlschema,indexed-store,-1,0,cDate,ext/date/date_core.c,9704,date:ext/date/date_core.c:9704:xmlschema,date_s_xmlschema,"[{""argument_index"": 0, ""expression"": ""argv2[0]"", ""label"": ""local""}, {""argument_index"": 1, ""expression"": ""str"", ""label"": ""param"", ""parameters"": [{""index"": 0, ""name"": ""str""}]}]","[{""argument_index"": -1, ""expression"": ""0"", ""label"": ""literal"", ""slot"": ""index""}]","[{""index"": 0, ""name"": ""str""}]"
date,3.5.1,xmlschema,datetime_s_xmlschema,0,index,ext/date/date_core.c,8563,0,literal,str,datetime_s_xmlschema,indexed-store,-1,0,cDateTime,ext/date/date_core.c,9999,date:ext/date/date_core.c:9999:xmlschema,datetime_s_xmlschema,"[{""argument_index"": 0, ""expression"": ""argv2[0]"", ""label"": ""local""}, {""argument_index"": 1, ""expression"": ""str"", ""label"": ""param"", ""parameters"": [{""index"": 0, ""name"": ""str""}]}]","[{""argument_index"": -1, ""expression"": ""0"", ""label"": ""literal"", ""slot"": ""index""}]","[{""index"": 0, ""name"": ""str""}]"
ed25519,1.4.0,sign,mEd25519_Provider_Ref10_sign,1,size,ext/ed25519_ref10/ed25519_ref10.c,52,0,"param(msg,1)",msg,mEd25519_Provider_Ref10_sign,xmalloc,0,SIGNATUREBYTES + RSTRING_LEN(msg),mEd25519_Provider_Ref10,ext/ed25519_ref10/ed25519_ref10.c,19,ed25519:ext/ed25519_ref10/ed25519_ref10.c:19:sign,mEd25519_Provider_Ref10_sign,"[{""argument_index"": 0, ""expression"": ""SIGNATUREBYTES + RSTRING_LEN(msg)"", ""label"": ""param"", ""parameters"": [{""index"": 1, ""name"": ""msg""}]}]","[{""argument_index"": 0, ""expression"": ""SIGNATUREBYTES + RSTRING_LEN(msg)"", ""label"": ""param"", ""parameters"": [{""index"": 1, ""name"": ""msg""}], ""slot"": ""size""}]","[{""index"": 1, ""name"": ""msg""}]"
ed25519,1.4.0,verify,mEd25519_Provider_Ref10_verify,1,length,ext/ed25519_ref10/ed25519_ref10.c,86,0,other,signature,mEd25519_Provider_Ref10_verify,memcpy,2,SIGNATUREBYTES,mEd25519_Provider_Ref10,ext/ed25519_ref10/ed25519_ref10.c,20,ed25519:ext/ed25519_ref10/ed25519_ref10.c:20:verify,mEd25519_Provider_Ref10_verify,"[{""argument_index"": 0, ""expression"": ""sig_and_msg"", ""label"": ""local""}, {""argument_index"": 1, ""expression"": ""RSTRING_PTR(signature)"", ""label"": ""param"", ""parameters"": [{""index"": 1, ""name"": ""signature""}]}, {""argument_index"": 2, ""expression"": ""SIGNATUREBYTES"", ""label"": ""other""}]","[{""argument_index"": 2, ""expression"": ""SIGNATUREBYTES"", ""label"": ""other"", ""slot"": ""length""}]","[{""index"": 1, ""name"": ""signature""}]"
ed25519,1.4.0,verify,mEd25519_Provider_Ref10_verify,2,length,ext/ed25519_ref10/ed25519_ref10.c,87,0,"param(msg,2)",msg,mEd25519_Provider_Ref10_verify,memcpy,2,RSTRING_LEN(msg),mEd25519_Provider_Ref10,ext/ed25519_ref10/ed25519_ref10.c,20,ed25519:ext/ed25519_ref10/ed25519_ref10.c:20:verify,mEd25519_Provider_Ref10_verify,"[{""argument_index"": 0, ""expression"": ""sig_and_msg + SIGNATUREBYTES"", ""label"": ""local""}, {""argument_index"": 1, ""expression"": ""RSTRING_PTR(msg)"", ""label"": ""param"", ""parameters"": [{""index"": 2, ""name"": ""msg""}]}, {""argument_index"": 2, ""expression"": ""RSTRING_LEN(msg)"", ""label"": ""param"", ""parameters"": [{""index"": 2, ""name"": ""msg""}]}]","[{""argument_index"": 2, ""expression"": ""RSTRING_LEN(msg)"", ""label"": ""param"", ""parameters"": [{""index"": 2, ""name"": ""msg""}], ""slot"": ""length""}]","[{""index"": 2, ""name"": ""msg""}]"
erb,6.0.4,html_escape,erb_escape_html,0,size,ext/erb/escape/escape.c,54,1,"param(str,0)",str,optimized_escape_html,ALLOCV_N,2,escaped_length(str),rb_mEscape,ext/erb/escape/escape.c,110,erb:ext/erb/escape/escape.c:110:html_escape,erb_escape_html -> optimized_escape_html,"[{""argument_index"": 0, ""expression"": ""char"", ""label"": ""other""}, {""argument_index"": 1, ""expression"": ""vbuf"", ""label"": ""local""}, {""argument_index"": 2, ""expression"": ""escaped_length(str)"", ""label"": ""param"", ""parameters"": [{""index"": 0, ""name"": ""str""}]}]","[{""argument_index"": 2, ""expression"": ""escaped_length(str)"", ""label"": ""param"", ""parameters"": [{""index"": 0, ""name"": ""str""}], ""slot"": ""size""}]","[{""index"": 0, ""name"": ""str""}]"
ffi,1.17.4,[]=,struct_aset,1,index,ext/ffi_c/Struct.c,401,0,literal,value,struct_aset,indexed-store,-1,1,StructClass,ext/ffi_c/Struct.c,879,ffi:ext/ffi_c/Struct.c:879:[]=,struct_aset,"[{""argument_index"": 0, ""expression"": ""argv[1]"", ""label"": ""local""}, {""argument_index"": 1, ""expression"": ""value"", ""label"": ""param"", ""parameters"": [{""index"": 1, ""name"": ""value""}]}]","[{""argument_index"": -1, ""expression"": ""1"", ""label"": ""literal"", ""slot"": ""index""}]","[{""index"": 1, ""name"": ""value""}]"
ffi,1.17.4,__copy_from__,memory_copy_from,0,length,ext/ffi_c/AbstractMemory.c,688,0,"param(rblen,1)",rbsrc,memory_copy_from,memcpy,2,NUM2INT(rblen),classMemory,ext/ffi_c/AbstractMemory.c,1122,ffi:ext/ffi_c/AbstractMemory.c:1122:__copy_from__,memory_copy_from,"[{""argument_index"": 0, ""expression"": ""dst->address"", ""label"": ""local""}, {""argument_index"": 1, ""expression"": ""rbffi_AbstractMemory_Cast(rbsrc, &rbffi_abstract_memory_data_type)->address"", ""label"": ""param"", ""parameters"": [{""index"": 0, ""name"": ""rbsrc""}]}, {""argument_index"": 2, ""expression"": ""NUM2INT(rblen)"", ""label"": ""param"", ""parameters"": [{""index"": 1, ""name"": ""rblen""}]}]","[{""argument_index"": 2, ""expression"": ""NUM2INT(rblen)"", ""label"": ""param"", ""parameters"": [{""index"": 1, ""name"": ""rblen""}], ""slot"": ""length""}]","[{""index"": 0, ""name"": ""rbsrc""}, {""index"": 1, ""name"": ""rblen""}]"
ffi,1.17.4,__copy_from__,memory_copy_from,1,length,ext/ffi_c/AbstractMemory.c,688,0,"param(rblen,1)",rblen,memory_copy_from,memcpy,2,NUM2INT(rblen),classMemory,ext/ffi_c/AbstractMemory.c,1122,ffi:ext/ffi_c/AbstractMemory.c:1122:__copy_from__,memory_copy_from,"[{""argument_index"": 0, ""expression"": ""dst->address"", ""label"": ""local""}, {""argument_index"": 1, ""expression"": ""rbffi_AbstractMemory_Cast(rbsrc, &rbffi_abstract_memory_data_type)->address"", ""label"": ""param"", ""parameters"": [{""index"": 0, ""name"": ""rbsrc""}]}, {""argument_index"": 2, ""expression"": ""NUM2INT(rblen)"", ""label"": ""param"", ""parameters"": [{""index"": 1, ""name"": ""rblen""}]}]","[{""argument_index"": 2, ""expression"": ""NUM2INT(rblen)"", ""label"": ""param"", ""parameters"": [{""index"": 1, ""name"": ""rblen""}], ""slot"": ""length""}]","[{""index"": 0, ""name"": ""rbsrc""}, {""index"": 1, ""name"": ""rblen""}]"
ffi,1.17.4,get,memory_get,0,format,ext/ffi_c/AbstractMemory.c,367,0,literal,type_name,memory_get,rb_sprintf,0,"""undefined type '%"" PRIsVALUE ""'""",classMemory,ext/ffi_c/AbstractMemory.c,1114,ffi:ext/ffi_c/AbstractMemory.c:1114:get,memory_get,"[{""argument_index"": 0, ""expression"": ""\""undefined type '%\"" PRIsVALUE \""'\"""", ""label"": ""literal""}, {""argument_index"": 1, ""expression"": ""type_name"", ""label"": ""param"", ""parameters"": [{""index"": 0, ""name"": ""type_name""}]}]","[{""argument_index"": 0, ""expression"": ""\""undefined type '%\"" PRIsVALUE \""'\"""", ""label"": ""literal"", ""slot"": ""format""}]","[{""index"": 0, ""name"": ""type_name""}]"
ffi,1.17.4,initialize,library_initialize,0,format,ext/ffi_c/DynamicLibrary.c,151,0,literal,libname,library_initialize,rb_raise,1,"""Could not open library '%s': %s""",LibraryClass,ext/ffi_c/DynamicLibrary.c,352,ffi:ext/ffi_c/DynamicLibrary.c:352:initialize,library_initialize,"[{""argument_index"": 0, ""expression"": ""rb_eLoadError"", ""label"": ""other""}, {""argument_index"": 1, ""expression"": ""\""Could not open library '%s': %s\"""", ""label"": ""literal""}, {""argument_index"": 2, ""expression"": ""libname != Qnil ? StringValueCStr(libname) : \""[current process]\"""", ""label"": ""param"", ""parameters"": [{""index"": 0, ""name"": ""libname""}]}, {""argument_index"": 3, ""expression"": ""errmsg"", ""label"": ""local""}]","[{""argument_index"": 1, ""expression"": ""\""Could not open library '%s': %s\"""", ""label"": ""literal"", ""slot"": ""format""}]","[{""index"": 0, ""name"": ""libname""}]"
ffi,1.17.4,initialize,struct_field_initialize,0,format,ext/ffi_c/StructLayout.c,152,0,literal,rbName,struct_field_initialize,rb_raise,1,"""wrong argument type %s (expected Symbol/String)""",rbffi_StructLayoutFieldClass,ext/ffi_c/StructLayout.c,863,ffi:ext/ffi_c/StructLayout.c:863:initialize,struct_field_initialize,"[{""argument_index"": 0, ""expression"": ""rb_eTypeError"", ""label"": ""other""}, {""argument_index"": 1, ""expression"": ""\""wrong argument type %s (expected Symbol/String)\"""", ""label"": ""literal""}, {""argument_index"": 2, ""expression"": ""rb_obj_classname(rbName)"", ""label"": ""param"", ""parameters"": [{""index"": 0, ""name"": ""rbName""}]}]","[{""argument_index"": 1, ""expression"": ""\""wrong argument type %s (expected Symbol/String)\"""", ""label"": ""literal"", ""slot"": ""format""}]","[{""index"": 0, ""name"": ""rbName""}]"
ffi,1.17.4,initialize,function_initialize,0,index,ext/ffi_c/Function.c,377,0,literal,rbReturnType,function_initialize,indexed-store,-1,0,rbffi_FunctionClass,ext/ffi_c/Function.c,1049,ffi:ext/ffi_c/Function.c:1049:initialize,function_initialize,"[{""argument_index"": 0, ""expression"": ""infoArgv[0]"", ""label"": ""local""}, {""argument_index"": 1, ""expression"": ""rbReturnType"", ""label"": ""param"", ""parameters"": [{""index"": 0, ""name"": ""rbReturnType""}]}]","[{""argument_index"": -1, ""expression"": ""0"", ""label"": ""literal"", ""slot"": ""index""}]","[{""index"": 0, ""name"": ""rbReturnType""}]"
ffi,1.17.4,initialize,function_initialize,1,index,ext/ffi_c/Function.c,378,0,literal,rbParamTypes,function_initialize,indexed-store,-1,1,rbffi_FunctionClass,ext/ffi_c/Function.c,1049,ffi:ext/ffi_c/Function.c:1049:initialize,function_initialize,"[{""argument_index"": 0, ""expression"": ""infoArgv[1]"", ""label"": ""local""}, {""argument_index"": 1, ""expression"": ""rbParamTypes"", ""label"": ""param"", ""parameters"": [{""index"": 1, ""name"": ""rbParamTypes""}]}]","[{""argument_index"": -1, ""expression"": ""1"", ""label"": ""literal"", ""slot"": ""index""}]","[{""index"": 1, ""name"": ""rbParamTypes""}]"
ffi,1.17.4,initialize,struct_field_initialize,2,format,ext/ffi_c/StructLayout.c,159,0,literal,rbType,struct_field_initialize,rb_raise,1,"""wrong argument type %s (expected FFI::Type)""",rbffi_StructLayoutFieldClass,ext/ffi_c/StructLayout.c,863,ffi:ext/ffi_c/StructLayout.c:863:initialize,struct_field_initialize,"[{""argument_index"": 0, ""expression"": ""rb_eTypeError"", ""label"": ""other""}, {""argument_index"": 1, ""expression"": ""\""wrong argument type %s (expected FFI::Type)\"""", ""label"": ""literal""}, {""argument_index"": 2, ""expression"": ""rb_obj_classname(rbType)"", ""label"": ""param"", ""parameters"": [{""index"": 2, ""name"": ""rbType""}]}]","[{""argument_index"": 1, ""expression"": ""\""wrong argument type %s (expected FFI::Type)\"""", ""label"": ""literal"", ""slot"": ""format""}]","[{""index"": 2, ""name"": ""rbType""}]"
ffi,1.17.4,initialize,function_initialize,2,format,ext/ffi_c/Function.c,478,1,literal,rbProc,function_init,rb_raise,1,"""wrong argument type %s, expected pointer or proc""",rbffi_FunctionClass,ext/ffi_c/Function.c,1049,ffi:ext/ffi_c/Function.c:1049:initialize,function_initialize -> function_init,"[{""argument_index"": 0, ""expression"": ""rb_eTypeError"", ""label"": ""other""}, {""argument_index"": 1, ""expression"": ""\""wrong argument type %s, expected pointer or proc\"""", ""label"": ""literal""}, {""argument_index"": 2, ""expression"": ""rb_obj_classname(rbProc)"", ""label"": ""param"", ""parameters"": [{""index"": 2, ""name"": ""rbProc""}]}]","[{""argument_index"": 1, ""expression"": ""\""wrong argument type %s, expected pointer or proc\"""", ""label"": ""literal"", ""slot"": ""format""}]","[{""index"": 2, ""name"": ""rbProc""}]"
ffi,1.17.4,initialize,function_initialize,3,index,ext/ffi_c/Function.c,379,0,literal,rbOptions,function_initialize,indexed-store,-1,2,rbffi_FunctionClass,ext/ffi_c/Function.c,1049,ffi:ext/ffi_c/Function.c:1049:initialize,function_initialize,"[{""argument_index"": 0, ""expression"": ""infoArgv[2]"", ""label"": ""local""}, {""argument_index"": 1, ""expression"": ""rbOptions"", ""label"": ""param"", ""parameters"": [{""index"": 3, ""name"": ""rbOptions""}]}]","[{""argument_index"": -1, ""expression"": ""2"", ""label"": ""literal"", ""slot"": ""index""}]","[{""index"": 3, ""name"": ""rbOptions""}]"
ffi,1.17.4,layout=,struct_set_layout,0,format,ext/ffi_c/Struct.c,478,0,literal,layout,struct_set_layout,rb_raise,1,"""wrong argument type %s (expected %s)""",StructClass,ext/ffi_c/Struct.c,876,ffi:ext/ffi_c/Struct.c:876:layout=,struct_set_layout,"[{""argument_index"": 0, ""expression"": ""rb_eTypeError"", ""label"": ""other""}, {""argument_index"": 1, ""expression"": ""\""wrong argument type %s (expected %s)\"""", ""label"": ""literal""}, {""argument_index"": 2, ""expression"": ""rb_obj_classname(layout)"", ""label"": ""param"", ""parameters"": [{""index"": 0, ""name"": ""layout""}]}, {""argument_index"": 3, ""expression"": ""rb_class2name(rbffi_StructLayoutClass)"", ""label"": ""other""}]","[{""argument_index"": 1, ""expression"": ""\""wrong argument type %s (expected %s)\"""", ""label"": ""literal"", ""slot"": ""format""}]","[{""index"": 0, ""name"": ""layout""}]"
ffi,1.17.4,open,library_open,0,format,ext/ffi_c/DynamicLibrary.c,151,1,literal,libname,library_initialize,rb_raise,1,"""Could not open library '%s': %s""",LibraryClass,ext/ffi_c/DynamicLibrary.c,350,ffi:ext/ffi_c/DynamicLibrary.c:350:open,library_open -> library_initialize,"[{""argument_index"": 0, ""expression"": ""rb_eLoadError"", ""label"": ""other""}, {""argument_index"": 1, ""expression"": ""\""Could not open library '%s': %s\"""", ""label"": ""literal""}, {""argument_index"": 2, ""expression"": ""libname != Qnil ? StringValueCStr(libname) : \""[current process]\"""", ""label"": ""param"", ""parameters"": [{""index"": 0, ""name"": ""libname""}]}, {""argument_index"": 3, ""expression"": ""errmsg"", ""label"": ""local""}]","[{""argument_index"": 1, ""expression"": ""\""Could not open library '%s': %s\"""", ""label"": ""literal"", ""slot"": ""format""}]","[{""index"": 0, ""name"": ""libname""}]"
ffi,1.17.4,pointer=,struct_set_pointer,0,format,ext/ffi_c/Struct.c,427,0,literal,pointer,struct_set_pointer,rb_raise,1,"""wrong argument type %s (expected Pointer or Buffer)""",StructClass,ext/ffi_c/Struct.c,873,ffi:ext/ffi_c/Struct.c:873:pointer=,struct_set_pointer,"[{""argument_index"": 0, ""expression"": ""rb_eTypeError"", ""label"": ""other""}, {""argument_index"": 1, ""expression"": ""\""wrong argument type %s (expected Pointer or Buffer)\"""", ""label"": ""literal""}, {""argument_index"": 2, ""expression"": ""rb_obj_classname(pointer)"", ""label"": ""param"", ""parameters"": [{""index"": 0, ""name"": ""pointer""}]}]","[{""argument_index"": 1, ""expression"": ""\""wrong argument type %s (expected Pointer or Buffer)\"""", ""label"": ""literal"", ""slot"": ""format""}]","[{""index"": 0, ""name"": ""pointer""}]"
ffi,1.17.4,put,memory_put,0,format,ext/ffi_c/AbstractMemory.c,401,0,literal,type_name,memory_put,rb_sprintf,0,"""unsupported type '%"" PRIsVALUE ""'""",classMemory,ext/ffi_c/AbstractMemory.c,1115,ffi:ext/ffi_c/AbstractMemory.c:1115:put,memory_put,"[{""argument_index"": 0, ""expression"": ""\""unsupported type '%\"" PRIsVALUE \""'\"""", ""label"": ""literal""}, {""argument_index"": 1, ""expression"": ""type_name"", ""label"": ""param"", ""parameters"": [{""index"": 0, ""name"": ""type_name""}]}]","[{""argument_index"": 0, ""expression"": ""\""unsupported type '%\"" PRIsVALUE \""'\"""", ""label"": ""literal"", ""slot"": ""format""}]","[{""index"": 0, ""name"": ""type_name""}]"
ffi,1.17.4,put,array_field_put,1,index,ext/ffi_c/StructLayout.c,394,0,literal,value,array_field_put,indexed-store,-1,1,rbffi_StructLayoutArrayFieldClass,ext/ffi_c/StructLayout.c,876,ffi:ext/ffi_c/StructLayout.c:876:put,array_field_put,"[{""argument_index"": 0, ""expression"": ""argv[1]"", ""label"": ""local""}, {""argument_index"": 1, ""expression"": ""value"", ""label"": ""param"", ""parameters"": [{""index"": 1, ""name"": ""value""}]}]","[{""argument_index"": -1, ""expression"": ""1"", ""label"": ""literal"", ""slot"": ""index""}]","[{""index"": 1, ""name"": ""value""}]"
ffi,1.17.4,put,array_field_put,1,format,ext/ffi_c/StructLayout.c,401,0,literal,value,array_field_put,rb_raise,1,"""String is longer (%ld bytes) than the char array (%d bytes)""",rbffi_StructLayoutArrayFieldClass,ext/ffi_c/StructLayout.c,876,ffi:ext/ffi_c/StructLayout.c:876:put,array_field_put,"[{""argument_index"": 0, ""expression"": ""rb_eIndexError"", ""label"": ""other""}, {""argument_index"": 1, ""expression"": ""\""String is longer (%ld bytes) than the char array (%d bytes)\"""", ""label"": ""literal""}, {""argument_index"": 2, ""expression"": ""RSTRING_LEN(value)"", ""label"": ""param"", ""parameters"": [{""index"": 1, ""name"": ""value""}]}, {""argument_index"": 3, ""expression"": ""array->length"", ""label"": ""local""}]","[{""argument_index"": 1, ""expression"": ""\""String is longer (%ld bytes) than the char array (%d bytes)\"""", ""label"": ""literal"", ""slot"": ""format""}]","[{""index"": 1, ""name"": ""value""}]"
ffi,1.17.4,put,function_field_put,1,format,ext/ffi_c/Function.c,478,3,literal,proc,function_init,rb_raise,1,"""wrong argument type %s, expected pointer or proc""",rbffi_StructLayoutFunctionFieldClass,ext/ffi_c/StructLayout.c,872,ffi:ext/ffi_c/StructLayout.c:872:put,function_field_put -> rbffi_Function_ForProc -> rbffi_Function_NewInstance -> function_init,"[{""argument_index"": 0, ""expression"": ""rb_eTypeError"", ""label"": ""other""}, {""argument_index"": 1, ""expression"": ""\""wrong argument type %s, expected pointer or proc\"""", ""label"": ""literal""}, {""argument_index"": 2, ""expression"": ""rb_obj_classname(rbProc)"", ""label"": ""param"", ""parameters"": [{""index"": 1, ""name"": ""proc""}]}]","[{""argument_index"": 1, ""expression"": ""\""wrong argument type %s, expected pointer or proc\"""", ""label"": ""literal"", ""slot"": ""format""}]","[{""index"": 1, ""name"": ""proc""}]"
ffi,1.17.4,put_bytes,memory_put_bytes,1,length,ext/ffi_c/AbstractMemory.c,597,0,local,str,memory_put_bytes,memcpy,2,len,classMemory,ext/ffi_c/AbstractMemory.c,1108,ffi:ext/ffi_c/AbstractMemory.c:1108:put_bytes,memory_put_bytes,"[{""argument_index"": 0, ""expression"": ""ptr->address + off"", ""label"": ""local""}, {""argument_index"": 1, ""expression"": ""RSTRING_PTR(str) + idx"", ""label"": ""param"", ""parameters"": [{""index"": 1, ""name"": ""str""}]}, {""argument_index"": 2, ""expression"": ""len"", ""label"": ""local""}]","[{""argument_index"": 2, ""expression"": ""len"", ""label"": ""local"", ""slot"": ""length""}]","[{""index"": 1, ""name"": ""str""}]"
ffi,1.17.4,put_string,memory_put_string,1,length,ext/ffi_c/AbstractMemory.c,529,0,local,str,memory_put_string,memcpy,2,len,classMemory,ext/ffi_c/AbstractMemory.c,1106,ffi:ext/ffi_c/AbstractMemory.c:1106:put_string,memory_put_string,"[{""argument_index"": 0, ""expression"": ""ptr->address + off"", ""label"": ""local""}, {""argument_index"": 1, ""expression"": ""RSTRING_PTR(str)"", ""label"": ""param"", ""parameters"": [{""index"": 1, ""name"": ""str""}]}, {""argument_index"": 2, ""expression"": ""len"", ""label"": ""local""}]","[{""argument_index"": 2, ""expression"": ""len"", ""label"": ""local"", ""slot"": ""length""}]","[{""index"": 1, ""name"": ""str""}]"
google-protobuf,4.36.0,<<,RepeatedField_push,0,length,ext/google/protobuf_c/convert.c,27,2,"param(val,0)",val,Convert_StringData,memcpy,2,RSTRING_LEN(str),klass,ext/google/protobuf_c/repeated_field.c,718,google-protobuf:ext/google/protobuf_c/repeated_field.c:718:<<,RepeatedField_push -> Convert_RubyToUpb -> Convert_StringData,"[{""argument_index"": 0, ""expression"": ""ptr"", ""label"": ""local""}, {""argument_index"": 1, ""expression"": ""RSTRING_PTR(str)"", ""label"": ""param"", ""parameters"": [{""index"": 0, ""name"": ""val""}]}, {""argument_index"": 2, ""expression"": ""RSTRING_LEN(str)"", ""label"": ""param"", ""parameters"": [{""index"": 0, ""name"": ""val""}]}]","[{""argument_index"": 2, ""expression"": ""RSTRING_LEN(str)"", ""label"": ""param"", ""parameters"": [{""index"": 0, ""name"": ""val""}], ""slot"": ""length""}]","[{""index"": 0, ""name"": ""val""}]"
google-protobuf,4.36.0,<<,RepeatedField_push,0,format,ext/google/protobuf_c/convert.c,44,2,literal,val,Convert_CheckInt,rb_raise,1,"""Expected number type for integral field '%s' (given %s).""",klass,ext/google/protobuf_c/repeated_field.c,718,google-protobuf:ext/google/protobuf_c/repeated_field.c:718:<<,RepeatedField_push -> Convert_RubyToUpb -> Convert_CheckInt,"[{""argument_index"": 0, ""expression"": ""cTypeError"", ""label"": ""other""}, {""argument_index"": 1, ""expression"": ""\""Expected number type for integral field '%s' (given %s).\"""", ""label"": ""literal""}, {""argument_index"": 2, ""expression"": ""name"", ""label"": ""local""}, {""argument_index"": 3, ""expression"": ""rb_class2name(CLASS_OF(val))"", ""label"": ""param"", ""parameters"": [{""index"": 0, ""name"": ""val""}]}]","[{""argument_index"": 1, ""expression"": ""\""Expected number type for integral field '%s' (given %s).\"""", ""label"": ""literal"", ""slot"": ""format""}]","[{""index"": 0, ""name"": ""val""}]"
google-protobuf,4.36.0,<<,RepeatedField_push,0,format,ext/google/protobuf_c/convert.c,55,2,literal,val,Convert_CheckInt,rb_raise,1,"""Non-integral floating point value assigned to integer field "" ""'%s' (given %s).""",klass,ext/google/protobuf_c/repeated_field.c,718,google-protobuf:ext/google/protobuf_c/repeated_field.c:718:<<,RepeatedField_push -> Convert_RubyToUpb -> Convert_CheckInt,"[{""argument_index"": 0, ""expression"": ""rb_eRangeError"", ""label"": ""other""}, {""argument_index"": 1, ""expression"": ""\""Non-integral floating point value assigned to integer field \"" \""'%s' (given %s).\"""", ""label"": ""literal""}, {""argument_index"": 2, ""expression"": ""name"", ""label"": ""local""}, {""argument_index"": 3, ""expression"": ""rb_class2name(CLASS_OF(val))"", ""label"": ""param"", ""parameters"": [{""index"": 0, ""name"": ""val""}]}]","[{""argument_index"": 1, ""expression"": ""\""Non-integral floating point value assigned to integer field \"" \""'%s' (given %s).\"""", ""label"": ""literal"", ""slot"": ""format""}]","[{""index"": 0, ""name"": ""val""}]"
google-protobuf,4.36.0,<<,RepeatedField_push,0,format,ext/google/protobuf_c/convert.c,63,2,literal,val,Convert_CheckInt,rb_raise,1,"""Assigning negative value to unsigned integer field '%s' (given %s).""",klass,ext/google/protobuf_c/repeated_field.c,718,google-protobuf:ext/google/protobuf_c/repeated_field.c:718:<<,RepeatedField_push -> Convert_RubyToUpb -> Convert_CheckInt,"[{""argument_index"": 0, ""expression"": ""rb_eRangeError"", ""label"": ""other""}, {""argument_index"": 1, ""expression"": ""\""Assigning negative value to unsigned integer field '%s' (given %s).\"""", ""label"": ""literal""}, {""argument_index"": 2, ""expression"": ""name"", ""label"": ""local""}, {""argument_index"": 3, ""expression"": ""rb_class2name(CLASS_OF(val))"", ""label"": ""param"", ""parameters"": [{""index"": 0, ""name"": ""val""}]}]","[{""argument_index"": 1, ""expression"": ""\""Assigning negative value to unsigned integer field '%s' (given %s).\"""", ""label"": ""literal"", ""slot"": ""format""}]","[{""index"": 0, ""name"": ""val""}]"
google-protobuf,4.36.0,<<,RepeatedField_push,0,format,ext/google/protobuf_c/convert.c,142,1,literal,val,Convert_RubyToUpb,rb_raise,1,"""Expected number type for float field '%s' (given %s).""",klass,ext/google/protobuf_c/repeated_field.c,718,google-protobuf:ext/google/protobuf_c/repeated_field.c:718:<<,RepeatedField_push -> Convert_RubyToUpb,"[{""argument_index"": 0, ""expression"": ""cTypeError"", ""label"": ""other""}, {""argument_index"": 1, ""expression"": ""\""Expected number type for float field '%s' (given %s).\"""", ""label"": ""literal""}, {""argument_index"": 2, ""expression"": ""name"", ""label"": ""local""}, {""argument_index"": 3, ""expression"": ""rb_class2name(CLASS_OF(value))"", ""label"": ""param"", ""parameters"": [{""index"": 0, ""name"": ""val""}]}]","[{""argument_index"": 1, ""expression"": ""\""Expected number type for float field '%s' (given %s).\"""", ""label"": ""literal"", ""slot"": ""format""}]","[{""index"": 0, ""name"": ""val""}]"
google-protobuf,4.36.0,<<,RepeatedField_push,0,format,ext/google/protobuf_c/convert.c,150,1,literal,val,Convert_RubyToUpb,rb_raise,1,"""Expected number type for double field '%s' (given %s).""",klass,ext/google/protobuf_c/repeated_field.c,718,google-protobuf:ext/google/protobuf_c/repeated_field.c:718:<<,RepeatedField_push -> Convert_RubyToUpb,"[{""argument_index"": 0, ""expression"": ""cTypeError"", ""label"": ""other""}, {""argument_index"": 1, ""expression"": ""\""Expected number type for double field '%s' (given %s).\"""", ""label"": ""literal""}, {""argument_index"": 2, ""expression"": ""name"", ""label"": ""local""}, {""argument_index"": 3, ""expression"": ""rb_class2name(CLASS_OF(value))"", ""label"": ""param"", ""parameters"": [{""index"": 0, ""name"": ""val""}]}]","[{""argument_index"": 1, ""expression"": ""\""Expected number type for double field '%s' (given %s).\"""", ""label"": ""literal"", ""slot"": ""format""}]","[{""index"": 0, ""name"": ""val""}]"
google-protobuf,4.36.0,<<,RepeatedField_push,0,format,ext/google/protobuf_c/convert.c,162,1,literal,val,Convert_RubyToUpb,rb_raise,1,"""Invalid argument for boolean field '%s' (given %s).""",klass,ext/google/protobuf_c/repeated_field.c,718,google-protobuf:ext/google/protobuf_c/repeated_field.c:718:<<,RepeatedField_push -> Convert_RubyToUpb,"[{""argument_index"": 0, ""expression"": ""cTypeError"", ""label"": ""other""}, {""argument_index"": 1, ""expression"": ""\""Invalid argument for boolean field '%s' (given %s).\"""", ""label"": ""literal""}, {""argument_index"": 2, ""expression"": ""name"", ""label"": ""local""}, {""argument_index"": 3, ""expression"": ""rb_class2name(CLASS_OF(value))"", ""label"": ""param"", ""parameters"": [{""index"": 0, ""name"": ""val""}]}]","[{""argument_index"": 1, ""expression"": ""\""Invalid argument for boolean field '%s' (given %s).\"""", ""label"": ""literal"", ""slot"": ""format""}]","[{""index"": 0, ""name"": ""val""}]"
google-protobuf,4.36.0,<<,RepeatedField_push,0,format,ext/google/protobuf_c/convert.c,172,1,literal,val,Convert_RubyToUpb,rb_raise,1,"""Invalid argument for string field '%s' (given %s).""",klass,ext/google/protobuf_c/repeated_field.c,718,google-protobuf:ext/google/protobuf_c/repeated_field.c:718:<<,RepeatedField_push -> Convert_RubyToUpb,"[{""argument_index"": 0, ""expression"": ""cTypeError"", ""label"": ""other""}, {""argument_index"": 1, ""expression"": ""\""Invalid argument for string field '%s' (given %s).\"""", ""label"": ""literal""}, {""argument_index"": 2, ""expression"": ""name"", ""label"": ""local""}, {""argument_index"": 3, ""expression"": ""rb_class2name(CLASS_OF(value))"", ""label"": ""param"", ""parameters"": [{""index"": 0, ""name"": ""val""}]}]","[{""argument_index"": 1, ""expression"": ""\""Invalid argument for string field '%s' (given %s).\"""", ""label"": ""literal"", ""slot"": ""format""}]","[{""index"": 0, ""name"": ""val""}]"
google-protobuf,4.36.0,<<,RepeatedField_push,0,format,ext/google/protobuf_c/convert.c,183,1,literal,val,Convert_RubyToUpb,rb_raise,1,"""Invalid argument for bytes field '%s' (given %s).""",klass,ext/google/protobuf_c/repeated_field.c,718,google-protobuf:ext/google/protobuf_c/repeated_field.c:718:<<,RepeatedField_push -> Convert_RubyToUpb,"[{""argument_index"": 0, ""expression"": ""cTypeError"", ""label"": ""other""}, {""argument_index"": 1, ""expression"": ""\""Invalid argument for bytes field '%s' (given %s).\"""", ""label"": ""literal""}, {""argument_index"": 2, ""expression"": ""name"", ""label"": ""local""}, {""argument_index"": 3, ""expression"": ""rb_class2name(CLASS_OF(value))"", ""label"": ""param"", ""parameters"": [{""index"": 0, ""name"": ""val""}]}]","[{""argument_index"": 1, ""expression"": ""\""Invalid argument for bytes field '%s' (given %s).\"""", ""label"": ""literal"", ""slot"": ""format""}]","[{""index"": 0, ""name"": ""val""}]"
google-protobuf,4.36.0,<<,RepeatedField_push,0,format,ext/google/protobuf_c/message.c,1417,2,literal,val,Message_GetUpbMessage,rb_raise,1,"""Invalid type %s to assign to submessage field '%s'.""",klass,ext/google/protobuf_c/repeated_field.c,718,google-protobuf:ext/google/protobuf_c/repeated_field.c:718:<<,RepeatedField_push -> Convert_RubyToUpb -> Message_GetUpbMessage,"[{""argument_index"": 0, ""expression"": ""cTypeError"", ""label"": ""other""}, {""argument_index"": 1, ""expression"": ""\""Invalid type %s to assign to submessage field '%s'.\"""", ""label"": ""literal""}, {""argument_index"": 2, ""expression"": ""rb_class2name(CLASS_OF(value))"", ""label"": ""param"", ""parameters"": [{""index"": 0, ""name"": ""val""}]}, {""argument_index"": 3, ""expression"": ""name"", ""label"": ""local""}]","[{""argument_index"": 1, ""expression"": ""\""Invalid type %s to assign to submessage field '%s'.\"""", ""label"": ""literal"", ""slot"": ""format""}]","[{""index"": 0, ""name"": ""val""}]"
google-protobuf,4.36.0,[],Map_index,0,length,ext/google/protobuf_c/convert.c,27,2,"param(key,0)",key,Convert_StringData,memcpy,2,RSTRING_LEN(str),klass,ext/google/protobuf_c/map.c,750,google-protobuf:ext/google/protobuf_c/map.c:750:[],Map_index -> Convert_RubyToUpb -> Convert_StringData,"[{""argument_index"": 0, ""expression"": ""ptr"", ""label"": ""local""}, {""argument_index"": 1, ""expression"": ""RSTRING_PTR(str)"", ""label"": ""param"", ""parameters"": [{""index"": 0, ""name"": ""key""}]}, {""argument_index"": 2, ""expression"": ""RSTRING_LEN(str)"", ""label"": ""param"", ""parameters"": [{""index"": 0, ""name"": ""key""}]}]","[{""argument_index"": 2, ""expression"": ""RSTRING_LEN(str)"", ""label"": ""param"", ""parameters"": [{""index"": 0, ""name"": ""key""}], ""slot"": ""length""}]","[{""index"": 0, ""name"": ""key""}]"
google-protobuf,4.36.0,[],Map_index,0,format,ext/google/protobuf_c/convert.c,44,2,literal,key,Convert_CheckInt,rb_raise,1,"""Expected number type for integral field '%s' (given %s).""",klass,ext/google/protobuf_c/map.c,750,google-protobuf:ext/google/protobuf_c/map.c:750:[],Map_index -> Convert_RubyToUpb -> Convert_CheckInt,"[{""argument_index"": 0, ""expression"": ""cTypeError"", ""label"": ""other""}, {""argument_index"": 1, ""expression"": ""\""Expected number type for integral field '%s' (given %s).\"""", ""label"": ""literal""}, {""argument_index"": 2, ""expression"": ""name"", ""label"": ""local""}, {""argument_index"": 3, ""expression"": ""rb_class2name(CLASS_OF(val))"", ""label"": ""param"", ""parameters"": [{""index"": 0, ""name"": ""key""}]}]","[{""argument_index"": 1, ""expression"": ""\""Expected number type for integral field '%s' (given %s).\"""", ""label"": ""literal"", ""slot"": ""format""}]","[{""index"": 0, ""name"": ""key""}]"
google-protobuf,4.36.0,[],Map_index,0,format,ext/google/protobuf_c/convert.c,55,2,literal,key,Convert_CheckInt,rb_raise,1,"""Non-integral floating point value assigned to integer field "" ""'%s' (given %s).""",klass,ext/google/protobuf_c/map.c,750,google-protobuf:ext/google/protobuf_c/map.c:750:[],Map_index -> Convert_RubyToUpb -> Convert_CheckInt,"[{""argument_index"": 0, ""expression"": ""rb_eRangeError"", ""label"": ""other""}, {""argument_index"": 1, ""expression"": ""\""Non-integral floating point value assigned to integer field \"" \""'%s' (given %s).\"""", ""label"": ""literal""}, {""argument_index"": 2, ""expression"": ""name"", ""label"": ""local""}, {""argument_index"": 3, ""expression"": ""rb_class2name(CLASS_OF(val))"", ""label"": ""param"", ""parameters"": [{""index"": 0, ""name"": ""key""}]}]","[{""argument_index"": 1, ""expression"": ""\""Non-integral floating point value assigned to integer field \"" \""'%s' (given %s).\"""", ""label"": ""literal"", ""slot"": ""format""}]","[{""index"": 0, ""name"": ""key""}]"
google-protobuf,4.36.0,[],Map_index,0,format,ext/google/protobuf_c/convert.c,63,2,literal,key,Convert_CheckInt,rb_raise,1,"""Assigning negative value to unsigned integer field '%s' (given %s).""",klass,ext/google/protobuf_c/map.c,750,google-protobuf:ext/google/protobuf_c/map.c:750:[],Map_index -> Convert_RubyToUpb -> Convert_CheckInt,"[{""argument_index"": 0, ""expression"": ""rb_eRangeError"", ""label"": ""other""}, {""argument_index"": 1, ""expression"": ""\""Assigning negative value to unsigned integer field '%s' (given %s).\"""", ""label"": ""literal""}, {""argument_index"": 2, ""expression"": ""name"", ""label"": ""local""}, {""argument_index"": 3, ""expression"": ""rb_class2name(CLASS_OF(val))"", ""label"": ""param"", ""parameters"": [{""index"": 0, ""name"": ""key""}]}]","[{""argument_index"": 1, ""expression"": ""\""Assigning negative value to unsigned integer field '%s' (given %s).\"""", ""label"": ""literal"", ""slot"": ""format""}]","[{""index"": 0, ""name"": ""key""}]"
google-protobuf,4.36.0,[],Map_index,0,format,ext/google/protobuf_c/convert.c,142,1,literal,key,Convert_RubyToUpb,rb_raise,1,"""Expected number type for float field '%s' (given %s).""",klass,ext/google/protobuf_c/map.c,750,google-protobuf:ext/google/protobuf_c/map.c:750:[],Map_index -> Convert_RubyToUpb,"[{""argument_index"": 0, ""expression"": ""cTypeError"", ""label"": ""other""}, {""argument_index"": 1, ""expression"": ""\""Expected number type for float field '%s' (given %s).\"""", ""label"": ""literal""}, {""argument_index"": 2, ""expression"": ""name"", ""label"": ""local""}, {""argument_index"": 3, ""expression"": ""rb_class2name(CLASS_OF(value))"", ""label"": ""param"", ""parameters"": [{""index"": 0, ""name"": ""key""}]}]","[{""argument_index"": 1, ""expression"": ""\""Expected number type for float field '%s' (given %s).\"""", ""label"": ""literal"", ""slot"": ""format""}]","[{""index"": 0, ""name"": ""key""}]"
google-protobuf,4.36.0,[],Map_index,0,format,ext/google/protobuf_c/convert.c,150,1,literal,key,Convert_RubyToUpb,rb_raise,1,"""Expected number type for double field '%s' (given %s).""",klass,ext/google/protobuf_c/map.c,750,google-protobuf:ext/google/protobuf_c/map.c:750:[],Map_index -> Convert_RubyToUpb,"[{""argument_index"": 0, ""expression"": ""cTypeError"", ""label"": ""other""}, {""argument_index"": 1, ""expression"": ""\""Expected number type for double field '%s' (given %s).\"""", ""label"": ""literal""}, {""argument_index"": 2, ""expression"": ""name"", ""label"": ""local""}, {""argument_index"": 3, ""expression"": ""rb_class2name(CLASS_OF(value))"", ""label"": ""param"", ""parameters"": [{""index"": 0, ""name"": ""key""}]}]","[{""argument_index"": 1, ""expression"": ""\""Expected number type for double field '%s' (given %s).\"""", ""label"": ""literal"", ""slot"": ""format""}]","[{""index"": 0, ""name"": ""key""}]"
google-protobuf,4.36.0,[],Map_index,0,format,ext/google/protobuf_c/convert.c,162,1,literal,key,Convert_RubyToUpb,rb_raise,1,"""Invalid argument for boolean field '%s' (given %s).""",klass,ext/google/protobuf_c/map.c,750,google-protobuf:ext/google/protobuf_c/map.c:750:[],Map_index -> Convert_RubyToUpb,"[{""argument_index"": 0, ""expression"": ""cTypeError"", ""label"": ""other""}, {""argument_index"": 1, ""expression"": ""\""Invalid argument for boolean field '%s' (given %s).\"""", ""label"": ""literal""}, {""argument_index"": 2, ""expression"": ""name"", ""label"": ""local""}, {""argument_index"": 3, ""expression"": ""rb_class2name(CLASS_OF(value))"", ""label"": ""param"", ""parameters"": [{""index"": 0, ""name"": ""key""}]}]","[{""argument_index"": 1, ""expression"": ""\""Invalid argument for boolean field '%s' (given %s).\"""", ""label"": ""literal"", ""slot"": ""format""}]","[{""index"": 0, ""name"": ""key""}]"
google-protobuf,4.36.0,[],Map_index,0,format,ext/google/protobuf_c/convert.c,172,1,literal,key,Convert_RubyToUpb,rb_raise,1,"""Invalid argument for string field '%s' (given %s).""",klass,ext/google/protobuf_c/map.c,750,google-protobuf:ext/google/protobuf_c/map.c:750:[],Map_index -> Convert_RubyToUpb,"[{""argument_index"": 0, ""expression"": ""cTypeError"", ""label"": ""other""}, {""argument_index"": 1, ""expression"": ""\""Invalid argument for string field '%s' (given %s).\"""", ""label"": ""literal""}, {""argument_index"": 2, ""expression"": ""name"", ""label"": ""local""}, {""argument_index"": 3, ""expression"": ""rb_class2name(CLASS_OF(value))"", ""label"": ""param"", ""parameters"": [{""index"": 0, ""name"": ""key""}]}]","[{""argument_index"": 1, ""expression"": ""\""Invalid argument for string field '%s' (given %s).\"""", ""label"": ""literal"", ""slot"": ""format""}]","[{""index"": 0, ""name"": ""key""}]"
google-protobuf,4.36.0,[],Map_index,0,format,ext/google/protobuf_c/convert.c,183,1,literal,key,Convert_RubyToUpb,rb_raise,1,"""Invalid argument for bytes field '%s' (given %s).""",klass,ext/google/protobuf_c/map.c,750,google-protobuf:ext/google/protobuf_c/map.c:750:[],Map_index -> Convert_RubyToUpb,"[{""argument_index"": 0, ""expression"": ""cTypeError"", ""label"": ""other""}, {""argument_index"": 1, ""expression"": ""\""Invalid argument for bytes field '%s' (given %s).\"""", ""label"": ""literal""}, {""argument_index"": 2, ""expression"": ""name"", ""label"": ""local""}, {""argument_index"": 3, ""expression"": ""rb_class2name(CLASS_OF(value))"", ""label"": ""param"", ""parameters"": [{""index"": 0, ""name"": ""key""}]}]","[{""argument_index"": 1, ""expression"": ""\""Invalid argument for bytes field '%s' (given %s).\"""", ""label"": ""literal"", ""slot"": ""format""}]","[{""index"": 0, ""name"": ""key""}]"
google-protobuf,4.36.0,[],Map_index,0,format,ext/google/protobuf_c/message.c,1417,2,literal,key,Message_GetUpbMessage,rb_raise,1,"""Invalid type %s to assign to submessage field '%s'.""",klass,ext/google/protobuf_c/map.c,750,google-protobuf:ext/google/protobuf_c/map.c:750:[],Map_index -> Convert_RubyToUpb -> Message_GetUpbMessage,"[{""argument_index"": 0, ""expression"": ""cTypeError"", ""label"": ""other""}, {""argument_index"": 1, ""expression"": ""\""Invalid type %s to assign to submessage field '%s'.\"""", ""label"": ""literal""}, {""argument_index"": 2, ""expression"": ""rb_class2name(CLASS_OF(value))"", ""label"": ""param"", ""parameters"": [{""index"": 0, ""name"": ""key""}]}, {""argument_index"": 3, ""expression"": ""name"", ""label"": ""local""}]","[{""argument_index"": 1, ""expression"": ""\""Invalid type %s to assign to submessage field '%s'.\"""", ""label"": ""literal"", ""slot"": ""format""}]","[{""index"": 0, ""name"": ""key""}]"
google-protobuf,4.36.0,[]=,Map_index_set,0,length,ext/google/protobuf_c/convert.c,27,2,"param(key,0)",key,Convert_StringData,memcpy,2,RSTRING_LEN(str),klass,ext/google/protobuf_c/map.c,751,google-protobuf:ext/google/protobuf_c/map.c:751:[]=,Map_index_set -> Convert_RubyToUpb -> Convert_StringData,"[{""argument_index"": 0, ""expression"": ""ptr"", ""label"": ""local""}, {""argument_index"": 1, ""expression"": ""RSTRING_PTR(str)"", ""label"": ""param"", ""parameters"": [{""index"": 0, ""name"": ""key""}]}, {""argument_index"": 2, ""expression"": ""RSTRING_LEN(str)"", ""label"": ""param"", ""parameters"": [{""index"": 0, ""name"": ""key""}]}]","[{""argument_index"": 2, ""expression"": ""RSTRING_LEN(str)"", ""label"": ""param"", ""parameters"": [{""index"": 0, ""name"": ""key""}], ""slot"": ""length""}]","[{""index"": 0, ""name"": ""key""}]"
google-protobuf,4.36.0,[]=,Map_index_set,0,format,ext/google/protobuf_c/convert.c,44,2,literal,key,Convert_CheckInt,rb_raise,1,"""Expected number type for integral field '%s' (given %s).""",klass,ext/google/protobuf_c/map.c,751,google-protobuf:ext/google/protobuf_c/map.c:751:[]=,Map_index_set -> Convert_RubyToUpb -> Convert_CheckInt,"[{""argument_index"": 0, ""expression"": ""cTypeError"", ""label"": ""other""}, {""argument_index"": 1, ""expression"": ""\""Expected number type for integral field '%s' (given %s).\"""", ""label"": ""literal""}, {""argument_index"": 2, ""expression"": ""name"", ""label"": ""local""}, {""argument_index"": 3, ""expression"": ""rb_class2name(CLASS_OF(val))"", ""label"": ""param"", ""parameters"": [{""index"": 0, ""name"": ""key""}]}]","[{""argument_index"": 1, ""expression"": ""\""Expected number type for integral field '%s' (given %s).\"""", ""label"": ""literal"", ""slot"": ""format""}]","[{""index"": 0, ""name"": ""key""}]"
google-protobuf,4.36.0,[]=,Map_index_set,0,format,ext/google/protobuf_c/convert.c,55,2,literal,key,Convert_CheckInt,rb_raise,1,"""Non-integral floating point value assigned to integer field "" ""'%s' (given %s).""",klass,ext/google/protobuf_c/map.c,751,google-protobuf:ext/google/protobuf_c/map.c:751:[]=,Map_index_set -> Convert_RubyToUpb -> Convert_CheckInt,"[{""argument_index"": 0, ""expression"": ""rb_eRangeError"", ""label"": ""other""}, {""argument_index"": 1, ""expression"": ""\""Non-integral floating point value assigned to integer field \"" \""'%s' (given %s).\"""", ""label"": ""literal""}, {""argument_index"": 2, ""expression"": ""name"", ""label"": ""local""}, {""argument_index"": 3, ""expression"": ""rb_class2name(CLASS_OF(val))"", ""label"": ""param"", ""parameters"": [{""index"": 0, ""name"": ""key""}]}]","[{""argument_index"": 1, ""expression"": ""\""Non-integral floating point value assigned to integer field \"" \""'%s' (given %s).\"""", ""label"": ""literal"", ""slot"": ""format""}]","[{""index"": 0, ""name"": ""key""}]"
google-protobuf,4.36.0,[]=,Map_index_set,0,format,ext/google/protobuf_c/convert.c,63,2,literal,key,Convert_CheckInt,rb_raise,1,"""Assigning negative value to unsigned integer field '%s' (given %s).""",klass,ext/google/protobuf_c/map.c,751,google-protobuf:ext/google/protobuf_c/map.c:751:[]=,Map_index_set -> Convert_RubyToUpb -> Convert_CheckInt,"[{""argument_index"": 0, ""expression"": ""rb_eRangeError"", ""label"": ""other""}, {""argument_index"": 1, ""expression"": ""\""Assigning negative value to unsigned integer field '%s' (given %s).\"""", ""label"": ""literal""}, {""argument_index"": 2, ""expression"": ""name"", ""label"": ""local""}, {""argument_index"": 3, ""expression"": ""rb_class2name(CLASS_OF(val))"", ""label"": ""param"", ""parameters"": [{""index"": 0, ""name"": ""key""}]}]","[{""argument_index"": 1, ""expression"": ""\""Assigning negative value to unsigned integer field '%s' (given %s).\"""", ""label"": ""literal"", ""slot"": ""format""}]","[{""index"": 0, ""name"": ""key""}]"
google-protobuf,4.36.0,[]=,Map_index_set,0,format,ext/google/protobuf_c/convert.c,142,1,literal,key,Convert_RubyToUpb,rb_raise,1,"""Expected number type for float field '%s' (given %s).""",klass,ext/google/protobuf_c/map.c,751,google-protobuf:ext/google/protobuf_c/map.c:751:[]=,Map_index_set -> Convert_RubyToUpb,"[{""argument_index"": 0, ""expression"": ""cTypeError"", ""label"": ""other""}, {""argument_index"": 1, ""expression"": ""\""Expected number type for float field '%s' (given %s).\"""", ""label"": ""literal""}, {""argument_index"": 2, ""expression"": ""name"", ""label"": ""local""}, {""argument_index"": 3, ""expression"": ""rb_class2name(CLASS_OF(value))"", ""label"": ""param"", ""parameters"": [{""index"": 0, ""name"": ""key""}]}]","[{""argument_index"": 1, ""expression"": ""\""Expected number type for float field '%s' (given %s).\"""", ""label"": ""literal"", ""slot"": ""format""}]","[{""index"": 0, ""name"": ""key""}]"
google-protobuf,4.36.0,[]=,Map_index_set,0,format,ext/google/protobuf_c/convert.c,150,1,literal,key,Convert_RubyToUpb,rb_raise,1,"""Expected number type for double field '%s' (given %s).""",klass,ext/google/protobuf_c/map.c,751,google-protobuf:ext/google/protobuf_c/map.c:751:[]=,Map_index_set -> Convert_RubyToUpb,"[{""argument_index"": 0, ""expression"": ""cTypeError"", ""label"": ""other""}, {""argument_index"": 1, ""expression"": ""\""Expected number type for double field '%s' (given %s).\"""", ""label"": ""literal""}, {""argument_index"": 2, ""expression"": ""name"", ""label"": ""local""}, {""argument_index"": 3, ""expression"": ""rb_class2name(CLASS_OF(value))"", ""label"": ""param"", ""parameters"": [{""index"": 0, ""name"": ""key""}]}]","[{""argument_index"": 1, ""expression"": ""\""Expected number type for double field '%s' (given %s).\"""", ""label"": ""literal"", ""slot"": ""format""}]","[{""index"": 0, ""name"": ""key""}]"
google-protobuf,4.36.0,[]=,Map_index_set,0,format,ext/google/protobuf_c/convert.c,162,1,literal,key,Convert_RubyToUpb,rb_raise,1,"""Invalid argument for boolean field '%s' (given %s).""",klass,ext/google/protobuf_c/map.c,751,google-protobuf:ext/google/protobuf_c/map.c:751:[]=,Map_index_set -> Convert_RubyToUpb,"[{""argument_index"": 0, ""expression"": ""cTypeError"", ""label"": ""other""}, {""argument_index"": 1, ""expression"": ""\""Invalid argument for boolean field '%s' (given %s).\"""", ""label"": ""literal""}, {""argument_index"": 2, ""expression"": ""name"", ""label"": ""local""}, {""argument_index"": 3, ""expression"": ""rb_class2name(CLASS_OF(value))"", ""label"": ""param"", ""parameters"": [{""index"": 0, ""name"": ""key""}]}]","[{""argument_index"": 1, ""expression"": ""\""Invalid argument for boolean field '%s' (given %s).\"""", ""label"": ""literal"", ""slot"": ""format""}]","[{""index"": 0, ""name"": ""key""}]"
google-protobuf,4.36.0,[]=,Map_index_set,0,format,ext/google/protobuf_c/convert.c,172,1,literal,key,Convert_RubyToUpb,rb_raise,1,"""Invalid argument for string field '%s' (given %s).""",klass,ext/google/protobuf_c/map.c,751,google-protobuf:ext/google/protobuf_c/map.c:751:[]=,Map_index_set -> Convert_RubyToUpb,"[{""argument_index"": 0, ""expression"": ""cTypeError"", ""label"": ""other""}, {""argument_index"": 1, ""expression"": ""\""Invalid argument for string field '%s' (given %s).\"""", ""label"": ""literal""}, {""argument_index"": 2, ""expression"": ""name"", ""label"": ""local""}, {""argument_index"": 3, ""expression"": ""rb_class2name(CLASS_OF(value))"", ""label"": ""param"", ""parameters"": [{""index"": 0, ""name"": ""key""}]}]","[{""argument_index"": 1, ""expression"": ""\""Invalid argument for string field '%s' (given %s).\"""", ""label"": ""literal"", ""slot"": ""format""}]","[{""index"": 0, ""name"": ""key""}]"
google-protobuf,4.36.0,[]=,Map_index_set,0,format,ext/google/protobuf_c/convert.c,183,1,literal,key,Convert_RubyToUpb,rb_raise,1,"""Invalid argument for bytes field '%s' (given %s).""",klass,ext/google/protobuf_c/map.c,751,google-protobuf:ext/google/protobuf_c/map.c:751:[]=,Map_index_set -> Convert_RubyToUpb,"[{""argument_index"": 0, ""expression"": ""cTypeError"", ""label"": ""other""}, {""argument_index"": 1, ""expression"": ""\""Invalid argument for bytes field '%s' (given %s).\"""", ""label"": ""literal""}, {""argument_index"": 2, ""expression"": ""name"", ""label"": ""local""}, {""argument_index"": 3, ""expression"": ""rb_class2name(CLASS_OF(value))"", ""label"": ""param"", ""parameters"": [{""index"": 0, ""name"": ""key""}]}]","[{""argument_index"": 1, ""expression"": ""\""Invalid argument for bytes field '%s' (given %s).\"""", ""label"": ""literal"", ""slot"": ""format""}]","[{""index"": 0, ""name"": ""key""}]"
google-protobuf,4.36.0,[]=,Message_index_set,0,format,ext/google/protobuf_c/message.c,936,0,literal,field_name,Message_index_set,rb_raise,1,"""Unknown field: %s""",klass,ext/google/protobuf_c/message.c,1449,google-protobuf:ext/google/protobuf_c/message.c:1449:[]=,Message_index_set,"[{""argument_index"": 0, ""expression"": ""rb_eArgError"", ""label"": ""other""}, {""argument_index"": 1, ""expression"": ""\""Unknown field: %s\"""", ""label"": ""literal""}, {""argument_index"": 2, ""expression"": ""RSTRING_PTR(field_name)"", ""label"": ""param"", ""parameters"": [{""index"": 0, ""name"": ""field_name""}]}]","[{""argument_index"": 1, ""expression"": ""\""Unknown field: %s\"""", ""label"": ""literal"", ""slot"": ""format""}]","[{""index"": 0, ""name"": ""field_name""}]"
google-protobuf,4.36.0,[]=,Map_index_set,0,format,ext/google/protobuf_c/message.c,1417,2,literal,key,Message_GetUpbMessage,rb_raise,1,"""Invalid type %s to assign to submessage field '%s'.""",klass,ext/google/protobuf_c/map.c,751,google-protobuf:ext/google/protobuf_c/map.c:751:[]=,Map_index_set -> Convert_RubyToUpb -> Message_GetUpbMessage,"[{""argument_index"": 0, ""expression"": ""cTypeError"", ""label"": ""other""}, {""argument_index"": 1, ""expression"": ""\""Invalid type %s to assign to submessage field '%s'.\"""", ""label"": ""literal""}, {""argument_index"": 2, ""expression"": ""rb_class2name(CLASS_OF(value))"", ""label"": ""param"", ""parameters"": [{""index"": 0, ""name"": ""key""}]}, {""argument_index"": 3, ""expression"": ""name"", ""label"": ""local""}]","[{""argument_index"": 1, ""expression"": ""\""Invalid type %s to assign to submessage field '%s'.\"""", ""label"": ""literal"", ""slot"": ""format""}]","[{""index"": 0, ""name"": ""key""}]"
google-protobuf,4.36.0,[]=,Map_index_set,1,length,ext/google/protobuf_c/convert.c,27,2,"param(val,1)",val,Convert_StringData,memcpy,2,RSTRING_LEN(str),klass,ext/google/protobuf_c/map.c,751,google-protobuf:ext/google/protobuf_c/map.c:751:[]=,Map_index_set -> Convert_RubyToUpb -> Convert_StringData,"[{""argument_index"": 0, ""expression"": ""ptr"", ""label"": ""local""}, {""argument_index"": 1, ""expression"": ""RSTRING_PTR(str)"", ""label"": ""param"", ""parameters"": [{""index"": 1, ""name"": ""val""}]}, {""argument_index"": 2, ""expression"": ""RSTRING_LEN(str)"", ""label"": ""param"", ""parameters"": [{""index"": 1, ""name"": ""val""}]}]","[{""argument_index"": 2, ""expression"": ""RSTRING_LEN(str)"", ""label"": ""param"", ""parameters"": [{""index"": 1, ""name"": ""val""}], ""slot"": ""length""}]","[{""index"": 1, ""name"": ""val""}]"
google-protobuf,4.36.0,[]=,Map_index_set,1,format,ext/google/protobuf_c/convert.c,44,2,literal,val,Convert_CheckInt,rb_raise,1,"""Expected number type for integral field '%s' (given %s).""",klass,ext/google/protobuf_c/map.c,751,google-protobuf:ext/google/protobuf_c/map.c:751:[]=,Map_index_set -> Convert_RubyToUpb -> Convert_CheckInt,"[{""argument_index"": 0, ""expression"": ""cTypeError"", ""label"": ""other""}, {""argument_index"": 1, ""expression"": ""\""Expected number type for integral field '%s' (given %s).\"""", ""label"": ""literal""}, {""argument_index"": 2, ""expression"": ""name"", ""label"": ""local""}, {""argument_index"": 3, ""expression"": ""rb_class2name(CLASS_OF(val))"", ""label"": ""param"", ""parameters"": [{""index"": 1, ""name"": ""val""}]}]","[{""argument_index"": 1, ""expression"": ""\""Expected number type for integral field '%s' (given %s).\"""", ""label"": ""literal"", ""slot"": ""format""}]","[{""index"": 1, ""name"": ""val""}]"
google-protobuf,4.36.0,[]=,Map_index_set,1,format,ext/google/protobuf_c/convert.c,55,2,literal,val,Convert_CheckInt,rb_raise,1,"""Non-integral floating point value assigned to integer field "" ""'%s' (given %s).""",klass,ext/google/protobuf_c/map.c,751,google-protobuf:ext/google/protobuf_c/map.c:751:[]=,Map_index_set -> Convert_RubyToUpb -> Convert_CheckInt,"[{""argument_index"": 0, ""expression"": ""rb_eRangeError"", ""label"": ""other""}, {""argument_index"": 1, ""expression"": ""\""Non-integral floating point value assigned to integer field \"" \""'%s' (given %s).\"""", ""label"": ""literal""}, {""argument_index"": 2, ""expression"": ""name"", ""label"": ""local""}, {""argument_index"": 3, ""expression"": ""rb_class2name(CLASS_OF(val))"", ""label"": ""param"", ""parameters"": [{""index"": 1, ""name"": ""val""}]}]","[{""argument_index"": 1, ""expression"": ""\""Non-integral floating point value assigned to integer field \"" \""'%s' (given %s).\"""", ""label"": ""literal"", ""slot"": ""format""}]","[{""index"": 1, ""name"": ""val""}]"
google-protobuf,4.36.0,[]=,Map_index_set,1,format,ext/google/protobuf_c/convert.c,63,2,literal,val,Convert_CheckInt,rb_raise,1,"""Assigning negative value to unsigned integer field '%s' (given %s).""",klass,ext/google/protobuf_c/map.c,751,google-protobuf:ext/google/protobuf_c/map.c:751:[]=,Map_index_set -> Convert_RubyToUpb -> Convert_CheckInt,"[{""argument_index"": 0, ""expression"": ""rb_eRangeError"", ""label"": ""other""}, {""argument_index"": 1, ""expression"": ""\""Assigning negative value to unsigned integer field '%s' (given %s).\"""", ""label"": ""literal""}, {""argument_index"": 2, ""expression"": ""name"", ""label"": ""local""}, {""argument_index"": 3, ""expression"": ""rb_class2name(CLASS_OF(val))"", ""label"": ""param"", ""parameters"": [{""index"": 1, ""name"": ""val""}]}]","[{""argument_index"": 1, ""expression"": ""\""Assigning negative value to unsigned integer field '%s' (given %s).\"""", ""label"": ""literal"", ""slot"": ""format""}]","[{""index"": 1, ""name"": ""val""}]"
google-protobuf,4.36.0,[]=,Map_index_set,1,format,ext/google/protobuf_c/convert.c,142,1,literal,val,Convert_RubyToUpb,rb_raise,1,"""Expected number type for float field '%s' (given %s).""",klass,ext/google/protobuf_c/map.c,751,google-protobuf:ext/google/protobuf_c/map.c:751:[]=,Map_index_set -> Convert_RubyToUpb,"[{""argument_index"": 0, ""expression"": ""cTypeError"", ""label"": ""other""}, {""argument_index"": 1, ""expression"": ""\""Expected number type for float field '%s' (given %s).\"""", ""label"": ""literal""}, {""argument_index"": 2, ""expression"": ""name"", ""label"": ""local""}, {""argument_index"": 3, ""expression"": ""rb_class2name(CLASS_OF(value))"", ""label"": ""param"", ""parameters"": [{""index"": 1, ""name"": ""val""}]}]","[{""argument_index"": 1, ""expression"": ""\""Expected number type for float field '%s' (given %s).\"""", ""label"": ""literal"", ""slot"": ""format""}]","[{""index"": 1, ""name"": ""val""}]"
google-protobuf,4.36.0,[]=,Map_index_set,1,format,ext/google/protobuf_c/convert.c,150,1,literal,val,Convert_RubyToUpb,rb_raise,1,"""Expected number type for double field '%s' (given %s).""",klass,ext/google/protobuf_c/map.c,751,google-protobuf:ext/google/protobuf_c/map.c:751:[]=,Map_index_set -> Convert_RubyToUpb,"[{""argument_index"": 0, ""expression"": ""cTypeError"", ""label"": ""other""}, {""argument_index"": 1, ""expression"": ""\""Expected number type for double field '%s' (given %s).\"""", ""label"": ""literal""}, {""argument_index"": 2, ""expression"": ""name"", ""label"": ""local""}, {""argument_index"": 3, ""expression"": ""rb_class2name(CLASS_OF(value))"", ""label"": ""param"", ""parameters"": [{""index"": 1, ""name"": ""val""}]}]","[{""argument_index"": 1, ""expression"": ""\""Expected number type for double field '%s' (given %s).\"""", ""label"": ""literal"", ""slot"": ""format""}]","[{""index"": 1, ""name"": ""val""}]"
google-protobuf,4.36.0,[]=,Map_index_set,1,format,ext/google/protobuf_c/convert.c,162,1,literal,val,Convert_RubyToUpb,rb_raise,1,"""Invalid argument for boolean field '%s' (given %s).""",klass,ext/google/protobuf_c/map.c,751,google-protobuf:ext/google/protobuf_c/map.c:751:[]=,Map_index_set -> Convert_RubyToUpb,"[{""argument_index"": 0, ""expression"": ""cTypeError"", ""label"": ""other""}, {""argument_index"": 1, ""expression"": ""\""Invalid argument for boolean field '%s' (given %s).\"""", ""label"": ""literal""}, {""argument_index"": 2, ""expression"": ""name"", ""label"": ""local""}, {""argument_index"": 3, ""expression"": ""rb_class2name(CLASS_OF(value))"", ""label"": ""param"", ""parameters"": [{""index"": 1, ""name"": ""val""}]}]","[{""argument_index"": 1, ""expression"": ""\""Invalid argument for boolean field '%s' (given %s).\"""", ""label"": ""literal"", ""slot"": ""format""}]","[{""index"": 1, ""name"": ""val""}]"
google-protobuf,4.36.0,[]=,Map_index_set,1,format,ext/google/protobuf_c/convert.c,172,1,literal,val,Convert_RubyToUpb,rb_raise,1,"""Invalid argument for string field '%s' (given %s).""",klass,ext/google/protobuf_c/map.c,751,google-protobuf:ext/google/protobuf_c/map.c:751:[]=,Map_index_set -> Convert_RubyToUpb,"[{""argument_index"": 0, ""expression"": ""cTypeError"", ""label"": ""other""}, {""argument_index"": 1, ""expression"": ""\""Invalid argument for string field '%s' (given %s).\"""", ""label"": ""literal""}, {""argument_index"": 2, ""expression"": ""name"", ""label"": ""local""}, {""argument_index"": 3, ""expression"": ""rb_class2name(CLASS_OF(value))"", ""label"": ""param"", ""parameters"": [{""index"": 1, ""name"": ""val""}]}]","[{""argument_index"": 1, ""expression"": ""\""Invalid argument for string field '%s' (given %s).\"""", ""label"": ""literal"", ""slot"": ""format""}]","[{""index"": 1, ""name"": ""val""}]"
google-protobuf,4.36.0,[]=,Map_index_set,1,format,ext/google/protobuf_c/convert.c,183,1,literal,val,Convert_RubyToUpb,rb_raise,1,"""Invalid argument for bytes field '%s' (given %s).""",klass,ext/google/protobuf_c/map.c,751,google-protobuf:ext/google/protobuf_c/map.c:751:[]=,Map_index_set -> Convert_RubyToUpb,"[{""argument_index"": 0, ""expression"": ""cTypeError"", ""label"": ""other""}, {""argument_index"": 1, ""expression"": ""\""Invalid argument for bytes field '%s' (given %s).\"""", ""label"": ""literal""}, {""argument_index"": 2, ""expression"": ""name"", ""label"": ""local""}, {""argument_index"": 3, ""expression"": ""rb_class2name(CLASS_OF(value))"", ""label"": ""param"", ""parameters"": [{""index"": 1, ""name"": ""val""}]}]","[{""argument_index"": 1, ""expression"": ""\""Invalid argument for bytes field '%s' (given %s).\"""", ""label"": ""literal"", ""slot"": ""format""}]","[{""index"": 1, ""name"": ""val""}]"
google-protobuf,4.36.0,[]=,Map_index_set,1,format,ext/google/protobuf_c/message.c,1417,2,literal,val,Message_GetUpbMessage,rb_raise,1,"""Invalid type %s to assign to submessage field '%s'.""",klass,ext/google/protobuf_c/map.c,751,google-protobuf:ext/google/protobuf_c/map.c:751:[]=,Map_index_set -> Convert_RubyToUpb -> Message_GetUpbMessage,"[{""argument_index"": 0, ""expression"": ""cTypeError"", ""label"": ""other""}, {""argument_index"": 1, ""expression"": ""\""Invalid type %s to assign to submessage field '%s'.\"""", ""label"": ""literal""}, {""argument_index"": 2, ""expression"": ""rb_class2name(CLASS_OF(value))"", ""label"": ""param"", ""parameters"": [{""index"": 1, ""name"": ""val""}]}, {""argument_index"": 3, ""expression"": ""name"", ""label"": ""local""}]","[{""argument_index"": 1, ""expression"": ""\""Invalid type %s to assign to submessage field '%s'.\"""", ""label"": ""literal"", ""slot"": ""format""}]","[{""index"": 1, ""name"": ""val""}]"
google-protobuf,4.36.0,delete,Map_delete,0,length,ext/google/protobuf_c/convert.c,27,2,"param(key,0)",key,Convert_StringData,memcpy,2,RSTRING_LEN(str),klass,ext/google/protobuf_c/map.c,753,google-protobuf:ext/google/protobuf_c/map.c:753:delete,Map_delete -> Convert_RubyToUpb -> Convert_StringData,"[{""argument_index"": 0, ""expression"": ""ptr"", ""label"": ""local""}, {""argument_index"": 1, ""expression"": ""RSTRING_PTR(str)"", ""label"": ""param"", ""parameters"": [{""index"": 0, ""name"": ""key""}]}, {""argument_index"": 2, ""expression"": ""RSTRING_LEN(str)"", ""label"": ""param"", ""parameters"": [{""index"": 0, ""name"": ""key""}]}]","[{""argument_index"": 2, ""expression"": ""RSTRING_LEN(str)"", ""label"": ""param"", ""parameters"": [{""index"": 0, ""name"": ""key""}], ""slot"": ""length""}]","[{""index"": 0, ""name"": ""key""}]"
google-protobuf,4.36.0,delete,Map_delete,0,format,ext/google/protobuf_c/convert.c,44,2,literal,key,Convert_CheckInt,rb_raise,1,"""Expected number type for integral field '%s' (given %s).""",klass,ext/google/protobuf_c/map.c,753,google-protobuf:ext/google/protobuf_c/map.c:753:delete,Map_delete -> Convert_RubyToUpb -> Convert_CheckInt,"[{""argument_index"": 0, ""expression"": ""cTypeError"", ""label"": ""other""}, {""argument_index"": 1, ""expression"": ""\""Expected number type for integral field '%s' (given %s).\"""", ""label"": ""literal""}, {""argument_index"": 2, ""expression"": ""name"", ""label"": ""local""}, {""argument_index"": 3, ""expression"": ""rb_class2name(CLASS_OF(val))"", ""label"": ""param"", ""parameters"": [{""index"": 0, ""name"": ""key""}]}]","[{""argument_index"": 1, ""expression"": ""\""Expected number type for integral field '%s' (given %s).\"""", ""label"": ""literal"", ""slot"": ""format""}]","[{""index"": 0, ""name"": ""key""}]"
google-protobuf,4.36.0,delete,Map_delete,0,format,ext/google/protobuf_c/convert.c,55,2,literal,key,Convert_CheckInt,rb_raise,1,"""Non-integral floating point value assigned to integer field "" ""'%s' (given %s).""",klass,ext/google/protobuf_c/map.c,753,google-protobuf:ext/google/protobuf_c/map.c:753:delete,Map_delete -> Convert_RubyToUpb -> Convert_CheckInt,"[{""argument_index"": 0, ""expression"": ""rb_eRangeError"", ""label"": ""other""}, {""argument_index"": 1, ""expression"": ""\""Non-integral floating point value assigned to integer field \"" \""'%s' (given %s).\"""", ""label"": ""literal""}, {""argument_index"": 2, ""expression"": ""name"", ""label"": ""local""}, {""argument_index"": 3, ""expression"": ""rb_class2name(CLASS_OF(val))"", ""label"": ""param"", ""parameters"": [{""index"": 0, ""name"": ""key""}]}]","[{""argument_index"": 1, ""expression"": ""\""Non-integral floating point value assigned to integer field \"" \""'%s' (given %s).\"""", ""label"": ""literal"", ""slot"": ""format""}]","[{""index"": 0, ""name"": ""key""}]"
google-protobuf,4.36.0,delete,Map_delete,0,format,ext/google/protobuf_c/convert.c,63,2,literal,key,Convert_CheckInt,rb_raise,1,"""Assigning negative value to unsigned integer field '%s' (given %s).""",klass,ext/google/protobuf_c/map.c,753,google-protobuf:ext/google/protobuf_c/map.c:753:delete,Map_delete -> Convert_RubyToUpb -> Convert_CheckInt,"[{""argument_index"": 0, ""expression"": ""rb_eRangeError"", ""label"": ""other""}, {""argument_index"": 1, ""expression"": ""\""Assigning negative value to unsigned integer field '%s' (given %s).\"""", ""label"": ""literal""}, {""argument_index"": 2, ""expression"": ""name"", ""label"": ""local""}, {""argument_index"": 3, ""expression"": ""rb_class2name(CLASS_OF(val))"", ""label"": ""param"", ""parameters"": [{""index"": 0, ""name"": ""key""}]}]","[{""argument_index"": 1, ""expression"": ""\""Assigning negative value to unsigned integer field '%s' (given %s).\"""", ""label"": ""literal"", ""slot"": ""format""}]","[{""index"": 0, ""name"": ""key""}]"
google-protobuf,4.36.0,delete,Map_delete,0,format,ext/google/protobuf_c/convert.c,142,1,literal,key,Convert_RubyToUpb,rb_raise,1,"""Expected number type for float field '%s' (given %s).""",klass,ext/google/protobuf_c/map.c,753,google-protobuf:ext/google/protobuf_c/map.c:753:delete,Map_delete -> Convert_RubyToUpb,"[{""argument_index"": 0, ""expression"": ""cTypeError"", ""label"": ""other""}, {""argument_index"": 1, ""expression"": ""\""Expected number type for float field '%s' (given %s).\"""", ""label"": ""literal""}, {""argument_index"": 2, ""expression"": ""name"", ""label"": ""local""}, {""argument_index"": 3, ""expression"": ""rb_class2name(CLASS_OF(value))"", ""label"": ""param"", ""parameters"": [{""index"": 0, ""name"": ""key""}]}]","[{""argument_index"": 1, ""expression"": ""\""Expected number type for float field '%s' (given %s).\"""", ""label"": ""literal"", ""slot"": ""format""}]","[{""index"": 0, ""name"": ""key""}]"
google-protobuf,4.36.0,delete,Map_delete,0,format,ext/google/protobuf_c/convert.c,150,1,literal,key,Convert_RubyToUpb,rb_raise,1,"""Expected number type for double field '%s' (given %s).""",klass,ext/google/protobuf_c/map.c,753,google-protobuf:ext/google/protobuf_c/map.c:753:delete,Map_delete -> Convert_RubyToUpb,"[{""argument_index"": 0, ""expression"": ""cTypeError"", ""label"": ""other""}, {""argument_index"": 1, ""expression"": ""\""Expected number type for double field '%s' (given %s).\"""", ""label"": ""literal""}, {""argument_index"": 2, ""expression"": ""name"", ""label"": ""local""}, {""argument_index"": 3, ""expression"": ""rb_class2name(CLASS_OF(value))"", ""label"": ""param"", ""parameters"": [{""index"": 0, ""name"": ""key""}]}]","[{""argument_index"": 1, ""expression"": ""\""Expected number type for double field '%s' (given %s).\"""", ""label"": ""literal"", ""slot"": ""format""}]","[{""index"": 0, ""name"": ""key""}]"
google-protobuf,4.36.0,delete,Map_delete,0,format,ext/google/protobuf_c/convert.c,162,1,literal,key,Convert_RubyToUpb,rb_raise,1,"""Invalid argument for boolean field '%s' (given %s).""",klass,ext/google/protobuf_c/map.c,753,google-protobuf:ext/google/protobuf_c/map.c:753:delete,Map_delete -> Convert_RubyToUpb,"[{""argument_index"": 0, ""expression"": ""cTypeError"", ""label"": ""other""}, {""argument_index"": 1, ""expression"": ""\""Invalid argument for boolean field '%s' (given %s).\"""", ""label"": ""literal""}, {""argument_index"": 2, ""expression"": ""name"", ""label"": ""local""}, {""argument_index"": 3, ""expression"": ""rb_class2name(CLASS_OF(value))"", ""label"": ""param"", ""parameters"": [{""index"": 0, ""name"": ""key""}]}]","[{""argument_index"": 1, ""expression"": ""\""Invalid argument for boolean field '%s' (given %s).\"""", ""label"": ""literal"", ""slot"": ""format""}]","[{""index"": 0, ""name"": ""key""}]"
google-protobuf,4.36.0,delete,Map_delete,0,format,ext/google/protobuf_c/convert.c,172,1,literal,key,Convert_RubyToUpb,rb_raise,1,"""Invalid argument for string field '%s' (given %s).""",klass,ext/google/protobuf_c/map.c,753,google-protobuf:ext/google/protobuf_c/map.c:753:delete,Map_delete -> Convert_RubyToUpb,"[{""argument_index"": 0, ""expression"": ""cTypeError"", ""label"": ""other""}, {""argument_index"": 1, ""expression"": ""\""Invalid argument for string field '%s' (given %s).\"""", ""label"": ""literal""}, {""argument_index"": 2, ""expression"": ""name"", ""label"": ""local""}, {""argument_index"": 3, ""expression"": ""rb_class2name(CLASS_OF(value))"", ""label"": ""param"", ""parameters"": [{""index"": 0, ""name"": ""key""}]}]","[{""argument_index"": 1, ""expression"": ""\""Invalid argument for string field '%s' (given %s).\"""", ""label"": ""literal"", ""slot"": ""format""}]","[{""index"": 0, ""name"": ""key""}]"
google-protobuf,4.36.0,delete,Map_delete,0,format,ext/google/protobuf_c/convert.c,183,1,literal,key,Convert_RubyToUpb,rb_raise,1,"""Invalid argument for bytes field '%s' (given %s).""",klass,ext/google/protobuf_c/map.c,753,google-protobuf:ext/google/protobuf_c/map.c:753:delete,Map_delete -> Convert_RubyToUpb,"[{""argument_index"": 0, ""expression"": ""cTypeError"", ""label"": ""other""}, {""argument_index"": 1, ""expression"": ""\""Invalid argument for bytes field '%s' (given %s).\"""", ""label"": ""literal""}, {""argument_index"": 2, ""expression"": ""name"", ""label"": ""local""}, {""argument_index"": 3, ""expression"": ""rb_class2name(CLASS_OF(value))"", ""label"": ""param"", ""parameters"": [{""index"": 0, ""name"": ""key""}]}]","[{""argument_index"": 1, ""expression"": ""\""Invalid argument for bytes field '%s' (given %s).\"""", ""label"": ""literal"", ""slot"": ""format""}]","[{""index"": 0, ""name"": ""key""}]"
google-protobuf,4.36.0,delete,Map_delete,0,format,ext/google/protobuf_c/message.c,1417,2,literal,key,Message_GetUpbMessage,rb_raise,1,"""Invalid type %s to assign to submessage field '%s'.""",klass,ext/google/protobuf_c/map.c,753,google-protobuf:ext/google/protobuf_c/map.c:753:delete,Map_delete -> Convert_RubyToUpb -> Message_GetUpbMessage,"[{""argument_index"": 0, ""expression"": ""cTypeError"", ""label"": ""other""}, {""argument_index"": 1, ""expression"": ""\""Invalid type %s to assign to submessage field '%s'.\"""", ""label"": ""literal""}, {""argument_index"": 2, ""expression"": ""rb_class2name(CLASS_OF(value))"", ""label"": ""param"", ""parameters"": [{""index"": 0, ""name"": ""key""}]}, {""argument_index"": 3, ""expression"": ""name"", ""label"": ""local""}]","[{""argument_index"": 1, ""expression"": ""\""Invalid type %s to assign to submessage field '%s'.\"""", ""label"": ""literal"", ""slot"": ""format""}]","[{""index"": 0, ""name"": ""key""}]"
google-protobuf,4.36.0,has_key?,Map_has_key,0,length,ext/google/protobuf_c/convert.c,27,2,"param(key,0)",key,Convert_StringData,memcpy,2,RSTRING_LEN(str),klass,ext/google/protobuf_c/map.c,752,google-protobuf:ext/google/protobuf_c/map.c:752:has_key?,Map_has_key -> Convert_RubyToUpb -> Convert_StringData,"[{""argument_index"": 0, ""expression"": ""ptr"", ""label"": ""local""}, {""argument_index"": 1, ""expression"": ""RSTRING_PTR(str)"", ""label"": ""param"", ""parameters"": [{""index"": 0, ""name"": ""key""}]}, {""argument_index"": 2, ""expression"": ""RSTRING_LEN(str)"", ""label"": ""param"", ""parameters"": [{""index"": 0, ""name"": ""key""}]}]","[{""argument_index"": 2, ""expression"": ""RSTRING_LEN(str)"", ""label"": ""param"", ""parameters"": [{""index"": 0, ""name"": ""key""}], ""slot"": ""length""}]","[{""index"": 0, ""name"": ""key""}]"
google-protobuf,4.36.0,has_key?,Map_has_key,0,format,ext/google/protobuf_c/convert.c,44,2,literal,key,Convert_CheckInt,rb_raise,1,"""Expected number type for integral field '%s' (given %s).""",klass,ext/google/protobuf_c/map.c,752,google-protobuf:ext/google/protobuf_c/map.c:752:has_key?,Map_has_key -> Convert_RubyToUpb -> Convert_CheckInt,"[{""argument_index"": 0, ""expression"": ""cTypeError"", ""label"": ""other""}, {""argument_index"": 1, ""expression"": ""\""Expected number type for integral field '%s' (given %s).\"""", ""label"": ""literal""}, {""argument_index"": 2, ""expression"": ""name"", ""label"": ""local""}, {""argument_index"": 3, ""expression"": ""rb_class2name(CLASS_OF(val))"", ""label"": ""param"", ""parameters"": [{""index"": 0, ""name"": ""key""}]}]","[{""argument_index"": 1, ""expression"": ""\""Expected number type for integral field '%s' (given %s).\"""", ""label"": ""literal"", ""slot"": ""format""}]","[{""index"": 0, ""name"": ""key""}]"
google-protobuf,4.36.0,has_key?,Map_has_key,0,format,ext/google/protobuf_c/convert.c,55,2,literal,key,Convert_CheckInt,rb_raise,1,"""Non-integral floating point value assigned to integer field "" ""'%s' (given %s).""",klass,ext/google/protobuf_c/map.c,752,google-protobuf:ext/google/protobuf_c/map.c:752:has_key?,Map_has_key -> Convert_RubyToUpb -> Convert_CheckInt,"[{""argument_index"": 0, ""expression"": ""rb_eRangeError"", ""label"": ""other""}, {""argument_index"": 1, ""expression"": ""\""Non-integral floating point value assigned to integer field \"" \""'%s' (given %s).\"""", ""label"": ""literal""}, {""argument_index"": 2, ""expression"": ""name"", ""label"": ""local""}, {""argument_index"": 3, ""expression"": ""rb_class2name(CLASS_OF(val))"", ""label"": ""param"", ""parameters"": [{""index"": 0, ""name"": ""key""}]}]","[{""argument_index"": 1, ""expression"": ""\""Non-integral floating point value assigned to integer field \"" \""'%s' (given %s).\"""", ""label"": ""literal"", ""slot"": ""format""}]","[{""index"": 0, ""name"": ""key""}]"
google-protobuf,4.36.0,has_key?,Map_has_key,0,format,ext/google/protobuf_c/convert.c,63,2,literal,key,Convert_CheckInt,rb_raise,1,"""Assigning negative value to unsigned integer field '%s' (given %s).""",klass,ext/google/protobuf_c/map.c,752,google-protobuf:ext/google/protobuf_c/map.c:752:has_key?,Map_has_key -> Convert_RubyToUpb -> Convert_CheckInt,"[{""argument_index"": 0, ""expression"": ""rb_eRangeError"", ""label"": ""other""}, {""argument_index"": 1, ""expression"": ""\""Assigning negative value to unsigned integer field '%s' (given %s).\"""", ""label"": ""literal""}, {""argument_index"": 2, ""expression"": ""name"", ""label"": ""local""}, {""argument_index"": 3, ""expression"": ""rb_class2name(CLASS_OF(val))"", ""label"": ""param"", ""parameters"": [{""index"": 0, ""name"": ""key""}]}]","[{""argument_index"": 1, ""expression"": ""\""Assigning negative value to unsigned integer field '%s' (given %s).\"""", ""label"": ""literal"", ""slot"": ""format""}]","[{""index"": 0, ""name"": ""key""}]"
google-protobuf,4.36.0,has_key?,Map_has_key,0,format,ext/google/protobuf_c/convert.c,142,1,literal,key,Convert_RubyToUpb,rb_raise,1,"""Expected number type for float field '%s' (given %s).""",klass,ext/google/protobuf_c/map.c,752,google-protobuf:ext/google/protobuf_c/map.c:752:has_key?,Map_has_key -> Convert_RubyToUpb,"[{""argument_index"": 0, ""expression"": ""cTypeError"", ""label"": ""other""}, {""argument_index"": 1, ""expression"": ""\""Expected number type for float field '%s' (given %s).\"""", ""label"": ""literal""}, {""argument_index"": 2, ""expression"": ""name"", ""label"": ""local""}, {""argument_index"": 3, ""expression"": ""rb_class2name(CLASS_OF(value))"", ""label"": ""param"", ""parameters"": [{""index"": 0, ""name"": ""key""}]}]","[{""argument_index"": 1, ""expression"": ""\""Expected number type for float field '%s' (given %s).\"""", ""label"": ""literal"", ""slot"": ""format""}]","[{""index"": 0, ""name"": ""key""}]"
google-protobuf,4.36.0,has_key?,Map_has_key,0,format,ext/google/protobuf_c/convert.c,150,1,literal,key,Convert_RubyToUpb,rb_raise,1,"""Expected number type for double field '%s' (given %s).""",klass,ext/google/protobuf_c/map.c,752,google-protobuf:ext/google/protobuf_c/map.c:752:has_key?,Map_has_key -> Convert_RubyToUpb,"[{""argument_index"": 0, ""expression"": ""cTypeError"", ""label"": ""other""}, {""argument_index"": 1, ""expression"": ""\""Expected number type for double field '%s' (given %s).\"""", ""label"": ""literal""}, {""argument_index"": 2, ""expression"": ""name"", ""label"": ""local""}, {""argument_index"": 3, ""expression"": ""rb_class2name(CLASS_OF(value))"", ""label"": ""param"", ""parameters"": [{""index"": 0, ""name"": ""key""}]}]","[{""argument_index"": 1, ""expression"": ""\""Expected number type for double field '%s' (given %s).\"""", ""label"": ""literal"", ""slot"": ""format""}]","[{""index"": 0, ""name"": ""key""}]"
google-protobuf,4.36.0,has_key?,Map_has_key,0,format,ext/google/protobuf_c/convert.c,162,1,literal,key,Convert_RubyToUpb,rb_raise,1,"""Invalid argument for boolean field '%s' (given %s).""",klass,ext/google/protobuf_c/map.c,752,google-protobuf:ext/google/protobuf_c/map.c:752:has_key?,Map_has_key -> Convert_RubyToUpb,"[{""argument_index"": 0, ""expression"": ""cTypeError"", ""label"": ""other""}, {""argument_index"": 1, ""expression"": ""\""Invalid argument for boolean field '%s' (given %s).\"""", ""label"": ""literal""}, {""argument_index"": 2, ""expression"": ""name"", ""label"": ""local""}, {""argument_index"": 3, ""expression"": ""rb_class2name(CLASS_OF(value))"", ""label"": ""param"", ""parameters"": [{""index"": 0, ""name"": ""key""}]}]","[{""argument_index"": 1, ""expression"": ""\""Invalid argument for boolean field '%s' (given %s).\"""", ""label"": ""literal"", ""slot"": ""format""}]","[{""index"": 0, ""name"": ""key""}]"
google-protobuf,4.36.0,has_key?,Map_has_key,0,format,ext/google/protobuf_c/convert.c,172,1,literal,key,Convert_RubyToUpb,rb_raise,1,"""Invalid argument for string field '%s' (given %s).""",klass,ext/google/protobuf_c/map.c,752,google-protobuf:ext/google/protobuf_c/map.c:752:has_key?,Map_has_key -> Convert_RubyToUpb,"[{""argument_index"": 0, ""expression"": ""cTypeError"", ""label"": ""other""}, {""argument_index"": 1, ""expression"": ""\""Invalid argument for string field '%s' (given %s).\"""", ""label"": ""literal""}, {""argument_index"": 2, ""expression"": ""name"", ""label"": ""local""}, {""argument_index"": 3, ""expression"": ""rb_class2name(CLASS_OF(value))"", ""label"": ""param"", ""parameters"": [{""index"": 0, ""name"": ""key""}]}]","[{""argument_index"": 1, ""expression"": ""\""Invalid argument for string field '%s' (given %s).\"""", ""label"": ""literal"", ""slot"": ""format""}]","[{""index"": 0, ""name"": ""key""}]"
google-protobuf,4.36.0,has_key?,Map_has_key,0,format,ext/google/protobuf_c/convert.c,183,1,literal,key,Convert_RubyToUpb,rb_raise,1,"""Invalid argument for bytes field '%s' (given %s).""",klass,ext/google/protobuf_c/map.c,752,google-protobuf:ext/google/protobuf_c/map.c:752:has_key?,Map_has_key -> Convert_RubyToUpb,"[{""argument_index"": 0, ""expression"": ""cTypeError"", ""label"": ""other""}, {""argument_index"": 1, ""expression"": ""\""Invalid argument for bytes field '%s' (given %s).\"""", ""label"": ""literal""}, {""argument_index"": 2, ""expression"": ""name"", ""label"": ""local""}, {""argument_index"": 3, ""expression"": ""rb_class2name(CLASS_OF(value))"", ""label"": ""param"", ""parameters"": [{""index"": 0, ""name"": ""key""}]}]","[{""argument_index"": 1, ""expression"": ""\""Invalid argument for bytes field '%s' (given %s).\"""", ""label"": ""literal"", ""slot"": ""format""}]","[{""index"": 0, ""name"": ""key""}]"
google-protobuf,4.36.0,has_key?,Map_has_key,0,format,ext/google/protobuf_c/message.c,1417,2,literal,key,Message_GetUpbMessage,rb_raise,1,"""Invalid type %s to assign to submessage field '%s'.""",klass,ext/google/protobuf_c/map.c,752,google-protobuf:ext/google/protobuf_c/map.c:752:has_key?,Map_has_key -> Convert_RubyToUpb -> Message_GetUpbMessage,"[{""argument_index"": 0, ""expression"": ""cTypeError"", ""label"": ""other""}, {""argument_index"": 1, ""expression"": ""\""Invalid type %s to assign to submessage field '%s'.\"""", ""label"": ""literal""}, {""argument_index"": 2, ""expression"": ""rb_class2name(CLASS_OF(value))"", ""label"": ""param"", ""parameters"": [{""index"": 0, ""name"": ""key""}]}, {""argument_index"": 3, ""expression"": ""name"", ""label"": ""local""}]","[{""argument_index"": 1, ""expression"": ""\""Invalid type %s to assign to submessage field '%s'.\"""", ""label"": ""literal"", ""slot"": ""format""}]","[{""index"": 0, ""name"": ""key""}]"
google-protobuf,4.36.0,initialize,Message_initialize,0,format,ext/google/protobuf_c/message.c,652,1,literal,argv[0],Message_InitFromValue,rb_raise,1,"""Expected hash arguments or message, not %s""",klass,ext/google/protobuf_c/message.c,1436,google-protobuf:ext/google/protobuf_c/message.c:1436:initialize,Message_initialize -> Message_InitFromValue,"[{""argument_index"": 0, ""expression"": ""rb_eArgError"", ""label"": ""other""}, {""argument_index"": 1, ""expression"": ""\""Expected hash arguments or message, not %s\"""", ""label"": ""literal""}, {""argument_index"": 2, ""expression"": ""rb_class2name(CLASS_OF(val))"", ""label"": ""param"", ""parameters"": [{""index"": 0, ""name"": ""argv[0]""}]}]","[{""argument_index"": 1, ""expression"": ""\""Expected hash arguments or message, not %s\"""", ""label"": ""literal"", ""slot"": ""format""}]","[{""index"": 0, ""name"": ""argv[0]""}]"
google-protobuf,4.36.0,method_missing,Message_method_missing,1,length,ext/google/protobuf_c/convert.c,27,3,"param(argv[1],1)",argv[1],Convert_StringData,memcpy,2,RSTRING_LEN(str),klass,ext/google/protobuf_c/message.c,1433,google-protobuf:ext/google/protobuf_c/message.c:1433:method_missing,Message_method_missing -> Message_field_accessor -> Convert_RubyToUpb -> Convert_StringData,"[{""argument_index"": 0, ""expression"": ""ptr"", ""label"": ""local""}, {""argument_index"": 1, ""expression"": ""RSTRING_PTR(str)"", ""label"": ""param"", ""parameters"": [{""index"": 1, ""name"": ""argv[1]""}]}, {""argument_index"": 2, ""expression"": ""RSTRING_LEN(str)"", ""label"": ""param"", ""parameters"": [{""index"": 1, ""name"": ""argv[1]""}]}]","[{""argument_index"": 2, ""expression"": ""RSTRING_LEN(str)"", ""label"": ""param"", ""parameters"": [{""index"": 1, ""name"": ""argv[1]""}], ""slot"": ""length""}]","[{""index"": 1, ""name"": ""argv[1]""}]"
google-protobuf,4.36.0,method_missing,Message_method_missing,1,format,ext/google/protobuf_c/convert.c,44,3,literal,argv[1],Convert_CheckInt,rb_raise,1,"""Expected number type for integral field '%s' (given %s).""",klass,ext/google/protobuf_c/message.c,1433,google-protobuf:ext/google/protobuf_c/message.c:1433:method_missing,Message_method_missing -> Message_field_accessor -> Convert_RubyToUpb -> Convert_CheckInt,"[{""argument_index"": 0, ""expression"": ""cTypeError"", ""label"": ""other""}, {""argument_index"": 1, ""expression"": ""\""Expected number type for integral field '%s' (given %s).\"""", ""label"": ""literal""}, {""argument_index"": 2, ""expression"": ""name"", ""label"": ""local""}, {""argument_index"": 3, ""expression"": ""rb_class2name(CLASS_OF(val))"", ""label"": ""param"", ""parameters"": [{""index"": 1, ""name"": ""argv[1]""}]}]","[{""argument_index"": 1, ""expression"": ""\""Expected number type for integral field '%s' (given %s).\"""", ""label"": ""literal"", ""slot"": ""format""}]","[{""index"": 1, ""name"": ""argv[1]""}]"
google-protobuf,4.36.0,method_missing,Message_method_missing,1,format,ext/google/protobuf_c/convert.c,55,3,literal,argv[1],Convert_CheckInt,rb_raise,1,"""Non-integral floating point value assigned to integer field "" ""'%s' (given %s).""",klass,ext/google/protobuf_c/message.c,1433,google-protobuf:ext/google/protobuf_c/message.c:1433:method_missing,Message_method_missing -> Message_field_accessor -> Convert_RubyToUpb -> Convert_CheckInt,"[{""argument_index"": 0, ""expression"": ""rb_eRangeError"", ""label"": ""other""}, {""argument_index"": 1, ""expression"": ""\""Non-integral floating point value assigned to integer field \"" \""'%s' (given %s).\"""", ""label"": ""literal""}, {""argument_index"": 2, ""expression"": ""name"", ""label"": ""local""}, {""argument_index"": 3, ""expression"": ""rb_class2name(CLASS_OF(val))"", ""label"": ""param"", ""parameters"": [{""index"": 1, ""name"": ""argv[1]""}]}]","[{""argument_index"": 1, ""expression"": ""\""Non-integral floating point value assigned to integer field \"" \""'%s' (given %s).\"""", ""label"": ""literal"", ""slot"": ""format""}]","[{""index"": 1, ""name"": ""argv[1]""}]"
google-protobuf,4.36.0,method_missing,Message_method_missing,1,format,ext/google/protobuf_c/convert.c,63,3,literal,argv[1],Convert_CheckInt,rb_raise,1,"""Assigning negative value to unsigned integer field '%s' (given %s).""",klass,ext/google/protobuf_c/message.c,1433,google-protobuf:ext/google/protobuf_c/message.c:1433:method_missing,Message_method_missing -> Message_field_accessor -> Convert_RubyToUpb -> Convert_CheckInt,"[{""argument_index"": 0, ""expression"": ""rb_eRangeError"", ""label"": ""other""}, {""argument_index"": 1, ""expression"": ""\""Assigning negative value to unsigned integer field '%s' (given %s).\"""", ""label"": ""literal""}, {""argument_index"": 2, ""expression"": ""name"", ""label"": ""local""}, {""argument_index"": 3, ""expression"": ""rb_class2name(CLASS_OF(val))"", ""label"": ""param"", ""parameters"": [{""index"": 1, ""name"": ""argv[1]""}]}]","[{""argument_index"": 1, ""expression"": ""\""Assigning negative value to unsigned integer field '%s' (given %s).\"""", ""label"": ""literal"", ""slot"": ""format""}]","[{""index"": 1, ""name"": ""argv[1]""}]"
google-protobuf,4.36.0,method_missing,Message_method_missing,1,format,ext/google/protobuf_c/convert.c,142,2,literal,argv[1],Convert_RubyToUpb,rb_raise,1,"""Expected number type for float field '%s' (given %s).""",klass,ext/google/protobuf_c/message.c,1433,google-protobuf:ext/google/protobuf_c/message.c:1433:method_missing,Message_method_missing -> Message_field_accessor -> Convert_RubyToUpb,"[{""argument_index"": 0, ""expression"": ""cTypeError"", ""label"": ""other""}, {""argument_index"": 1, ""expression"": ""\""Expected number type for float field '%s' (given %s).\"""", ""label"": ""literal""}, {""argument_index"": 2, ""expression"": ""name"", ""label"": ""local""}, {""argument_index"": 3, ""expression"": ""rb_class2name(CLASS_OF(value))"", ""label"": ""param"", ""parameters"": [{""index"": 1, ""name"": ""argv[1]""}]}]","[{""argument_index"": 1, ""expression"": ""\""Expected number type for float field '%s' (given %s).\"""", ""label"": ""literal"", ""slot"": ""format""}]","[{""index"": 1, ""name"": ""argv[1]""}]"
google-protobuf,4.36.0,method_missing,Message_method_missing,1,format,ext/google/protobuf_c/convert.c,150,2,literal,argv[1],Convert_RubyToUpb,rb_raise,1,"""Expected number type for double field '%s' (given %s).""",klass,ext/google/protobuf_c/message.c,1433,google-protobuf:ext/google/protobuf_c/message.c:1433:method_missing,Message_method_missing -> Message_field_accessor -> Convert_RubyToUpb,"[{""argument_index"": 0, ""expression"": ""cTypeError"", ""label"": ""other""}, {""argument_index"": 1, ""expression"": ""\""Expected number type for double field '%s' (given %s).\"""", ""label"": ""literal""}, {""argument_index"": 2, ""expression"": ""name"", ""label"": ""local""}, {""argument_index"": 3, ""expression"": ""rb_class2name(CLASS_OF(value))"", ""label"": ""param"", ""parameters"": [{""index"": 1, ""name"": ""argv[1]""}]}]","[{""argument_index"": 1, ""expression"": ""\""Expected number type for double field '%s' (given %s).\"""", ""label"": ""literal"", ""slot"": ""format""}]","[{""index"": 1, ""name"": ""argv[1]""}]"
google-protobuf,4.36.0,method_missing,Message_method_missing,1,format,ext/google/protobuf_c/convert.c,162,2,literal,argv[1],Convert_RubyToUpb,rb_raise,1,"""Invalid argument for boolean field '%s' (given %s).""",klass,ext/google/protobuf_c/message.c,1433,google-protobuf:ext/google/protobuf_c/message.c:1433:method_missing,Message_method_missing -> Message_field_accessor -> Convert_RubyToUpb,"[{""argument_index"": 0, ""expression"": ""cTypeError"", ""label"": ""other""}, {""argument_index"": 1, ""expression"": ""\""Invalid argument for boolean field '%s' (given %s).\"""", ""label"": ""literal""}, {""argument_index"": 2, ""expression"": ""name"", ""label"": ""local""}, {""argument_index"": 3, ""expression"": ""rb_class2name(CLASS_OF(value))"", ""label"": ""param"", ""parameters"": [{""index"": 1, ""name"": ""argv[1]""}]}]","[{""argument_index"": 1, ""expression"": ""\""Invalid argument for boolean field '%s' (given %s).\"""", ""label"": ""literal"", ""slot"": ""format""}]","[{""index"": 1, ""name"": ""argv[1]""}]"
google-protobuf,4.36.0,method_missing,Message_method_missing,1,format,ext/google/protobuf_c/convert.c,172,2,literal,argv[1],Convert_RubyToUpb,rb_raise,1,"""Invalid argument for string field '%s' (given %s).""",klass,ext/google/protobuf_c/message.c,1433,google-protobuf:ext/google/protobuf_c/message.c:1433:method_missing,Message_method_missing -> Message_field_accessor -> Convert_RubyToUpb,"[{""argument_index"": 0, ""expression"": ""cTypeError"", ""label"": ""other""}, {""argument_index"": 1, ""expression"": ""\""Invalid argument for string field '%s' (given %s).\"""", ""label"": ""literal""}, {""argument_index"": 2, ""expression"": ""name"", ""label"": ""local""}, {""argument_index"": 3, ""expression"": ""rb_class2name(CLASS_OF(value))"", ""label"": ""param"", ""parameters"": [{""index"": 1, ""name"": ""argv[1]""}]}]","[{""argument_index"": 1, ""expression"": ""\""Invalid argument for string field '%s' (given %s).\"""", ""label"": ""literal"", ""slot"": ""format""}]","[{""index"": 1, ""name"": ""argv[1]""}]"
google-protobuf,4.36.0,method_missing,Message_method_missing,1,format,ext/google/protobuf_c/convert.c,183,2,literal,argv[1],Convert_RubyToUpb,rb_raise,1,"""Invalid argument for bytes field '%s' (given %s).""",klass,ext/google/protobuf_c/message.c,1433,google-protobuf:ext/google/protobuf_c/message.c:1433:method_missing,Message_method_missing -> Message_field_accessor -> Convert_RubyToUpb,"[{""argument_index"": 0, ""expression"": ""cTypeError"", ""label"": ""other""}, {""argument_index"": 1, ""expression"": ""\""Invalid argument for bytes field '%s' (given %s).\"""", ""label"": ""literal""}, {""argument_index"": 2, ""expression"": ""name"", ""label"": ""local""}, {""argument_index"": 3, ""expression"": ""rb_class2name(CLASS_OF(value))"", ""label"": ""param"", ""parameters"": [{""index"": 1, ""name"": ""argv[1]""}]}]","[{""argument_index"": 1, ""expression"": ""\""Invalid argument for bytes field '%s' (given %s).\"""", ""label"": ""literal"", ""slot"": ""format""}]","[{""index"": 1, ""name"": ""argv[1]""}]"
google-protobuf,4.36.0,method_missing,Message_method_missing,1,format,ext/google/protobuf_c/message.c,1417,3,literal,argv[1],Message_GetUpbMessage,rb_raise,1,"""Invalid type %s to assign to submessage field '%s'.""",klass,ext/google/protobuf_c/message.c,1433,google-protobuf:ext/google/protobuf_c/message.c:1433:method_missing,Message_method_missing -> Message_field_accessor -> Convert_RubyToUpb -> Message_GetUpbMessage,"[{""argument_index"": 0, ""expression"": ""cTypeError"", ""label"": ""other""}, {""argument_index"": 1, ""expression"": ""\""Invalid type %s to assign to submessage field '%s'.\"""", ""label"": ""literal""}, {""argument_index"": 2, ""expression"": ""rb_class2name(CLASS_OF(value))"", ""label"": ""param"", ""parameters"": [{""index"": 1, ""name"": ""argv[1]""}]}, {""argument_index"": 3, ""expression"": ""name"", ""label"": ""local""}]","[{""argument_index"": 1, ""expression"": ""\""Invalid type %s to assign to submessage field '%s'.\"""", ""label"": ""literal"", ""slot"": ""format""}]","[{""index"": 1, ""name"": ""argv[1]""}]"
google-protobuf,4.36.0,set,FieldDescriptor_set,1,length,ext/google/protobuf_c/convert.c,27,2,"param(value,1)",value,Convert_StringData,memcpy,2,RSTRING_LEN(str),klass,ext/google/protobuf_c/defs.c,1157,google-protobuf:ext/google/protobuf_c/defs.c:1157:set,FieldDescriptor_set -> Convert_RubyToUpb -> Convert_StringData,"[{""argument_index"": 0, ""expression"": ""ptr"", ""label"": ""local""}, {""argument_index"": 1, ""expression"": ""RSTRING_PTR(str)"", ""label"": ""param"", ""parameters"": [{""index"": 1, ""name"": ""value""}]}, {""argument_index"": 2, ""expression"": ""RSTRING_LEN(str)"", ""label"": ""param"", ""parameters"": [{""index"": 1, ""name"": ""value""}]}]","[{""argument_index"": 2, ""expression"": ""RSTRING_LEN(str)"", ""label"": ""param"", ""parameters"": [{""index"": 1, ""name"": ""value""}], ""slot"": ""length""}]","[{""index"": 1, ""name"": ""value""}]"
google-protobuf,4.36.0,set,FieldDescriptor_set,1,format,ext/google/protobuf_c/convert.c,44,2,literal,value,Convert_CheckInt,rb_raise,1,"""Expected number type for integral field '%s' (given %s).""",klass,ext/google/protobuf_c/defs.c,1157,google-protobuf:ext/google/protobuf_c/defs.c:1157:set,FieldDescriptor_set -> Convert_RubyToUpb -> Convert_CheckInt,"[{""argument_index"": 0, ""expression"": ""cTypeError"", ""label"": ""other""}, {""argument_index"": 1, ""expression"": ""\""Expected number type for integral field '%s' (given %s).\"""", ""label"": ""literal""}, {""argument_index"": 2, ""expression"": ""name"", ""label"": ""local""}, {""argument_index"": 3, ""expression"": ""rb_class2name(CLASS_OF(val))"", ""label"": ""param"", ""parameters"": [{""index"": 1, ""name"": ""value""}]}]","[{""argument_index"": 1, ""expression"": ""\""Expected number type for integral field '%s' (given %s).\"""", ""label"": ""literal"", ""slot"": ""format""}]","[{""index"": 1, ""name"": ""value""}]"
google-protobuf,4.36.0,set,FieldDescriptor_set,1,format,ext/google/protobuf_c/convert.c,55,2,literal,value,Convert_CheckInt,rb_raise,1,"""Non-integral floating point value assigned to integer field "" ""'%s' (given %s).""",klass,ext/google/protobuf_c/defs.c,1157,google-protobuf:ext/google/protobuf_c/defs.c:1157:set,FieldDescriptor_set -> Convert_RubyToUpb -> Convert_CheckInt,"[{""argument_index"": 0, ""expression"": ""rb_eRangeError"", ""label"": ""other""}, {""argument_index"": 1, ""expression"": ""\""Non-integral floating point value assigned to integer field \"" \""'%s' (given %s).\"""", ""label"": ""literal""}, {""argument_index"": 2, ""expression"": ""name"", ""label"": ""local""}, {""argument_index"": 3, ""expression"": ""rb_class2name(CLASS_OF(val))"", ""label"": ""param"", ""parameters"": [{""index"": 1, ""name"": ""value""}]}]","[{""argument_index"": 1, ""expression"": ""\""Non-integral floating point value assigned to integer field \"" \""'%s' (given %s).\"""", ""label"": ""literal"", ""slot"": ""format""}]","[{""index"": 1, ""name"": ""value""}]"
google-protobuf,4.36.0,set,FieldDescriptor_set,1,format,ext/google/protobuf_c/convert.c,63,2,literal,value,Convert_CheckInt,rb_raise,1,"""Assigning negative value to unsigned integer field '%s' (given %s).""",klass,ext/google/protobuf_c/defs.c,1157,google-protobuf:ext/google/protobuf_c/defs.c:1157:set,FieldDescriptor_set -> Convert_RubyToUpb -> Convert_CheckInt,"[{""argument_index"": 0, ""expression"": ""rb_eRangeError"", ""label"": ""other""}, {""argument_index"": 1, ""expression"": ""\""Assigning negative value to unsigned integer field '%s' (given %s).\"""", ""label"": ""literal""}, {""argument_index"": 2, ""expression"": ""name"", ""label"": ""local""}, {""argument_index"": 3, ""expression"": ""rb_class2name(CLASS_OF(val))"", ""label"": ""param"", ""parameters"": [{""index"": 1, ""name"": ""value""}]}]","[{""argument_index"": 1, ""expression"": ""\""Assigning negative value to unsigned integer field '%s' (given %s).\"""", ""label"": ""literal"", ""slot"": ""format""}]","[{""index"": 1, ""name"": ""value""}]"
google-protobuf,4.36.0,set,FieldDescriptor_set,1,format,ext/google/protobuf_c/convert.c,142,1,literal,value,Convert_RubyToUpb,rb_raise,1,"""Expected number type for float field '%s' (given %s).""",klass,ext/google/protobuf_c/defs.c,1157,google-protobuf:ext/google/protobuf_c/defs.c:1157:set,FieldDescriptor_set -> Convert_RubyToUpb,"[{""argument_index"": 0, ""expression"": ""cTypeError"", ""label"": ""other""}, {""argument_index"": 1, ""expression"": ""\""Expected number type for float field '%s' (given %s).\"""", ""label"": ""literal""}, {""argument_index"": 2, ""expression"": ""name"", ""label"": ""local""}, {""argument_index"": 3, ""expression"": ""rb_class2name(CLASS_OF(value))"", ""label"": ""param"", ""parameters"": [{""index"": 1, ""name"": ""value""}]}]","[{""argument_index"": 1, ""expression"": ""\""Expected number type for float field '%s' (given %s).\"""", ""label"": ""literal"", ""slot"": ""format""}]","[{""index"": 1, ""name"": ""value""}]"
google-protobuf,4.36.0,set,FieldDescriptor_set,1,format,ext/google/protobuf_c/convert.c,150,1,literal,value,Convert_RubyToUpb,rb_raise,1,"""Expected number type for double field '%s' (given %s).""",klass,ext/google/protobuf_c/defs.c,1157,google-protobuf:ext/google/protobuf_c/defs.c:1157:set,FieldDescriptor_set -> Convert_RubyToUpb,"[{""argument_index"": 0, ""expression"": ""cTypeError"", ""label"": ""other""}, {""argument_index"": 1, ""expression"": ""\""Expected number type for double field '%s' (given %s).\"""", ""label"": ""literal""}, {""argument_index"": 2, ""expression"": ""name"", ""label"": ""local""}, {""argument_index"": 3, ""expression"": ""rb_class2name(CLASS_OF(value))"", ""label"": ""param"", ""parameters"": [{""index"": 1, ""name"": ""value""}]}]","[{""argument_index"": 1, ""expression"": ""\""Expected number type for double field '%s' (given %s).\"""", ""label"": ""literal"", ""slot"": ""format""}]","[{""index"": 1, ""name"": ""value""}]"
google-protobuf,4.36.0,set,FieldDescriptor_set,1,format,ext/google/protobuf_c/convert.c,162,1,literal,value,Convert_RubyToUpb,rb_raise,1,"""Invalid argument for boolean field '%s' (given %s).""",klass,ext/google/protobuf_c/defs.c,1157,google-protobuf:ext/google/protobuf_c/defs.c:1157:set,FieldDescriptor_set -> Convert_RubyToUpb,"[{""argument_index"": 0, ""expression"": ""cTypeError"", ""label"": ""other""}, {""argument_index"": 1, ""expression"": ""\""Invalid argument for boolean field '%s' (given %s).\"""", ""label"": ""literal""}, {""argument_index"": 2, ""expression"": ""name"", ""label"": ""local""}, {""argument_index"": 3, ""expression"": ""rb_class2name(CLASS_OF(value))"", ""label"": ""param"", ""parameters"": [{""index"": 1, ""name"": ""value""}]}]","[{""argument_index"": 1, ""expression"": ""\""Invalid argument for boolean field '%s' (given %s).\"""", ""label"": ""literal"", ""slot"": ""format""}]","[{""index"": 1, ""name"": ""value""}]"
google-protobuf,4.36.0,set,FieldDescriptor_set,1,format,ext/google/protobuf_c/convert.c,172,1,literal,value,Convert_RubyToUpb,rb_raise,1,"""Invalid argument for string field '%s' (given %s).""",klass,ext/google/protobuf_c/defs.c,1157,google-protobuf:ext/google/protobuf_c/defs.c:1157:set,FieldDescriptor_set -> Convert_RubyToUpb,"[{""argument_index"": 0, ""expression"": ""cTypeError"", ""label"": ""other""}, {""argument_index"": 1, ""expression"": ""\""Invalid argument for string field '%s' (given %s).\"""", ""label"": ""literal""}, {""argument_index"": 2, ""expression"": ""name"", ""label"": ""local""}, {""argument_index"": 3, ""expression"": ""rb_class2name(CLASS_OF(value))"", ""label"": ""param"", ""parameters"": [{""index"": 1, ""name"": ""value""}]}]","[{""argument_index"": 1, ""expression"": ""\""Invalid argument for string field '%s' (given %s).\"""", ""label"": ""literal"", ""slot"": ""format""}]","[{""index"": 1, ""name"": ""value""}]"
google-protobuf,4.36.0,set,FieldDescriptor_set,1,format,ext/google/protobuf_c/convert.c,183,1,literal,value,Convert_RubyToUpb,rb_raise,1,"""Invalid argument for bytes field '%s' (given %s).""",klass,ext/google/protobuf_c/defs.c,1157,google-protobuf:ext/google/protobuf_c/defs.c:1157:set,FieldDescriptor_set -> Convert_RubyToUpb,"[{""argument_index"": 0, ""expression"": ""cTypeError"", ""label"": ""other""}, {""argument_index"": 1, ""expression"": ""\""Invalid argument for bytes field '%s' (given %s).\"""", ""label"": ""literal""}, {""argument_index"": 2, ""expression"": ""name"", ""label"": ""local""}, {""argument_index"": 3, ""expression"": ""rb_class2name(CLASS_OF(value))"", ""label"": ""param"", ""parameters"": [{""index"": 1, ""name"": ""value""}]}]","[{""argument_index"": 1, ""expression"": ""\""Invalid argument for bytes field '%s' (given %s).\"""", ""label"": ""literal"", ""slot"": ""format""}]","[{""index"": 1, ""name"": ""value""}]"
google-protobuf,4.36.0,set,FieldDescriptor_set,1,format,ext/google/protobuf_c/message.c,1417,2,literal,value,Message_GetUpbMessage,rb_raise,1,"""Invalid type %s to assign to submessage field '%s'.""",klass,ext/google/protobuf_c/defs.c,1157,google-protobuf:ext/google/protobuf_c/defs.c:1157:set,FieldDescriptor_set -> Convert_RubyToUpb -> Message_GetUpbMessage,"[{""argument_index"": 0, ""expression"": ""cTypeError"", ""label"": ""other""}, {""argument_index"": 1, ""expression"": ""\""Invalid type %s to assign to submessage field '%s'.\"""", ""label"": ""literal""}, {""argument_index"": 2, ""expression"": ""rb_class2name(CLASS_OF(value))"", ""label"": ""param"", ""parameters"": [{""index"": 1, ""name"": ""value""}]}, {""argument_index"": 3, ""expression"": ""name"", ""label"": ""local""}]","[{""argument_index"": 1, ""expression"": ""\""Invalid type %s to assign to submessage field '%s'.\"""", ""label"": ""literal"", ""slot"": ""format""}]","[{""index"": 1, ""name"": ""value""}]"
gpgme,2.0.26,gpgme_op_encrypt,rb_s_gpgme_op_encrypt,1,size,ext/gpgme/gpgme_n.c,2529,0,"param(vrecp,1)",vrecp,rb_s_gpgme_op_encrypt,ALLOC_N,1,RARRAY_LEN(vrecp) + 1,mGPGME,ext/gpgme/gpgme_n.c,3133,gpgme:ext/gpgme/gpgme_n.c:3133:gpgme_op_encrypt,rb_s_gpgme_op_encrypt,"[{""argument_index"": 0, ""expression"": ""gpgme_key_t"", ""label"": ""other""}, {""argument_index"": 1, ""expression"": ""RARRAY_LEN(vrecp) + 1"", ""label"": ""param"", ""parameters"": [{""index"": 1, ""name"": ""vrecp""}]}]","[{""argument_index"": 1, ""expression"": ""RARRAY_LEN(vrecp) + 1"", ""label"": ""param"", ""parameters"": [{""index"": 1, ""name"": ""vrecp""}], ""slot"": ""size""}]","[{""index"": 1, ""name"": ""vrecp""}]"
gpgme,2.0.26,gpgme_op_encrypt_sign,rb_s_gpgme_op_encrypt_sign,1,size,ext/gpgme/gpgme_n.c,2634,0,"param(vrecp,1)",vrecp,rb_s_gpgme_op_encrypt_sign,ALLOC_N,1,RARRAY_LEN(vrecp) + 1,mGPGME,ext/gpgme/gpgme_n.c,3139,gpgme:ext/gpgme/gpgme_n.c:3139:gpgme_op_encrypt_sign,rb_s_gpgme_op_encrypt_sign,"[{""argument_index"": 0, ""expression"": ""gpgme_key_t"", ""label"": ""other""}, {""argument_index"": 1, ""expression"": ""RARRAY_LEN(vrecp) + 1"", ""label"": ""param"", ""parameters"": [{""index"": 1, ""name"": ""vrecp""}]}]","[{""argument_index"": 1, ""expression"": ""RARRAY_LEN(vrecp) + 1"", ""label"": ""param"", ""parameters"": [{""index"": 1, ""name"": ""vrecp""}], ""slot"": ""size""}]","[{""index"": 1, ""name"": ""vrecp""}]"
gpgme,2.0.26,gpgme_op_encrypt_sign_start,rb_s_gpgme_op_encrypt_sign_start,1,size,ext/gpgme/gpgme_n.c,2673,0,"param(vrecp,1)",vrecp,rb_s_gpgme_op_encrypt_sign_start,ALLOC_N,1,RARRAY_LEN(vrecp) + 1,mGPGME,ext/gpgme/gpgme_n.c,3141,gpgme:ext/gpgme/gpgme_n.c:3141:gpgme_op_encrypt_sign_start,rb_s_gpgme_op_encrypt_sign_start,"[{""argument_index"": 0, ""expression"": ""gpgme_key_t"", ""label"": ""other""}, {""argument_index"": 1, ""expression"": ""RARRAY_LEN(vrecp) + 1"", ""label"": ""param"", ""parameters"": [{""index"": 1, ""name"": ""vrecp""}]}]","[{""argument_index"": 1, ""expression"": ""RARRAY_LEN(vrecp) + 1"", ""label"": ""param"", ""parameters"": [{""index"": 1, ""name"": ""vrecp""}], ""slot"": ""size""}]","[{""index"": 1, ""name"": ""vrecp""}]"
gpgme,2.0.26,gpgme_op_encrypt_start,rb_s_gpgme_op_encrypt_start,1,size,ext/gpgme/gpgme_n.c,2568,0,"param(vrecp,1)",vrecp,rb_s_gpgme_op_encrypt_start,ALLOC_N,1,RARRAY_LEN(vrecp) + 1,mGPGME,ext/gpgme/gpgme_n.c,3135,gpgme:ext/gpgme/gpgme_n.c:3135:gpgme_op_encrypt_start,rb_s_gpgme_op_encrypt_start,"[{""argument_index"": 0, ""expression"": ""gpgme_key_t"", ""label"": ""other""}, {""argument_index"": 1, ""expression"": ""RARRAY_LEN(vrecp) + 1"", ""label"": ""param"", ""parameters"": [{""index"": 1, ""name"": ""vrecp""}]}]","[{""argument_index"": 1, ""expression"": ""RARRAY_LEN(vrecp) + 1"", ""label"": ""param"", ""parameters"": [{""index"": 1, ""name"": ""vrecp""}], ""slot"": ""size""}]","[{""index"": 1, ""name"": ""vrecp""}]"
gpgme,2.0.26,gpgme_op_export_keys,rb_s_gpgme_op_export_keys,1,size,ext/gpgme/gpgme_n.c,1407,0,"param(vkeys,1)",vkeys,rb_s_gpgme_op_export_keys,ALLOC_N,1,RARRAY_LEN(vkeys) + 1,mGPGME,ext/gpgme/gpgme_n.c,3049,gpgme:ext/gpgme/gpgme_n.c:3049:gpgme_op_export_keys,rb_s_gpgme_op_export_keys,"[{""argument_index"": 0, ""expression"": ""gpgme_key_t"", ""label"": ""other""}, {""argument_index"": 1, ""expression"": ""RARRAY_LEN(vkeys) + 1"", ""label"": ""param"", ""parameters"": [{""index"": 1, ""name"": ""vkeys""}]}]","[{""argument_index"": 1, ""expression"": ""RARRAY_LEN(vkeys) + 1"", ""label"": ""param"", ""parameters"": [{""index"": 1, ""name"": ""vkeys""}], ""slot"": ""size""}]","[{""index"": 1, ""name"": ""vkeys""}]"
gpgme,2.0.26,gpgme_op_export_keys_start,rb_s_gpgme_op_export_keys_start,1,size,ext/gpgme/gpgme_n.c,1433,0,"param(vkeys,1)",vkeys,rb_s_gpgme_op_export_keys_start,ALLOC_N,1,RARRAY_LEN(vkeys) + 1,mGPGME,ext/gpgme/gpgme_n.c,3051,gpgme:ext/gpgme/gpgme_n.c:3051:gpgme_op_export_keys_start,rb_s_gpgme_op_export_keys_start,"[{""argument_index"": 0, ""expression"": ""gpgme_key_t"", ""label"": ""other""}, {""argument_index"": 1, ""expression"": ""RARRAY_LEN(vkeys) + 1"", ""label"": ""param"", ""parameters"": [{""index"": 1, ""name"": ""vkeys""}]}]","[{""argument_index"": 1, ""expression"": ""RARRAY_LEN(vkeys) + 1"", ""label"": ""param"", ""parameters"": [{""index"": 1, ""name"": ""vkeys""}], ""slot"": ""size""}]","[{""index"": 1, ""name"": ""vkeys""}]"
gpgme,2.0.26,gpgme_op_import_keys,rb_s_gpgme_op_import_keys,1,size,ext/gpgme/gpgme_n.c,1495,0,"param(vkeys,1)",vkeys,rb_s_gpgme_op_import_keys,ALLOC_N,1,RARRAY_LEN(vkeys) + 1,mGPGME,ext/gpgme/gpgme_n.c,3059,gpgme:ext/gpgme/gpgme_n.c:3059:gpgme_op_import_keys,rb_s_gpgme_op_import_keys,"[{""argument_index"": 0, ""expression"": ""gpgme_key_t"", ""label"": ""other""}, {""argument_index"": 1, ""expression"": ""RARRAY_LEN(vkeys) + 1"", ""label"": ""param"", ""parameters"": [{""index"": 1, ""name"": ""vkeys""}]}]","[{""argument_index"": 1, ""expression"": ""RARRAY_LEN(vkeys) + 1"", ""label"": ""param"", ""parameters"": [{""index"": 1, ""name"": ""vkeys""}], ""slot"": ""size""}]","[{""index"": 1, ""name"": ""vkeys""}]"
gpgme,2.0.26,gpgme_op_import_keys_start,rb_s_gpgme_op_import_keys_start,1,size,ext/gpgme/gpgme_n.c,1518,0,"param(vkeys,1)",vkeys,rb_s_gpgme_op_import_keys_start,ALLOC_N,1,RARRAY_LEN(vkeys) + 1,mGPGME,ext/gpgme/gpgme_n.c,3061,gpgme:ext/gpgme/gpgme_n.c:3061:gpgme_op_import_keys_start,rb_s_gpgme_op_import_keys_start,"[{""argument_index"": 0, ""expression"": ""gpgme_key_t"", ""label"": ""other""}, {""argument_index"": 1, ""expression"": ""RARRAY_LEN(vkeys) + 1"", ""label"": ""param"", ""parameters"": [{""index"": 1, ""name"": ""vkeys""}]}]","[{""argument_index"": 1, ""expression"": ""RARRAY_LEN(vkeys) + 1"", ""label"": ""param"", ""parameters"": [{""index"": 1, ""name"": ""vkeys""}], ""slot"": ""size""}]","[{""index"": 1, ""name"": ""vkeys""}]"
grpc,1.81.1,add_http2_port,grpc_rb_server_add_http2_port,0,format,src/ruby/ext/grpc/rb_server.c,347,0,literal,port,grpc_rb_server_add_http2_port,rb_raise,1,"""could not add port %s to server, not sure why""",grpc_rb_cServer,src/ruby/ext/grpc/rb_server.c,395,grpc:src/ruby/ext/grpc/rb_server.c:395:add_http2_port,grpc_rb_server_add_http2_port,"[{""argument_index"": 0, ""expression"": ""rb_eRuntimeError"", ""label"": ""other""}, {""argument_index"": 1, ""expression"": ""\""could not add port %s to server, not sure why\"""", ""label"": ""literal""}, {""argument_index"": 2, ""expression"": ""StringValueCStr(port)"", ""label"": ""param"", ""parameters"": [{""index"": 0, ""name"": ""port""}]}]","[{""argument_index"": 1, ""expression"": ""\""could not add port %s to server, not sure why\"""", ""label"": ""literal"", ""slot"": ""format""}]","[{""index"": 0, ""name"": ""port""}]"
grpc,1.81.1,add_http2_port,grpc_rb_server_add_http2_port,0,format,src/ruby/ext/grpc/rb_server.c,367,0,literal,port,grpc_rb_server_add_http2_port,rb_raise,1,"""could not add secure port %s to server, not sure why""",grpc_rb_cServer,src/ruby/ext/grpc/rb_server.c,395,grpc:src/ruby/ext/grpc/rb_server.c:395:add_http2_port,grpc_rb_server_add_http2_port,"[{""argument_index"": 0, ""expression"": ""rb_eRuntimeError"", ""label"": ""other""}, {""argument_index"": 1, ""expression"": ""\""could not add secure port %s to server, not sure why\"""", ""label"": ""literal""}, {""argument_index"": 2, ""expression"": ""StringValueCStr(port)"", ""label"": ""param"", ""parameters"": [{""index"": 0, ""name"": ""port""}]}]","[{""argument_index"": 1, ""expression"": ""\""could not add secure port %s to server, not sure why\"""", ""label"": ""literal"", ""slot"": ""format""}]","[{""index"": 0, ""name"": ""port""}]"
grpc,1.81.1,create_call,grpc_rb_channel_create_call,4,format,src/ruby/ext/grpc/rb_grpc.c,118,1,literal,deadline,grpc_rb_time_timeval,rb_raise,1,"""bad input: (%s)->c_timeval, got <%s>,%s""",grpc_rb_cChannel,src/ruby/ext/grpc/rb_channel.c,373,grpc:src/ruby/ext/grpc/rb_channel.c:373:create_call,grpc_rb_channel_create_call -> grpc_rb_time_timeval,"[{""argument_index"": 0, ""expression"": ""rb_eTypeError"", ""label"": ""other""}, {""argument_index"": 1, ""expression"": ""\""bad input: (%s)->c_timeval, got <%s>,%s\"""", ""label"": ""literal""}, {""argument_index"": 2, ""expression"": ""tstr"", ""label"": ""local""}, {""argument_index"": 3, ""expression"": ""rb_obj_classname(time)"", ""label"": ""param"", ""parameters"": [{""index"": 4, ""name"": ""deadline""}]}, {""argument_index"": 4, ""expression"": ""want"", ""label"": ""local""}]","[{""argument_index"": 1, ""expression"": ""\""bad input: (%s)->c_timeval, got <%s>,%s\"""", ""label"": ""literal"", ""slot"": ""format""}]","[{""index"": 4, ""name"": ""deadline""}]"
grpc,1.81.1,create_call,grpc_rb_channel_create_call,4,format,src/ruby/ext/grpc/rb_grpc.c,143,1,literal,deadline,grpc_rb_time_timeval,rb_raise,1,"""%f out of Time range""",grpc_rb_cChannel,src/ruby/ext/grpc/rb_channel.c,373,grpc:src/ruby/ext/grpc/rb_channel.c:373:create_call,grpc_rb_channel_create_call -> grpc_rb_time_timeval,"[{""argument_index"": 0, ""expression"": ""rb_eRangeError"", ""label"": ""other""}, {""argument_index"": 1, ""expression"": ""\""%f out of Time range\"""", ""label"": ""literal""}, {""argument_index"": 2, ""expression"": ""RFLOAT_VALUE(time)"", ""label"": ""param"", ""parameters"": [{""index"": 4, ""name"": ""deadline""}]}]","[{""argument_index"": 1, ""expression"": ""\""%f out of Time range\"""", ""label"": ""literal"", ""slot"": ""format""}]","[{""index"": 4, ""name"": ""deadline""}]"
grpc,1.81.1,create_call,grpc_rb_channel_create_call,4,format,src/ruby/ext/grpc/rb_grpc.c,157,1,literal,deadline,grpc_rb_time_timeval,rb_raise,1,"""bad input: (%s)->c_timeval, got <%s>,%s""",grpc_rb_cChannel,src/ruby/ext/grpc/rb_channel.c,373,grpc:src/ruby/ext/grpc/rb_channel.c:373:create_call,grpc_rb_channel_create_call -> grpc_rb_time_timeval,"[{""argument_index"": 0, ""expression"": ""rb_eTypeError"", ""label"": ""other""}, {""argument_index"": 1, ""expression"": ""\""bad input: (%s)->c_timeval, got <%s>,%s\"""", ""label"": ""literal""}, {""argument_index"": 2, ""expression"": ""tstr"", ""label"": ""local""}, {""argument_index"": 3, ""expression"": ""rb_obj_classname(time)"", ""label"": ""param"", ""parameters"": [{""index"": 4, ""name"": ""deadline""}]}, {""argument_index"": 4, ""expression"": ""want"", ""label"": ""local""}]","[{""argument_index"": 1, ""expression"": ""\""bad input: (%s)->c_timeval, got <%s>,%s\"""", ""label"": ""literal"", ""slot"": ""format""}]","[{""index"": 4, ""name"": ""deadline""}]"
grpc,1.81.1,initialize,grpc_rb_server_credentials_init,1,format,src/ruby/ext/grpc/rb_server_credentials.c,154,0,literal,pem_key_certs,grpc_rb_server_credentials_init,rb_raise,1,"""bad pem_key_certs: got:<%s> want: <Array>""",grpc_rb_cServerCredentials,src/ruby/ext/grpc/rb_server_credentials.c,235,grpc:src/ruby/ext/grpc/rb_server_credentials.c:235:initialize,grpc_rb_server_credentials_init,"[{""argument_index"": 0, ""expression"": ""rb_eTypeError"", ""label"": ""other""}, {""argument_index"": 1, ""expression"": ""\""bad pem_key_certs: got:<%s> want: <Array>\"""", ""label"": ""literal""}, {""argument_index"": 2, ""expression"": ""rb_obj_classname(pem_key_certs)"", ""label"": ""param"", ""parameters"": [{""index"": 1, ""name"": ""pem_key_certs""}]}]","[{""argument_index"": 1, ""expression"": ""\""bad pem_key_certs: got:<%s> want: <Array>\"""", ""label"": ""literal"", ""slot"": ""format""}]","[{""index"": 1, ""name"": ""pem_key_certs""}]"
grpc,1.81.1,initialize,grpc_rb_server_credentials_init,2,format,src/ruby/ext/grpc/rb_server_credentials.c,148,0,literal,force_client_auth,grpc_rb_server_credentials_init,rb_raise,1,"""bad force_client_auth: got:<%s> want: <True|False|nil>""",grpc_rb_cServerCredentials,src/ruby/ext/grpc/rb_server_credentials.c,235,grpc:src/ruby/ext/grpc/rb_server_credentials.c:235:initialize,grpc_rb_server_credentials_init,"[{""argument_index"": 0, ""expression"": ""rb_eTypeError"", ""label"": ""other""}, {""argument_index"": 1, ""expression"": ""\""bad force_client_auth: got:<%s> want: <True|False|nil>\"""", ""label"": ""literal""}, {""argument_index"": 2, ""expression"": ""rb_obj_classname(force_client_auth)"", ""label"": ""param"", ""parameters"": [{""index"": 2, ""name"": ""force_client_auth""}]}]","[{""argument_index"": 1, ""expression"": ""\""bad force_client_auth: got:<%s> want: <True|False|nil>\"""", ""label"": ""literal"", ""slot"": ""format""}]","[{""index"": 2, ""name"": ""force_client_auth""}]"
grpc,1.81.1,metadata=,grpc_rb_call_set_metadata,0,format,src/ruby/ext/grpc/rb_call.c,306,0,literal,metadata,grpc_rb_call_set_metadata,rb_raise,1,"""bad metadata: got:<%s> want: <Hash>""",grpc_rb_cCall,src/ruby/ext/grpc/rb_call.c,1017,grpc:src/ruby/ext/grpc/rb_call.c:1017:metadata=,grpc_rb_call_set_metadata,"[{""argument_index"": 0, ""expression"": ""rb_eTypeError"", ""label"": ""other""}, {""argument_index"": 1, ""expression"": ""\""bad metadata: got:<%s> want: <Hash>\"""", ""label"": ""literal""}, {""argument_index"": 2, ""expression"": ""rb_obj_classname(metadata)"", ""label"": ""param"", ""parameters"": [{""index"": 0, ""name"": ""metadata""}]}]","[{""argument_index"": 1, ""expression"": ""\""bad metadata: got:<%s> want: <Hash>\"""", ""label"": ""literal"", ""slot"": ""format""}]","[{""index"": 0, ""name"": ""metadata""}]"
grpc,1.81.1,shutdown_and_notify,grpc_rb_server_shutdown_and_notify,0,format,src/ruby/ext/grpc/rb_grpc.c,118,1,literal,timeout,grpc_rb_time_timeval,rb_raise,1,"""bad input: (%s)->c_timeval, got <%s>,%s""",grpc_rb_cServer,src/ruby/ext/grpc/rb_server.c,391,grpc:src/ruby/ext/grpc/rb_server.c:391:shutdown_and_notify,grpc_rb_server_shutdown_and_notify -> grpc_rb_time_timeval,"[{""argument_index"": 0, ""expression"": ""rb_eTypeError"", ""label"": ""other""}, {""argument_index"": 1, ""expression"": ""\""bad input: (%s)->c_timeval, got <%s>,%s\"""", ""label"": ""literal""}, {""argument_index"": 2, ""expression"": ""tstr"", ""label"": ""local""}, {""argument_index"": 3, ""expression"": ""rb_obj_classname(time)"", ""label"": ""param"", ""parameters"": [{""index"": 0, ""name"": ""timeout""}]}, {""argument_index"": 4, ""expression"": ""want"", ""label"": ""local""}]","[{""argument_index"": 1, ""expression"": ""\""bad input: (%s)->c_timeval, got <%s>,%s\"""", ""label"": ""literal"", ""slot"": ""format""}]","[{""index"": 0, ""name"": ""timeout""}]"
grpc,1.81.1,shutdown_and_notify,grpc_rb_server_shutdown_and_notify,0,format,src/ruby/ext/grpc/rb_grpc.c,143,1,literal,timeout,grpc_rb_time_timeval,rb_raise,1,"""%f out of Time range""",grpc_rb_cServer,src/ruby/ext/grpc/rb_server.c,391,grpc:src/ruby/ext/grpc/rb_server.c:391:shutdown_and_notify,grpc_rb_server_shutdown_and_notify -> grpc_rb_time_timeval,"[{""argument_index"": 0, ""expression"": ""rb_eRangeError"", ""label"": ""other""}, {""argument_index"": 1, ""expression"": ""\""%f out of Time range\"""", ""label"": ""literal""}, {""argument_index"": 2, ""expression"": ""RFLOAT_VALUE(time)"", ""label"": ""param"", ""parameters"": [{""index"": 0, ""name"": ""timeout""}]}]","[{""argument_index"": 1, ""expression"": ""\""%f out of Time range\"""", ""label"": ""literal"", ""slot"": ""format""}]","[{""index"": 0, ""name"": ""timeout""}]"
grpc,1.81.1,shutdown_and_notify,grpc_rb_server_shutdown_and_notify,0,format,src/ruby/ext/grpc/rb_grpc.c,157,1,literal,timeout,grpc_rb_time_timeval,rb_raise,1,"""bad input: (%s)->c_timeval, got <%s>,%s""",grpc_rb_cServer,src/ruby/ext/grpc/rb_server.c,391,grpc:src/ruby/ext/grpc/rb_server.c:391:shutdown_and_notify,grpc_rb_server_shutdown_and_notify -> grpc_rb_time_timeval,"[{""argument_index"": 0, ""expression"": ""rb_eTypeError"", ""label"": ""other""}, {""argument_index"": 1, ""expression"": ""\""bad input: (%s)->c_timeval, got <%s>,%s\"""", ""label"": ""literal""}, {""argument_index"": 2, ""expression"": ""tstr"", ""label"": ""local""}, {""argument_index"": 3, ""expression"": ""rb_obj_classname(time)"", ""label"": ""param"", ""parameters"": [{""index"": 0, ""name"": ""timeout""}]}, {""argument_index"": 4, ""expression"": ""want"", ""label"": ""local""}]","[{""argument_index"": 1, ""expression"": ""\""bad input: (%s)->c_timeval, got <%s>,%s\"""", ""label"": ""literal"", ""slot"": ""format""}]","[{""index"": 0, ""name"": ""timeout""}]"
grpc,1.81.1,status=,grpc_rb_call_set_status,0,format,src/ruby/ext/grpc/rb_call.c,282,0,literal,status,grpc_rb_call_set_status,rb_raise,1,"""bad status: got:<%s> want: <Struct::Status>""",grpc_rb_cCall,src/ruby/ext/grpc/rb_call.c,1015,grpc:src/ruby/ext/grpc/rb_call.c:1015:status=,grpc_rb_call_set_status,"[{""argument_index"": 0, ""expression"": ""rb_eTypeError"", ""label"": ""other""}, {""argument_index"": 1, ""expression"": ""\""bad status: got:<%s> want: <Struct::Status>\"""", ""label"": ""literal""}, {""argument_index"": 2, ""expression"": ""rb_obj_classname(status)"", ""label"": ""param"", ""parameters"": [{""index"": 0, ""name"": ""status""}]}]","[{""argument_index"": 1, ""expression"": ""\""bad status: got:<%s> want: <Struct::Status>\"""", ""label"": ""literal"", ""slot"": ""format""}]","[{""index"": 0, ""name"": ""status""}]"
grpc,1.81.1,trailing_metadata=,grpc_rb_call_set_trailing_metadata,0,format,src/ruby/ext/grpc/rb_call.c,330,0,literal,metadata,grpc_rb_call_set_trailing_metadata,rb_raise,1,"""bad metadata: got:<%s> want: <Hash>""",grpc_rb_cCall,src/ruby/ext/grpc/rb_call.c,1020,grpc:src/ruby/ext/grpc/rb_call.c:1020:trailing_metadata=,grpc_rb_call_set_trailing_metadata,"[{""argument_index"": 0, ""expression"": ""rb_eTypeError"", ""label"": ""other""}, {""argument_index"": 1, ""expression"": ""\""bad metadata: got:<%s> want: <Hash>\"""", ""label"": ""literal""}, {""argument_index"": 2, ""expression"": ""rb_obj_classname(metadata)"", ""label"": ""param"", ""parameters"": [{""index"": 0, ""name"": ""metadata""}]}]","[{""argument_index"": 1, ""expression"": ""\""bad metadata: got:<%s> want: <Hash>\"""", ""label"": ""literal"", ""slot"": ""format""}]","[{""index"": 0, ""name"": ""metadata""}]"
grpc,1.81.1,watch_connectivity_state,grpc_rb_channel_watch_connectivity_state,1,format,src/ruby/ext/grpc/rb_grpc.c,118,1,literal,rb_deadline,grpc_rb_time_timeval,rb_raise,1,"""bad input: (%s)->c_timeval, got <%s>,%s""",grpc_rb_cChannel,src/ruby/ext/grpc/rb_channel.c,371,grpc:src/ruby/ext/grpc/rb_channel.c:371:watch_connectivity_state,grpc_rb_channel_watch_connectivity_state -> grpc_rb_time_timeval,"[{""argument_index"": 0, ""expression"": ""rb_eTypeError"", ""label"": ""other""}, {""argument_index"": 1, ""expression"": ""\""bad input: (%s)->c_timeval, got <%s>,%s\"""", ""label"": ""literal""}, {""argument_index"": 2, ""expression"": ""tstr"", ""label"": ""local""}, {""argument_index"": 3, ""expression"": ""rb_obj_classname(time)"", ""label"": ""param"", ""parameters"": [{""index"": 1, ""name"": ""rb_deadline""}]}, {""argument_index"": 4, ""expression"": ""want"", ""label"": ""local""}]","[{""argument_index"": 1, ""expression"": ""\""bad input: (%s)->c_timeval, got <%s>,%s\"""", ""label"": ""literal"", ""slot"": ""format""}]","[{""index"": 1, ""name"": ""rb_deadline""}]"
grpc,1.81.1,watch_connectivity_state,grpc_rb_channel_watch_connectivity_state,1,format,src/ruby/ext/grpc/rb_grpc.c,143,1,literal,rb_deadline,grpc_rb_time_timeval,rb_raise,1,"""%f out of Time range""",grpc_rb_cChannel,src/ruby/ext/grpc/rb_channel.c,371,grpc:src/ruby/ext/grpc/rb_channel.c:371:watch_connectivity_state,grpc_rb_channel_watch_connectivity_state -> grpc_rb_time_timeval,"[{""argument_index"": 0, ""expression"": ""rb_eRangeError"", ""label"": ""other""}, {""argument_index"": 1, ""expression"": ""\""%f out of Time range\"""", ""label"": ""literal""}, {""argument_index"": 2, ""expression"": ""RFLOAT_VALUE(time)"", ""label"": ""param"", ""parameters"": [{""index"": 1, ""name"": ""rb_deadline""}]}]","[{""argument_index"": 1, ""expression"": ""\""%f out of Time range\"""", ""label"": ""literal"", ""slot"": ""format""}]","[{""index"": 1, ""name"": ""rb_deadline""}]"
grpc,1.81.1,watch_connectivity_state,grpc_rb_channel_watch_connectivity_state,1,format,src/ruby/ext/grpc/rb_grpc.c,157,1,literal,rb_deadline,grpc_rb_time_timeval,rb_raise,1,"""bad input: (%s)->c_timeval, got <%s>,%s""",grpc_rb_cChannel,src/ruby/ext/grpc/rb_channel.c,371,grpc:src/ruby/ext/grpc/rb_channel.c:371:watch_connectivity_state,grpc_rb_channel_watch_connectivity_state -> grpc_rb_time_timeval,"[{""argument_index"": 0, ""expression"": ""rb_eTypeError"", ""label"": ""other""}, {""argument_index"": 1, ""expression"": ""\""bad input: (%s)->c_timeval, got <%s>,%s\"""", ""label"": ""literal""}, {""argument_index"": 2, ""expression"": ""tstr"", ""label"": ""local""}, {""argument_index"": 3, ""expression"": ""rb_obj_classname(time)"", ""label"": ""param"", ""parameters"": [{""index"": 1, ""name"": ""rb_deadline""}]}, {""argument_index"": 4, ""expression"": ""want"", ""label"": ""local""}]","[{""argument_index"": 1, ""expression"": ""\""bad input: (%s)->c_timeval, got <%s>,%s\"""", ""label"": ""literal"", ""slot"": ""format""}]","[{""index"": 1, ""name"": ""rb_deadline""}]"
grpc,1.81.1,write_flag=,grpc_rb_call_set_write_flag,0,format,src/ruby/ext/grpc/rb_call.c,354,0,literal,write_flag,grpc_rb_call_set_write_flag,rb_raise,1,"""bad write_flag: got:<%s> want: <Fixnum>""",grpc_rb_cCall,src/ruby/ext/grpc/rb_call.c,1023,grpc:src/ruby/ext/grpc/rb_call.c:1023:write_flag=,grpc_rb_call_set_write_flag,"[{""argument_index"": 0, ""expression"": ""rb_eTypeError"", ""label"": ""other""}, {""argument_index"": 1, ""expression"": ""\""bad write_flag: got:<%s> want: <Fixnum>\"""", ""label"": ""literal""}, {""argument_index"": 2, ""expression"": ""rb_obj_classname(write_flag)"", ""label"": ""param"", ""parameters"": [{""index"": 0, ""name"": ""write_flag""}]}]","[{""argument_index"": 1, ""expression"": ""\""bad write_flag: got:<%s> want: <Fixnum>\"""", ""label"": ""literal"", ""slot"": ""format""}]","[{""index"": 0, ""name"": ""write_flag""}]"
io-console,0.8.2,erase_line,console_erase_line,0,format,ext/io/console/console.c,1089,1,literal,val,mode_in_range,rb_raise,1,"""wrong %s mode: %""PRIsVALUE",rb_cIO,ext/io/console/console.c,1993,io-console:ext/io/console/console.c:1993:erase_line,console_erase_line -> mode_in_range,"[{""argument_index"": 0, ""expression"": ""rb_eArgError"", ""label"": ""other""}, {""argument_index"": 1, ""expression"": ""\""wrong %s mode: %\""PRIsVALUE"", ""label"": ""literal""}, {""argument_index"": 2, ""expression"": ""modename"", ""label"": ""local""}, {""argument_index"": 3, ""expression"": ""val"", ""label"": ""param"", ""parameters"": [{""index"": 0, ""name"": ""val""}]}]","[{""argument_index"": 1, ""expression"": ""\""wrong %s mode: %\""PRIsVALUE"", ""label"": ""literal"", ""slot"": ""format""}]","[{""index"": 0, ""name"": ""val""}]"
io-console,0.8.2,erase_screen,console_erase_screen,0,format,ext/io/console/console.c,1089,1,literal,val,mode_in_range,rb_raise,1,"""wrong %s mode: %""PRIsVALUE",rb_cIO,ext/io/console/console.c,1994,io-console:ext/io/console/console.c:1994:erase_screen,console_erase_screen -> mode_in_range,"[{""argument_index"": 0, ""expression"": ""rb_eArgError"", ""label"": ""other""}, {""argument_index"": 1, ""expression"": ""\""wrong %s mode: %\""PRIsVALUE"", ""label"": ""literal""}, {""argument_index"": 2, ""expression"": ""modename"", ""label"": ""local""}, {""argument_index"": 3, ""expression"": ""val"", ""label"": ""param"", ""parameters"": [{""index"": 0, ""name"": ""val""}]}]","[{""argument_index"": 1, ""expression"": ""\""wrong %s mode: %\""PRIsVALUE"", ""label"": ""literal"", ""slot"": ""format""}]","[{""index"": 0, ""name"": ""val""}]"
io-console,0.8.2,goto,console_goto,0,format,ext/io/console/console.c,1320,0,literal,y,console_goto,rb_sprintf,0,"CSI ""%d;%dH""",rb_cIO,ext/io/console/console.c,1985,io-console:ext/io/console/console.c:1985:goto,console_goto,"[{""argument_index"": 0, ""expression"": ""CSI \""%d;%dH\"""", ""label"": ""literal""}, {""argument_index"": 1, ""expression"": ""NUM2UINT(y)+1"", ""label"": ""param"", ""parameters"": [{""index"": 0, ""name"": ""y""}]}, {""argument_index"": 2, ""expression"": ""NUM2UINT(x)+1"", ""label"": ""param"", ""parameters"": [{""index"": 1, ""name"": ""x""}]}]","[{""argument_index"": 0, ""expression"": ""CSI \""%d;%dH\"""", ""label"": ""literal"", ""slot"": ""format""}]","[{""index"": 0, ""name"": ""y""}, {""index"": 1, ""name"": ""x""}]"
io-console,0.8.2,goto,console_goto,1,format,ext/io/console/console.c,1320,0,literal,x,console_goto,rb_sprintf,0,"CSI ""%d;%dH""",rb_cIO,ext/io/console/console.c,1985,io-console:ext/io/console/console.c:1985:goto,console_goto,"[{""argument_index"": 0, ""expression"": ""CSI \""%d;%dH\"""", ""label"": ""literal""}, {""argument_index"": 1, ""expression"": ""NUM2UINT(y)+1"", ""label"": ""param"", ""parameters"": [{""index"": 0, ""name"": ""y""}]}, {""argument_index"": 2, ""expression"": ""NUM2UINT(x)+1"", ""label"": ""param"", ""parameters"": [{""index"": 1, ""name"": ""x""}]}]","[{""argument_index"": 0, ""expression"": ""CSI \""%d;%dH\"""", ""label"": ""literal"", ""slot"": ""format""}]","[{""index"": 0, ""name"": ""y""}, {""index"": 1, ""name"": ""x""}]"
io-console,0.8.2,goto_column,console_goto_column,0,format,ext/io/console/console.c,1380,0,literal,val,console_goto_column,rb_sprintf,0,"CSI ""%dG""",rb_cIO,ext/io/console/console.c,1992,io-console:ext/io/console/console.c:1992:goto_column,console_goto_column,"[{""argument_index"": 0, ""expression"": ""CSI \""%dG\"""", ""label"": ""literal""}, {""argument_index"": 1, ""expression"": ""NUM2UINT(val)+1"", ""label"": ""param"", ""parameters"": [{""index"": 0, ""name"": ""val""}]}]","[{""argument_index"": 0, ""expression"": ""CSI \""%dG\"""", ""label"": ""literal"", ""slot"": ""format""}]","[{""index"": 0, ""name"": ""val""}]"
io-console,0.8.2,pressed?,console_key_pressed_p,0,format,ext/io/console/console.c,1171,0,literal,k,console_key_pressed_p,rb_raise,1,"""unknown virtual key code: % ""PRIsVALUE",rb_cIO,ext/io/console/console.c,1998,io-console:ext/io/console/console.c:1998:pressed?,console_key_pressed_p,"[{""argument_index"": 0, ""expression"": ""rb_eArgError"", ""label"": ""other""}, {""argument_index"": 1, ""expression"": ""\""unknown virtual key code: % \""PRIsVALUE"", ""label"": ""literal""}, {""argument_index"": 2, ""expression"": ""k"", ""label"": ""param"", ""parameters"": [{""index"": 0, ""name"": ""k""}]}]","[{""argument_index"": 1, ""expression"": ""\""unknown virtual key code: % \""PRIsVALUE"", ""label"": ""literal"", ""slot"": ""format""}]","[{""index"": 0, ""name"": ""k""}]"
msgpack,1.8.4,initialize,Buffer_initialize,0,format,ext/msgpack/buffer_class.c,240,0,literal,io,Buffer_initialize,rb_raise,1,"""expected Hash but found %s.""",cMessagePack_Buffer,ext/msgpack/buffer_class.c,598,msgpack:ext/msgpack/buffer_class.c:598:initialize,Buffer_initialize,"[{""argument_index"": 0, ""expression"": ""rb_eArgError"", ""label"": ""other""}, {""argument_index"": 1, ""expression"": ""\""expected Hash but found %s.\"""", ""label"": ""literal""}, {""argument_index"": 2, ""expression"": ""rb_obj_classname(io)"", ""label"": ""param"", ""parameters"": [{""index"": 0, ""name"": ""io""}]}]","[{""argument_index"": 1, ""expression"": ""\""expected Hash but found %s.\"""", ""label"": ""literal"", ""slot"": ""format""}]","[{""index"": 0, ""name"": ""io""}]"
msgpack,1.8.4,initialize,MessagePack_Unpacker_initialize,1,format,ext/msgpack/unpacker_class.c,116,0,literal,options,MessagePack_Unpacker_initialize,rb_raise,1,"""expected Hash but found %s.""",cMessagePack_Unpacker,ext/msgpack/unpacker_class.c,426,msgpack:ext/msgpack/unpacker_class.c:426:initialize,MessagePack_Unpacker_initialize,"[{""argument_index"": 0, ""expression"": ""rb_eArgError"", ""label"": ""other""}, {""argument_index"": 1, ""expression"": ""\""expected Hash but found %s.\"""", ""label"": ""literal""}, {""argument_index"": 2, ""expression"": ""rb_obj_classname(options)"", ""label"": ""param"", ""parameters"": [{""index"": 1, ""name"": ""options""}]}]","[{""argument_index"": 1, ""expression"": ""\""expected Hash but found %s.\"""", ""label"": ""literal"", ""slot"": ""format""}]","[{""index"": 1, ""name"": ""options""}]"
msgpack,1.8.4,register_type_internal,Factory_register_type_internal,1,format,ext/msgpack/factory_class.c,210,0,literal,ext_module,Factory_register_type_internal,rb_raise,1,"""expected Module/Class but found %s.""",cMessagePack_Factory,ext/msgpack/factory_class.c,275,msgpack:ext/msgpack/factory_class.c:275:register_type_internal,Factory_register_type_internal,"[{""argument_index"": 0, ""expression"": ""rb_eArgError"", ""label"": ""other""}, {""argument_index"": 1, ""expression"": ""\""expected Module/Class but found %s.\"""", ""label"": ""literal""}, {""argument_index"": 2, ""expression"": ""rb_obj_classname(ext_module)"", ""label"": ""param"", ""parameters"": [{""index"": 1, ""name"": ""ext_module""}]}]","[{""argument_index"": 1, ""expression"": ""\""expected Module/Class but found %s.\"""", ""label"": ""literal"", ""slot"": ""format""}]","[{""index"": 1, ""name"": ""ext_module""}]"
msgpack,1.8.4,unpacker,MessagePack_Factory_unpacker,1,format,ext/msgpack/unpacker_class.c,116,1,literal,options,MessagePack_Unpacker_initialize,rb_raise,1,"""expected Hash but found %s.""",cMessagePack_Factory,ext/msgpack/factory_class.c,272,msgpack:ext/msgpack/factory_class.c:272:unpacker,MessagePack_Factory_unpacker -> MessagePack_Unpacker_initialize,"[{""argument_index"": 0, ""expression"": ""rb_eArgError"", ""label"": ""other""}, {""argument_index"": 1, ""expression"": ""\""expected Hash but found %s.\"""", ""label"": ""literal""}, {""argument_index"": 2, ""expression"": ""rb_obj_classname(options)"", ""label"": ""param"", ""parameters"": [{""index"": 1, ""name"": ""options""}]}]","[{""argument_index"": 1, ""expression"": ""\""expected Hash but found %s.\"""", ""label"": ""literal"", ""slot"": ""format""}]","[{""index"": 1, ""name"": ""options""}]"
nio4r,2.7.5,interests=,NIO_Monitor_set_interests,0,format,ext/nio4r/monitor.c,295,1,literal,interests,NIO_Monitor_symbol2interest,rb_raise,1,"""invalid interest type %s (must be :r, :w, or :rw)""",cNIO_Monitor,ext/nio4r/monitor.c,61,nio4r:ext/nio4r/monitor.c:61:interests=,NIO_Monitor_set_interests -> NIO_Monitor_symbol2interest,"[{""argument_index"": 0, ""expression"": ""rb_eArgError"", ""label"": ""other""}, {""argument_index"": 1, ""expression"": ""\""invalid interest type %s (must be :r, :w, or :rw)\"""", ""label"": ""literal""}, {""argument_index"": 2, ""expression"": ""RSTRING_PTR(rb_funcall(interests, rb_intern(\""inspect\""), 0))"", ""label"": ""param"", ""parameters"": [{""index"": 0, ""name"": ""interests""}]}]","[{""argument_index"": 1, ""expression"": ""\""invalid interest type %s (must be :r, :w, or :rw)\"""", ""label"": ""literal"", ""slot"": ""format""}]","[{""index"": 0, ""name"": ""interests""}]"
nokogiri,1.19.4,add_child_node,add_child,0,format,ext/nokogiri/xml_node.c,304,1,literal,new_child,reparent_node_with,rb_raise,1,"""cannot reparent %s there""",cNokogiriXmlNode,ext/nokogiri/xml_node.c,2506,nokogiri:ext/nokogiri/xml_node.c:2506:add_child_node,add_child -> reparent_node_with,"[{""argument_index"": 0, ""expression"": ""rb_eArgError"", ""label"": ""other""}, {""argument_index"": 1, ""expression"": ""\""cannot reparent %s there\"""", ""label"": ""literal""}, {""argument_index"": 2, ""expression"": ""rb_obj_classname(reparentee_obj)"", ""label"": ""param"", ""parameters"": [{""index"": 0, ""name"": ""new_child""}]}]","[{""argument_index"": 1, ""expression"": ""\""cannot reparent %s there\"""", ""label"": ""literal"", ""slot"": ""format""}]","[{""index"": 0, ""name"": ""new_child""}]"
nokogiri,1.19.4,add_next_sibling_node,add_next_sibling,0,format,ext/nokogiri/xml_node.c,304,1,literal,new_sibling,reparent_node_with,rb_raise,1,"""cannot reparent %s there""",cNokogiriXmlNode,ext/nokogiri/xml_node.c,2507,nokogiri:ext/nokogiri/xml_node.c:2507:add_next_sibling_node,add_next_sibling -> reparent_node_with,"[{""argument_index"": 0, ""expression"": ""rb_eArgError"", ""label"": ""other""}, {""argument_index"": 1, ""expression"": ""\""cannot reparent %s there\"""", ""label"": ""literal""}, {""argument_index"": 2, ""expression"": ""rb_obj_classname(reparentee_obj)"", ""label"": ""param"", ""parameters"": [{""index"": 0, ""name"": ""new_sibling""}]}]","[{""argument_index"": 1, ""expression"": ""\""cannot reparent %s there\"""", ""label"": ""literal"", ""slot"": ""format""}]","[{""index"": 0, ""name"": ""new_sibling""}]"
nokogiri,1.19.4,add_previous_sibling_node,add_previous_sibling,0,format,ext/nokogiri/xml_node.c,304,1,literal,new_sibling,reparent_node_with,rb_raise,1,"""cannot reparent %s there""",cNokogiriXmlNode,ext/nokogiri/xml_node.c,2508,nokogiri:ext/nokogiri/xml_node.c:2508:add_previous_sibling_node,add_previous_sibling -> reparent_node_with,"[{""argument_index"": 0, ""expression"": ""rb_eArgError"", ""label"": ""other""}, {""argument_index"": 1, ""expression"": ""\""cannot reparent %s there\"""", ""label"": ""literal""}, {""argument_index"": 2, ""expression"": ""rb_obj_classname(reparentee_obj)"", ""label"": ""param"", ""parameters"": [{""index"": 0, ""name"": ""new_sibling""}]}]","[{""argument_index"": 1, ""expression"": ""\""cannot reparent %s there\"""", ""label"": ""literal"", ""slot"": ""format""}]","[{""index"": 0, ""name"": ""new_sibling""}]"
nokogiri,1.19.4,from_document,noko_xml_schema_s_from_document,0,format,ext/nokogiri/xml_schema.c,184,0,literal,rb_document,noko_xml_schema_s_from_document,rb_raise,1,"""expected parameter to be a Nokogiri::XML::Document, received %""PRIsVALUE",cNokogiriXmlSchema,ext/nokogiri/xml_schema.c,222,nokogiri:ext/nokogiri/xml_schema.c:222:from_document,noko_xml_schema_s_from_document,"[{""argument_index"": 0, ""expression"": ""rb_eTypeError"", ""label"": ""other""}, {""argument_index"": 1, ""expression"": ""\""expected parameter to be a Nokogiri::XML::Document, received %\""PRIsVALUE"", ""label"": ""literal""}, {""argument_index"": 2, ""expression"": ""rb_obj_class(rb_document)"", ""label"": ""param"", ""parameters"": [{""index"": 0, ""name"": ""rb_document""}]}]","[{""argument_index"": 1, ""expression"": ""\""expected parameter to be a Nokogiri::XML::Document, received %\""PRIsVALUE"", ""label"": ""literal"", ""slot"": ""format""}]","[{""index"": 0, ""name"": ""rb_document""}]"
nokogiri,1.19.4,from_document,noko_xml_relax_ng_s_from_document,0,format,ext/nokogiri/xml_document.c,717,1,literal,rb_document,noko_xml_document_unwrap,rb_raise,1,"""Uninitialized %"" PRIsVALUE "" struct (null data pointer)""",cNokogiriXmlRelaxNG,ext/nokogiri/xml_relax_ng.c,146,nokogiri:ext/nokogiri/xml_relax_ng.c:146:from_document,noko_xml_relax_ng_s_from_document -> noko_xml_document_unwrap,"[{""argument_index"": 0, ""expression"": ""rb_eRuntimeError"", ""label"": ""other""}, {""argument_index"": 1, ""expression"": ""\""Uninitialized %\"" PRIsVALUE \"" struct (null data pointer)\"""", ""label"": ""literal""}, {""argument_index"": 2, ""expression"": ""rb_obj_class(rb_document)"", ""label"": ""param"", ""parameters"": [{""index"": 0, ""name"": ""rb_document""}]}]","[{""argument_index"": 1, ""expression"": ""\""Uninitialized %\"" PRIsVALUE \"" struct (null data pointer)\"""", ""label"": ""literal"", ""slot"": ""format""}]","[{""index"": 0, ""name"": ""rb_document""}]"
nokogiri,1.19.4,from_io,from_io,0,index,ext/nokogiri/xml_reader.c,694,0,literal,rb_io,from_io,indexed-store,-1,0,cNokogiriXmlReader,ext/nokogiri/xml_reader.c,751,nokogiri:ext/nokogiri/xml_reader.c:751:from_io,from_io,"[{""argument_index"": 0, ""expression"": ""args[0]"", ""label"": ""local""}, {""argument_index"": 1, ""expression"": ""rb_io"", ""label"": ""param"", ""parameters"": [{""index"": 0, ""name"": ""rb_io""}]}]","[{""argument_index"": -1, ""expression"": ""0"", ""label"": ""literal"", ""slot"": ""index""}]","[{""index"": 0, ""name"": ""rb_io""}]"
nokogiri,1.19.4,from_io,from_io,1,index,ext/nokogiri/xml_reader.c,695,0,literal,rb_url,from_io,indexed-store,-1,1,cNokogiriXmlReader,ext/nokogiri/xml_reader.c,751,nokogiri:ext/nokogiri/xml_reader.c:751:from_io,from_io,"[{""argument_index"": 0, ""expression"": ""args[1]"", ""label"": ""local""}, {""argument_index"": 1, ""expression"": ""rb_url"", ""label"": ""param"", ""parameters"": [{""index"": 1, ""name"": ""rb_url""}]}]","[{""argument_index"": -1, ""expression"": ""1"", ""label"": ""literal"", ""slot"": ""index""}]","[{""index"": 1, ""name"": ""rb_url""}]"
nokogiri,1.19.4,from_io,from_io,2,index,ext/nokogiri/xml_reader.c,696,0,literal,encoding,from_io,indexed-store,-1,2,cNokogiriXmlReader,ext/nokogiri/xml_reader.c,751,nokogiri:ext/nokogiri/xml_reader.c:751:from_io,from_io,"[{""argument_index"": 0, ""expression"": ""args[2]"", ""label"": ""local""}, {""argument_index"": 1, ""expression"": ""encoding"", ""label"": ""param"", ""parameters"": [{""index"": 2, ""name"": ""encoding""}]}]","[{""argument_index"": -1, ""expression"": ""2"", ""label"": ""literal"", ""slot"": ""index""}]","[{""index"": 2, ""name"": ""encoding""}]"
nokogiri,1.19.4,from_memory,from_memory,0,index,ext/nokogiri/xml_reader.c,646,0,literal,rb_buffer,from_memory,indexed-store,-1,0,cNokogiriXmlReader,ext/nokogiri/xml_reader.c,750,nokogiri:ext/nokogiri/xml_reader.c:750:from_memory,from_memory,"[{""argument_index"": 0, ""expression"": ""args[0]"", ""label"": ""local""}, {""argument_index"": 1, ""expression"": ""rb_buffer"", ""label"": ""param"", ""parameters"": [{""index"": 0, ""name"": ""rb_buffer""}]}]","[{""argument_index"": -1, ""expression"": ""0"", ""label"": ""literal"", ""slot"": ""index""}]","[{""index"": 0, ""name"": ""rb_buffer""}]"
nokogiri,1.19.4,from_memory,from_memory,1,index,ext/nokogiri/xml_reader.c,647,0,literal,rb_url,from_memory,indexed-store,-1,1,cNokogiriXmlReader,ext/nokogiri/xml_reader.c,750,nokogiri:ext/nokogiri/xml_reader.c:750:from_memory,from_memory,"[{""argument_index"": 0, ""expression"": ""args[1]"", ""label"": ""local""}, {""argument_index"": 1, ""expression"": ""rb_url"", ""label"": ""param"", ""parameters"": [{""index"": 1, ""name"": ""rb_url""}]}]","[{""argument_index"": -1, ""expression"": ""1"", ""label"": ""literal"", ""slot"": ""index""}]","[{""index"": 1, ""name"": ""rb_url""}]"
nokogiri,1.19.4,from_memory,from_memory,2,index,ext/nokogiri/xml_reader.c,648,0,literal,encoding,from_memory,indexed-store,-1,2,cNokogiriXmlReader,ext/nokogiri/xml_reader.c,750,nokogiri:ext/nokogiri/xml_reader.c:750:from_memory,from_memory,"[{""argument_index"": 0, ""expression"": ""args[2]"", ""label"": ""local""}, {""argument_index"": 1, ""expression"": ""encoding"", ""label"": ""param"", ""parameters"": [{""index"": 2, ""name"": ""encoding""}]}]","[{""argument_index"": -1, ""expression"": ""2"", ""label"": ""literal"", ""slot"": ""index""}]","[{""index"": 2, ""name"": ""encoding""}]"
nokogiri,1.19.4,initialize_copy_with_args,rb_xml_document_initialize_copy_with_args,0,format,ext/nokogiri/xml_document.c,717,1,literal,rb_other,noko_xml_document_unwrap,rb_raise,1,"""Uninitialized %"" PRIsVALUE "" struct (null data pointer)""",cNokogiriXmlDocument,ext/nokogiri/xml_document.c,794,nokogiri:ext/nokogiri/xml_document.c:794:initialize_copy_with_args,rb_xml_document_initialize_copy_with_args -> noko_xml_document_unwrap,"[{""argument_index"": 0, ""expression"": ""rb_eRuntimeError"", ""label"": ""other""}, {""argument_index"": 1, ""expression"": ""\""Uninitialized %\"" PRIsVALUE \"" struct (null data pointer)\"""", ""label"": ""literal""}, {""argument_index"": 2, ""expression"": ""rb_obj_class(rb_document)"", ""label"": ""param"", ""parameters"": [{""index"": 0, ""name"": ""rb_other""}]}]","[{""argument_index"": 1, ""expression"": ""\""Uninitialized %\"" PRIsVALUE \"" struct (null data pointer)\"""", ""label"": ""literal"", ""slot"": ""format""}]","[{""index"": 0, ""name"": ""rb_other""}]"
nokogiri,1.19.4,initialize_copy_with_args,rb_xml_node_initialize_copy_with_args,2,format,ext/nokogiri/xml_document.c,717,1,literal,rb_new_parent_doc,noko_xml_document_unwrap,rb_raise,1,"""Uninitialized %"" PRIsVALUE "" struct (null data pointer)""",cNokogiriXmlNode,ext/nokogiri/xml_node.c,2503,nokogiri:ext/nokogiri/xml_node.c:2503:initialize_copy_with_args,rb_xml_node_initialize_copy_with_args -> noko_xml_document_unwrap,"[{""argument_index"": 0, ""expression"": ""rb_eRuntimeError"", ""label"": ""other""}, {""argument_index"": 1, ""expression"": ""\""Uninitialized %\"" PRIsVALUE \"" struct (null data pointer)\"""", ""label"": ""literal""}, {""argument_index"": 2, ""expression"": ""rb_obj_class(rb_document)"", ""label"": ""param"", ""parameters"": [{""index"": 2, ""name"": ""rb_new_parent_doc""}]}]","[{""argument_index"": 1, ""expression"": ""\""Uninitialized %\"" PRIsVALUE \"" struct (null data pointer)\"""", ""label"": ""literal"", ""slot"": ""format""}]","[{""index"": 2, ""name"": ""rb_new_parent_doc""}]"
nokogiri,1.19.4,native_new,noko_xml_document_fragment_s_native_new,0,format,ext/nokogiri/xml_document.c,717,1,literal,rb_doc,noko_xml_document_unwrap,rb_raise,1,"""Uninitialized %"" PRIsVALUE "" struct (null data pointer)""",cNokogiriXmlDocumentFragment,ext/nokogiri/xml_document_fragment.c,28,nokogiri:ext/nokogiri/xml_document_fragment.c:28:native_new,noko_xml_document_fragment_s_native_new -> noko_xml_document_unwrap,"[{""argument_index"": 0, ""expression"": ""rb_eRuntimeError"", ""label"": ""other""}, {""argument_index"": 1, ""expression"": ""\""Uninitialized %\"" PRIsVALUE \"" struct (null data pointer)\"""", ""label"": ""literal""}, {""argument_index"": 2, ""expression"": ""rb_obj_class(rb_document)"", ""label"": ""param"", ""parameters"": [{""index"": 0, ""name"": ""rb_doc""}]}]","[{""argument_index"": 1, ""expression"": ""\""Uninitialized %\"" PRIsVALUE \"" struct (null data pointer)\"""", ""label"": ""literal"", ""slot"": ""format""}]","[{""index"": 0, ""name"": ""rb_doc""}]"
nokogiri,1.19.4,new,rb_xml_cdata_s_new,0,format,ext/nokogiri/xml_cdata.c,28,0,literal,rb_document,rb_xml_cdata_s_new,rb_raise,1,"""expected first parameter to be a Nokogiri::XML::Document, received %""PRIsVALUE",cNokogiriXmlCData,ext/nokogiri/xml_cdata.c,61,nokogiri:ext/nokogiri/xml_cdata.c:61:new,rb_xml_cdata_s_new,"[{""argument_index"": 0, ""expression"": ""rb_eTypeError"", ""label"": ""other""}, {""argument_index"": 1, ""expression"": ""\""expected first parameter to be a Nokogiri::XML::Document, received %\""PRIsVALUE"", ""label"": ""literal""}, {""argument_index"": 2, ""expression"": ""rb_obj_class(rb_document)"", ""label"": ""param"", ""parameters"": [{""index"": 0, ""name"": ""rb_document""}]}]","[{""argument_index"": 1, ""expression"": ""\""expected first parameter to be a Nokogiri::XML::Document, received %\""PRIsVALUE"", ""label"": ""literal"", ""slot"": ""format""}]","[{""index"": 0, ""name"": ""rb_document""}]"
nokogiri,1.19.4,new,noko_xml_attr__new,0,format,ext/nokogiri/xml_document.c,717,1,literal,document,noko_xml_document_unwrap,rb_raise,1,"""Uninitialized %"" PRIsVALUE "" struct (null data pointer)""",cNokogiriXmlAttr,ext/nokogiri/xml_attr.c,105,nokogiri:ext/nokogiri/xml_attr.c:105:new,noko_xml_attr__new -> noko_xml_document_unwrap,"[{""argument_index"": 0, ""expression"": ""rb_eRuntimeError"", ""label"": ""other""}, {""argument_index"": 1, ""expression"": ""\""Uninitialized %\"" PRIsVALUE \"" struct (null data pointer)\"""", ""label"": ""literal""}, {""argument_index"": 2, ""expression"": ""rb_obj_class(rb_document)"", ""label"": ""param"", ""parameters"": [{""index"": 0, ""name"": ""document""}]}]","[{""argument_index"": 1, ""expression"": ""\""Uninitialized %\"" PRIsVALUE \"" struct (null data pointer)\"""", ""label"": ""literal"", ""slot"": ""format""}]","[{""index"": 0, ""name"": ""document""}]"
nokogiri,1.19.4,new,rb_xml_text_s_new,1,format,ext/nokogiri/xml_text.c,25,0,literal,rb_document,rb_xml_text_s_new,rb_raise,1,"""expected second parameter to be a Nokogiri::XML::Document, received %""PRIsVALUE",cNokogiriXmlText,ext/nokogiri/xml_text.c,58,nokogiri:ext/nokogiri/xml_text.c:58:new,rb_xml_text_s_new,"[{""argument_index"": 0, ""expression"": ""rb_eTypeError"", ""label"": ""other""}, {""argument_index"": 1, ""expression"": ""\""expected second parameter to be a Nokogiri::XML::Document, received %\""PRIsVALUE"", ""label"": ""literal""}, {""argument_index"": 2, ""expression"": ""rb_obj_class(rb_document)"", ""label"": ""param"", ""parameters"": [{""index"": 1, ""name"": ""rb_document""}]}]","[{""argument_index"": 1, ""expression"": ""\""expected second parameter to be a Nokogiri::XML::Document, received %\""PRIsVALUE"", ""label"": ""literal"", ""slot"": ""format""}]","[{""index"": 1, ""name"": ""rb_document""}]"
nokogiri,1.19.4,new,rb_xml_text_s_new,1,format,ext/nokogiri/xml_document.c,717,1,literal,rb_document,noko_xml_document_unwrap,rb_raise,1,"""Uninitialized %"" PRIsVALUE "" struct (null data pointer)""",cNokogiriXmlText,ext/nokogiri/xml_text.c,58,nokogiri:ext/nokogiri/xml_text.c:58:new,rb_xml_text_s_new -> noko_xml_document_unwrap,"[{""argument_index"": 0, ""expression"": ""rb_eRuntimeError"", ""label"": ""other""}, {""argument_index"": 1, ""expression"": ""\""Uninitialized %\"" PRIsVALUE \"" struct (null data pointer)\"""", ""label"": ""literal""}, {""argument_index"": 2, ""expression"": ""rb_obj_class(rb_document)"", ""label"": ""param"", ""parameters"": [{""index"": 1, ""name"": ""rb_document""}]}]","[{""argument_index"": 1, ""expression"": ""\""Uninitialized %\"" PRIsVALUE \"" struct (null data pointer)\"""", ""label"": ""literal"", ""slot"": ""format""}]","[{""index"": 1, ""name"": ""rb_document""}]"
nokogiri,1.19.4,parse_stylesheet_doc,parse_stylesheet_doc,0,format,ext/nokogiri/xml_document.c,717,1,literal,xmldocobj,noko_xml_document_unwrap,rb_raise,1,"""Uninitialized %"" PRIsVALUE "" struct (null data pointer)""",cNokogiriXsltStylesheet,ext/nokogiri/xslt_stylesheet.c,454,nokogiri:ext/nokogiri/xslt_stylesheet.c:454:parse_stylesheet_doc,parse_stylesheet_doc -> noko_xml_document_unwrap,"[{""argument_index"": 0, ""expression"": ""rb_eRuntimeError"", ""label"": ""other""}, {""argument_index"": 1, ""expression"": ""\""Uninitialized %\"" PRIsVALUE \"" struct (null data pointer)\"""", ""label"": ""literal""}, {""argument_index"": 2, ""expression"": ""rb_obj_class(rb_document)"", ""label"": ""param"", ""parameters"": [{""index"": 0, ""name"": ""xmldocobj""}]}]","[{""argument_index"": 1, ""expression"": ""\""Uninitialized %\"" PRIsVALUE \"" struct (null data pointer)\"""", ""label"": ""literal"", ""slot"": ""format""}]","[{""index"": 0, ""name"": ""xmldocobj""}]"
nokogiri,1.19.4,replace_node,replace,0,format,ext/nokogiri/xml_node.c,304,1,literal,new_node,reparent_node_with,rb_raise,1,"""cannot reparent %s there""",cNokogiriXmlNode,ext/nokogiri/xml_node.c,2517,nokogiri:ext/nokogiri/xml_node.c:2517:replace_node,replace -> reparent_node_with,"[{""argument_index"": 0, ""expression"": ""rb_eArgError"", ""label"": ""other""}, {""argument_index"": 1, ""expression"": ""\""cannot reparent %s there\"""", ""label"": ""literal""}, {""argument_index"": 2, ""expression"": ""rb_obj_classname(reparentee_obj)"", ""label"": ""param"", ""parameters"": [{""index"": 0, ""name"": ""new_node""}]}]","[{""argument_index"": 1, ""expression"": ""\""cannot reparent %s there\"""", ""label"": ""literal"", ""slot"": ""format""}]","[{""index"": 0, ""name"": ""new_node""}]"
nokogiri,1.19.4,root=,rb_xml_document_root_set,0,format,ext/nokogiri/xml_document.c,260,0,literal,rb_new_root,rb_xml_document_root_set,rb_raise,1,"""expected Nokogiri::XML::Node but received %""PRIsVALUE",cNokogiriXmlDocument,ext/nokogiri/xml_document.c,785,nokogiri:ext/nokogiri/xml_document.c:785:root=,rb_xml_document_root_set,"[{""argument_index"": 0, ""expression"": ""rb_eArgError"", ""label"": ""other""}, {""argument_index"": 1, ""expression"": ""\""expected Nokogiri::XML::Node but received %\""PRIsVALUE"", ""label"": ""literal""}, {""argument_index"": 2, ""expression"": ""rb_obj_class(rb_new_root)"", ""label"": ""param"", ""parameters"": [{""index"": 0, ""name"": ""rb_new_root""}]}]","[{""argument_index"": 1, ""expression"": ""\""expected Nokogiri::XML::Node but received %\""PRIsVALUE"", ""label"": ""literal"", ""slot"": ""format""}]","[{""index"": 0, ""name"": ""rb_new_root""}]"
nokogiri,1.19.4,serialize,rb_xslt_stylesheet_serialize,0,format,ext/nokogiri/xml_document.c,717,1,literal,xmlobj,noko_xml_document_unwrap,rb_raise,1,"""Uninitialized %"" PRIsVALUE "" struct (null data pointer)""",cNokogiriXsltStylesheet,ext/nokogiri/xslt_stylesheet.c,455,nokogiri:ext/nokogiri/xslt_stylesheet.c:455:serialize,rb_xslt_stylesheet_serialize -> noko_xml_document_unwrap,"[{""argument_index"": 0, ""expression"": ""rb_eRuntimeError"", ""label"": ""other""}, {""argument_index"": 1, ""expression"": ""\""Uninitialized %\"" PRIsVALUE \"" struct (null data pointer)\"""", ""label"": ""literal""}, {""argument_index"": 2, ""expression"": ""rb_obj_class(rb_document)"", ""label"": ""param"", ""parameters"": [{""index"": 0, ""name"": ""xmlobj""}]}]","[{""argument_index"": 1, ""expression"": ""\""Uninitialized %\"" PRIsVALUE \"" struct (null data pointer)\"""", ""label"": ""literal"", ""slot"": ""format""}]","[{""index"": 0, ""name"": ""xmlobj""}]"
nokogiri,1.19.4,transform,rb_xslt_stylesheet_transform,0,format,ext/nokogiri/xml_document.c,717,1,literal,rb_document,noko_xml_document_unwrap,rb_raise,1,"""Uninitialized %"" PRIsVALUE "" struct (null data pointer)""",cNokogiriXsltStylesheet,ext/nokogiri/xslt_stylesheet.c,456,nokogiri:ext/nokogiri/xslt_stylesheet.c:456:transform,rb_xslt_stylesheet_transform -> noko_xml_document_unwrap,"[{""argument_index"": 0, ""expression"": ""rb_eRuntimeError"", ""label"": ""other""}, {""argument_index"": 1, ""expression"": ""\""Uninitialized %\"" PRIsVALUE \"" struct (null data pointer)\"""", ""label"": ""literal""}, {""argument_index"": 2, ""expression"": ""rb_obj_class(rb_document)"", ""label"": ""param"", ""parameters"": [{""index"": 0, ""name"": ""rb_document""}]}]","[{""argument_index"": 1, ""expression"": ""\""Uninitialized %\"" PRIsVALUE \"" struct (null data pointer)\"""", ""label"": ""literal"", ""slot"": ""format""}]","[{""index"": 0, ""name"": ""rb_document""}]"
nokogiri,1.19.4,validate,validate,0,format,ext/nokogiri/xml_document.c,717,1,literal,document,noko_xml_document_unwrap,rb_raise,1,"""Uninitialized %"" PRIsVALUE "" struct (null data pointer)""",cNokogiriXmlDtd,ext/nokogiri/xml_dtd.c,204,nokogiri:ext/nokogiri/xml_dtd.c:204:validate,validate -> noko_xml_document_unwrap,"[{""argument_index"": 0, ""expression"": ""rb_eRuntimeError"", ""label"": ""other""}, {""argument_index"": 1, ""expression"": ""\""Uninitialized %\"" PRIsVALUE \"" struct (null data pointer)\"""", ""label"": ""literal""}, {""argument_index"": 2, ""expression"": ""rb_obj_class(rb_document)"", ""label"": ""param"", ""parameters"": [{""index"": 0, ""name"": ""document""}]}]","[{""argument_index"": 1, ""expression"": ""\""Uninitialized %\"" PRIsVALUE \"" struct (null data pointer)\"""", ""label"": ""literal"", ""slot"": ""format""}]","[{""index"": 0, ""name"": ""document""}]"
nokogiri,1.19.4,validate_document,noko_xml_relax_ng__validate_document,0,format,ext/nokogiri/xml_document.c,717,1,literal,document,noko_xml_document_unwrap,rb_raise,1,"""Uninitialized %"" PRIsVALUE "" struct (null data pointer)""",cNokogiriXmlRelaxNG,ext/nokogiri/xml_relax_ng.c,148,nokogiri:ext/nokogiri/xml_relax_ng.c:148:validate_document,noko_xml_relax_ng__validate_document -> noko_xml_document_unwrap,"[{""argument_index"": 0, ""expression"": ""rb_eRuntimeError"", ""label"": ""other""}, {""argument_index"": 1, ""expression"": ""\""Uninitialized %\"" PRIsVALUE \"" struct (null data pointer)\"""", ""label"": ""literal""}, {""argument_index"": 2, ""expression"": ""rb_obj_class(rb_document)"", ""label"": ""param"", ""parameters"": [{""index"": 0, ""name"": ""document""}]}]","[{""argument_index"": 1, ""expression"": ""\""Uninitialized %\"" PRIsVALUE \"" struct (null data pointer)\"""", ""label"": ""literal"", ""slot"": ""format""}]","[{""index"": 0, ""name"": ""document""}]"
oj,3.17.6,open,doc_open,0,length,ext/oj/fast.c,1149,0,local,str,doc_open,memcpy,2,len,oj_doc_class,ext/oj/fast.c,1752,oj:ext/oj/fast.c:1752:open,doc_open,"[{""argument_index"": 0, ""expression"": ""json"", ""label"": ""local""}, {""argument_index"": 1, ""expression"": ""StringValuePtr(str)"", ""label"": ""param"", ""parameters"": [{""index"": 0, ""name"": ""str""}]}, {""argument_index"": 2, ""expression"": ""len"", ""label"": ""local""}]","[{""argument_index"": 2, ""expression"": ""len"", ""label"": ""local"", ""slot"": ""length""}]","[{""index"": 0, ""name"": ""str""}]"
oj,3.17.6,parse,doc_open,0,length,ext/oj/fast.c,1149,0,local,str,doc_open,memcpy,2,len,oj_doc_class,ext/oj/fast.c,1754,oj:ext/oj/fast.c:1754:parse,doc_open,"[{""argument_index"": 0, ""expression"": ""json"", ""label"": ""local""}, {""argument_index"": 1, ""expression"": ""StringValuePtr(str)"", ""label"": ""param"", ""parameters"": [{""index"": 0, ""name"": ""str""}]}, {""argument_index"": 2, ""expression"": ""len"", ""label"": ""local""}]","[{""argument_index"": 2, ""expression"": ""len"", ""label"": ""local"", ""slot"": ""length""}]","[{""index"": 0, ""name"": ""str""}]"
oj,3.17.6,pretty_generate,oj_mimic_pretty_generate,1,index,ext/oj/mimic_json.c,486,0,literal,h,oj_mimic_pretty_generate,indexed-store,-1,1,json,ext/oj/mimic_json.c,819,oj:ext/oj/mimic_json.c:819:pretty_generate,oj_mimic_pretty_generate,"[{""argument_index"": 0, ""expression"": ""rargs[1]"", ""label"": ""local""}, {""argument_index"": 1, ""expression"": ""rb_funcall(state_class, oj_new_id, 1, h)"", ""label"": ""param"", ""parameters"": [{""index"": 1, ""name"": ""h""}]}]","[{""argument_index"": -1, ""expression"": ""1"", ""label"": ""literal"", ""slot"": ""index""}]","[{""index"": 1, ""name"": ""h""}]"
oj,3.17.6,pretty_unparse,oj_mimic_pretty_generate,1,index,ext/oj/mimic_json.c,486,0,literal,h,oj_mimic_pretty_generate,indexed-store,-1,1,json,ext/oj/mimic_json.c,824,oj:ext/oj/mimic_json.c:824:pretty_unparse,oj_mimic_pretty_generate,"[{""argument_index"": 0, ""expression"": ""rargs[1]"", ""label"": ""local""}, {""argument_index"": 1, ""expression"": ""rb_funcall(state_class, oj_new_id, 1, h)"", ""label"": ""param"", ""parameters"": [{""index"": 1, ""name"": ""h""}]}]","[{""argument_index"": -1, ""expression"": ""1"", ""label"": ""literal"", ""slot"": ""index""}]","[{""index"": 1, ""name"": ""h""}]"
oj,3.17.6,to_file,to_file,1,format,ext/oj/dump_strict.c,25,5,literal,argv[1],raise_strict,rb_raise,1,"""Failed to dump %s Object to JSON in strict mode.\n""",Oj,ext/oj/oj.c,2299,oj:ext/oj/oj.c:2299:to_file,to_file -> oj_write_obj_to_file -> oj_dump_obj_to_json -> oj_dump_obj_to_json_using_params -> oj_dump_strict_val -> raise_strict,"[{""argument_index"": 0, ""expression"": ""rb_eTypeError"", ""label"": ""other""}, {""argument_index"": 1, ""expression"": ""\""Failed to dump %s Object to JSON in strict mode.\\n\"""", ""label"": ""literal""}, {""argument_index"": 2, ""expression"": ""rb_class2name(rb_obj_class(obj))"", ""label"": ""param"", ""parameters"": [{""index"": 1, ""name"": ""argv[1]""}]}]","[{""argument_index"": 1, ""expression"": ""\""Failed to dump %s Object to JSON in strict mode.\\n\"""", ""label"": ""literal"", ""slot"": ""format""}]","[{""index"": 1, ""name"": ""argv[1]""}]"
oj,3.17.6,to_file,to_file,1,format,ext/oj/wab.c,79,5,literal,argv[1],raise_wab,rb_raise,1,"""Failed to dump %s Object to JSON in wab mode.\n""",Oj,ext/oj/oj.c,2299,oj:ext/oj/oj.c:2299:to_file,to_file -> oj_write_obj_to_file -> oj_dump_obj_to_json -> oj_dump_obj_to_json_using_params -> oj_dump_wab_val -> raise_wab,"[{""argument_index"": 0, ""expression"": ""rb_eTypeError"", ""label"": ""other""}, {""argument_index"": 1, ""expression"": ""\""Failed to dump %s Object to JSON in wab mode.\\n\"""", ""label"": ""literal""}, {""argument_index"": 2, ""expression"": ""rb_class2name(rb_obj_class(obj))"", ""label"": ""param"", ""parameters"": [{""index"": 1, ""name"": ""argv[1]""}]}]","[{""argument_index"": 1, ""expression"": ""\""Failed to dump %s Object to JSON in wab mode.\\n\"""", ""label"": ""literal"", ""slot"": ""format""}]","[{""index"": 1, ""name"": ""argv[1]""}]"
openssl,3.3.3,decrypt,ossl_cipher_decrypt,1,length,ext/openssl/ossl_cipher.c,224,1,"param(init_v,1)",init_v,ossl_cipher_init,memcpy,2,RSTRING_LEN(init_v),cCipher,ext/openssl/ossl_cipher.c,1067,openssl:ext/openssl/ossl_cipher.c:1067:decrypt,ossl_cipher_decrypt -> ossl_cipher_init,"[{""argument_index"": 0, ""expression"": ""iv"", ""label"": ""local""}, {""argument_index"": 1, ""expression"": ""RSTRING_PTR(init_v)"", ""label"": ""param"", ""parameters"": [{""index"": 1, ""name"": ""init_v""}]}, {""argument_index"": 2, ""expression"": ""RSTRING_LEN(init_v)"", ""label"": ""param"", ""parameters"": [{""index"": 1, ""name"": ""init_v""}]}]","[{""argument_index"": 2, ""expression"": ""RSTRING_LEN(init_v)"", ""label"": ""param"", ""parameters"": [{""index"": 1, ""name"": ""init_v""}], ""slot"": ""length""}]","[{""index"": 1, ""name"": ""init_v""}]"
openssl,3.3.3,decrypt,ossl_cipher_decrypt,1,length,ext/openssl/ossl_cipher.c,226,1,sizeof,init_v,ossl_cipher_init,memcpy,2,sizeof(iv),cCipher,ext/openssl/ossl_cipher.c,1067,openssl:ext/openssl/ossl_cipher.c:1067:decrypt,ossl_cipher_decrypt -> ossl_cipher_init,"[{""argument_index"": 0, ""expression"": ""iv"", ""label"": ""local""}, {""argument_index"": 1, ""expression"": ""RSTRING_PTR(init_v)"", ""label"": ""param"", ""parameters"": [{""index"": 1, ""name"": ""init_v""}]}, {""argument_index"": 2, ""expression"": ""sizeof(iv)"", ""label"": ""sizeof""}]","[{""argument_index"": 2, ""expression"": ""sizeof(iv)"", ""label"": ""sizeof"", ""slot"": ""length""}]","[{""index"": 1, ""name"": ""init_v""}]"
openssl,3.3.3,decrypt,ossl_pkey_decrypt,1,index,ext/openssl/ossl_pkey.c,277,1,literal,options,pkey_ctx_apply_options,indexed-store,-1,1,cPKey,ext/openssl/ossl_pkey.c,1827,openssl:ext/openssl/ossl_pkey.c:1827:decrypt,ossl_pkey_decrypt -> pkey_ctx_apply_options,"[{""argument_index"": 0, ""expression"": ""args[1]"", ""label"": ""local""}, {""argument_index"": 1, ""expression"": ""options"", ""label"": ""param"", ""parameters"": [{""index"": 1, ""name"": ""options""}]}]","[{""argument_index"": -1, ""expression"": ""1"", ""label"": ""literal"", ""slot"": ""index""}]","[{""index"": 1, ""name"": ""options""}]"
openssl,3.3.3,encrypt,ossl_cipher_encrypt,1,length,ext/openssl/ossl_cipher.c,224,1,"param(init_v,1)",init_v,ossl_cipher_init,memcpy,2,RSTRING_LEN(init_v),cCipher,ext/openssl/ossl_cipher.c,1066,openssl:ext/openssl/ossl_cipher.c:1066:encrypt,ossl_cipher_encrypt -> ossl_cipher_init,"[{""argument_index"": 0, ""expression"": ""iv"", ""label"": ""local""}, {""argument_index"": 1, ""expression"": ""RSTRING_PTR(init_v)"", ""label"": ""param"", ""parameters"": [{""index"": 1, ""name"": ""init_v""}]}, {""argument_index"": 2, ""expression"": ""RSTRING_LEN(init_v)"", ""label"": ""param"", ""parameters"": [{""index"": 1, ""name"": ""init_v""}]}]","[{""argument_index"": 2, ""expression"": ""RSTRING_LEN(init_v)"", ""label"": ""param"", ""parameters"": [{""index"": 1, ""name"": ""init_v""}], ""slot"": ""length""}]","[{""index"": 1, ""name"": ""init_v""}]"
openssl,3.3.3,encrypt,ossl_cipher_encrypt,1,length,ext/openssl/ossl_cipher.c,226,1,sizeof,init_v,ossl_cipher_init,memcpy,2,sizeof(iv),cCipher,ext/openssl/ossl_cipher.c,1066,openssl:ext/openssl/ossl_cipher.c:1066:encrypt,ossl_cipher_encrypt -> ossl_cipher_init,"[{""argument_index"": 0, ""expression"": ""iv"", ""label"": ""local""}, {""argument_index"": 1, ""expression"": ""RSTRING_PTR(init_v)"", ""label"": ""param"", ""parameters"": [{""index"": 1, ""name"": ""init_v""}]}, {""argument_index"": 2, ""expression"": ""sizeof(iv)"", ""label"": ""sizeof""}]","[{""argument_index"": 2, ""expression"": ""sizeof(iv)"", ""label"": ""sizeof"", ""slot"": ""length""}]","[{""index"": 1, ""name"": ""init_v""}]"
openssl,3.3.3,encrypt,ossl_pkey_encrypt,1,index,ext/openssl/ossl_pkey.c,277,1,literal,options,pkey_ctx_apply_options,indexed-store,-1,1,cPKey,ext/openssl/ossl_pkey.c,1826,openssl:ext/openssl/ossl_pkey.c:1826:encrypt,ossl_pkey_encrypt -> pkey_ctx_apply_options,"[{""argument_index"": 0, ""expression"": ""args[1]"", ""label"": ""local""}, {""argument_index"": 1, ""expression"": ""options"", ""label"": ""param"", ""parameters"": [{""index"": 1, ""name"": ""options""}]}]","[{""argument_index"": -1, ""expression"": ""1"", ""label"": ""literal"", ""slot"": ""index""}]","[{""index"": 1, ""name"": ""options""}]"
openssl,3.3.3,generate_key,ossl_pkey_s_generate_key,1,index,ext/openssl/ossl_pkey.c,277,2,literal,options,pkey_ctx_apply_options,indexed-store,-1,1,mPKey,ext/openssl/ossl_pkey.c,1794,openssl:ext/openssl/ossl_pkey.c:1794:generate_key,ossl_pkey_s_generate_key -> pkey_generate -> pkey_ctx_apply_options,"[{""argument_index"": 0, ""expression"": ""args[1]"", ""label"": ""local""}, {""argument_index"": 1, ""expression"": ""options"", ""label"": ""param"", ""parameters"": [{""index"": 1, ""name"": ""options""}]}]","[{""argument_index"": -1, ""expression"": ""1"", ""label"": ""literal"", ""slot"": ""index""}]","[{""index"": 1, ""name"": ""options""}]"
openssl,3.3.3,generate_parameters,ossl_pkey_s_generate_parameters,1,index,ext/openssl/ossl_pkey.c,277,2,literal,options,pkey_ctx_apply_options,indexed-store,-1,1,mPKey,ext/openssl/ossl_pkey.c,1793,openssl:ext/openssl/ossl_pkey.c:1793:generate_parameters,ossl_pkey_s_generate_parameters -> pkey_generate -> pkey_ctx_apply_options,"[{""argument_index"": 0, ""expression"": ""args[1]"", ""label"": ""local""}, {""argument_index"": 1, ""expression"": ""options"", ""label"": ""param"", ""parameters"": [{""index"": 1, ""name"": ""options""}]}]","[{""argument_index"": -1, ""expression"": ""1"", ""label"": ""literal"", ""slot"": ""index""}]","[{""index"": 1, ""name"": ""options""}]"
openssl,3.3.3,sign,ossl_pkey_sign,2,index,ext/openssl/ossl_pkey.c,277,1,literal,options,pkey_ctx_apply_options,indexed-store,-1,1,cPKey,ext/openssl/ossl_pkey.c,1820,openssl:ext/openssl/ossl_pkey.c:1820:sign,ossl_pkey_sign -> pkey_ctx_apply_options,"[{""argument_index"": 0, ""expression"": ""args[1]"", ""label"": ""local""}, {""argument_index"": 1, ""expression"": ""options"", ""label"": ""param"", ""parameters"": [{""index"": 2, ""name"": ""options""}]}]","[{""argument_index"": -1, ""expression"": ""1"", ""label"": ""literal"", ""slot"": ""index""}]","[{""index"": 2, ""name"": ""options""}]"
openssl,3.3.3,sign_raw,ossl_pkey_sign_raw,2,index,ext/openssl/ossl_pkey.c,277,1,literal,options,pkey_ctx_apply_options,indexed-store,-1,1,cPKey,ext/openssl/ossl_pkey.c,1822,openssl:ext/openssl/ossl_pkey.c:1822:sign_raw,ossl_pkey_sign_raw -> pkey_ctx_apply_options,"[{""argument_index"": 0, ""expression"": ""args[1]"", ""label"": ""local""}, {""argument_index"": 1, ""expression"": ""options"", ""label"": ""param"", ""parameters"": [{""index"": 2, ""name"": ""options""}]}]","[{""argument_index"": -1, ""expression"": ""1"", ""label"": ""literal"", ""slot"": ""index""}]","[{""index"": 2, ""name"": ""options""}]"
openssl,3.3.3,verify,ossl_pkey_verify,3,index,ext/openssl/ossl_pkey.c,277,1,literal,options,pkey_ctx_apply_options,indexed-store,-1,1,cPKey,ext/openssl/ossl_pkey.c,1821,openssl:ext/openssl/ossl_pkey.c:1821:verify,ossl_pkey_verify -> pkey_ctx_apply_options,"[{""argument_index"": 0, ""expression"": ""args[1]"", ""label"": ""local""}, {""argument_index"": 1, ""expression"": ""options"", ""label"": ""param"", ""parameters"": [{""index"": 3, ""name"": ""options""}]}]","[{""argument_index"": -1, ""expression"": ""1"", ""label"": ""literal"", ""slot"": ""index""}]","[{""index"": 3, ""name"": ""options""}]"
openssl,3.3.3,verify_raw,ossl_pkey_verify_raw,3,index,ext/openssl/ossl_pkey.c,277,1,literal,options,pkey_ctx_apply_options,indexed-store,-1,1,cPKey,ext/openssl/ossl_pkey.c,1823,openssl:ext/openssl/ossl_pkey.c:1823:verify_raw,ossl_pkey_verify_raw -> pkey_ctx_apply_options,"[{""argument_index"": 0, ""expression"": ""args[1]"", ""label"": ""local""}, {""argument_index"": 1, ""expression"": ""options"", ""label"": ""param"", ""parameters"": [{""index"": 3, ""name"": ""options""}]}]","[{""argument_index"": -1, ""expression"": ""1"", ""label"": ""literal"", ""slot"": ""index""}]","[{""index"": 3, ""name"": ""options""}]"
openssl,3.3.3,verify_recover,ossl_pkey_verify_recover,2,index,ext/openssl/ossl_pkey.c,277,1,literal,options,pkey_ctx_apply_options,indexed-store,-1,1,cPKey,ext/openssl/ossl_pkey.c,1824,openssl:ext/openssl/ossl_pkey.c:1824:verify_recover,ossl_pkey_verify_recover -> pkey_ctx_apply_options,"[{""argument_index"": 0, ""expression"": ""args[1]"", ""label"": ""local""}, {""argument_index"": 1, ""expression"": ""options"", ""label"": ""param"", ""parameters"": [{""index"": 2, ""name"": ""options""}]}]","[{""argument_index"": -1, ""expression"": ""1"", ""label"": ""literal"", ""slot"": ""index""}]","[{""index"": 2, ""name"": ""options""}]"
pg,1.6.3,build_column_map,pg_tmbo_build_column_map,0,format,ext/pg_type_map_by_oid.c,355,0,literal,result,pg_tmbo_build_column_map,rb_raise,1,"""wrong argument type %s (expected kind of PG::Result)""",rb_cTypeMapByOid,ext/pg_type_map_by_oid.c,387,pg:ext/pg_type_map_by_oid.c:387:build_column_map,pg_tmbo_build_column_map,"[{""argument_index"": 0, ""expression"": ""rb_eTypeError"", ""label"": ""other""}, {""argument_index"": 1, ""expression"": ""\""wrong argument type %s (expected kind of PG::Result)\"""", ""label"": ""literal""}, {""argument_index"": 2, ""expression"": ""rb_obj_classname( result )"", ""label"": ""param"", ""parameters"": [{""index"": 0, ""name"": ""result""}]}]","[{""argument_index"": 1, ""expression"": ""\""wrong argument type %s (expected kind of PG::Result)\"""", ""label"": ""literal"", ""slot"": ""format""}]","[{""index"": 0, ""name"": ""result""}]"
pg,1.6.3,elements_type=,pg_coder_elements_type_set,0,format,ext/pg_coder.c,491,0,literal,elem_type,pg_coder_elements_type_set,rb_raise,1,"""wrong elements type %s (expected some kind of PG::Coder)""",rb_cPG_CompositeCoder,ext/pg_coder.c,656,pg:ext/pg_coder.c:656:elements_type=,pg_coder_elements_type_set,"[{""argument_index"": 0, ""expression"": ""rb_eTypeError"", ""label"": ""other""}, {""argument_index"": 1, ""expression"": ""\""wrong elements type %s (expected some kind of PG::Coder)\"""", ""label"": ""literal""}, {""argument_index"": 2, ""expression"": ""rb_obj_classname( elem_type )"", ""label"": ""param"", ""parameters"": [{""index"": 0, ""name"": ""elem_type""}]}]","[{""argument_index"": 1, ""expression"": ""\""wrong elements type %s (expected some kind of PG::Coder)\"""", ""label"": ""literal"", ""slot"": ""format""}]","[{""index"": 0, ""name"": ""elem_type""}]"
pg,1.6.3,field_name_type=,pgresult_field_name_type_set,0,format,ext/pg_result.c,1720,0,literal,sym,pgresult_field_name_type_set,rb_raise,1,"""invalid argument %+""PRIsVALUE",rb_cPGresult,ext/pg_result.c,1816,pg:ext/pg_result.c:1816:field_name_type=,pgresult_field_name_type_set,"[{""argument_index"": 0, ""expression"": ""rb_eArgError"", ""label"": ""other""}, {""argument_index"": 1, ""expression"": ""\""invalid argument %+\""PRIsVALUE"", ""label"": ""literal""}, {""argument_index"": 2, ""expression"": ""sym"", ""label"": ""param"", ""parameters"": [{""index"": 0, ""name"": ""sym""}]}]","[{""argument_index"": 1, ""expression"": ""\""invalid argument %+\""PRIsVALUE"", ""label"": ""literal"", ""slot"": ""format""}]","[{""index"": 0, ""name"": ""sym""}]"
pg,1.6.3,field_name_type=,pgconn_field_name_type_set,0,format,ext/pg_connection.c,4647,0,literal,sym,pgconn_field_name_type_set,rb_raise,1,"""invalid argument %+""PRIsVALUE",rb_cPGconn,ext/pg_connection.c,4908,pg:ext/pg_connection.c:4908:field_name_type=,pgconn_field_name_type_set,"[{""argument_index"": 0, ""expression"": ""rb_eArgError"", ""label"": ""other""}, {""argument_index"": 1, ""expression"": ""\""invalid argument %+\""PRIsVALUE"", ""label"": ""literal""}, {""argument_index"": 2, ""expression"": ""sym"", ""label"": ""param"", ""parameters"": [{""index"": 0, ""name"": ""sym""}]}]","[{""argument_index"": 1, ""expression"": ""\""invalid argument %+\""PRIsVALUE"", ""label"": ""literal"", ""slot"": ""format""}]","[{""index"": 0, ""name"": ""sym""}]"
pg,1.6.3,fnumber,pgresult_fnumber,0,format,ext/pg_result.c,837,0,literal,name,pgresult_fnumber,rb_raise,1,"""Unknown field: %s""",rb_cPGresult,ext/pg_result.c,1778,pg:ext/pg_result.c:1778:fnumber,pgresult_fnumber,"[{""argument_index"": 0, ""expression"": ""rb_eArgError"", ""label"": ""other""}, {""argument_index"": 1, ""expression"": ""\""Unknown field: %s\"""", ""label"": ""literal""}, {""argument_index"": 2, ""expression"": ""StringValueCStr(name)"", ""label"": ""param"", ""parameters"": [{""index"": 0, ""name"": ""name""}]}]","[{""argument_index"": 1, ""expression"": ""\""Unknown field: %s\"""", ""label"": ""literal"", ""slot"": ""format""}]","[{""index"": 0, ""name"": ""name""}]"
pg,1.6.3,type_map=,pg_recordcoder_type_map_set,0,format,ext/pg_record_coder.c,91,0,literal,type_map,pg_recordcoder_type_map_set,rb_raise,1,"""wrong elements type %s (expected some kind of PG::TypeMap)""",rb_cPG_RecordCoder,ext/pg_record_coder.c,505,pg:ext/pg_record_coder.c:505:type_map=,pg_recordcoder_type_map_set,"[{""argument_index"": 0, ""expression"": ""rb_eTypeError"", ""label"": ""other""}, {""argument_index"": 1, ""expression"": ""\""wrong elements type %s (expected some kind of PG::TypeMap)\"""", ""label"": ""literal""}, {""argument_index"": 2, ""expression"": ""rb_obj_classname( type_map )"", ""label"": ""param"", ""parameters"": [{""index"": 0, ""name"": ""type_map""}]}]","[{""argument_index"": 1, ""expression"": ""\""wrong elements type %s (expected some kind of PG::TypeMap)\"""", ""label"": ""literal"", ""slot"": ""format""}]","[{""index"": 0, ""name"": ""type_map""}]"
pg,1.6.3,type_map=,pg_copycoder_type_map_set,0,format,ext/pg_copy_coder.c,165,0,literal,type_map,pg_copycoder_type_map_set,rb_raise,1,"""wrong elements type %s (expected some kind of PG::TypeMap)""",rb_cPG_CopyCoder,ext/pg_copy_coder.c,889,pg:ext/pg_copy_coder.c:889:type_map=,pg_copycoder_type_map_set,"[{""argument_index"": 0, ""expression"": ""rb_eTypeError"", ""label"": ""other""}, {""argument_index"": 1, ""expression"": ""\""wrong elements type %s (expected some kind of PG::TypeMap)\"""", ""label"": ""literal""}, {""argument_index"": 2, ""expression"": ""rb_obj_classname( type_map )"", ""label"": ""param"", ""parameters"": [{""index"": 0, ""name"": ""type_map""}]}]","[{""argument_index"": 1, ""expression"": ""\""wrong elements type %s (expected some kind of PG::TypeMap)\"""", ""label"": ""literal"", ""slot"": ""format""}]","[{""index"": 0, ""name"": ""type_map""}]"
pg_query,6.2.2,deparse_protobuf_opts,pg_query_ruby_deparse_protobuf_opts,2,size,ext/pg_query/pg_query_ruby.c,224,0,"param(comments,2)",comments,pg_query_ruby_deparse_protobuf_opts,malloc,0,RARRAY_LEN(comments) * sizeof(PostgresDeparseComment *),cPgQuery,ext/pg_query/pg_query_ruby.c,30,pg_query:ext/pg_query/pg_query_ruby.c:30:deparse_protobuf_opts,pg_query_ruby_deparse_protobuf_opts,"[{""argument_index"": 0, ""expression"": ""RARRAY_LEN(comments) * sizeof(PostgresDeparseComment *)"", ""label"": ""param"", ""parameters"": [{""index"": 2, ""name"": ""comments""}]}]","[{""argument_index"": 0, ""expression"": ""RARRAY_LEN(comments) * sizeof(PostgresDeparseComment *)"", ""label"": ""param"", ""parameters"": [{""index"": 2, ""name"": ""comments""}], ""slot"": ""size""}]","[{""index"": 2, ""name"": ""comments""}]"
prism,1.9.0,constant?,string_query_constant_p,0,format,ext/prism/extension.c,60,1,literal,string,check_string,rb_raise,1,"""wrong argument type %"" PRIsVALUE "" (expected String)""",rb_cPrismStringQuery,ext/prism/extension.c,1421,prism:ext/prism/extension.c:1421:constant?,string_query_constant_p -> check_string,"[{""argument_index"": 0, ""expression"": ""rb_eTypeError"", ""label"": ""other""}, {""argument_index"": 1, ""expression"": ""\""wrong argument type %\"" PRIsVALUE \"" (expected String)\"""", ""label"": ""literal""}, {""argument_index"": 2, ""expression"": ""rb_obj_class(value)"", ""label"": ""param"", ""parameters"": [{""index"": 0, ""name"": ""string""}]}]","[{""argument_index"": 1, ""expression"": ""\""wrong argument type %\"" PRIsVALUE \"" (expected String)\"""", ""label"": ""literal"", ""slot"": ""format""}]","[{""index"": 0, ""name"": ""string""}]"
prism,1.9.0,dump,dump,0,format,ext/prism/extension.c,74,2,literal,string,input_load_string,rb_raise,1,"""wrong argument type %"" PRIsVALUE "" (expected String)""",rb_cPrism,ext/prism/extension.c,1416,prism:ext/prism/extension.c:1416:dump,dump -> string_options -> input_load_string,"[{""argument_index"": 0, ""expression"": ""rb_eTypeError"", ""label"": ""other""}, {""argument_index"": 1, ""expression"": ""\""wrong argument type %\"" PRIsVALUE \"" (expected String)\"""", ""label"": ""literal""}, {""argument_index"": 2, ""expression"": ""rb_obj_class(string)"", ""label"": ""param"", ""parameters"": [{""index"": 0, ""name"": ""string""}]}]","[{""argument_index"": 1, ""expression"": ""\""wrong argument type %\"" PRIsVALUE \"" (expected String)\"""", ""label"": ""literal"", ""slot"": ""format""}]","[{""index"": 0, ""name"": ""string""}]"
prism,1.9.0,lex,lex,0,format,ext/prism/extension.c,74,2,literal,string,input_load_string,rb_raise,1,"""wrong argument type %"" PRIsVALUE "" (expected String)""",rb_cPrism,ext/prism/extension.c,1399,prism:ext/prism/extension.c:1399:lex,lex -> string_options -> input_load_string,"[{""argument_index"": 0, ""expression"": ""rb_eTypeError"", ""label"": ""other""}, {""argument_index"": 1, ""expression"": ""\""wrong argument type %\"" PRIsVALUE \"" (expected String)\"""", ""label"": ""literal""}, {""argument_index"": 2, ""expression"": ""rb_obj_class(string)"", ""label"": ""param"", ""parameters"": [{""index"": 0, ""name"": ""string""}]}]","[{""argument_index"": 1, ""expression"": ""\""wrong argument type %\"" PRIsVALUE \"" (expected String)\"""", ""label"": ""literal"", ""slot"": ""format""}]","[{""index"": 0, ""name"": ""string""}]"
prism,1.9.0,local?,string_query_local_p,0,format,ext/prism/extension.c,60,1,literal,string,check_string,rb_raise,1,"""wrong argument type %"" PRIsVALUE "" (expected String)""",rb_cPrismStringQuery,ext/prism/extension.c,1420,prism:ext/prism/extension.c:1420:local?,string_query_local_p -> check_string,"[{""argument_index"": 0, ""expression"": ""rb_eTypeError"", ""label"": ""other""}, {""argument_index"": 1, ""expression"": ""\""wrong argument type %\"" PRIsVALUE \"" (expected String)\"""", ""label"": ""literal""}, {""argument_index"": 2, ""expression"": ""rb_obj_class(value)"", ""label"": ""param"", ""parameters"": [{""index"": 0, ""name"": ""string""}]}]","[{""argument_index"": 1, ""expression"": ""\""wrong argument type %\"" PRIsVALUE \"" (expected String)\"""", ""label"": ""literal"", ""slot"": ""format""}]","[{""index"": 0, ""name"": ""string""}]"
prism,1.9.0,method_name?,string_query_method_name_p,0,format,ext/prism/extension.c,60,1,literal,string,check_string,rb_raise,1,"""wrong argument type %"" PRIsVALUE "" (expected String)""",rb_cPrismStringQuery,ext/prism/extension.c,1422,prism:ext/prism/extension.c:1422:method_name?,string_query_method_name_p -> check_string,"[{""argument_index"": 0, ""expression"": ""rb_eTypeError"", ""label"": ""other""}, {""argument_index"": 1, ""expression"": ""\""wrong argument type %\"" PRIsVALUE \"" (expected String)\"""", ""label"": ""literal""}, {""argument_index"": 2, ""expression"": ""rb_obj_class(value)"", ""label"": ""param"", ""parameters"": [{""index"": 0, ""name"": ""string""}]}]","[{""argument_index"": 1, ""expression"": ""\""wrong argument type %\"" PRIsVALUE \"" (expected String)\"""", ""label"": ""literal"", ""slot"": ""format""}]","[{""index"": 0, ""name"": ""string""}]"
prism,1.9.0,parse,parse,0,format,ext/prism/extension.c,74,2,literal,string,input_load_string,rb_raise,1,"""wrong argument type %"" PRIsVALUE "" (expected String)""",rb_cPrism,ext/prism/extension.c,1401,prism:ext/prism/extension.c:1401:parse,parse -> string_options -> input_load_string,"[{""argument_index"": 0, ""expression"": ""rb_eTypeError"", ""label"": ""other""}, {""argument_index"": 1, ""expression"": ""\""wrong argument type %\"" PRIsVALUE \"" (expected String)\"""", ""label"": ""literal""}, {""argument_index"": 2, ""expression"": ""rb_obj_class(string)"", ""label"": ""param"", ""parameters"": [{""index"": 0, ""name"": ""string""}]}]","[{""argument_index"": 1, ""expression"": ""\""wrong argument type %\"" PRIsVALUE \"" (expected String)\"""", ""label"": ""literal"", ""slot"": ""format""}]","[{""index"": 0, ""name"": ""string""}]"
prism,1.9.0,parse_comments,parse_comments,0,format,ext/prism/extension.c,74,2,literal,string,input_load_string,rb_raise,1,"""wrong argument type %"" PRIsVALUE "" (expected String)""",rb_cPrism,ext/prism/extension.c,1406,prism:ext/prism/extension.c:1406:parse_comments,parse_comments -> string_options -> input_load_string,"[{""argument_index"": 0, ""expression"": ""rb_eTypeError"", ""label"": ""other""}, {""argument_index"": 1, ""expression"": ""\""wrong argument type %\"" PRIsVALUE \"" (expected String)\"""", ""label"": ""literal""}, {""argument_index"": 2, ""expression"": ""rb_obj_class(string)"", ""label"": ""param"", ""parameters"": [{""index"": 0, ""name"": ""string""}]}]","[{""argument_index"": 1, ""expression"": ""\""wrong argument type %\"" PRIsVALUE \"" (expected String)\"""", ""label"": ""literal"", ""slot"": ""format""}]","[{""index"": 0, ""name"": ""string""}]"
prism,1.9.0,parse_failure?,parse_failure_p,0,format,ext/prism/extension.c,74,3,literal,string,input_load_string,rb_raise,1,"""wrong argument type %"" PRIsVALUE "" (expected String)""",rb_cPrism,ext/prism/extension.c,1411,prism:ext/prism/extension.c:1411:parse_failure?,parse_failure_p -> parse_success_p -> string_options -> input_load_string,"[{""argument_index"": 0, ""expression"": ""rb_eTypeError"", ""label"": ""other""}, {""argument_index"": 1, ""expression"": ""\""wrong argument type %\"" PRIsVALUE \"" (expected String)\"""", ""label"": ""literal""}, {""argument_index"": 2, ""expression"": ""rb_obj_class(string)"", ""label"": ""param"", ""parameters"": [{""index"": 0, ""name"": ""string""}]}]","[{""argument_index"": 1, ""expression"": ""\""wrong argument type %\"" PRIsVALUE \"" (expected String)\"""", ""label"": ""literal"", ""slot"": ""format""}]","[{""index"": 0, ""name"": ""string""}]"
prism,1.9.0,parse_lex,parse_lex,0,format,ext/prism/extension.c,74,2,literal,string,input_load_string,rb_raise,1,"""wrong argument type %"" PRIsVALUE "" (expected String)""",rb_cPrism,ext/prism/extension.c,1408,prism:ext/prism/extension.c:1408:parse_lex,parse_lex -> string_options -> input_load_string,"[{""argument_index"": 0, ""expression"": ""rb_eTypeError"", ""label"": ""other""}, {""argument_index"": 1, ""expression"": ""\""wrong argument type %\"" PRIsVALUE \"" (expected String)\"""", ""label"": ""literal""}, {""argument_index"": 2, ""expression"": ""rb_obj_class(string)"", ""label"": ""param"", ""parameters"": [{""index"": 0, ""name"": ""string""}]}]","[{""argument_index"": 1, ""expression"": ""\""wrong argument type %\"" PRIsVALUE \"" (expected String)\"""", ""label"": ""literal"", ""slot"": ""format""}]","[{""index"": 0, ""name"": ""string""}]"
prism,1.9.0,parse_success?,parse_success_p,0,format,ext/prism/extension.c,74,2,literal,string,input_load_string,rb_raise,1,"""wrong argument type %"" PRIsVALUE "" (expected String)""",rb_cPrism,ext/prism/extension.c,1410,prism:ext/prism/extension.c:1410:parse_success?,parse_success_p -> string_options -> input_load_string,"[{""argument_index"": 0, ""expression"": ""rb_eTypeError"", ""label"": ""other""}, {""argument_index"": 1, ""expression"": ""\""wrong argument type %\"" PRIsVALUE \"" (expected String)\"""", ""label"": ""literal""}, {""argument_index"": 2, ""expression"": ""rb_obj_class(string)"", ""label"": ""param"", ""parameters"": [{""index"": 0, ""name"": ""string""}]}]","[{""argument_index"": 1, ""expression"": ""\""wrong argument type %\"" PRIsVALUE \"" (expected String)\"""", ""label"": ""literal"", ""slot"": ""format""}]","[{""index"": 0, ""name"": ""string""}]"
prism,1.9.0,profile,profile,0,format,ext/prism/extension.c,74,2,literal,string,input_load_string,rb_raise,1,"""wrong argument type %"" PRIsVALUE "" (expected String)""",rb_cPrism,ext/prism/extension.c,1403,prism:ext/prism/extension.c:1403:profile,profile -> string_options -> input_load_string,"[{""argument_index"": 0, ""expression"": ""rb_eTypeError"", ""label"": ""other""}, {""argument_index"": 1, ""expression"": ""\""wrong argument type %\"" PRIsVALUE \"" (expected String)\"""", ""label"": ""literal""}, {""argument_index"": 2, ""expression"": ""rb_obj_class(string)"", ""label"": ""param"", ""parameters"": [{""index"": 0, ""name"": ""string""}]}]","[{""argument_index"": 1, ""expression"": ""\""wrong argument type %\"" PRIsVALUE \"" (expected String)\"""", ""label"": ""literal"", ""slot"": ""format""}]","[{""index"": 0, ""name"": ""string""}]"
psych,5.3.1,_native_parse,parse,0,index,ext/psych/psych_parser.c,297,0,literal,handler,parse,indexed-store,-1,0,cPsychParser,ext/psych/psych_parser.c,547,psych:ext/psych/psych_parser.c:547:_native_parse,parse,"[{""argument_index"": 0, ""expression"": ""event_args[0]"", ""label"": ""local""}, {""argument_index"": 1, ""expression"": ""handler"", ""label"": ""param"", ""parameters"": [{""index"": 0, ""name"": ""handler""}]}]","[{""argument_index"": -1, ""expression"": ""0"", ""label"": ""literal"", ""slot"": ""index""}]","[{""index"": 0, ""name"": ""handler""}]"
psych,5.3.1,_native_parse,parse,0,index,ext/psych/psych_parser.c,309,0,literal,handler,parse,indexed-store,-1,0,cPsychParser,ext/psych/psych_parser.c,547,psych:ext/psych/psych_parser.c:547:_native_parse,parse,"[{""argument_index"": 0, ""expression"": ""args[0]"", ""label"": ""local""}, {""argument_index"": 1, ""expression"": ""handler"", ""label"": ""param"", ""parameters"": [{""index"": 0, ""name"": ""handler""}]}]","[{""argument_index"": -1, ""expression"": ""0"", ""label"": ""literal"", ""slot"": ""index""}]","[{""index"": 0, ""name"": ""handler""}]"
psych,5.3.1,_native_parse,parse,0,index,ext/psych/psych_parser.c,348,0,literal,handler,parse,indexed-store,-1,0,cPsychParser,ext/psych/psych_parser.c,547,psych:ext/psych/psych_parser.c:547:_native_parse,parse,"[{""argument_index"": 0, ""expression"": ""args[0]"", ""label"": ""local""}, {""argument_index"": 1, ""expression"": ""handler"", ""label"": ""param"", ""parameters"": [{""index"": 0, ""name"": ""handler""}]}]","[{""argument_index"": -1, ""expression"": ""0"", ""label"": ""literal"", ""slot"": ""index""}]","[{""index"": 0, ""name"": ""handler""}]"
psych,5.3.1,_native_parse,parse,0,index,ext/psych/psych_parser.c,359,0,literal,handler,parse,indexed-store,-1,0,cPsychParser,ext/psych/psych_parser.c,547,psych:ext/psych/psych_parser.c:547:_native_parse,parse,"[{""argument_index"": 0, ""expression"": ""args[0]"", ""label"": ""local""}, {""argument_index"": 1, ""expression"": ""handler"", ""label"": ""param"", ""parameters"": [{""index"": 0, ""name"": ""handler""}]}]","[{""argument_index"": -1, ""expression"": ""0"", ""label"": ""literal"", ""slot"": ""index""}]","[{""index"": 0, ""name"": ""handler""}]"
psych,5.3.1,_native_parse,parse,0,index,ext/psych/psych_parser.c,373,0,literal,handler,parse,indexed-store,-1,0,cPsychParser,ext/psych/psych_parser.c,547,psych:ext/psych/psych_parser.c:547:_native_parse,parse,"[{""argument_index"": 0, ""expression"": ""args[0]"", ""label"": ""local""}, {""argument_index"": 1, ""expression"": ""handler"", ""label"": ""param"", ""parameters"": [{""index"": 0, ""name"": ""handler""}]}]","[{""argument_index"": -1, ""expression"": ""0"", ""label"": ""literal"", ""slot"": ""index""}]","[{""index"": 0, ""name"": ""handler""}]"
psych,5.3.1,_native_parse,parse,0,index,ext/psych/psych_parser.c,409,0,literal,handler,parse,indexed-store,-1,0,cPsychParser,ext/psych/psych_parser.c,547,psych:ext/psych/psych_parser.c:547:_native_parse,parse,"[{""argument_index"": 0, ""expression"": ""args[0]"", ""label"": ""local""}, {""argument_index"": 1, ""expression"": ""handler"", ""label"": ""param"", ""parameters"": [{""index"": 0, ""name"": ""handler""}]}]","[{""argument_index"": -1, ""expression"": ""0"", ""label"": ""literal"", ""slot"": ""index""}]","[{""index"": 0, ""name"": ""handler""}]"
psych,5.3.1,_native_parse,parse,0,index,ext/psych/psych_parser.c,441,0,literal,handler,parse,indexed-store,-1,0,cPsychParser,ext/psych/psych_parser.c,547,psych:ext/psych/psych_parser.c:547:_native_parse,parse,"[{""argument_index"": 0, ""expression"": ""args[0]"", ""label"": ""local""}, {""argument_index"": 1, ""expression"": ""handler"", ""label"": ""param"", ""parameters"": [{""index"": 0, ""name"": ""handler""}]}]","[{""argument_index"": -1, ""expression"": ""0"", ""label"": ""literal"", ""slot"": ""index""}]","[{""index"": 0, ""name"": ""handler""}]"
psych,5.3.1,_native_parse,parse,0,index,ext/psych/psych_parser.c,474,0,literal,handler,parse,indexed-store,-1,0,cPsychParser,ext/psych/psych_parser.c,547,psych:ext/psych/psych_parser.c:547:_native_parse,parse,"[{""argument_index"": 0, ""expression"": ""args[0]"", ""label"": ""local""}, {""argument_index"": 1, ""expression"": ""handler"", ""label"": ""param"", ""parameters"": [{""index"": 0, ""name"": ""handler""}]}]","[{""argument_index"": -1, ""expression"": ""0"", ""label"": ""literal"", ""slot"": ""index""}]","[{""index"": 0, ""name"": ""handler""}]"
rbs,3.9.5,_parse_method_type,rbsparser_parse_method_type,3,format,ext/rbs_extension/parserstate.c,367,1,literal,variables,alloc_parser,rb_raise,1,"""wrong argument type %""PRIsVALUE"" (must be array or nil)""",RBS_Parser,ext/rbs_extension/parser.c,2979,rbs:ext/rbs_extension/parser.c:2979:_parse_method_type,rbsparser_parse_method_type -> alloc_parser,"[{""argument_index"": 0, ""expression"": ""rb_eTypeError"", ""label"": ""other""}, {""argument_index"": 1, ""expression"": ""\""wrong argument type %\""PRIsVALUE\"" (must be array or nil)\"""", ""label"": ""literal""}, {""argument_index"": 2, ""expression"": ""rb_obj_class(variables)"", ""label"": ""param"", ""parameters"": [{""index"": 3, ""name"": ""variables""}]}]","[{""argument_index"": 1, ""expression"": ""\""wrong argument type %\""PRIsVALUE\"" (must be array or nil)\"""", ""label"": ""literal"", ""slot"": ""format""}]","[{""index"": 3, ""name"": ""variables""}]"
rbs,3.9.5,_parse_type,rbsparser_parse_type,3,format,ext/rbs_extension/parserstate.c,367,1,literal,variables,alloc_parser,rb_raise,1,"""wrong argument type %""PRIsVALUE"" (must be array or nil)""",RBS_Parser,ext/rbs_extension/parser.c,2978,rbs:ext/rbs_extension/parser.c:2978:_parse_type,rbsparser_parse_type -> alloc_parser,"[{""argument_index"": 0, ""expression"": ""rb_eTypeError"", ""label"": ""other""}, {""argument_index"": 1, ""expression"": ""\""wrong argument type %\""PRIsVALUE\"" (must be array or nil)\"""", ""label"": ""literal""}, {""argument_index"": 2, ""expression"": ""rb_obj_class(variables)"", ""label"": ""param"", ""parameters"": [{""index"": 3, ""name"": ""variables""}]}]","[{""argument_index"": 1, ""expression"": ""\""wrong argument type %\""PRIsVALUE\"" (must be array or nil)\"""", ""label"": ""literal"", ""slot"": ""format""}]","[{""index"": 3, ""name"": ""variables""}]"
rugged,1.9.6,[],rb_git_tag_collection_aref,0,size,ext/rugged/rugged_tag_collection.c,53,0,"param(rb_name,0)",rb_name,rb_git_tag_collection_aref,xmalloc,0,"(RSTRING_LEN(rb_name) + strlen(""refs/tags/"") + 1) * sizeof(char)",rb_cRuggedTagCollection,ext/rugged/rugged_tag_collection.c,322,rugged:ext/rugged/rugged_tag_collection.c:322:[],rb_git_tag_collection_aref,"[{""argument_index"": 0, ""expression"": ""(RSTRING_LEN(rb_name) + strlen(\""refs/tags/\"") + 1) * sizeof(char)"", ""label"": ""param"", ""parameters"": [{""index"": 0, ""name"": ""rb_name""}]}]","[{""argument_index"": 0, ""expression"": ""(RSTRING_LEN(rb_name) + strlen(\""refs/tags/\"") + 1) * sizeof(char)"", ""label"": ""param"", ""parameters"": [{""index"": 0, ""name"": ""rb_name""}], ""slot"": ""size""}]","[{""index"": 0, ""name"": ""rb_name""}]"
rugged,1.9.6,add_all,rb_git_index_add_all,0,index,ext/rugged/rugged.c,451,1,literal,rb_pathspecs,rugged_rb_ary_to_strarray,indexed-store,-1,0,rb_cRuggedIndex,ext/rugged/rugged_index.c,1072,rugged:ext/rugged/rugged_index.c:1072:add_all,rb_git_index_add_all -> rugged_rb_ary_to_strarray,"[{""argument_index"": 0, ""expression"": ""str_array->strings[0]"", ""label"": ""local""}, {""argument_index"": 1, ""expression"": ""StringValueCStr(rb_array)"", ""label"": ""param"", ""parameters"": [{""index"": 0, ""name"": ""rb_pathspecs""}]}]","[{""argument_index"": -1, ""expression"": ""0"", ""label"": ""literal"", ""slot"": ""index""}]","[{""index"": 0, ""name"": ""rb_pathspecs""}]"
rugged,1.9.6,create,rb_git_tag_collection_create,0,size,ext/rugged/rugged_tag_collection.c,53,1,"param(rb_name,0)",rb_name,rb_git_tag_collection_aref,xmalloc,0,"(RSTRING_LEN(rb_name) + strlen(""refs/tags/"") + 1) * sizeof(char)",rb_cRuggedTagCollection,ext/rugged/rugged_tag_collection.c,320,rugged:ext/rugged/rugged_tag_collection.c:320:create,rb_git_tag_collection_create -> rb_git_tag_collection_aref,"[{""argument_index"": 0, ""expression"": ""(RSTRING_LEN(rb_name) + strlen(\""refs/tags/\"") + 1) * sizeof(char)"", ""label"": ""param"", ""parameters"": [{""index"": 0, ""name"": ""rb_name""}]}]","[{""argument_index"": 0, ""expression"": ""(RSTRING_LEN(rb_name) + strlen(\""refs/tags/\"") + 1) * sizeof(char)"", ""label"": ""param"", ""parameters"": [{""index"": 0, ""name"": ""rb_name""}], ""slot"": ""size""}]","[{""index"": 0, ""name"": ""rb_name""}]"
rugged,1.9.6,diff,rb_git_blob_diff,0,format,ext/rugged/rugged_blob.c,488,0,literal,rb_other,rb_git_blob_diff,rb_raise,1,"""wrong argument type %s (expected Rugged::Blob, String, or nil)""",rb_cRuggedBlob,ext/rugged/rugged_blob.c,720,rugged:ext/rugged/rugged_blob.c:720:diff,rb_git_blob_diff,"[{""argument_index"": 0, ""expression"": ""rb_eTypeError"", ""label"": ""other""}, {""argument_index"": 1, ""expression"": ""\""wrong argument type %s (expected Rugged::Blob, String, or nil)\"""", ""label"": ""literal""}, {""argument_index"": 2, ""expression"": ""rb_obj_classname(rb_other)"", ""label"": ""param"", ""parameters"": [{""index"": 0, ""name"": ""rb_other""}]}]","[{""argument_index"": 1, ""expression"": ""\""wrong argument type %s (expected Rugged::Blob, String, or nil)\"""", ""label"": ""literal"", ""slot"": ""format""}]","[{""index"": 0, ""name"": ""rb_other""}]"
rugged,1.9.6,fetch,rb_git_remote_fetch,0,index,ext/rugged/rugged.c,451,1,literal,rb_refspecs,rugged_rb_ary_to_strarray,indexed-store,-1,0,rb_cRuggedRemote,ext/rugged/rugged_remote.c,767,rugged:ext/rugged/rugged_remote.c:767:fetch,rb_git_remote_fetch -> rugged_rb_ary_to_strarray,"[{""argument_index"": 0, ""expression"": ""str_array->strings[0]"", ""label"": ""local""}, {""argument_index"": 1, ""expression"": ""StringValueCStr(rb_array)"", ""label"": ""param"", ""parameters"": [{""index"": 0, ""name"": ""rb_refspecs""}]}]","[{""argument_index"": -1, ""expression"": ""0"", ""label"": ""literal"", ""slot"": ""index""}]","[{""index"": 0, ""name"": ""rb_refspecs""}]"
rugged,1.9.6,from_io,rb_git_blob_from_io,1,index,ext/rugged/rugged_blob.c,268,0,literal,rb_io,rb_git_blob_from_io,indexed-store,-1,0,rb_cRuggedBlob,ext/rugged/rugged_blob.c,725,rugged:ext/rugged/rugged_blob.c:725:from_io,rb_git_blob_from_io,"[{""argument_index"": 0, ""expression"": ""rb_read_args[0]"", ""label"": ""local""}, {""argument_index"": 1, ""expression"": ""rb_io"", ""label"": ""param"", ""parameters"": [{""index"": 1, ""name"": ""rb_io""}]}]","[{""argument_index"": -1, ""expression"": ""0"", ""label"": ""literal"", ""slot"": ""index""}]","[{""index"": 1, ""name"": ""rb_io""}]"
rugged,1.9.6,push,rb_git_remote_push,0,index,ext/rugged/rugged.c,451,1,literal,rb_refspecs,rugged_rb_ary_to_strarray,indexed-store,-1,0,rb_cRuggedRemote,ext/rugged/rugged_remote.c,768,rugged:ext/rugged/rugged_remote.c:768:push,rb_git_remote_push -> rugged_rb_ary_to_strarray,"[{""argument_index"": 0, ""expression"": ""str_array->strings[0]"", ""label"": ""local""}, {""argument_index"": 1, ""expression"": ""StringValueCStr(rb_array)"", ""label"": ""param"", ""parameters"": [{""index"": 0, ""name"": ""rb_refspecs""}]}]","[{""argument_index"": -1, ""expression"": ""0"", ""label"": ""literal"", ""slot"": ""index""}]","[{""index"": 0, ""name"": ""rb_refspecs""}]"
rugged,1.9.6,reset_path,rb_git_repo_reset_path,0,index,ext/rugged/rugged.c,451,1,literal,rb_paths,rugged_rb_ary_to_strarray,indexed-store,-1,0,rb_cRuggedRepo,ext/rugged/rugged_repo.c,2842,rugged:ext/rugged/rugged_repo.c:2842:reset_path,rb_git_repo_reset_path -> rugged_rb_ary_to_strarray,"[{""argument_index"": 0, ""expression"": ""str_array->strings[0]"", ""label"": ""local""}, {""argument_index"": 1, ""expression"": ""StringValueCStr(rb_array)"", ""label"": ""param"", ""parameters"": [{""index"": 0, ""name"": ""rb_paths""}]}]","[{""argument_index"": -1, ""expression"": ""0"", ""label"": ""literal"", ""slot"": ""index""}]","[{""index"": 0, ""name"": ""rb_paths""}]"
rugged,1.9.6,update_all,rb_git_index_update_all,0,index,ext/rugged/rugged.c,451,1,literal,rb_pathspecs,rugged_rb_ary_to_strarray,indexed-store,-1,0,rb_cRuggedIndex,ext/rugged/rugged_index.c,1073,rugged:ext/rugged/rugged_index.c:1073:update_all,rb_git_index_update_all -> rugged_rb_ary_to_strarray,"[{""argument_index"": 0, ""expression"": ""str_array->strings[0]"", ""label"": ""local""}, {""argument_index"": 1, ""expression"": ""StringValueCStr(rb_array)"", ""label"": ""param"", ""parameters"": [{""index"": 0, ""name"": ""rb_pathspecs""}]}]","[{""argument_index"": -1, ""expression"": ""0"", ""label"": ""literal"", ""slot"": ""index""}]","[{""index"": 0, ""name"": ""rb_pathspecs""}]"
stringio,3.2.0,pread,strio_pread,0,format,ext/stringio/stringio.c,1740,0,literal,rb_len,strio_pread,rb_raise,1,"""negative string size (or size too big): %"" PRIsVALUE",StringIO,ext/stringio/stringio.c,2056,stringio:ext/stringio/stringio.c:2056:pread,strio_pread,"[{""argument_index"": 0, ""expression"": ""rb_eArgError"", ""label"": ""other""}, {""argument_index"": 1, ""expression"": ""\""negative string size (or size too big): %\"" PRIsVALUE"", ""label"": ""literal""}, {""argument_index"": 2, ""expression"": ""rb_len"", ""label"": ""param"", ""parameters"": [{""index"": 0, ""name"": ""rb_len""}]}]","[{""argument_index"": 1, ""expression"": ""\""negative string size (or size too big): %\"" PRIsVALUE"", ""label"": ""literal"", ""slot"": ""format""}]","[{""index"": 0, ""name"": ""rb_len""}]"
stringio,3.2.0,pread,strio_pread,1,format,ext/stringio/stringio.c,1751,0,literal,rb_offset,strio_pread,rb_sprintf,0,"""pread: Invalid offset argument: %"" PRIsVALUE",StringIO,ext/stringio/stringio.c,2056,stringio:ext/stringio/stringio.c:2056:pread,strio_pread,"[{""argument_index"": 0, ""expression"": ""\""pread: Invalid offset argument: %\"" PRIsVALUE"", ""label"": ""literal""}, {""argument_index"": 1, ""expression"": ""rb_offset"", ""label"": ""param"", ""parameters"": [{""index"": 1, ""name"": ""rb_offset""}]}]","[{""argument_index"": 0, ""expression"": ""\""pread: Invalid offset argument: %\"" PRIsVALUE"", ""label"": ""literal"", ""slot"": ""format""}]","[{""index"": 1, ""name"": ""rb_offset""}]"
stringio,3.2.0,pread,strio_pread,2,length,ext/stringio/stringio.c,1768,0,local,rb_buf,strio_pread,MEMCPY,3,len,StringIO,ext/stringio/stringio.c,2056,stringio:ext/stringio/stringio.c:2056:pread,strio_pread,"[{""argument_index"": 0, ""expression"": ""RSTRING_PTR(rb_buf)"", ""label"": ""param"", ""parameters"": [{""index"": 2, ""name"": ""rb_buf""}]}, {""argument_index"": 1, ""expression"": ""RSTRING_PTR(ptr->string) + offset"", ""label"": ""local""}, {""argument_index"": 2, ""expression"": ""char"", ""label"": ""other""}, {""argument_index"": 3, ""expression"": ""len"", ""label"": ""local""}]","[{""argument_index"": 3, ""expression"": ""len"", ""label"": ""local"", ""slot"": ""length""}]","[{""index"": 2, ""name"": ""rb_buf""}]"
stringio,3.2.0,read,strio_read,1,length,ext/stringio/stringio.c,1715,0,local,str,strio_read,MEMCPY,3,len,StringIO,ext/stringio/stringio.c,2055,stringio:ext/stringio/stringio.c:2055:read,strio_read,"[{""argument_index"": 0, ""expression"": ""RSTRING_PTR(str)"", ""label"": ""param"", ""parameters"": [{""index"": 1, ""name"": ""str""}]}, {""argument_index"": 1, ""expression"": ""RSTRING_PTR(ptr->string) + ptr->pos"", ""label"": ""local""}, {""argument_index"": 2, ""expression"": ""char"", ""label"": ""other""}, {""argument_index"": 3, ""expression"": ""len"", ""label"": ""local""}]","[{""argument_index"": 3, ""expression"": ""len"", ""label"": ""local"", ""slot"": ""length""}]","[{""index"": 1, ""name"": ""str""}]"
stringio,3.2.0,read_nonblock,strio_read_nonblock,1,length,ext/stringio/stringio.c,1715,1,local,str,strio_read,MEMCPY,3,len,mReadable,ext/stringio/stringio.c,2093,stringio:ext/stringio/stringio.c:2093:read_nonblock,strio_read_nonblock -> strio_read,"[{""argument_index"": 0, ""expression"": ""RSTRING_PTR(str)"", ""label"": ""param"", ""parameters"": [{""index"": 1, ""name"": ""str""}]}, {""argument_index"": 1, ""expression"": ""RSTRING_PTR(ptr->string) + ptr->pos"", ""label"": ""local""}, {""argument_index"": 2, ""expression"": ""char"", ""label"": ""other""}, {""argument_index"": 3, ""expression"": ""len"", ""label"": ""local""}]","[{""argument_index"": 3, ""expression"": ""len"", ""label"": ""local"", ""slot"": ""length""}]","[{""index"": 1, ""name"": ""str""}]"
thrift,0.22.0,read_into_buffer,rb_thrift_memory_buffer_read_into_buffer,0,index,ext/memory_buffer.c,108,0,local,buffer_value,rb_thrift_memory_buffer_read_into_buffer,indexed-store,-1,i,thrift_memory_buffer_class,ext/memory_buffer.c,126,thrift:ext/memory_buffer.c:126:read_into_buffer,rb_thrift_memory_buffer_read_into_buffer,"[{""argument_index"": 0, ""expression"": ""((char*)RSTRING_PTR(buffer_value))[i]"", ""label"": ""param"", ""parameters"": [{""index"": 0, ""name"": ""buffer_value""}]}, {""argument_index"": 1, ""expression"": ""byte"", ""label"": ""local""}]","[{""argument_index"": -1, ""expression"": ""i"", ""label"": ""local"", ""slot"": ""index""}]","[{""index"": 0, ""name"": ""buffer_value""}]"
yajl-ruby,1.4.3,project,rb_yajl_projector_project,0,index,ext/yajl/yajl_ext.c,1013,0,literal,schema,rb_yajl_projector_project,indexed-store,-1,1,cProjector,ext/yajl/yajl_ext.c,1391,yajl-ruby:ext/yajl/yajl_ext.c:1391:project,rb_yajl_projector_project,"[{""argument_index"": 0, ""expression"": ""args[1]"", ""label"": ""local""}, {""argument_index"": 1, ""expression"": ""schema"", ""label"": ""param"", ""parameters"": [{""index"": 0, ""name"": ""schema""}]}]","[{""argument_index"": -1, ""expression"": ""1"", ""label"": ""literal"", ""slot"": ""index""}]","[{""index"": 0, ""name"": ""schema""}]"
zlib,3.2.3,add_dictionary,rb_inflate_add_dictionary,0,format,ext/zlib/zlib.c,415,1,literal,dictionary,do_checksum,rb_scan_args,2,"""02""",cInflate,ext/zlib/zlib.c,4805,zlib:ext/zlib/zlib.c:4805:add_dictionary,rb_inflate_add_dictionary -> do_checksum,"[{""argument_index"": 0, ""expression"": ""argc"", ""label"": ""local""}, {""argument_index"": 1, ""expression"": ""argv"", ""label"": ""param"", ""parameters"": [{""index"": 0, ""name"": ""dictionary""}]}, {""argument_index"": 2, ""expression"": ""\""02\"""", ""label"": ""literal""}, {""argument_index"": 3, ""expression"": ""&str"", ""label"": ""local""}, {""argument_index"": 4, ""expression"": ""&vsum"", ""label"": ""local""}]","[{""argument_index"": 2, ""expression"": ""\""02\"""", ""label"": ""literal"", ""slot"": ""format""}]","[{""index"": 0, ""name"": ""dictionary""}]"
zlib,3.2.3,deflate,rb_deflate_s_deflate,0,index,ext/zlib/zlib.c,1783,0,literal,src,rb_deflate_s_deflate,indexed-store,-1,1,cDeflate,ext/zlib/zlib.c,4789,zlib:ext/zlib/zlib.c:4789:deflate,rb_deflate_s_deflate,"[{""argument_index"": 0, ""expression"": ""args[1]"", ""label"": ""local""}, {""argument_index"": 1, ""expression"": ""src"", ""label"": ""param"", ""parameters"": [{""index"": 0, ""name"": ""src""}]}]","[{""argument_index"": -1, ""expression"": ""1"", ""label"": ""literal"", ""slot"": ""index""}]","[{""index"": 0, ""name"": ""src""}]"
zlib,3.2.3,gzip,zlib_s_gzip,0,index,ext/zlib/zlib.c,4612,0,literal,src,zlib_s_gzip,indexed-store,-1,1,mZlib,ext/zlib/zlib.c,4977,zlib:ext/zlib/zlib.c:4977:gzip,zlib_s_gzip,"[{""argument_index"": 0, ""expression"": ""args[1]"", ""label"": ""local""}, {""argument_index"": 1, ""expression"": ""src"", ""label"": ""param"", ""parameters"": [{""index"": 0, ""name"": ""src""}]}]","[{""argument_index"": -1, ""expression"": ""1"", ""label"": ""literal"", ""slot"": ""index""}]","[{""index"": 0, ""name"": ""src""}]"
zlib,3.2.3,inflate,rb_inflate_s_inflate,0,index,ext/zlib/zlib.c,2109,0,literal,src,rb_inflate_s_inflate,indexed-store,-1,1,cInflate,ext/zlib/zlib.c,4801,zlib:ext/zlib/zlib.c:4801:inflate,rb_inflate_s_inflate,"[{""argument_index"": 0, ""expression"": ""args[1]"", ""label"": ""local""}, {""argument_index"": 1, ""expression"": ""src"", ""label"": ""param"", ""parameters"": [{""index"": 0, ""name"": ""src""}]}]","[{""argument_index"": -1, ""expression"": ""1"", ""label"": ""literal"", ""slot"": ""index""}]","[{""index"": 0, ""name"": ""src""}]"
zlib,3.2.3,open,rb_gzwriter_s_open,0,index,ext/zlib/zlib.c,3313,1,literal,argv[0],gzfile_s_open,indexed-store,-1,0,cGzipWriter,ext/zlib/zlib.c,4943,zlib:ext/zlib/zlib.c:4943:open,rb_gzwriter_s_open -> gzfile_s_open,"[{""argument_index"": 0, ""expression"": ""argv[0]"", ""label"": ""param"", ""parameters"": [{""index"": 0, ""name"": ""argv[0]""}]}, {""argument_index"": 1, ""expression"": ""io"", ""label"": ""local""}]","[{""argument_index"": -1, ""expression"": ""0"", ""label"": ""literal"", ""slot"": ""index""}]","[{""index"": 0, ""name"": ""argv[0]""}]"
zlib,3.2.3,read,rb_gzreader_read,1,length,ext/zlib/zlib.c,832,2,local,outbuf,zstream_shift_buffer,memcpy,2,buflen,cGzipReader,ext/zlib/zlib.c,4960,zlib:ext/zlib/zlib.c:4960:read,rb_gzreader_read -> gzfile_read -> zstream_shift_buffer,"[{""argument_index"": 0, ""expression"": ""RSTRING_PTR(dst)"", ""label"": ""param"", ""parameters"": [{""index"": 1, ""name"": ""outbuf""}]}, {""argument_index"": 1, ""expression"": ""bufptr"", ""label"": ""local""}, {""argument_index"": 2, ""expression"": ""buflen"", ""label"": ""local""}]","[{""argument_index"": 2, ""expression"": ""buflen"", ""label"": ""local"", ""slot"": ""length""}]","[{""index"": 1, ""name"": ""outbuf""}]"
zlib,3.2.3,read,rb_gzreader_read,1,length,ext/zlib/zlib.c,841,2,local,outbuf,zstream_shift_buffer,memcpy,2,len,cGzipReader,ext/zlib/zlib.c,4960,zlib:ext/zlib/zlib.c:4960:read,rb_gzreader_read -> gzfile_read -> zstream_shift_buffer,"[{""argument_index"": 0, ""expression"": ""RSTRING_PTR(dst)"", ""label"": ""param"", ""parameters"": [{""index"": 1, ""name"": ""outbuf""}]}, {""argument_index"": 1, ""expression"": ""bufptr"", ""label"": ""local""}, {""argument_index"": 2, ""expression"": ""len"", ""label"": ""local""}]","[{""argument_index"": 2, ""expression"": ""len"", ""label"": ""local"", ""slot"": ""length""}]","[{""index"": 1, ""name"": ""outbuf""}]"
zlib,3.2.3,readpartial,rb_gzreader_readpartial,1,length,ext/zlib/zlib.c,832,2,local,outbuf,zstream_shift_buffer,memcpy,2,buflen,cGzipReader,ext/zlib/zlib.c,4961,zlib:ext/zlib/zlib.c:4961:readpartial,rb_gzreader_readpartial -> gzfile_readpartial -> zstream_shift_buffer,"[{""argument_index"": 0, ""expression"": ""RSTRING_PTR(dst)"", ""label"": ""param"", ""parameters"": [{""index"": 1, ""name"": ""outbuf""}]}, {""argument_index"": 1, ""expression"": ""bufptr"", ""label"": ""local""}, {""argument_index"": 2, ""expression"": ""buflen"", ""label"": ""local""}]","[{""argument_index"": 2, ""expression"": ""buflen"", ""label"": ""local"", ""slot"": ""length""}]","[{""index"": 1, ""name"": ""outbuf""}]"
zlib,3.2.3,readpartial,rb_gzreader_readpartial,1,length,ext/zlib/zlib.c,841,2,local,outbuf,zstream_shift_buffer,memcpy,2,len,cGzipReader,ext/zlib/zlib.c,4961,zlib:ext/zlib/zlib.c:4961:readpartial,rb_gzreader_readpartial -> gzfile_readpartial -> zstream_shift_buffer,"[{""argument_index"": 0, ""expression"": ""RSTRING_PTR(dst)"", ""label"": ""param"", ""parameters"": [{""index"": 1, ""name"": ""outbuf""}]}, {""argument_index"": 1, ""expression"": ""bufptr"", ""label"": ""local""}, {""argument_index"": 2, ""expression"": ""len"", ""label"": ""local""}]","[{""argument_index"": 2, ""expression"": ""len"", ""label"": ""local"", ""slot"": ""length""}]","[{""index"": 1, ""name"": ""outbuf""}]"
