method,path,editions,saved_auth,handlers,actions,record_ids_json,original_record_count
ALL,/-/http_router/version,ce ee,unauthenticated,http_registration,,"[""ep_ff02fc348da10996baa21cbe"",""ep_d48428b80c2ecc27988d4daa""]",2
ALL,/-/topology-service/__cache/*path,ce ee,unauthenticated,http_registration,,"[""ep_dddb29bf3760cf9e4cf8c14b"",""ep_b4264acbc65f39b2b3615e65""]",2
ALL,/o/:organization_path/-/http_router/version,ce ee,conditional_anonymous,http_registration,,"[""ep_c0b1d747a80d0370586dcd2b"",""ep_f025a367c3903a4a100c89fc""]",2
ALL,/o/:organization_path/-/topology-service/__cache/*path,ce ee,conditional_anonymous,http_registration,,"[""ep_ec8287efb9c6e5c9a6c2adcc"",""ep_bdab886077bdce28d384ca12""]",2
ANY,/-/health,ce ee,conditional_anonymous,Gitlab::Middleware::BasicHealthCheck,,"[""ep_9c53b1020116d37ad61d605e"",""ep_f8a5642434b6fb06e99615c7""]",2
ANY,/groups/*group_id/-/saml/callback,ee,conditional_anonymous,Groups::OmniauthCallbacksController,group_saml,"[""ep_5c3ecfbbec1ec0e40cea70b5""]",1
ANY,/liveness,ce ee,conditional_anonymous,health_listener_endpoint,,"[""ep_8e83794684590052cb992aa0"",""ep_601146058a76354d2fcccb61""]",2
ANY,/readiness,ce ee,conditional_anonymous,health_listener_endpoint,,"[""ep_b5eb2955595b1ae596de8974"",""ep_60c8352e65eb06116465d23e""]",2
DELETE,/*namespace_id/:project_id,ce ee,conditional_anonymous,ApplicationController,route_not_found,"[""ep_949d71f874262e5cf6d4843b"",""ep_cb425831ac7f2d98184a8ff2""]",2
DELETE,/*namespace_id/:project_id/*all,ce ee,conditional_anonymous,ApplicationController,route_not_found,"[""ep_cc611bd7709836dfbce28691"",""ep_157eb5fb5320bb256fa571a5""]",2
DELETE,/*namespace_id/:project_id/-/issues/:id/descriptions/:version_id,ee,conditional_anonymous,Projects::IssuesController,delete_description_version,"[""ep_076816e3f8cacf30f11f4937""]",1
DELETE,/*namespace_id/:project_id/-/merge_requests/:id/descriptions/:version_id,ee,conditional_anonymous,Projects::MergeRequestsController,delete_description_version,"[""ep_dc5cf52e09df246792b9d77b""]",1
DELETE,/*namespace_id/:project_id/-/merge_requests/:merge_request_id/drafts/discard,ce ee,conditional_anonymous,Projects::MergeRequests::DraftsController,discard,"[""ep_433bebcde89a8bf07c431cc7"",""ep_dc8ae92a6b76ad7ef214e6d3""]",2
DELETE,/*namespace_id/:project_id/-/pipelines/:id,ce ee,conditional_anonymous,Projects::PipelinesController,destroy,"[""ep_8d636431a4d5519df5b58cde"",""ep_edd8961976874ca878a62fe9""]",2
DELETE,/*namespace_id/:project_id/registry/repository/:repository_id/tags/bulk_destroy,ce ee,conditional_anonymous,Projects::Registry::TagsController,bulk_destroy,"[""ep_68cd854a40036f21326a43f3"",""ep_c65b7f3525b8f61e4f86a449""]",2
DELETE,/-/jira_connect/subscriptions/:id,ce ee,unauthenticated,JiraConnect::SubscriptionsController,destroy,"[""ep_09b1c439eeddca57b851c1a0"",""ep_dfd9b85d4ba06b285cf57f09""]",2
DELETE,/-/profile/account/unlink,ce ee,unauthenticated,Profiles::AccountsController,unlink,"[""ep_b70d641bb868bedd91963201"",""ep_9984f27fd62606535c3a7595""]",2
DELETE,/-/profile/avatar,ce ee,unauthenticated,Profiles::AvatarsController,destroy,"[""ep_e64cd687521c7631169a5b09"",""ep_46a07e9a852bf1480c9d1125""]",2
DELETE,/-/security/projects/:id,ee,unauthenticated,Security::ProjectsController,destroy,"[""ep_9658ed8710489b085e4f4c65""]",1
DELETE,/-/user_settings/integration_accounts/:id,ce ee,unauthenticated,Profiles::ChatNamesController,destroy,"[""ep_a585c66dcc1d697a998cd28c"",""ep_b85dc00485df17197f77d77d""]",2
DELETE,/-/user_settings/integration_accounts/deny,ce ee,unauthenticated,Profiles::ChatNamesController,deny,"[""ep_f8fc42129e729dabfa27c4e1"",""ep_828be6b864e40eef91fb2fdc""]",2
DELETE,/admin/impersonation,ce ee,unauthenticated,Admin::ImpersonationsController,destroy,"[""ep_e93dc0d7fad3479d8e7c5a08"",""ep_2b0c6898225a96b5220bb0bf""]",2
DELETE,/api/v4/api/scim/application/Groups/:id,ee,unauthenticated,API::Scim::InstanceScim,DELETE,"[""ep_2c7e92fb05474e71c5c36df1""]",1
DELETE,/api/v4/api/scim/application/Users/:id,ee,unauthenticated,API::Scim::InstanceScim,DELETE,"[""ep_1a91fc09139f3ec7307b3382""]",1
DELETE,/api/v4/api/scim/groups/:group/Users/:id,ee,unauthenticated,API::Scim::GroupScim,DELETE,"[""ep_ba5f46e9bf4b006e3cc0830b""]",1
DELETE,/api/v4/projects/:id/merge_requests/:merge_request_iid/blocks/:block_id,ee,conditional_anonymous,API::MergeRequestDependencies,DELETE,"[""ep_96e9f9e27613c5536b4dc90c""]",1
DELETE,/api/v4/projects/:id/releases/:tag_name/assets/links/:link_id,ce ee,conditional_anonymous,API::Release::Links,DELETE,"[""ep_22610c3efdb02f0b02a3933f"",""ep_79632f8fe8ffcb26ef779a39""]",2
DELETE,/api/v4/runners,ce ee,unauthenticated,API::Ci::Runner,DELETE,"[""ep_0acfcc6b6a5cfab4a3a7e197"",""ep_2d4f9076ddb14892c1452dc1""]",2
DELETE,/api/v4/runners/managers,ce ee,unauthenticated,API::Ci::Runner,DELETE,"[""ep_a31c42c4b7690fa5b541b86a"",""ep_7709a06123dcc463517ad5ee""]",2
DELETE,/o/:organization_path/*namespace_id/:project_id,ce ee,conditional_anonymous,ApplicationController,route_not_found,"[""ep_a89aa8a977095e4c553f3857"",""ep_3c2c154833c7590085e392b8""]",2
DELETE,/o/:organization_path/*namespace_id/:project_id/*all,ce ee,conditional_anonymous,ApplicationController,route_not_found,"[""ep_38cce0a177d363a2ed65ee29"",""ep_74186203c20cdd05c717622d""]",2
DELETE,/o/:organization_path/*namespace_id/:project_id/-/issues/:id/descriptions/:version_id,ee,conditional_anonymous,Projects::IssuesController,delete_description_version,"[""ep_5e833751c686ffcb67d9f9d2""]",1
DELETE,/o/:organization_path/*namespace_id/:project_id/-/merge_requests/:id/descriptions/:version_id,ee,conditional_anonymous,Projects::MergeRequestsController,delete_description_version,"[""ep_4743e90cb7f62e5e311586a8""]",1
DELETE,/o/:organization_path/*namespace_id/:project_id/-/merge_requests/:merge_request_id/drafts/discard,ce ee,conditional_anonymous,Projects::MergeRequests::DraftsController,discard,"[""ep_df6ddb64fb762befcc16c72b"",""ep_782d9593e0a784e6641eb9f6""]",2
DELETE,/o/:organization_path/*namespace_id/:project_id/-/pipelines/:id,ce ee,conditional_anonymous,Projects::PipelinesController,destroy,"[""ep_72dd61b41bf4226742c0bb9c"",""ep_714d0275780e237e28fccbb0""]",2
DELETE,/o/:organization_path/*namespace_id/:project_id/registry/repository/:repository_id/tags/bulk_destroy,ce ee,conditional_anonymous,Projects::Registry::TagsController,bulk_destroy,"[""ep_747131d2f46360b2181e2fc0"",""ep_3348888c1fd47d08421e73ff""]",2
DELETE,/o/:organization_path/-/jira_connect/subscriptions/:id,ce ee,conditional_anonymous,JiraConnect::SubscriptionsController,destroy,"[""ep_bb283a914430c439cd3f38c9"",""ep_504a0a4a581d8de1bb7d3a2c""]",2
DELETE,/o/:organization_path/-/profile/account/unlink,ce ee,conditional_anonymous,Profiles::AccountsController,unlink,"[""ep_0edc7d5b3ff1039d9245b7e4"",""ep_df78255550bb6c708565ddc7""]",2
DELETE,/o/:organization_path/-/profile/avatar,ce ee,conditional_anonymous,Profiles::AvatarsController,destroy,"[""ep_bdc058b62334104b7f8ec8fb"",""ep_7308a26fd41c4badd7d0cd57""]",2
DELETE,/o/:organization_path/-/security/projects/:id,ee,conditional_anonymous,Security::ProjectsController,destroy,"[""ep_06029ef4061c9a629cb31efe""]",1
DELETE,/o/:organization_path/-/user_settings/integration_accounts/:id,ce ee,conditional_anonymous,Profiles::ChatNamesController,destroy,"[""ep_a845870b40de17338560ed94"",""ep_e58d0967675937ad3f813531""]",2
DELETE,/o/:organization_path/-/user_settings/integration_accounts/deny,ce ee,conditional_anonymous,Profiles::ChatNamesController,deny,"[""ep_dc5f1ad8b15da9258a0cbd75"",""ep_36ad79378464658f3c7a0eec""]",2
GET,/(/-/jira)/*namespace_id/:project_id,ce ee,conditional_anonymous,http_registration,,"[""ep_2a8feba7196d3c693c7233c0"",""ep_b6de484994d3484e8ae41e67""]",2
GET,/*namespace_id/:id,ce ee,conditional_anonymous,ProjectsController,show,"[""ep_87dc5349ff84bd27dee53bf0"",""ep_7f055cd4c20b7bda1f5d9160""]",2
GET,/*namespace_id/:id/activity,ce ee,conditional_anonymous,ProjectsController,activity,"[""ep_a572fd4ecfc2b085d9010912"",""ep_9b9268ed81a85cd8e9eca3c1""]",2
GET,/*namespace_id/:id/refs,ce ee,conditional_anonymous,ProjectsController,refs,"[""ep_6f95e5aaf723e304c7f4ed90"",""ep_a5d144e97b7a42773a18913c""]",2
GET,/*namespace_id/:id/unfoldered_environment_names,ce ee,conditional_anonymous,ProjectsController,unfoldered_environment_names,"[""ep_aa0d14b6c898df0555cc60d6"",""ep_757fcae56f8aa2882e937224""]",2
GET,/*namespace_id/:project_id/-/:noteable_type/:noteable_id/discussions/:id,ce ee,conditional_anonymous,Projects::DiscussionsController,show,"[""ep_472d1db403d3fa8d04e37164"",""ep_1d06de6e82b544dd549c8a6c""]",2
GET,/*namespace_id/:project_id/-/analytics/merge_request_analytics,ee,conditional_anonymous,http_registration,,"[""ep_84355d7d3a8b4282a74f937a""]",1
GET,/*namespace_id/:project_id/-/analytics/value_stream_analytics/summary,ce ee,conditional_anonymous,Projects::Analytics::CycleAnalytics::SummaryController,show,"[""ep_745f0356126037d90dc591f4"",""ep_7dcaf0e2edb3680db3d5608d""]",2
GET,/*namespace_id/:project_id/-/analytics/value_stream_analytics/time_summary,ee,conditional_anonymous,Projects::Analytics::CycleAnalytics::SummaryController,time_summary,"[""ep_c4fcf7cfc4d9a690ada9b9e6""]",1
GET,/*namespace_id/:project_id/-/analytics/value_stream_analytics/value_streams,ce ee,conditional_anonymous,Projects::Analytics::CycleAnalytics::ValueStreamsController,index,"[""ep_b8beddb0b44e8b1cc1a49b4f"",""ep_699e0aca1feaa0ac8d1197f2"",""ep_e86c248180e1ee3864b394f8""]",3
GET,/*namespace_id/:project_id/-/analytics/value_stream_analytics/value_streams/:id,ee,conditional_anonymous,Projects::Analytics::CycleAnalytics::ValueStreamsController,show,"[""ep_fc165a56bc2365745f0d0db5""]",1
GET,/*namespace_id/:project_id/-/analytics/value_stream_analytics/value_streams/:id/edit,ee,conditional_anonymous,Projects::Analytics::CycleAnalytics::ValueStreamsController,edit,"[""ep_bc18a386a31e871fbb93a4bf""]",1
GET,/*namespace_id/:project_id/-/analytics/value_stream_analytics/value_streams/:value_stream_id/stages,ce ee,conditional_anonymous,Projects::Analytics::CycleAnalytics::StagesController,index,"[""ep_8355cdfc0ffa3df67d0f25d4"",""ep_3a1098028e0fba9e2ead516d""]",2
GET,/*namespace_id/:project_id/-/analytics/value_stream_analytics/value_streams/:value_stream_id/stages/:id/average,ce ee,conditional_anonymous,Projects::Analytics::CycleAnalytics::StagesController,average,"[""ep_d6b17862e995a2b87a5eccf1"",""ep_087fdb322d1d86df8b47e27e""]",2
GET,/*namespace_id/:project_id/-/analytics/value_stream_analytics/value_streams/:value_stream_id/stages/:id/average_duration_chart,ee,conditional_anonymous,Projects::Analytics::CycleAnalytics::StagesController,average_duration_chart,"[""ep_c5d2f568b4f5993a9f89cdb5""]",1
GET,/*namespace_id/:project_id/-/analytics/value_stream_analytics/value_streams/:value_stream_id/stages/:id/count,ce ee,conditional_anonymous,Projects::Analytics::CycleAnalytics::StagesController,count,"[""ep_6874a2d23626e1e388aa84b3"",""ep_4c5f55e60e09c1e38037e670""]",2
GET,/*namespace_id/:project_id/-/analytics/value_stream_analytics/value_streams/:value_stream_id/stages/:id/median,ce ee,conditional_anonymous,Projects::Analytics::CycleAnalytics::StagesController,median,"[""ep_fe52ec3077dfb4045289b673"",""ep_ef665ab6af61d1b31c1541e6""]",2
GET,/*namespace_id/:project_id/-/analytics/value_stream_analytics/value_streams/:value_stream_id/stages/:id/records,ce ee,conditional_anonymous,Projects::Analytics::CycleAnalytics::StagesController,records,"[""ep_a73c7ede250467f91c658684"",""ep_a1987b82e42f7f35cc8c1b8a""]",2
GET,/*namespace_id/:project_id/-/analytics/value_stream_analytics/value_streams/new,ee,conditional_anonymous,Projects::Analytics::CycleAnalytics::ValueStreamsController,new,"[""ep_b404aa1de5c594b4148cf48c""]",1
GET,/*namespace_id/:project_id/-/archive/*id,ce ee,conditional_anonymous,Projects::RepositoriesController,archive,"[""ep_c11e805c35d7aedbaa520119"",""ep_53a93bcadaad1c7cc5b50aa1""]",2
GET,/*namespace_id/:project_id/-/autocomplete_sources/commands,ce ee,conditional_anonymous,Projects::AutocompleteSourcesController,commands,"[""ep_9b4283d5646ec59816a37320"",""ep_29cd7624c7aff125050879fe""]",2
GET,/*namespace_id/:project_id/-/autocomplete_sources/epics,ee,conditional_anonymous,Projects::AutocompleteSourcesController,epics,"[""ep_8efb2ca2aa7d749733e15d8c""]",1
GET,/*namespace_id/:project_id/-/autocomplete_sources/issues,ce ee,conditional_anonymous,Projects::AutocompleteSourcesController,issues,"[""ep_7dda53d9d61d8f7125f6042f"",""ep_ebf42e34612a03af5a9a73dc""]",2
GET,/*namespace_id/:project_id/-/autocomplete_sources/iterations,ee,conditional_anonymous,Projects::AutocompleteSourcesController,iterations,"[""ep_a5a3e698fe81884f40b574a0""]",1
GET,/*namespace_id/:project_id/-/autocomplete_sources/labels,ce ee,conditional_anonymous,Projects::AutocompleteSourcesController,labels,"[""ep_64bd01f98347d3d4904a9d11"",""ep_332f162bd8afd89d77af99a3""]",2
GET,/*namespace_id/:project_id/-/autocomplete_sources/members,ce ee,conditional_anonymous,Projects::AutocompleteSourcesController,members,"[""ep_feabcd8e08234d94944d248e"",""ep_504039b8dd0bdbea6362b377""]",2
GET,/*namespace_id/:project_id/-/autocomplete_sources/merge_requests,ce ee,conditional_anonymous,Projects::AutocompleteSourcesController,merge_requests,"[""ep_5b5c266e710844c4a8821380"",""ep_25f33ed527961d07d7e1fccc""]",2
GET,/*namespace_id/:project_id/-/autocomplete_sources/milestones,ce ee,conditional_anonymous,Projects::AutocompleteSourcesController,milestones,"[""ep_2e50434ae9669da56d2ddc1c"",""ep_40a44c85e9bab09de57af0a7""]",2
GET,/*namespace_id/:project_id/-/autocomplete_sources/snippets,ce ee,conditional_anonymous,Projects::AutocompleteSourcesController,snippets,"[""ep_db400457c0582a69d9219a29"",""ep_0265f6966b803847df6010f7""]",2
GET,/*namespace_id/:project_id/-/autocomplete_sources/vulnerabilities,ee,conditional_anonymous,Projects::AutocompleteSourcesController,vulnerabilities,"[""ep_2200e22581869820ab833a5e""]",1
GET,/*namespace_id/:project_id/-/autocomplete_sources/wikis,ce ee,conditional_anonymous,Projects::AutocompleteSourcesController,wikis,"[""ep_a5a7469f64fb708053786d42"",""ep_fd3a181daa6dd7d9c58b0893""]",2
GET,/*namespace_id/:project_id/-/avatar,ce ee,conditional_anonymous,Projects::AvatarsController,show,"[""ep_e36eed38ef3ebbb1d918c5e5"",""ep_d5b2cef35bd9bcd52a4ed085""]",2
GET,/*namespace_id/:project_id/-/aws,ce ee,conditional_anonymous,http_registration,,"[""ep_37b29b5f2e94081dab88ccef"",""ep_2e74f3c2c407252b54e788bd""]",2
GET,/*namespace_id/:project_id/-/badges/custom,ce ee,conditional_anonymous,Projects::BadgesController,custom,"[""ep_d736e0a803a5af39ec51886f"",""ep_46b4cf38a1f6abef4bb74aa2""]",2
GET,/*namespace_id/:project_id/-/badges/release,ce ee,conditional_anonymous,Projects::BadgesController,release,"[""ep_dc95e94a72c8e533b2e6565f"",""ep_37dfd3f9f2e73357c5b68061""]",2
GET,/*namespace_id/:project_id/-/blame/*id,ce ee,conditional_anonymous,Projects::BlameController,show,"[""ep_2d748d7832f227a18dba0099"",""ep_411aa7dc7a019ab464eb9330""]",2
GET,/*namespace_id/:project_id/-/blob/*id,ce ee,conditional_anonymous,Projects::BlobController,show,"[""ep_9b464e98c4b44f2638ad13f6"",""ep_5614c7b4f6b6cc83f3942c90""]",2
GET,/*namespace_id/:project_id/-/blob/*id/diff,ce ee,conditional_anonymous,Projects::BlobController,diff,"[""ep_aa939791ed201b93d83c581d"",""ep_67be7ea917a3435ac1fce821""]",2
GET,/*namespace_id/:project_id/-/blob/*id/diff_lines,ce ee,conditional_anonymous,Projects::BlobController,diff_lines,"[""ep_7578bbdbc13497bf51af8324"",""ep_d7dbb2732b6fed345bb05b6c""]",2
GET,/*namespace_id/:project_id/-/branches,ce ee,conditional_anonymous,Projects::BranchesController,index,"[""ep_1f23b3e1719602a68d919cb1"",""ep_42f97575c3ef41fda51afe6e""]",2
GET,/*namespace_id/:project_id/-/branches/:state,ce ee,conditional_anonymous,Projects::BranchesController,index,"[""ep_1d5cebce8f29e71e9de51a04"",""ep_1663c5b3183a3bedc212f705""]",2
GET,/*namespace_id/:project_id/-/branches/diverging_commit_counts,ce ee,conditional_anonymous,Projects::BranchesController,diverging_commit_counts,"[""ep_a8da8aad5247ae861626ca73"",""ep_d24c6992a4802895b13b0932""]",2
GET,/*namespace_id/:project_id/-/commit/:id,ce ee,conditional_anonymous,Projects::CommitController,show,"[""ep_a67386d3f41c9304b59bfed7"",""ep_715c86716c969eefdfb628c1""]",2
GET,/*namespace_id/:project_id/-/commit/:id/diff_file,ce ee,conditional_anonymous,Projects::CommitController,diff_file,"[""ep_944d2a56ca540afece9ddc02"",""ep_40e2eb2c8b932565f9ecf38b""]",2
GET,/*namespace_id/:project_id/-/commit/:id/diff_files,ce ee,conditional_anonymous,Projects::CommitController,diff_files,"[""ep_5c88fdbf0854c2175149da01"",""ep_fb7e20647d59fc300e625948""]",2
GET,/*namespace_id/:project_id/-/commit/:id/diff_files_metadata,ce ee,conditional_anonymous,Projects::CommitController,diff_files_metadata,"[""ep_ee161ed665721c618d62a7ec"",""ep_93672c316bfe03445f85af2b""]",2
GET,/*namespace_id/:project_id/-/commit/:id/diff_for_path,ce ee,conditional_anonymous,Projects::CommitController,diff_for_path,"[""ep_76cfb12a84e29861c271a392"",""ep_2ccbc7587f9ea3d298393597""]",2
GET,/*namespace_id/:project_id/-/commit/:id/diffs_stats,ce ee,conditional_anonymous,Projects::CommitController,diffs_stats,"[""ep_1b5d6c6902dde3fb82615bfb"",""ep_5a9fb30f94fd949ff67fd5df""]",2
GET,/*namespace_id/:project_id/-/commit/:id/diffs_stream,ce ee,conditional_anonymous,Projects::CommitDiffsStreamController,diffs_stream,"[""ep_848431edc6379f3c71d623b3"",""ep_70c0cd6fb375e9a69598ccc9""]",2
GET,/*namespace_id/:project_id/-/commit/:id/discussions,ce ee,conditional_anonymous,Projects::CommitController,discussions,"[""ep_e3dc6419689b6b708cb41545"",""ep_5abf8389afce06586cd8a80a""]",2
GET,/*namespace_id/:project_id/-/commit/:id/merge_requests,ce ee,conditional_anonymous,Projects::CommitController,merge_requests,"[""ep_36956f5d8f5f12ef3c617eb7"",""ep_4c0113c04714bf300b061b75""]",2
GET,/*namespace_id/:project_id/-/commit/:id/pipelines,ce ee,conditional_anonymous,Projects::CommitController,pipelines,"[""ep_6b69b34315ee5a5685a8ad9e"",""ep_f398b5b0b3288c93775a595c""]",2
GET,/*namespace_id/:project_id/-/commits,ce ee,conditional_anonymous,Projects::CommitsController,commits_root,"[""ep_b5c7e558da8559790e1f188b"",""ep_e3b346e3ec9dc5abc5d85022""]",2
GET,/*namespace_id/:project_id/-/compare,ce ee,conditional_anonymous,Projects::CompareController,index,"[""ep_7a73a9c3514060f4abe2f18b"",""ep_429aefbaaeceeaa2df357a14""]",2
GET,/*namespace_id/:project_id/-/compare/diff_file,ce ee,conditional_anonymous,Projects::CompareController,diff_file,"[""ep_5640c922dbb73f67a4461c5c"",""ep_8103e58f8b6e63cd2594609f""]",2
GET,/*namespace_id/:project_id/-/compare/diff_files_metadata,ce ee,conditional_anonymous,Projects::CompareController,diff_files_metadata,"[""ep_9b8a3819c7eee899a5548492"",""ep_28fd436cea07022c9e88bf1d""]",2
GET,/*namespace_id/:project_id/-/compare/diff_for_path,ce ee,conditional_anonymous,Projects::CompareController,diff_for_path,"[""ep_cfa28727a5f3b024b3c3473e"",""ep_1711f18d035ca78be7548f11""]",2
GET,/*namespace_id/:project_id/-/compare/diffs_stats,ce ee,conditional_anonymous,Projects::CompareController,diffs_stats,"[""ep_df46127b49978ba5efea10e9"",""ep_c2d31522d2967de87e95d2d8""]",2
GET,/*namespace_id/:project_id/-/compare/diffs_stream,ce ee,conditional_anonymous,Projects::CompareDiffsStreamController,diffs_stream,"[""ep_c130a5f6d2b72eda09da08ac"",""ep_2fffcfed8d176fff9d298ac1""]",2
GET,/*namespace_id/:project_id/-/compare/signatures,ce ee,conditional_anonymous,Projects::CompareController,signatures,"[""ep_24547ebdff669dca293eff5d"",""ep_4728b22fc45c2e30a64c7459""]",2
GET,/*namespace_id/:project_id/-/compare/target_projects,ce ee,conditional_anonymous,Projects::CompareController,target_projects_json,"[""ep_ac27c3e3f10057daa1e3321b"",""ep_975dc78316a94f7dac356c8f""]",2
GET,/*namespace_id/:project_id/-/cycle_analytics,ce ee,conditional_anonymous,http_registration,,"[""ep_7122abab26dde5ed6ac0cb5c"",""ep_252ecca08a527ff3a22dbd87""]",2
GET,/*namespace_id/:project_id/-/environments,ce ee,conditional_anonymous,Projects::EnvironmentsController,index,"[""ep_d769e266db2821727fa41486"",""ep_ab41c68d99f0e6cf239f142a""]",2
GET,/*namespace_id/:project_id/-/environments/:environment_id/deployments,ce ee,conditional_anonymous,Projects::DeploymentsController,index,"[""ep_4355a740bfe71883d9353bed"",""ep_8204c6703b03879affc917ea""]",2
GET,/*namespace_id/:project_id/-/environments/:environment_id/deployments/:id,ce ee,conditional_anonymous,Projects::DeploymentsController,show,"[""ep_d38a20804982f45c6fefe753"",""ep_b9b6e5cbda6f28b87b8186d5""]",2
GET,/*namespace_id/:project_id/-/environments/:id/k8s(/*vueroute),ce ee,conditional_anonymous,Projects::EnvironmentsController,k8s,"[""ep_6d43c50581921b2d67a32bc9"",""ep_e5d951bda994b8039c4ccb04""]",2
GET,/*namespace_id/:project_id/-/environments/folder,ce ee,conditional_anonymous,Projects::EnvironmentsController,folder,"[""ep_7d82052d07ab0c62b5451290"",""ep_05b220db23fd89b00c729409""]",2
GET,/*namespace_id/:project_id/-/environments/search,ce ee,conditional_anonymous,Projects::EnvironmentsController,search,"[""ep_7e0284b556e9689b331c23d0"",""ep_0dffb7a8084c0807081679b9""]",2
GET,/*namespace_id/:project_id/-/files/*id,ce ee,conditional_anonymous,Projects::FindFileController,list,"[""ep_ccebe7fafafeb58782773699"",""ep_c8fac6517fa2ba5356a3809d""]",2
GET,/*namespace_id/:project_id/-/find_file/*id,ce ee,conditional_anonymous,Projects::FindFileController,show,"[""ep_5f025cec28557fae6e8fdbe0"",""ep_d6ab3710d76f953ffabc821c""]",2
GET,/*namespace_id/:project_id/-/forks,ce ee,conditional_anonymous,Projects::ForksController,index,"[""ep_c3589921f417cc553d839d8b"",""ep_21e5f4213bd75a0c3cdbf095""]",2
GET,/*namespace_id/:project_id/-/google_cloud,ce ee,conditional_anonymous,http_registration,,"[""ep_9c6a517aad397f7e252f8495"",""ep_c540bbe361ab16e673e7fc2a""]",2
GET,/*namespace_id/:project_id/-/infrastructure_registry,ce ee,conditional_anonymous,http_registration,,"[""ep_20c4eeb56e68c607f2eb76cc"",""ep_a40792a3b59b6a60da703b3f""]",2
GET,/*namespace_id/:project_id/-/integrations/jira/issues,ee,conditional_anonymous,Projects::Integrations::Jira::IssuesController,index,"[""ep_ece61ecadf675c72829de5c9""]",1
GET,/*namespace_id/:project_id/-/integrations/jira/issues/:id,ee,conditional_anonymous,Projects::Integrations::Jira::IssuesController,show,"[""ep_e0cf636cab0d7fd2a6fe9681""]",1
GET,/*namespace_id/:project_id/-/integrations/zentao/issues,ee,conditional_anonymous,Projects::Integrations::Zentao::IssuesController,index,"[""ep_5bc13bcbde0f8370e2cf30ed""]",1
GET,/*namespace_id/:project_id/-/integrations/zentao/issues/:id,ee,conditional_anonymous,Projects::Integrations::Zentao::IssuesController,show,"[""ep_710a1a4893d80ba524ee54fb""]",1
GET,/*namespace_id/:project_id/-/issues,ce ee,conditional_anonymous,Projects::IssuesController,calendar | index,"[""ep_3ce26d0811044225d435869a"",""ep_798e38dbd882cf1bd479e574"",""ep_06f46452ed518035e17920a8"",""ep_9d7d3eada5cbffc3b5daf697""]",4
GET,/*namespace_id/:project_id/-/issues/:id/can_create_branch,ce ee,conditional_anonymous,Projects::IssuesController,can_create_branch,"[""ep_7be223e27a69e6d50da28192"",""ep_179c49a94a167011b35fedb2""]",2
GET,/*namespace_id/:project_id/-/issues/:id/descriptions/:version_id/diff,ee,conditional_anonymous,Projects::IssuesController,description_diff,"[""ep_071cee3a3270e55dec79cca7""]",1
GET,/*namespace_id/:project_id/-/issues/:id/discussions,ce ee,conditional_anonymous,Projects::IssuesController,discussions,"[""ep_b7a535f1f36df11c56ff97e7"",""ep_92254b106d350ea8489edfcb""]",2
GET,/*namespace_id/:project_id/-/issues/:id/realtime_changes,ce ee,conditional_anonymous,Projects::IssuesController,realtime_changes,"[""ep_1e1f2f3dabab4fd9a97c6b76"",""ep_956bfd500a3024f294e66638""]",2
GET,/*namespace_id/:project_id/-/issues/:id/related_branches,ce ee,conditional_anonymous,Projects::IssuesController,related_branches,"[""ep_aca26966b66bfb9e52363a26"",""ep_d22d66d88bbb5f3db5350934""]",2
GET,/*namespace_id/:project_id/-/issues/:issue_id/links,ce ee,conditional_anonymous,Projects::IssueLinksController,index,"[""ep_b775ea839fb774048db3ccf9"",""ep_7d320ba191a525b3c0cf4b58""]",2
GET,/*namespace_id/:project_id/-/issues/incident/:id(/:incident_tab),ee,conditional_anonymous,Projects::IncidentsController,show,"[""ep_82793ee6ca07b16786190bda""]",1
GET,/*namespace_id/:project_id/-/issues/service_desk,ce ee,conditional_anonymous,Projects::IssuesController,service_desk,"[""ep_bf864e8f29af34147e07ceec"",""ep_5dc30447ad55d719217527d1""]",2
GET,/*namespace_id/:project_id/-/jobs/:id,ce ee,conditional_anonymous,Projects::JobsController,show,"[""ep_78efc2b85ea55ebce1460167"",""ep_90b204add78d2feddcad97e4""]",2
GET,/*namespace_id/:project_id/-/jobs/:job_id/artifacts/external_file,ce ee,conditional_anonymous,Projects::ArtifactsController,external_file,"[""ep_cd2c3e9d5296d5e5624dbba1"",""ep_eefc3d25181de8a26492d244""]",2
GET,/*namespace_id/:project_id/-/jobs/:job_id/artifacts/file,ce ee,conditional_anonymous,Projects::ArtifactsController,file,"[""ep_b6212af0b334e10bd8d9c0e0"",""ep_1309855ad950d4d0f03d3211""]",2
GET,/*namespace_id/:project_id/-/jobs/artifacts/latest_succeeded,ce ee,conditional_anonymous,Projects::ArtifactsController,latest_succeeded,"[""ep_23b3ec25c3d97e4327091cfe"",""ep_38b500498ac2769cc73e5bb4""]",2
GET,/*namespace_id/:project_id/-/labels,ce ee,conditional_anonymous,Projects::LabelsController,index,"[""ep_c5ad3b072a66bfe39f071884"",""ep_a5679e67e5d1b124cf8377e0""]",2
GET,/*namespace_id/:project_id/-/merge_requests,ce ee,conditional_anonymous,Projects::MergeRequestsController,index,"[""ep_6c4d000ba2ccd5a4ad20c15d"",""ep_5ecd7a4676c1be4c747bf650""]",2
GET,/*namespace_id/:project_id/-/merge_requests/:id/accessibility_reports,ce ee,conditional_anonymous,Projects::MergeRequestsController,accessibility_reports,"[""ep_3a28fdfb1d21d524c3e93576"",""ep_5459fa2bbf2bd037690ca4b9""]",2
GET,/*namespace_id/:project_id/-/merge_requests/:id/cached_widget,ce ee,conditional_anonymous,Projects::MergeRequests::ContentController,cached_widget,"[""ep_e933394440d9e0b6e6540504"",""ep_47fa0cffd932625006bdc3bc""]",2
GET,/*namespace_id/:project_id/-/merge_requests/:id/ci_environments_status,ce ee,conditional_anonymous,Projects::MergeRequestsController,ci_environments_status,"[""ep_0fd72b4ddc852e99805270d5"",""ep_68910603f3bae294c89e8902""]",2
GET,/*namespace_id/:project_id/-/merge_requests/:id/codequality_mr_diff_reports,ce ee,conditional_anonymous,Projects::MergeRequestsController,codequality_mr_diff_reports,"[""ep_a6a0f2fe3ca161d904b0b284"",""ep_43053964983d861239843870""]",2
GET,/*namespace_id/:project_id/-/merge_requests/:id/codequality_reports,ce ee,conditional_anonymous,Projects::MergeRequestsController,codequality_reports,"[""ep_d41c00fc5f244ddfee2d4373"",""ep_9a6cbffd574dbfb70551ee30""]",2
GET,/*namespace_id/:project_id/-/merge_requests/:id/commit_change_content,ce ee,conditional_anonymous,Projects::MergeRequestsController,commit_change_content,"[""ep_1f5d718138259bbea1973bc2"",""ep_4cd6c8cc9eae0a40e5e39614""]",2
GET,/*namespace_id/:project_id/-/merge_requests/:id/commits,ce ee,conditional_anonymous,Projects::MergeRequestsController,commits,"[""ep_0a014d6bd51a8295c70bd5ec"",""ep_8e2c39f527bccd02ae9a0571"",""ep_d157ce02876a1a9f3e6276fd"",""ep_d20464dd54c85888a82363dc""]",4
GET,/*namespace_id/:project_id/-/merge_requests/:id/conflict_for_path,ce ee,conditional_anonymous,Projects::MergeRequests::ConflictsController,conflict_for_path,"[""ep_037461f443faf6735f77cdf3"",""ep_a3503d7ac90b771c661d52ba""]",2
GET,/*namespace_id/:project_id/-/merge_requests/:id/conflicts,ee,conditional_anonymous,Projects::MergeRequests::ConflictsController,show,"[""ep_14294d25045924972dd9c3c0""]",1
GET,/*namespace_id/:project_id/-/merge_requests/:id/context_commits,ce ee,conditional_anonymous,Projects::MergeRequestsController,context_commits,"[""ep_f8d46e94f6bb4eda1179e79c"",""ep_4b66602caca4ac2b522b259a""]",2
GET,/*namespace_id/:project_id/-/merge_requests/:id/coverage_reports,ce ee,conditional_anonymous,Projects::MergeRequestsController,coverage_reports,"[""ep_2dbb1a483e46622b4ea56f62"",""ep_1805b2188b8d3fccc9a49d4e""]",2
GET,/*namespace_id/:project_id/-/merge_requests/:id/descriptions/:version_id/diff,ee,conditional_anonymous,Projects::MergeRequestsController,description_diff,"[""ep_8401f6b781f03d67f22a2bff""]",1
GET,/*namespace_id/:project_id/-/merge_requests/:id/diff_by_file_hash/:file_hash,ce ee,conditional_anonymous,Projects::MergeRequests::DiffsController,diff_by_file_hash,"[""ep_1065baadbc12423a65c405c5"",""ep_f29b89e3a3cc72390b3565ca""]",2
GET,/*namespace_id/:project_id/-/merge_requests/:id/diff_file,ce ee,conditional_anonymous,Projects::MergeRequestsController,diff_file,"[""ep_830fa5cc3bb98c7af093dd3e"",""ep_1dceb2bf9af3afab6fc3b63c""]",2
GET,/*namespace_id/:project_id/-/merge_requests/:id/diff_files_metadata,ce ee,conditional_anonymous,Projects::MergeRequestsController,diff_files_metadata,"[""ep_86b04f8c069f858b35f0d0db"",""ep_6bcd1e497ee7df3e8a2f9153""]",2
GET,/*namespace_id/:project_id/-/merge_requests/:id/diff_for_path,ce ee,conditional_anonymous,Projects::MergeRequests::DiffsController,diff_for_path,"[""ep_4dadf6555f3a04d926c561b5"",""ep_c5398c57c9b62b6854f977b2""]",2
GET,/*namespace_id/:project_id/-/merge_requests/:id/diffs,ce ee,conditional_anonymous,Projects::MergeRequests::DiffsController | Projects::MergeRequestsController,diffs | show,"[""ep_016ad7a2bee61267a9ee1b7b"",""ep_0832f9f4005d2afef4854a59"",""ep_74b2060f0f807593ad9ed335"",""ep_44b61137517450697e555121"",""ep_47a7989fe0de5d7b7a5498ab"",""ep_90764bd26f088c7da7113407""]",6
GET,/*namespace_id/:project_id/-/merge_requests/:id/diffs_batch,ce ee,conditional_anonymous,Projects::MergeRequests::DiffsController,diffs_batch,"[""ep_239791a01c42e6c9e15543eb"",""ep_4aac550343261c302e79fbdc""]",2
GET,/*namespace_id/:project_id/-/merge_requests/:id/diffs_metadata,ce ee,conditional_anonymous,Projects::MergeRequests::DiffsController,diffs_metadata,"[""ep_cbdad8719d75f6984092405c"",""ep_852587a7c1f2265e981793de""]",2
GET,/*namespace_id/:project_id/-/merge_requests/:id/diffs_stats,ce ee,conditional_anonymous,Projects::MergeRequestsController,diffs_stats,"[""ep_04c5332d9264ba5f150a9c67"",""ep_c3586b44ec1efb93a807e1f7""]",2
GET,/*namespace_id/:project_id/-/merge_requests/:id/diffs_stream,ce ee,conditional_anonymous,Projects::MergeRequests::DiffsStreamController,diffs_stream,"[""ep_8cad5f1b4d0942cadf0e63e3"",""ep_2ff8768fe509c3647da67864""]",2
GET,/*namespace_id/:project_id/-/merge_requests/:id/discussions,ce ee,conditional_anonymous,Projects::MergeRequestsController,discussions,"[""ep_4af7d3124a0b98e704f75da8"",""ep_ddd9668c9f3e759d3d5aeda2""]",2
GET,/*namespace_id/:project_id/-/merge_requests/:id/edit,ce ee,conditional_anonymous,Projects::MergeRequestsController,edit,"[""ep_4e59149f24ff24f1d4f4d10a"",""ep_5088f3d1f67dcad53346523a""]",2
GET,/*namespace_id/:project_id/-/merge_requests/:id/exposed_artifacts,ce ee,conditional_anonymous,Projects::MergeRequestsController,exposed_artifacts,"[""ep_fb72063159730175eb4ef967"",""ep_41bab8577b2d3e2ad5c2e255""]",2
GET,/*namespace_id/:project_id/-/merge_requests/:id/metrics_reports,ee,conditional_anonymous,Projects::MergeRequestsController,metrics_reports,"[""ep_d99acebbc6dbe3cf7ffbc85c""]",1
GET,/*namespace_id/:project_id/-/merge_requests/:id/pipeline_status,ce ee,conditional_anonymous,Projects::MergeRequestsController,pipeline_status,"[""ep_f623d1c30555287ed99acdf0"",""ep_50c2399ffaa7877a0323fe75""]",2
GET,/*namespace_id/:project_id/-/merge_requests/:id/pipelines,ce ee,conditional_anonymous,Projects::MergeRequestsController,pipelines,"[""ep_05f4b588e31456090a8fbd86"",""ep_a0c42fadd0b0d4954c8ec0a1"",""ep_0e454ff57cb22acecf0a2606"",""ep_68f3f9ef1ec5127e6c2bdb7e""]",4
GET,/*namespace_id/:project_id/-/merge_requests/:id/reports,ee,conditional_anonymous,Projects::MergeRequestsController,reports,"[""ep_447ae3040ec899ef6fd91cd0""]",1
GET,/*namespace_id/:project_id/-/merge_requests/:id/reports(/*vueroute),ee,conditional_anonymous,Projects::MergeRequestsController,reports,"[""ep_acc426d7a81597423430a14e""]",1
GET,/*namespace_id/:project_id/-/merge_requests/:id/saml_approval,ee,conditional_anonymous,Projects::MergeRequests::SamlApprovalsController,create,"[""ep_2d2ab3f0f694ccf0847458c7""]",1
GET,/*namespace_id/:project_id/-/merge_requests/:id/show,ee,conditional_anonymous,Projects::MergeRequestsController,show,"[""ep_2ecfec1100190441aee9609a""]",1
GET,/*namespace_id/:project_id/-/merge_requests/:id/terraform_reports,ce ee,conditional_anonymous,Projects::MergeRequestsController,terraform_reports,"[""ep_8fe114e5db84bb71e58d4b26"",""ep_677740ba85a87303600a20d7""]",2
GET,/*namespace_id/:project_id/-/merge_requests/:id/test_reports,ce ee,conditional_anonymous,Projects::MergeRequestsController,test_reports,"[""ep_1022524d241abd835128b8ad"",""ep_74b323b7f87dc9fcdf9d1d2f""]",2
GET,/*namespace_id/:project_id/-/merge_requests/:id/versions,ce ee,conditional_anonymous,Projects::MergeRequestsController,versions,"[""ep_08b5bf5332a43268cb2ef878"",""ep_0e3fa7c3a7bfd5aeb3776340""]",2
GET,/*namespace_id/:project_id/-/merge_requests/:id/widget,ce ee,conditional_anonymous,Projects::MergeRequests::ContentController,widget,"[""ep_ddab3c65d7c5fb779950864a"",""ep_61408ddb69e1874409f00b8a""]",2
GET,/*namespace_id/:project_id/-/merge_requests/:merge_request_id/drafts,ce ee,conditional_anonymous,Projects::MergeRequests::DraftsController,index,"[""ep_bcd182d5b51a62be8d866d5e"",""ep_4ed81846d28de1a946f5e866""]",2
GET,/*namespace_id/:project_id/-/milestones,ce ee,conditional_anonymous,Projects::MilestonesController,index,"[""ep_95ae96bbdf40b8fdac159979"",""ep_9de2c74360e3b6d4c5cf03ce""]",2
GET,/*namespace_id/:project_id/-/milestones/:id,ce ee,conditional_anonymous,Projects::MilestonesController,show,"[""ep_a177f1cb6fc85e31e8ee9258"",""ep_85ffec439166ab13ad8463bd""]",2
GET,/*namespace_id/:project_id/-/milestones/:id/issues,ce ee,conditional_anonymous,Projects::MilestonesController,issues,"[""ep_a574676390b8e4e779eea7eb"",""ep_97218b450f92c2a2ceed491c""]",2
GET,/*namespace_id/:project_id/-/milestones/:id/labels,ce ee,conditional_anonymous,Projects::MilestonesController,labels,"[""ep_0ee709171f64d641bbbf90dc"",""ep_441fb2291ddad76069027144""]",2
GET,/*namespace_id/:project_id/-/milestones/:id/merge_requests,ce ee,conditional_anonymous,Projects::MilestonesController,merge_requests,"[""ep_16614820181f3334ac474de4"",""ep_554e728b2c93fa91ed47d57e""]",2
GET,/*namespace_id/:project_id/-/milestones/:id/participants,ce ee,conditional_anonymous,Projects::MilestonesController,participants,"[""ep_dc751f14a5f0297eda555f24"",""ep_0d876bb28545575852cd6bd1""]",2
GET,/*namespace_id/:project_id/-/pipeline_schedules,ce ee,conditional_anonymous,Projects::PipelineSchedulesController,index,"[""ep_142ea3e543459f604a52166c"",""ep_7c152721233c290cb478be19""]",2
GET,/*namespace_id/:project_id/-/pipelines,ce ee,conditional_anonymous,Projects::PipelinesController,index,"[""ep_942416d81dee541ba391c0d7"",""ep_2279cb3becc311aa4d442eb6""]",2
GET,/*namespace_id/:project_id/-/pipelines/:id/builds,ce ee,conditional_anonymous,Projects::PipelinesController,builds,"[""ep_39de0d0b509650a1627fa3fa"",""ep_2a924714457c624a4eae1a8f""]",2
GET,/*namespace_id/:project_id/-/pipelines/:id/codequality_report,ee,conditional_anonymous,Projects::PipelinesController,codequality_report,"[""ep_e4b9738587bfefa138cbd3f9""]",1
GET,/*namespace_id/:project_id/-/pipelines/:id/downloadable_artifacts,ce ee,conditional_anonymous,Projects::PipelinesController,downloadable_artifacts,"[""ep_168fd63db2d956e7b5b20eb6"",""ep_c769f187594416c3080f0354""]",2
GET,/*namespace_id/:project_id/-/pipelines/:id/failures,ce ee,conditional_anonymous,Projects::PipelinesController,failures,"[""ep_fad0f11bbbd2d9d9fdf73dde"",""ep_f27dfbae922b6a8ba1fdd8fb""]",2
GET,/*namespace_id/:project_id/-/pipelines/:id/manual_variables,ce ee,conditional_anonymous,Projects::PipelinesController,manual_variables,"[""ep_fbdc07525b32f25da8974f7c"",""ep_147bfd90342f3df6fec5af5f""]",2
GET,/*namespace_id/:project_id/-/pipelines/:id/security,ee,conditional_anonymous,Projects::PipelinesController,security,"[""ep_e5bbd7de2f054bed43703ee5""]",1
GET,/*namespace_id/:project_id/-/pipelines/:id/stage,ce ee,conditional_anonymous,Projects::PipelinesController,stage,"[""ep_4f978206533e4ef8919f1766"",""ep_6cde14d2a9bc81a984dc5585""]",2
GET,/*namespace_id/:project_id/-/pipelines/:id/status,ce ee,conditional_anonymous,Projects::PipelinesController,status,"[""ep_3c0879c64d5a9284f21dc284"",""ep_7141cb595ee4c1d7a98cd3c6""]",2
GET,/*namespace_id/:project_id/-/pipelines/:id/test_report,ce ee,conditional_anonymous,Projects::PipelinesController,test_report,"[""ep_490f77eda39239a9583161ec"",""ep_bbaa64abfcc11600a272fd29""]",2
GET,/*namespace_id/:project_id/-/pipelines/:pipeline_id/tests/:suite_name,ce ee,conditional_anonymous,Projects::Pipelines::TestsController,show,"[""ep_5500327353b5d817f0997fc2"",""ep_9564179e3b93de1e8e4fb8b4""]",2
GET,/*namespace_id/:project_id/-/pipelines/:pipeline_id/tests/summary,ce ee,conditional_anonymous,Projects::Pipelines::TestsController,summary,"[""ep_98a69889bd5ba9293329311e"",""ep_ed03809789e842662844a5d4""]",2
GET,/*namespace_id/:project_id/-/project_members,ce ee,conditional_anonymous,Projects::ProjectMembersController,index,"[""ep_b72cc644f15533f6cd740d49"",""ep_b8b25f46a06f58918534ecaf""]",2
GET,/*namespace_id/:project_id/-/quality/test_cases,ee,conditional_anonymous,Projects::Quality::TestCasesController,index,"[""ep_8ed4a8cd54c65cc8812be1c5""]",1
GET,/*namespace_id/:project_id/-/quality/test_cases/:id,ee,conditional_anonymous,Projects::Quality::TestCasesController,show,"[""ep_c904808efa7ef7e7201599d9""]",1
GET,/*namespace_id/:project_id/-/raw/*id,ce ee,conditional_anonymous,Projects::RawController,show,"[""ep_543712972a9124941ab36012"",""ep_cf88cb6d9007f409a40dc9ec""]",2
GET,/*namespace_id/:project_id/-/refs/switch,ce ee,conditional_anonymous,Projects::RefsController,switch,"[""ep_dacd2e54fa12f8f81812b5b1"",""ep_bce62bf15e826ea42f7b3dd6""]",2
GET,/*namespace_id/:project_id/-/releases,ce ee,conditional_anonymous,ActivityPub::Projects::ReleasesController | Projects::ReleasesController,index,"[""ep_086a429978d64d46105aa4fa"",""ep_7608155c355ac35cc14213e2"",""ep_da07105d6e26d66fdeb14129"",""ep_e9d94c24f337041ffefeb8e0""]",4
GET,/*namespace_id/:project_id/-/releases/:tag/downloads,ce ee,conditional_anonymous,Projects::ReleasesController,downloads,"[""ep_0b26152015889aeac099d608"",""ep_7ecdc822cf78843040932a07""]",2
GET,/*namespace_id/:project_id/-/releases/outbox,ce ee,conditional_anonymous,ActivityPub::Projects::ReleasesController,outbox,"[""ep_edea1832bf5b8a44982e09a3"",""ep_afc4c2fe57798229ffbcd7b3""]",2
GET,/*namespace_id/:project_id/-/releases/permalink/latest(/)(*suffix_path),ce ee,conditional_anonymous,Projects::ReleasesController,latest_permalink,"[""ep_805800176a4fd897a4276292"",""ep_7f1995a93c61057c3f040451""]",2
GET,/*namespace_id/:project_id/-/security/agent_artifacts/:id/download,ee,conditional_anonymous,Projects::Security::AgentArtifactsController,download,"[""ep_c682301a18baabebb3e8e599""]",1
GET,/*namespace_id/:project_id/-/security/compliance_violations/:id,ee,conditional_anonymous,Projects::Security::ComplianceViolationsController,show,"[""ep_2eaa437113a7facaffba883d""]",1
GET,/*namespace_id/:project_id/-/settings/gitlab_duo/governance,ee,conditional_anonymous,Projects::Settings::GitlabDuo::GovernanceController,index,"[""ep_bd75097ed91444e3a9f50188""]",1
GET,/*namespace_id/:project_id/-/snippets,ce ee,conditional_anonymous,Projects::SnippetsController,index,"[""ep_7c88a48809e4c5252ce3fb33"",""ep_93095c254502d9a76745b737""]",2
GET,/*namespace_id/:project_id/-/snippets/:id,ce ee,conditional_anonymous,Projects::SnippetsController,show,"[""ep_a5e5ec0ae3463dcd6f5a2ef0"",""ep_00e7b8ff8f372aae7a7561ae""]",2
GET,/*namespace_id/:project_id/-/snippets/:id/raw,ce ee,conditional_anonymous,Projects::SnippetsController,raw,"[""ep_1616f213f02f9cd3ededa290"",""ep_ea995d8b52b3df92f11c071d""]",2
GET,/*namespace_id/:project_id/-/snippets/:snippet_id/raw/:ref/*path,ce ee,conditional_anonymous,Projects::Snippets::BlobsController,raw,"[""ep_413d5d314c7b34cd27bad79b"",""ep_167d66c3c148138a1d7e42b6""]",2
GET,/*namespace_id/:project_id/-/starrers,ce ee,conditional_anonymous,Projects::StarrersController,index,"[""ep_0c19f22d97032be6b7ded1ea"",""ep_9a91b32a7ad1ae46adeb4c60""]",2
GET,/*namespace_id/:project_id/-/tags,ce ee,conditional_anonymous,Projects::TagsController,index,"[""ep_f9525fa47a2d16938b9537d8"",""ep_050d56912eefb07a75f50ce7""]",2
GET,/*namespace_id/:project_id/-/tags/:id,ce ee,conditional_anonymous,Projects::TagsController,show,"[""ep_b9f88f2e84d119c2826515ff"",""ep_a5fefd23c05cdcb7e6e565e5""]",2
GET,/*namespace_id/:project_id/-/target_branch_rules,ee,conditional_anonymous,Projects::TargetBranchRulesController,index,"[""ep_6e528831480be7d3c6b663a8""]",1
GET,/*namespace_id/:project_id/-/tree/*id,ce ee,conditional_anonymous,Projects::TreeController,show,"[""ep_fe9aa06bf09c72eea63846d5"",""ep_d75cb18a10d5544fd01d0540""]",2
GET,/*namespace_id/:project_id/-/value_stream_analytics,ce ee,conditional_anonymous,Projects::CycleAnalyticsController,show,"[""ep_beaa12bee645a3f2dd5f0b93"",""ep_8838f5934591d3bd1ccb502c""]",2
GET,/*namespace_id/:project_id/-/value_stream_analytics/events/code,ce ee,conditional_anonymous,Projects::CycleAnalytics::EventsController,code,"[""ep_7fa652327785ec3e03ae7085"",""ep_205be2ebb74d837f23a15835""]",2
GET,/*namespace_id/:project_id/-/value_stream_analytics/events/issue,ce ee,conditional_anonymous,Projects::CycleAnalytics::EventsController,issue,"[""ep_e265279f5aa70b049e8124f1"",""ep_8749a28e992873c9fb6a46e5""]",2
GET,/*namespace_id/:project_id/-/value_stream_analytics/events/plan,ce ee,conditional_anonymous,Projects::CycleAnalytics::EventsController,plan,"[""ep_2fa0acfeb01defba5f4692ba"",""ep_9a8bedabc52c9b18e761a49a""]",2
GET,/*namespace_id/:project_id/-/value_stream_analytics/events/production,ce ee,conditional_anonymous,Projects::CycleAnalytics::EventsController,production,"[""ep_40de4cf1d3cfcda1bd177bf3"",""ep_00b9dd38708973386b113d62""]",2
GET,/*namespace_id/:project_id/-/value_stream_analytics/events/review,ce ee,conditional_anonymous,Projects::CycleAnalytics::EventsController,review,"[""ep_21ecb175176e7710df31b71f"",""ep_bb6ac9ac7d5a80ecfdb90660""]",2
GET,/*namespace_id/:project_id/-/value_stream_analytics/events/staging,ce ee,conditional_anonymous,Projects::CycleAnalytics::EventsController,staging,"[""ep_2e414efd855299748225c777"",""ep_b1cc3a1080fbf619e5448c66""]",2
GET,/*namespace_id/:project_id/-/value_stream_analytics/events/test,ce ee,conditional_anonymous,Projects::CycleAnalytics::EventsController,test,"[""ep_79e7c2b529bb6d5953c15c6a"",""ep_766442efa56d2384538b110f""]",2
GET,/*namespace_id/:project_id/-/wikis,ce ee,conditional_anonymous,Projects::WikisController,index,"[""ep_9270daca28b1d9d0d09d35fa"",""ep_1121824e9c03292c224b91c9""]",2
GET,/*namespace_id/:project_id/-/wikis/*id,ce ee,conditional_anonymous,Projects::WikisController,show,"[""ep_12de8ec0693f0cc10fc51eb3"",""ep_69034236c5ec08908192b78d""]",2
GET,/*namespace_id/:project_id/-/wikis/*id/diff,ce ee,conditional_anonymous,Projects::WikisController,diff,"[""ep_39d1f67eb86e005b7ba5fe8f"",""ep_8dd629a4391cf7bb1c69e8ff""]",2
GET,/*namespace_id/:project_id/-/wikis/*id/history,ce ee,conditional_anonymous,Projects::WikisController,history,"[""ep_c4267c94b62913ea66d02ef7"",""ep_8f8a4cc14493fb7491f69c91""]",2
GET,/*namespace_id/:project_id/-/wikis/*id/raw,ce ee,conditional_anonymous,Projects::WikisController,raw,"[""ep_aa9156c2b464bfb734b3e23e"",""ep_4232a7d6ffdc222cb8aea72d""]",2
GET,/*namespace_id/:project_id/-/wikis/new,ce ee,conditional_anonymous,Projects::WikisController,new,"[""ep_c8f0daf3c5cf4dc5d9231a2e"",""ep_499fe092ad5ccc7b443ed8bc""]",2
GET,/*namespace_id/:project_id/-/wikis/pages,ce ee,conditional_anonymous,Projects::WikisController,pages,"[""ep_36324e3c47f221e8a199d4bd"",""ep_50bbfb19e2565bc13a3290fc""]",2
GET,/*namespace_id/:project_id/-/wikis/templates,ce ee,conditional_anonymous,Projects::WikisController,templates,"[""ep_6d4e633ac6b8e88e3aa27f23"",""ep_b8405816c4c327c11a0883e9""]",2
GET,/*namespace_id/:project_id/-/work_items,ce ee,conditional_anonymous,Projects::WorkItemsController,calendar | rss,"[""ep_5e18d6f5e57a73dcf37cba7d"",""ep_bc7820240754a0737e35a39b"",""ep_1bcab34e2af6b1f4e61a6714"",""ep_2da4220f6a37c740d4fdbb7d""]",4
GET,/*namespace_id/:project_id/-/work_items/:iid,ce,conditional_anonymous,Projects::WorkItemsController,show,"[""ep_60174dabdf0847fbb6838c87""]",1
GET,/*namespace_id/:project_id/-/work_items/:iid/designs(/*vueroute),ce,conditional_anonymous,Projects::WorkItemsController,show,"[""ep_98766a13b57a426c2f7e0dff""]",1
GET,/*namespace_id/:project_id/badges/*ref/coverage,ce ee,conditional_anonymous,Projects::BadgesController,coverage,"[""ep_851f9c45db3ffa3eed2b564a"",""ep_a559ac2da33d31dfbda76b18""]",2
GET,/*namespace_id/:project_id/badges/*ref/pipeline,ce ee,conditional_anonymous,Projects::BadgesController,pipeline,"[""ep_11f9e0f6dd0da058d0c790e1"",""ep_f894975bf5854e14fc07d0da""]",2
GET,/*namespace_id/:project_id/blame/*id,ce ee,conditional_anonymous,Projects::BlameController,show,"[""ep_a89a6a17d0b0d7aaa7d130b6"",""ep_d538ebca10fd5b5a6436c0dd""]",2
GET,/*namespace_id/:project_id/blob/*id,ce ee,conditional_anonymous,Projects::BlobController,show,"[""ep_a926a16fca647d93709ff9fe"",""ep_b0f1b17093051c9d6fc9becc""]",2
GET,/*namespace_id/:project_id/builds,ce ee,conditional_anonymous,Projects::BuildsController,index,"[""ep_be966c53fc18595f66159895"",""ep_3e3ebeec8f3710939bed41ce""]",2
GET,/*namespace_id/:project_id/builds/:build_id/artifacts/browse,ce ee,conditional_anonymous,Projects::BuildArtifactsController,browse,"[""ep_9ca82e1f1c24163eb78dc24e"",""ep_53cc317673dc6631b8848a93""]",2
GET,/*namespace_id/:project_id/builds/:build_id/artifacts/download,ce ee,conditional_anonymous,Projects::BuildArtifactsController,download,"[""ep_8cd1d72a67ef9a80fc67c5b7"",""ep_67a62b258638c4857922765a""]",2
GET,/*namespace_id/:project_id/builds/:build_id/artifacts/file,ce ee,conditional_anonymous,Projects::BuildArtifactsController,file,"[""ep_f3f31f8e5d7a5a60cd6f092b"",""ep_5bf5426de5944baf166dd4f4""]",2
GET,/*namespace_id/:project_id/builds/:build_id/artifacts/raw,ce ee,conditional_anonymous,Projects::BuildArtifactsController,raw,"[""ep_252e2a860779457c3a5c65a2"",""ep_b7c88761ea66d241ebfad9a4""]",2
GET,/*namespace_id/:project_id/builds/:id,ce ee,conditional_anonymous,Projects::BuildsController,show,"[""ep_6bab963a18266ee836542d2c"",""ep_6b8289fbc23e19a2426e5c72""]",2
GET,/*namespace_id/:project_id/builds/:id/raw,ce ee,conditional_anonymous,Projects::BuildsController,raw,"[""ep_019cba7e9e56949f52b02bbe"",""ep_d644ea38880588529179095b""]",2
GET,/*namespace_id/:project_id/builds/artifacts/latest_succeeded,ce ee,conditional_anonymous,Projects::BuildArtifactsController,latest_succeeded,"[""ep_d3ce7fc3304e9386bae79941"",""ep_cdcb82e10ea977fa5e48e70e""]",2
GET,/*namespace_id/:project_id/container_registry,ce ee,conditional_anonymous,Projects::Registry::RepositoriesController,index,"[""ep_2f11710d84d706ee46018a4b"",""ep_0e64b94c2cd644f0b50d198c""]",2
GET,/*namespace_id/:project_id/container_registry/:id,ce ee,conditional_anonymous,Projects::Registry::RepositoriesController,show,"[""ep_2ff41cd9aee6f4cb33f25f16"",""ep_4a68d8656b37abee8a99f8e4""]",2
GET,/*namespace_id/:project_id/edit/*id,ce ee,conditional_anonymous,http_registration,,"[""ep_2ddc7bc1999625d852c7868f"",""ep_30b2b9bf129f7fe5c31979d8""]",2
GET,/*namespace_id/:project_id/insights,ee,conditional_anonymous,Projects::InsightsController,show,"[""ep_64e94cce3a54bbcbf48239a4""]",1
GET,/*namespace_id/:project_id/new/*id,ce ee,conditional_anonymous,http_registration,,"[""ep_6f14610a0158ef3b413c74dc"",""ep_f9382701db76d3b52f322267""]",2
GET,/*namespace_id/:project_id/noteable/:target_type/:target_id/notes,ce ee,conditional_anonymous,Projects::NotesController,index,"[""ep_7012131e0cfa4d75c34cb6d8"",""ep_0e166b47c4f1e1483fdaccf9""]",2
GET,/*namespace_id/:project_id/notes/:id/outdated_line_change,ce ee,conditional_anonymous,Projects::NotesController,outdated_line_change,"[""ep_ef86f2765ba70cc3a239c0b4"",""ep_acdbf87488b646d00923ad22""]",2
GET,/*namespace_id/:project_id/raw/*id,ce ee,conditional_anonymous,Projects::RawController,show,"[""ep_247f60d7329feb8791007ad7"",""ep_d37be0ce0ee03deb1d2ce6c5""]",2
GET,/*namespace_id/:project_id/refs/:id/logs_tree,ce ee,conditional_anonymous,http_registration,,"[""ep_b2d33d68fb1db66428cf8078"",""ep_bfb3fa0e1c6c5a077631b459""]",2
GET,/*namespace_id/:project_id/refs/switch,ce ee,conditional_anonymous,http_registration,,"[""ep_9d2535d7a76c6cc08f8e7be0"",""ep_c3ddf10b771ce1974cf77e03""]",2
GET,/*namespace_id/:project_id/registry/repository/:repository_id/tags,ce ee,conditional_anonymous,Projects::Registry::TagsController,index,"[""ep_1984e344035ad504c7e8a4e3"",""ep_82da4e8ae2893108d80eb583""]",2
GET,/*namespace_id/:project_id/repository/archive,ce ee,conditional_anonymous,Projects::LegacyArchiveController,show,"[""ep_26d41f8335e6b397e2983a80"",""ep_15bedf450823423a8aae704f""]",2
GET,/*namespace_id/:project_id/snippets/:id/raw,ce ee,conditional_anonymous,Projects::SnippetsController,raw,"[""ep_e0e356262061dcf61ae3575f"",""ep_73d2a02cabe0b2e8d794fc16""]",2
GET,/*namespace_id/:project_id/tree/*id,ce ee,conditional_anonymous,Projects::TreeController,show,"[""ep_e7cfc27f6c2788fb89ce1216"",""ep_d3f6df4ffba569982ca90cc3""]",2
GET,/*namespace_id/:project_id/uploads/:secret/:filename,ce ee,conditional_anonymous,Projects::UploadsController,show,"[""ep_04f25bded0cd558c4fe50df9"",""ep_dc9b6ea7afcbabc3f06b5752""]",2
GET,/*repository_path,ce ee,conditional_anonymous,http_registration,,"[""ep_e2043800414a75c25dcd41ea"",""ep_ed64eca89015c514930c4ca1""]",2
GET,/*repository_path/gitlab-lfs/objects/*oid,ce ee,conditional_anonymous,Repositories::LfsStorageController,download,"[""ep_6a5f2cff9b8cdb96b3832553"",""ep_fe3f4d2dbafcbbc0d7d59749""]",2
GET,/*repository_path/info/lfs/locks,ce ee,conditional_anonymous,Repositories::LfsLocksApiController,index,"[""ep_1f859f2874443347f28d0cc4"",""ep_d0e2e8d9453620f679389880""]",2
GET,/*repository_path/info/lfs/objects/*oid,ce ee,conditional_anonymous,Repositories::LfsApiController,deprecated,"[""ep_281fb561cae88899707c71d4"",""ep_7afeed84f43e8c21a591bc4d""]",2
GET,/*repository_path/info/refs,ce ee,conditional_anonymous,Repositories::GitHttpController | http_registration, | info_refs,"[""ep_375132c74b17f614fb6346a0"",""ep_e4b4a5ef92ca9bd7a1e11aec"",""ep_45cb94333fa48da7fbab3125"",""ep_717d33c3b81d6e4b8078d447""]",4
GET,/*unmatched_route,ce ee,unauthenticated,ApplicationController,route_not_found,"[""ep_f5cb6f26b747b69ffe0c8628"",""ep_0dff77d03ba8a8cb6a3215a8""]",2
GET,/-/:model/:model_id/uploads/:secret/:filename,ce ee,unauthenticated,Banzai::UploadsController,show,"[""ep_ac1f3279fe7c4da75aabc2be"",""ep_a38bfb7a89d3c1e5ee141170""]",2
GET,/-/acme-challenge,ce ee,unauthenticated,AcmeChallengesController,show,"[""ep_dbaea2ab7f2601271282c118"",""ep_65bad67df4e792711115d4d9""]",2
GET,/-/arkose/data_exchange_payload,ee,unauthenticated,AntiAbuse::ArkoseController,data_exchange_payload,"[""ep_95d9082777edb19717a1b813""]",1
GET,/-/autocomplete/award_emojis,ce ee,unauthenticated,AutocompleteController,award_emojis,"[""ep_9371aa403a904b778121641b"",""ep_bd8067fecb49cb73fdb66816""]",2
GET,/-/autocomplete/merge_request_source_branches,ce ee,unauthenticated,AutocompleteController,merge_request_source_branches,"[""ep_5eeca9a0601d1e4a03414c57"",""ep_05df8b8bdda030b4404297cc""]",2
GET,/-/autocomplete/merge_request_target_branches,ce ee,unauthenticated,AutocompleteController,merge_request_target_branches,"[""ep_a03d458698e9bfced716aa1b"",""ep_216361924bbe6c54c47465ec""]",2
GET,/-/autocomplete/users,ce ee,unauthenticated,AutocompleteController,users,"[""ep_21e3f3505bd94010e8cdf443"",""ep_c3f862b7d235ebc442cd97ef""]",2
GET,/-/awarded_achievements/:id/accept,ce ee,conditional_anonymous,Achievements::AwardedAchievementsController,accept,"[""ep_5b79b7753d70ee153bec1aff"",""ep_60fdc3a0da20e4dc4ab79281""]",2
GET,/-/cable,ce ee,unauthenticated,ApplicationCable::Connection,connect,"[""ep_458585f8e243ae1350c0e4bb"",""ep_8a763a33bb462b644e3787ad""]",2
GET,/-/chaos/cpu_spin,ce ee,conditional_anonymous,ChaosController,cpu_spin,"[""ep_53ad6805361235e3c1c6a63c"",""ep_d4f5bc28a545b898ed220391""]",2
GET,/-/chaos/db_spin,ce ee,conditional_anonymous,ChaosController,db_spin,"[""ep_a171d1907c87fdf726201f6f"",""ep_eedccf08a1835c0028b901c2""]",2
GET,/-/chaos/kill,ce ee,conditional_anonymous,ChaosController,kill,"[""ep_b38b46fb65f9dd4a70ea32a5"",""ep_4caae77ab4b2a6a700b6e1df""]",2
GET,/-/chaos/leakmem,ce ee,conditional_anonymous,ChaosController,leakmem,"[""ep_7a7f2f4023664058794f2163"",""ep_5773905d45bd1809274d6947""]",2
GET,/-/chaos/quit,ce ee,conditional_anonymous,ChaosController,quit,"[""ep_9ae922346314177f6c11180c"",""ep_482722726a62e31878415589""]",2
GET,/-/chaos/sleep,ce ee,conditional_anonymous,ChaosController,sleep,"[""ep_1dd9d9122963dd50dc0525b3"",""ep_ecef68e6053b98e98b0c8e72""]",2
GET,/-/cloud_connector/keys,ee,unauthenticated,CloudConnector::KeysController,keys,"[""ep_18170ed6ff0d259cf1d87409""]",1
GET,/-/countries,ee,unauthenticated,CountriesController,index,"[""ep_4293f8559b02695325f34454""]",1
GET,/-/country_states,ee,unauthenticated,CountryStatesController,index,"[""ep_5258a06d7c75ffe61f8dc362""]",1
GET,/-/diagram-proxy/:key,ce ee,unauthenticated,Banzai::DiagramProxyController,proxy,"[""ep_c00f06e735048e3c160e0d0b"",""ep_4b522692e0beb821f11c98fb""]",2
GET,/-/external_redirect,ce ee,unauthenticated,ExternalRedirect::ExternalRedirectController,index,"[""ep_2099369ef659f6e8619c5a59"",""ep_52c172d52721abfb5056f132""]",2
GET,/-/from_secondary/:geo_node_id/*repository_path,ee,conditional_anonymous,http_registration,,"[""ep_c867ad2cfa9aea99ac23a726""]",1
GET,/-/from_secondary/:geo_node_id/*repository_path/gitlab-lfs/objects/*oid,ee,conditional_anonymous,Repositories::LfsStorageController,download,"[""ep_12b9c590491ace6360f0810d""]",1
GET,/-/from_secondary/:geo_node_id/*repository_path/info/lfs/locks,ee,conditional_anonymous,Repositories::LfsLocksApiController,index,"[""ep_57445eaf8f6615bb3d80e5c5""]",1
GET,/-/from_secondary/:geo_node_id/*repository_path/info/lfs/objects/*oid,ee,conditional_anonymous,Repositories::LfsApiController,deprecated,"[""ep_87d86aceada70ba471a5a7b5""]",1
GET,/-/from_secondary/:geo_node_id/*repository_path/info/refs,ee,conditional_anonymous,Repositories::GitHttpController | http_registration, | info_refs,"[""ep_57aa93c3d2d1dae4188b560c"",""ep_e1867ef877a793750e467740""]",2
GET,/-/graphql-explorer,ce ee,unauthenticated,API::Graphql::GraphqlExplorerController,show,"[""ep_0ad8acd387738f960cad87b7"",""ep_443a39f6cea1e5869e00f29c""]",2
GET,/-/invites/:id,ce ee,conditional_anonymous,InvitesController,show,"[""ep_cb6e761a942ab40a37fc2a89"",""ep_ee2c86c25143d8c02506e603""]",2
GET,/-/invites/:id/decline,ce ee,conditional_anonymous,InvitesController,decline,"[""ep_5925fb1877a4f4fd59b34358"",""ep_39966a8faef1da3ecef4b292""]",2
GET,/-/jira_connect/app_descriptor,ce ee,unauthenticated,JiraConnect::AppDescriptorController,show,"[""ep_1d9aa8848864271f2869f2e7"",""ep_db3ab337838eaef0d25399a7""]",2
GET,/-/jira_connect/branches/route,ce ee,unauthenticated,JiraConnect::BranchesController,route,"[""ep_3911e1f87774cb76cc8ff1fe"",""ep_7c3d6cf747103d99996ec41b""]",2
GET,/-/jira_connect/installations,ce ee,unauthenticated,JiraConnect::InstallationsController,index,"[""ep_511e41794d8d894eff842d7e"",""ep_ee6ac9998c343b6f8ecd29bb""]",2
GET,/-/jira_connect/oauth_application_id,ce ee,unauthenticated,JiraConnect::OauthApplicationIdsController,show,"[""ep_1b0a5b48940cac5e1d154798"",""ep_733add3c7e00e257660da822""]",2
GET,/-/jira_connect/public_keys/:id,ce ee,unauthenticated,JiraConnect::PublicKeysController,show,"[""ep_31af3af2228386deaa888826"",""ep_7b757ad45233b236b481e90f""]",2
GET,/-/jira_connect/repositories/search,ce ee,unauthenticated,JiraConnect::RepositoriesController,search,"[""ep_ce15d4ab3e85e995f6521cc7"",""ep_c4d366fb68034188cfc81dff""]",2
GET,/-/jira_connect/subscriptions,ce ee,unauthenticated,JiraConnect::SubscriptionsController,index,"[""ep_2f503c9726b51c129c767e3b"",""ep_d16d6bfe27be629b69b82ebc""]",2
GET,/-/jira_connect/workspaces/search,ce ee,unauthenticated,JiraConnect::WorkspacesController,search,"[""ep_151bab92fd9ba9873f938293"",""ep_49dcd08e088776c4aba41b9c""]",2
GET,/-/liveness,ce ee,unauthenticated,HealthController,liveness,"[""ep_006e3e12d0a9a1f0290ff089"",""ep_35e6d6163a704707d252b40d""]",2
GET,/-/metrics,ce ee,unauthenticated,MetricsController,index,"[""ep_c48cdc2f4b7753b76e1991ce"",""ep_1c1a897934bf99e6a60f7d25""]",2
GET,/-/metrics/system,ce ee,unauthenticated,MetricsController,system,"[""ep_82d8986d8bec13622061efb1"",""ep_35481bbc61dfb1f1bb018fd9""]",2
GET,/-/namespace/:namespace_id/sent_notifications/:id/unsubscribe,ce ee,conditional_anonymous,SentNotificationsController,unsubscribe,"[""ep_ae671a4a34b4764b5789f6b7"",""ep_1815bd46ad8cbdc09567ab63""]",2
GET,/-/p/:id,ce ee,conditional_anonymous,Projects::RedirectController,redirect_from_id,"[""ep_cb846ad10170aa9e05e66947"",""ep_022aba79ad7fb9baff5061cd""]",2
GET,/-/profile/account,ce ee,unauthenticated,Profiles::AccountsController,show,"[""ep_136c25974af0a3664fb338e9"",""ep_b94035a0dc35e656aa2f0999""]",2
GET,/-/profile/emails/confirmation,ce ee,unauthenticated,ConfirmationsController,show,"[""ep_8438c672d108f0298d51650e"",""ep_767e6000b83a8e940861dc72""]",2
GET,/-/profile/emails/confirmation/new,ce ee,unauthenticated,ConfirmationsController,new,"[""ep_fb9b60ea8c40299c649186c1"",""ep_b078722813242541b847f76b""]",2
GET,/-/profile/emails/sign_in,ce ee,unauthenticated,Devise::SessionsController,new,"[""ep_3976970e9cec3820154b5586"",""ep_c6ed447e6b54227606274f16""]",2
GET,/-/profile/slack/edit,ce ee,unauthenticated,Profiles::SlacksController,edit,"[""ep_77e931c1a2fde87ac138a6b3"",""ep_c5c2c094d70ea728b21b2faa""]",2
GET,/-/profile/slack/slack_link,ce ee,unauthenticated,Profiles::SlacksController,slack_link,"[""ep_3e8b69ea789cfb32362c516e"",""ep_6821b07d60545b3f5bf1e438""]",2
GET,/-/readiness,ce ee,unauthenticated,HealthController,readiness,"[""ep_bd9b4c799a3732bad550796e"",""ep_741dcbde6bf8c164516165d7""]",2
GET,/-/s/:username,ce ee,unauthenticated,http_registration,,"[""ep_5c7331bca31b94e4659b798f"",""ep_26f5d28783dbcc9d2f23ee25""]",2
GET,/-/sandbox/mermaid_v11,ce ee,unauthenticated,SandboxController,mermaid_v11,"[""ep_d60f5413e2dcd6dab3ff2e07"",""ep_2f0b8c2af272f1c16f51a48b""]",2
GET,/-/sandbox/swagger,ce ee,unauthenticated,SandboxController,swagger,"[""ep_81fa96709c8e7b09e2ebc5d9"",""ep_710ce1a00a2c265bbacc8730""]",2
GET,/-/security,ee,unauthenticated,http_registration,,"[""ep_02fe1761737078304fa79a45""]",1
GET,/-/sent_notifications/:id/unsubscribe,ce ee,conditional_anonymous,SentNotificationsController,unsubscribe,"[""ep_4e4632a90f1d05f24c864eb7"",""ep_d8876af73ed45f05f6be94f5""]",2
GET,/-/snippets,ce ee,conditional_anonymous,SnippetsController,index,"[""ep_3879175f668e01d9e6e1ef75"",""ep_4da84d0b313479e643b101b3""]",2
GET,/-/snippets/:snippet_id/notes,ce ee,conditional_anonymous,Snippets::NotesController,index,"[""ep_3c1060a73012ff3455005222"",""ep_d68e6f41e200c639b9458940""]",2
GET,/-/trial_registrations/new,ee,unauthenticated,TrialRegistrationsController,new,"[""ep_a8edfa3e8d1fd12bde93f069""]",1
GET,/-/trials/new,ee,conditional_anonymous unauthenticated,GitlabSubscriptions::TrialsController | http_registration, | new,"[""ep_464b5f660917b74fd8da31fe"",""ep_af1411deee6f633a26d082eb""]",2
GET,/-/u/:id,ce ee,unauthenticated,Users::RedirectController,redirect_from_id,"[""ep_82e134457e64258e79df2ece"",""ep_1ffded28718f3f7f6d609dcb""]",2
GET,/-/user_settings/active_sessions,ce ee,unauthenticated,UserSettings::ActiveSessionsController,index,"[""ep_9b4b9ca49a0c2da66febac8b"",""ep_cdcc64240329ff5799561d2a""]",2
GET,/-/user_settings/active_sessions/saml,ee,unauthenticated,UserSettings::ActiveSessionsController,saml,"[""ep_6d1e54bdacafe6dbbf5dbfc0""]",1
GET,/-/user_settings/integration_accounts/new,ce ee,unauthenticated,Profiles::ChatNamesController,new,"[""ep_34a9fc27c3c81c4bd4d57a0c"",""ep_64927ed1e464ef014bbd769d""]",2
GET,/-/user_settings/password/new,ce ee,unauthenticated,UserSettings::PasswordsController,new,"[""ep_07db53ce53fdf7aa0c119b55"",""ep_97d94a83c798f7f89f22ceeb""]",2
GET,/-/user_settings/personal_access_tokens,ce,unauthenticated,UserSettings::PersonalAccessTokensController,index,"[""ep_489f586d8d488206ba93d03a""]",1
GET,/-/users/terms,ce ee,unauthenticated,Users::TermsController,index,"[""ep_70e0f7abb9e08a86fde3684b"",""ep_54f2982dab05038036df40ac""]",2
GET,/-/whats_new,ce ee,unauthenticated,WhatsNewController,index,"[""ep_f21b2b133ee7d7a96c21329e"",""ep_c550784457a319f8f7045324""]",2
GET,/.well-known/change-password,ce ee,unauthenticated,http_registration,,"[""ep_a9fadd0a38bfd1c8be2fa7d5"",""ep_a664adc5fe09a3ba55efd5da""]",2
GET,/.well-known/oauth-authorization-server,ce ee,unauthenticated,JwksController,provider,"[""ep_6d2ea057dc64fcb88f641143"",""ep_aa299b0ca472f6faa6688930""]",2
GET,/.well-known/oauth-authorization-server/api/v4/mcp,ce ee,unauthenticated,JwksController,provider,"[""ep_03e62bbe561dea0e05da07b5"",""ep_36b5183339d3c38547928f6d""]",2
GET,/.well-known/oauth-authorization-server/api/v4/orbit/mcp,ce ee,unauthenticated,JwksController,provider,"[""ep_96625040abcc7945b2414181"",""ep_7093e7e68a6fd92b7057f2a4""]",2
GET,/.well-known/oauth-protected-resource,ce ee,unauthenticated,Oauth::ProtectedResourceMetadataController,show,"[""ep_8180e299d6ebbbfc2b191a19"",""ep_02840f3c3191e7e2dc0ebc36""]",2
GET,/.well-known/oauth-protected-resource/api/v4/mcp,ce ee,unauthenticated,Oauth::ProtectedResourceMetadataController,show,"[""ep_0f60b578cd456ee70d42a491"",""ep_e955fdb8fb9692c51842c88f""]",2
GET,/.well-known/oauth-protected-resource/api/v4/orbit/mcp,ce ee,unauthenticated,Oauth::ProtectedResourceMetadataController,show,"[""ep_0179f905a476351e51bb0030"",""ep_db0d0879e13f11857ace258b""]",2
GET,/.well-known/openid-configuration,ce ee,unauthenticated,JwksController,provider,"[""ep_9ccc50a9d1dec70e411b8240"",""ep_53291d96e502a4b07ba8fc67""]",2
GET,/.well-known/openid-configuration/api/v4/mcp,ce ee,unauthenticated,JwksController,provider,"[""ep_b3cc803bde6f813ac086eac4"",""ep_a67dcf42b630462bd171a5f2""]",2
GET,/.well-known/openid-configuration/api/v4/orbit/mcp,ce ee,unauthenticated,JwksController,provider,"[""ep_7d081ba06d599bb625ba357a"",""ep_c2a5a5d384d74b164c190187""]",2
GET,/.well-known/security.txt,ce ee,unauthenticated,WellKnownController,security_txt,"[""ep_24b2c49e54783fbd92bbc29c"",""ep_15ac7c715aeb52ac26758a90""]",2
GET,/.well-known/terraform.json,ce ee,unauthenticated,Terraform::ServicesController,index,"[""ep_5858e79d5022185e25fe18a5"",""ep_fce46c87574df105136e72e2""]",2
GET,/.well-known/webfinger,ce ee,unauthenticated,JwksController,webfinger,"[""ep_3252fb67f37b5e2394a9b92c"",""ep_c7f1d336a3fecfbdc88fd623""]",2
GET,/admin/code_suggestions,ee,unauthenticated,http_registration,,"[""ep_34a3e64e05ae45d893db9f13""]",1
GET,/admin/dev_ops_report,ce ee,unauthenticated,http_registration,,"[""ep_9177c008eb8c490ba8ced34f"",""ep_4b8132307e4d820c053506cd""]",2
GET,/admin/geo/replication,ee,unauthenticated,http_registration,,"[""ep_8bc01eb2fd1940849f24bfeb""]",1
GET,/api/glql,ce ee,unauthenticated,Glql::BaseController,execute,"[""ep_9a482ebc6787cf44a08525ed"",""ep_7a005bf3ff70cf701a76e0ed""]",2
GET,/api/graphql,ce ee,unauthenticated,GraphqlController,execute,"[""ep_b206c7c54e0311ad534bef03"",""ep_57bb3078a9bd79dd45c7f3a9""]",2
GET,/api/v4/-/package/*package_name/dist-tags,ce ee,conditional_anonymous,API::NpmGroupPackages | API::NpmInstancePackages | API::NpmProjectPackages,GET,"[""ep_3711f212341e559b00942464"",""ep_7bacd1a8573f668bde9eaf04"",""ep_99a5d24aadc0cc6255e7b62a"",""ep_14da9f0692a6ea991ec9c5fc"",""ep_8bebfa8ccb0988ab09623bb1"",""ep_97b1b5ca20555647d8e4d517""]",6
GET,/api/v4/analytics/code_review,ee,conditional_anonymous,API::Analytics::CodeReviewAnalytics,GET,"[""ep_71eeebc8f09e88ab51accc5c""]",1
GET,/api/v4/api/scim/application/Groups,ee,unauthenticated,API::Scim::InstanceScim,GET,"[""ep_ad23c5c911bac5a70f7f953b""]",1
GET,/api/v4/api/scim/application/Groups/:id,ee,unauthenticated,API::Scim::InstanceScim,GET,"[""ep_6b7183cc72cc34b7cef4197e""]",1
GET,/api/v4/api/scim/application/Users,ee,unauthenticated,API::Scim::InstanceScim,GET,"[""ep_09f6a0a590c993839b1a21ab""]",1
GET,/api/v4/api/scim/application/Users/:id,ee,unauthenticated,API::Scim::InstanceScim,GET,"[""ep_3a1252bc4931eaee324b1c08""]",1
GET,/api/v4/api/scim/groups/:group/Users,ee,unauthenticated,API::Scim::GroupScim,GET,"[""ep_b52eeee56196379f33d4e233""]",1
GET,/api/v4/api/scim/groups/:group/Users/:id,ee,unauthenticated,API::Scim::GroupScim,GET,"[""ep_76dd63390c646acdf2184e86""]",1
GET,/api/v4/avatar,ce ee,conditional_anonymous,API::Avatar,GET,"[""ep_e4e0beead73b3506664f05f7"",""ep_657bc99584a305e267136c5b""]",2
GET,/api/v4/broadcast_messages,ce ee,unauthenticated,API::Admin::BroadcastMessages,GET,"[""ep_3da6d688364336557e6a87b2"",""ep_8a4160029b6a4e93097ecd8c""]",2
GET,/api/v4/broadcast_messages/:id,ce ee,unauthenticated,API::Admin::BroadcastMessages,GET,"[""ep_2ea89e755053b92d83a6522e"",""ep_4796e3ef9778142f9d90e88e""]",2
GET,/api/v4/conans/:package_name/:package_version/:package_username/:package_channel,ce ee,conditional_anonymous,API::Conan::V1::InstancePackages | API::Conan::V1::ProjectPackages,GET,"[""ep_9829acd05fb237b9e17882fc"",""ep_a48a86143d595ae93b993a3d"",""ep_06b5e188eaa467d0db156704"",""ep_f357ea68d0d903c72342524a""]",4
GET,/api/v4/conans/:package_name/:package_version/:package_username/:package_channel/digest,ce ee,unauthenticated,API::Conan::V1::InstancePackages | API::Conan::V1::ProjectPackages,GET,"[""ep_17b75e9b92090000dbb12693"",""ep_bd1af4cd65f1003b6257ce22"",""ep_1ee8c3e111cba99967241510"",""ep_7c997db8ddd09198b2b42fa7""]",4
GET,/api/v4/conans/:package_name/:package_version/:package_username/:package_channel/download_urls,ce ee,unauthenticated,API::Conan::V1::InstancePackages | API::Conan::V1::ProjectPackages,GET,"[""ep_5565d860dbb8d2e9365376b1"",""ep_69a20109fd8fe01cbec8df05"",""ep_3409d97fdf9a87388e18b002"",""ep_f0c693a02e8b825653af2d1f""]",4
GET,/api/v4/conans/:package_name/:package_version/:package_username/:package_channel/packages/:conan_package_reference,ce ee,conditional_anonymous,API::Conan::V1::InstancePackages | API::Conan::V1::ProjectPackages,GET,"[""ep_21bfc545870d02286e9e763a"",""ep_30d338980b0e2658a3ca0086"",""ep_2b728b3c3c21fe8e48b60204"",""ep_337f4342b6342c829d795916""]",4
GET,/api/v4/conans/:package_name/:package_version/:package_username/:package_channel/packages/:conan_package_reference/digest,ce ee,unauthenticated,API::Conan::V1::InstancePackages | API::Conan::V1::ProjectPackages,GET,"[""ep_0faf2dc394ad8279f2c653f7"",""ep_d9e94f23fa597f16af6f2d34"",""ep_5912a58dc1a71451b4679275"",""ep_a97de1569e2d7140748b82ec""]",4
GET,/api/v4/conans/:package_name/:package_version/:package_username/:package_channel/packages/:conan_package_reference/download_urls,ce ee,unauthenticated,API::Conan::V1::InstancePackages | API::Conan::V1::ProjectPackages,GET,"[""ep_994d74e975215f0a21cf1528"",""ep_f5c95eb4a27bb5438e50facd"",""ep_53febe4660ebcc20b18ef3a8"",""ep_c55edb70372f6c5d131606d5""]",4
GET,/api/v4/conans/:package_name/:package_version/:package_username/:package_channel/search,ce ee,conditional_anonymous,API::Conan::V1::InstancePackages | API::Conan::V1::ProjectPackages | API::Conan::V2::ProjectPackages,GET,"[""ep_51c05b3a187fdc305575bd96"",""ep_9fae5044b2e6ce8d6d3767be"",""ep_b99332ec20cc149e1f85fee7"",""ep_c491ceb050e7de2987efe504"",""ep_d0ad89d6c1335bda0a2d50c4"",""ep_de99f95e1d0f49f4391973ce""]",6
GET,/api/v4/conans/search,ce ee,unauthenticated,API::Conan::V1::InstancePackages | API::Conan::V1::ProjectPackages | API::Conan::V2::ProjectPackages,GET,"[""ep_44a57ec72b53072d3737b149"",""ep_7b8f82b607e489b2190eb910"",""ep_c00b5b27670918fd25d44082"",""ep_49a072d177eb60a776f4964b"",""ep_c7c42d5a07007112b2d8af1a"",""ep_ff795d66eaaf0313a95c686a""]",6
GET,/api/v4/debian_distributions,ce ee,conditional_anonymous,API::GroupDebianDistributions | API::ProjectDebianDistributions,GET,"[""ep_219e7a40c62212c0a80a56e8"",""ep_651b43c24791cb1758e97e45"",""ep_4082ae470c9925365aa5f53c"",""ep_dd0bc886780592f7596a6d67""]",4
GET,/api/v4/debian_distributions/:codename,ce ee,conditional_anonymous,API::GroupDebianDistributions | API::ProjectDebianDistributions,GET,"[""ep_33f7ddc1cf07787af02b00be"",""ep_57fdebd083947872c7178486"",""ep_a6e5237d19de87029431bc07"",""ep_cd6998ecde501dcaba66ac81""]",4
GET,/api/v4/debian_distributions/:codename/key.asc,ce ee,conditional_anonymous,API::GroupDebianDistributions | API::ProjectDebianDistributions,GET,"[""ep_125397411caecdbd5c67899d"",""ep_f9f89a4eba1df4a585a1a58e"",""ep_6a2f40c3cae54e548c36e2ed"",""ep_e89a3d0284590f8096366264""]",4
GET,/api/v4/dists/*distribution/:component/binary-:architecture/Packages,ce ee,unauthenticated,API::DebianGroupPackages | API::DebianProjectPackages,GET,"[""ep_86984d87fb46da29ed79b781"",""ep_f548bf04c7d5e725ecdf2814"",""ep_872b30b5b99cc9a533ceceeb"",""ep_953ac665a035eec0ecbaf33d""]",4
GET,/api/v4/dists/*distribution/:component/binary-:architecture/by-hash/SHA256/:file_sha256,ce ee,unauthenticated,API::DebianGroupPackages | API::DebianProjectPackages,GET,"[""ep_99c273a61ffae901db081ffb"",""ep_e02070ba8064122d3c96cd6f"",""ep_29a4e2dfe2696f18d22b9f6a"",""ep_4f70d0584a18f08eccff7488""]",4
GET,/api/v4/dists/*distribution/:component/debian-installer/binary-:architecture/Packages,ce ee,unauthenticated,API::DebianGroupPackages | API::DebianProjectPackages,GET,"[""ep_149dfbc7c1371eea02769336"",""ep_d24ee172694507410050a527"",""ep_d2c2e39b3ed2e4c14c47a6fe"",""ep_d459eebaddff2727b5b04073""]",4
GET,/api/v4/dists/*distribution/:component/debian-installer/binary-:architecture/by-hash/SHA256/:file_sha256,ce ee,unauthenticated,API::DebianGroupPackages | API::DebianProjectPackages,GET,"[""ep_4125e77b0076290c78ecfb75"",""ep_c2af2c7b52e1dc10f300222c"",""ep_9ddc52aab925fe33035347d1"",""ep_edaea0426ffcee37b1f79744""]",4
GET,/api/v4/dists/*distribution/:component/source/Sources,ce ee,unauthenticated,API::DebianGroupPackages | API::DebianProjectPackages,GET,"[""ep_3d9a734abfe3a09903c847b3"",""ep_9116445ebf4a32c67102f030"",""ep_08ba5e53e0a56c02a4f1a196"",""ep_cb3375f92f5fa8e386da70eb""]",4
GET,/api/v4/dists/*distribution/:component/source/by-hash/SHA256/:file_sha256,ce ee,unauthenticated,API::DebianGroupPackages | API::DebianProjectPackages,GET,"[""ep_0c95236caaa105f935c62923"",""ep_22cdc2ad2ece9d2ef5d9fb85"",""ep_8d1202889ba30423924bf164"",""ep_fbc2e97bc42fd27167060d43""]",4
GET,/api/v4/dists/*distribution/InRelease,ce ee,unauthenticated,API::DebianGroupPackages | API::DebianProjectPackages,GET,"[""ep_0dbb08d52636eab364ac5093"",""ep_7cb5b0d134ebf434fdf737e8"",""ep_4fb42dc9408a8d2f686bc664"",""ep_fa4f9a84250e552778a0f01b""]",4
GET,/api/v4/dists/*distribution/Release,ce ee,unauthenticated,API::DebianGroupPackages | API::DebianProjectPackages,GET,"[""ep_036b6a2ac78678dadd4606e6"",""ep_dcd9075cdc9090eb9e0339ce"",""ep_874904e534e31d790cc08349"",""ep_a4f539fc5226331dd7b2d654""]",4
GET,/api/v4/dists/*distribution/Release.gpg,ce ee,unauthenticated,API::DebianGroupPackages | API::DebianProjectPackages,GET,"[""ep_15ed2402cfddd53359dda7e3"",""ep_db510dacf4fd2aa53bf6d755"",""ep_c9764b309b25d45676b99576"",""ep_d76a6b32860f262bbe341369""]",4
GET,/api/v4/files/:package_name/:package_version/:package_username/:package_channel/:recipe_revision/export/:file_name,ce ee,unauthenticated,API::Conan::V1::InstancePackages | API::Conan::V1::ProjectPackages,GET,"[""ep_9db2fa372b62a20c37898bdd"",""ep_a9c5ee341aaa2aeb8abd814f"",""ep_4618dbd46d43d6792f2518ef"",""ep_de0938544589050c1ebb97e1""]",4
GET,/api/v4/files/:package_name/:package_version/:package_username/:package_channel/:recipe_revision/package/:conan_package_reference/:package_revision/:file_name,ce ee,unauthenticated,API::Conan::V1::InstancePackages | API::Conan::V1::ProjectPackages,GET,"[""ep_05414c992c4b61c6a9447413"",""ep_805f2cebbfddd7056df1c78f"",""ep_3538991d99d421627c9254d6"",""ep_f84d68cdc13566d062333c9b""]",4
GET,/api/v4/geo/graphql,ee,unauthenticated,GraphqlController,execute,"[""ep_c4951a1b1aef5394813a5a06""]",1
GET,/api/v4/geo/proxy,ce ee,unauthenticated,API::Geo,GET,"[""ep_b4ad94e5e5ed22638eb5869a"",""ep_c7b0c35e6310474592bf8e14""]",2
GET,/api/v4/glql/schema,ce ee,unauthenticated,API::Glql,GET,"[""ep_cc68d10533dbf4d7a0b78cee"",""ep_673d7b7d26f598c94807db43""]",2
GET,/api/v4/group/:id/-/packages/composer/*package_name,ce ee,unauthenticated,API::ComposerPackages,GET,"[""ep_9453faa971c32380b7c9dd3c"",""ep_6df848a28d25d2e5b83d9f26""]",2
GET,/api/v4/group/:id/-/packages/composer/p/:sha,ce ee,unauthenticated,API::ComposerPackages,GET,"[""ep_38da9d957b7862353fcf0a4e"",""ep_fafbb7422281c91316a82098""]",2
GET,/api/v4/group/:id/-/packages/composer/p2/*package_name,ce ee,unauthenticated,API::ComposerPackages,GET,"[""ep_92a4d6c0beda1b044f246a0a"",""ep_b5f586b07d77f1631b724609""]",2
GET,/api/v4/group/:id/-/packages/composer/packages,ce ee,unauthenticated,API::ComposerPackages,GET,"[""ep_91ce451732f29b05bcd4ad78"",""ep_6d66c75d5d76e00c3d0bb712""]",2
GET,/api/v4/groups,ce ee,unauthenticated,API::Groups,GET,"[""ep_c5b53533ed59b7b6a927833b"",""ep_b414e5b1be8070ac60ebb301""]",2
GET,/api/v4/groups/:id,ce,conditional_anonymous,API::Groups,GET,"[""ep_b7b834c9e14ed9eb02b5dabf""]",1
GET,/api/v4/groups/:id/-/epics,ee,unauthenticated,API::Epics,GET,"[""ep_d3f70c305ac11ca6259d8487""]",1
GET,/api/v4/groups/:id/-/packages/debian/pool/:distribution/:project_id/:letter/:package_name/:package_version/:file_name,ce ee,conditional_anonymous,API::DebianGroupPackages,GET,"[""ep_f053b4e88b2423eddb601c6f"",""ep_62ceaeeba3b039b7c4045083""]",2
GET,/api/v4/groups/:id/-/packages/maven/*path/:file_name,ce ee,conditional_anonymous,API::MavenPackages,GET,"[""ep_23c37f75902230a469161f69"",""ep_bb62a3f29cbf5dc1f0e6032b""]",2
GET,/api/v4/groups/:id/-/packages/pypi/files/:sha256/*file_identifier,ce ee,conditional_anonymous,API::PypiPackages,GET,"[""ep_94abece4d3c7f233ad6c7ada"",""ep_111e22ed219bc5de480d2d00""]",2
GET,/api/v4/groups/:id/-/packages/pypi/simple,ce ee,unauthenticated,API::PypiPackages,GET,"[""ep_e5043c487006f0bb203b7d99"",""ep_0cc97ea4b1e100a071f0be36""]",2
GET,/api/v4/groups/:id/-/packages/pypi/simple/*package_name,ce ee,unauthenticated,API::PypiPackages,GET,"[""ep_f223c65c19c4dca3bc48e609"",""ep_6dc2eb148489bff707ba2dd5""]",2
GET,/api/v4/groups/:id/-/work_items,ce,conditional_anonymous,API::WorkItems::List,GET,"[""ep_07fd27a5ad0af680a0653cc3""]",1
GET,/api/v4/groups/:id/avatar,ce ee,unauthenticated,API::GroupAvatar,GET,"[""ep_d27105369ccb74b2d51d3490"",""ep_cdb5d3f19638c5c0d962596c""]",2
GET,/api/v4/groups/:id/descendant_groups,ce ee,unauthenticated,API::Groups,GET,"[""ep_af117a4c2622ea167222e594"",""ep_12ada1f7703379753b5218f4""]",2
GET,/api/v4/groups/:id/dora/metrics,ee,conditional_anonymous,API::Dora::Metrics,GET,"[""ep_72539f8330c0a6f52f045520""]",1
GET,/api/v4/groups/:id/epics,ee,unauthenticated,API::Epics,GET,"[""ep_e5aaf79d5811981783072a67""]",1
GET,/api/v4/groups/:id/groups/shared,ce,conditional_anonymous,API::Groups,GET,"[""ep_1a6cb0def159324932ff2e8b""]",1
GET,/api/v4/groups/:id/invited_groups,ce,conditional_anonymous,API::Groups,GET,"[""ep_81082923ec9e16baa71ac5dc""]",1
GET,/api/v4/groups/:id/issues,ce ee,unauthenticated,API::Issues,GET,"[""ep_b781ab29648406ba528aecdb"",""ep_c7eb2903c598b9c92a25dbe5""]",2
GET,/api/v4/groups/:id/issues_statistics,ce ee,unauthenticated,API::Issues,GET,"[""ep_7a9192035482656314612265"",""ep_7e33c393cbbeb6f9ffa671dd""]",2
GET,/api/v4/groups/:id/merge_requests,ce ee,conditional_anonymous,API::MergeRequests,GET,"[""ep_5d6ea31e411c7022b8cf7032"",""ep_104e7414de5da788a2bc725b""]",2
GET,/api/v4/groups/:id/projects,ce ee,unauthenticated,API::Groups,GET,"[""ep_c43fa68849477b7d40ab664b"",""ep_ab09eb8fbd1c790934782449""]",2
GET,/api/v4/groups/:id/projects/shared,ce ee,unauthenticated,API::Groups,GET,"[""ep_57904b187f3023f9280cfbb1"",""ep_93ec4568b96062b8d2a20841""]",2
GET,/api/v4/groups/:id/registry/repositories,ce ee,conditional_anonymous,API::GroupContainerRepositories,GET,"[""ep_7dbfda7b841e1f6a5d5bf2c5"",""ep_f2102822d4ed6117171d63cf""]",2
GET,/api/v4/groups/:id/related_epic_links,ee,conditional_anonymous,API::RelatedEpicLinks,GET,"[""ep_1bb95a523c260337efee9285""]",1
GET,/api/v4/groups/:id/releases,ce ee,conditional_anonymous,API::Releases,GET,"[""ep_55b55bb982039b98df81ac7d"",""ep_e5706ae0733d8238bd7786ac""]",2
GET,/api/v4/groups/:id/subgroups,ce ee,unauthenticated,API::Groups,GET,"[""ep_ae513dc2c7659734eaa300df"",""ep_062aa09bb9c76e8ac8ce6fd1""]",2
GET,/api/v4/groups/:id/uploads/:secret/:filename,ce ee,conditional_anonymous,API::MarkdownUploads,GET,"[""ep_4b806d40d81a82f1139dc423"",""ep_9295920cb0ef9839ced4773f""]",2
GET,/api/v4/index,ce ee,unauthenticated,API::NugetGroupPackages | API::NugetProjectPackages,GET,"[""ep_284b3645000d386a1b1ab6d9"",""ep_67ba05221e7ebb8106c4049c"",""ep_58af3905dd8bb44d3f7c4601"",""ep_eb4a62f3854fff47a9e3833e""]",4
GET,/api/v4/internal/agents/agentk/agent_info,ce ee,unauthenticated,API::Internal::Kubernetes,GET,"[""ep_33cb28b04d8c961cffc55a08"",""ep_a8f078d194ac1fe162b30a51""]",2
GET,/api/v4/internal/agents/agentw/authorize_user_access,ee,unauthenticated,API::RemoteDevelopment::Internal::Agents::Agentw::AuthorizeUserAccess,GET,"[""ep_be6369c56f18aca656848616""]",1
GET,/api/v4/internal/agents/agentw/server_config,ee,unauthenticated,API::RemoteDevelopment::Internal::Agents::Agentw::ServerConfig,GET,"[""ep_b1be4fdfb43d7832e3762500""]",1
GET,/api/v4/internal/ci/agents/runner/info,ce ee,unauthenticated,API::Internal::Ci::JobRouter,GET,"[""ep_093597d6dba9f47ae44d4a4e"",""ep_8f414ebe1181bc5f26b67093""]",2
GET,/api/v4/internal/ci/agents/runnerc/info,ee,unauthenticated,API::Internal::Ci::JobRouter,GET,"[""ep_9840e27382e1ef190f3d358a""]",1
GET,/api/v4/internal/ci/job_router/runner_controllers/job_admission,ee,unauthenticated,API::Internal::Ci::JobRouter,GET,"[""ep_2bb34cca7b17be3351faa9ca""]",1
GET,/api/v4/internal/kubernetes/modules/remote_development/prerequisites,ee,unauthenticated,API::Internal::Kubernetes,GET,"[""ep_587f2ea7be42aac1e88321e1""]",1
GET,/api/v4/internal/kubernetes/modules/starboard_vulnerability/policies_configuration,ee,unauthenticated,API::Internal::Kubernetes,GET,"[""ep_c6257484c0bbd5eda62593a3""]",1
GET,/api/v4/internal/kubernetes/receptive_agents,ee,unauthenticated,API::Internal::Kubernetes,GET,"[""ep_e63c894f73d9df747dbb10ad""]",1
GET,/api/v4/internal/kubernetes/verify_project_access,ce ee,unauthenticated,API::Internal::Kubernetes,GET,"[""ep_88b93004f1a2bbc70e1a4c03"",""ep_4b432ebb2f8adf498d98c5d9""]",2
GET,/api/v4/internal/orbit/cloud_connector_token,ee,unauthenticated,API::Internal::Orbit,GET,"[""ep_976654919f6fafd308c6d661""]",1
GET,/api/v4/internal/orbit/project/:project_id/info,ee,unauthenticated,API::Internal::Orbit,GET,"[""ep_24b3dd120a0522b211cd0386""]",1
GET,/api/v4/internal/orbit/project/:project_id/merge_request_diffs/:diff_id,ee,unauthenticated,API::Internal::Orbit,GET,"[""ep_3520e67e6f43ae6263ce03ff""]",1
GET,/api/v4/internal/orbit/project/:project_id/merge_request_diffs/:diff_id/raw_diffs,ee,unauthenticated,API::Internal::Orbit,GET,"[""ep_b175744e2b4e916f6a360c58""]",1
GET,/api/v4/internal/orbit/project/:project_id/merge_requests/:merge_request_iid/raw_diffs,ee,unauthenticated,API::Internal::Orbit,GET,"[""ep_0c0ca401ad67b17342101598""]",1
GET,/api/v4/internal/orbit/project/:project_id/repository/archive,ee,unauthenticated,API::Internal::Orbit,GET,"[""ep_004887c0c87b654ab9737d21""]",1
GET,/api/v4/internal/orbit/project/:project_id/repository/branches,ee,unauthenticated,API::Internal::Orbit,GET,"[""ep_3f8bdf122c710c7e5f3a185c""]",1
GET,/api/v4/internal/orbit/project/:project_id/repository/changed_paths,ee,unauthenticated,API::Internal::Orbit,GET,"[""ep_1fa46deae90ee8bd789a9362""]",1
GET,/api/v4/internal/orbit/project/:project_id/repository/commits,ee,unauthenticated,API::Internal::Orbit,GET,"[""ep_2ee2e640f32dd5b7d461ce9a""]",1
GET,/api/v4/internal/orbit/project/:project_id/repository/tree,ee,unauthenticated,API::Internal::Orbit,GET,"[""ep_46deb3918c5b85ef2590c185""]",1
GET,/api/v4/jobs/:id/runtime_environment_key,ce ee,unauthenticated,API::Ci::Runner,GET,"[""ep_bca9d8291786be597bf13574"",""ep_ffebc20044945d745f7ed035""]",2
GET,/api/v4/jobs/:id/sbom_scans/:sbom_scan_id,ee,unauthenticated,API::Security::VulnerabilityScanning::SbomScans,GET,"[""ep_db2e89e359cdcbeaf83e30b3""]",1
GET,/api/v4/ldap/:provider/groups,ee,unauthenticated,API::Ldap,GET,"[""ep_ceb50b9fa7fc10bf75eb5b8d""]",1
GET,/api/v4/ldap/groups,ee,unauthenticated,API::Ldap,GET,"[""ep_7e2eb5e083c39c7f29c58ccc""]",1
GET,/api/v4/namespaces/:id/-/work_items,ce ee,unauthenticated,API::WorkItems::List,GET,"[""ep_b4c4d658836347c245eb19ba"",""ep_4ccd83eaa5f5685b008352f9""]",2
GET,/api/v4/packages/maven/*path/:file_name,ce ee,conditional_anonymous,API::MavenPackages,GET,"[""ep_7ba2e68a5e4da76a69a2bb03"",""ep_aa287104aa60073ed54006d8""]",2
GET,/api/v4/packages/terraform/modules/v1/:module_namespace/:module_name/:module_system,ce ee,conditional_anonymous,API::Terraform::Modules::V1::NamespacePackages,GET,"[""ep_f88f1d1f69783f0dd93ecc48"",""ep_3f5fee9b243def2d2cb326f3""]",2
GET,/api/v4/packages/terraform/modules/v1/:module_namespace/:module_name/:module_system/*module_version,ce ee,conditional_anonymous,API::Terraform::Modules::V1::NamespacePackages,GET,"[""ep_3e64d4b5cb7330921a4b7403"",""ep_38e905485a8c26a8bf12543c""]",2
GET,/api/v4/packages/terraform/modules/v1/:module_namespace/:module_name/:module_system/*module_version/download,ce ee,conditional_anonymous,API::Terraform::Modules::V1::NamespacePackages,GET,"[""ep_9381bb3d8f1841106d5c479d"",""ep_d60c78a6740a719dd3065000""]",2
GET,/api/v4/packages/terraform/modules/v1/:module_namespace/:module_name/:module_system/*module_version/file,ce ee,conditional_anonymous,API::Terraform::Modules::V1::NamespacePackages,GET,"[""ep_74864c4a30cf5022f71f92cb"",""ep_2c59f6c57977eb2aefb1b982""]",2
GET,/api/v4/packages/terraform/modules/v1/:module_namespace/:module_name/:module_system/download,ce ee,conditional_anonymous,API::Terraform::Modules::V1::NamespacePackages,GET,"[""ep_62b5845d4d9b39dbf11e8a18"",""ep_7a292b1c8acf9dfee733d2e6""]",2
GET,/api/v4/packages/terraform/modules/v1/:module_namespace/:module_name/:module_system/versions,ce ee,conditional_anonymous,API::Terraform::Modules::V1::NamespacePackages,GET,"[""ep_06be57eba434b72e69b5c82d"",""ep_b53a5a72a0214449ba9ddd5d""]",2
GET,/api/v4/ping,ce ee,unauthenticated,API::Conan::V1::InstancePackages | API::Conan::V1::ProjectPackages,GET,"[""ep_2127bd4dc8a0dee658271f5b"",""ep_47cc35f1ec7490bca02ddee9"",""ep_25fac3da2d6dbf53cd4cde59"",""ep_63e4c5d9382ef9386dc02897""]",4
GET,/api/v4/projects,ce ee,unauthenticated,API::Projects,GET,"[""ep_6274d820e3b127999129400e"",""ep_423ca295dd1d20f2f434ab6a""]",2
GET,/api/v4/projects/:id,ce ee,conditional_anonymous,API::Projects,GET,"[""ep_b0901f46394c89fb9af80808"",""ep_3a9deabd3cc0588384a2d6d6""]",2
GET,/api/v4/projects/:id/-/work_items,ce ee,conditional_anonymous,API::WorkItems::List,GET,"[""ep_69cc532a6aa15255da86f84e"",""ep_a9dd4054a27a194bf6482dd1""]",2
GET,/api/v4/projects/:id/avatar,ce ee,unauthenticated,API::ProjectAvatar,GET,"[""ep_8901a5db914e7d93cbb89126"",""ep_cdbb47a4c0b3b8d9fece72c4""]",2
GET,/api/v4/projects/:id/ci/lint,ce ee,conditional_anonymous,API::Lint,GET,"[""ep_344633caa70f9def196643ce"",""ep_6f6968f5133bf01f9368f29a""]",2
GET,/api/v4/projects/:id/dependency_proxy/packages/maven/*path/:file_name,ee,unauthenticated,API::DependencyProxy::Packages::Maven,GET,"[""ep_87b6e407f2f9b07aa785d0c6""]",1
GET,/api/v4/projects/:id/dependency_proxy/packages/npm/*package_name/-/*file_name,ee,unauthenticated,API::DependencyProxy::Packages::Npm,GET,"[""ep_cf9e85367dbbd40875936e2b""]",1
GET,/api/v4/projects/:id/dora/metrics,ee,conditional_anonymous,API::Dora::Metrics,GET,"[""ep_f2de8ff18c952dfdde34841d""]",1
GET,/api/v4/projects/:id/events,ce ee,conditional_anonymous,API::ProjectEvents,GET,"[""ep_ff9067d30eff07f617f21373"",""ep_0fec102790360a661499c191""]",2
GET,/api/v4/projects/:id/forks,ce ee,conditional_anonymous,API::Projects,GET,"[""ep_aa4aea204d69265ab67d136e"",""ep_d427becd642b6e7e2496391f""]",2
GET,/api/v4/projects/:id/groups,ce ee,unauthenticated,API::Projects,GET,"[""ep_1b30b39a70125c558db6d091"",""ep_43ee38f25467cae6dd62a755""]",2
GET,/api/v4/projects/:id/invited_groups,ce ee,conditional_anonymous,API::Projects,GET,"[""ep_99e42499207e02434349e702"",""ep_0881622044077b6a88415bb5""]",2
GET,/api/v4/projects/:id/issues,ce ee,unauthenticated,API::Issues,GET,"[""ep_ac421728cae33682d3236f36"",""ep_2d4b4174ff54da9b79b80a3f""]",2
GET,/api/v4/projects/:id/issues/:issue_iid,ce ee,unauthenticated,API::Issues,GET,"[""ep_e650585bb5636a8625843caf"",""ep_805257f274f878b62a4cdc4d""]",2
GET,/api/v4/projects/:id/issues/:issue_iid/closed_by,ce ee,unauthenticated,API::Issues,GET,"[""ep_6e5a97a7366f49c17f2b54d3"",""ep_a12275300f77397eb43be182""]",2
GET,/api/v4/projects/:id/issues/:issue_iid/metric_images,ee,conditional_anonymous,API::Issues,GET,"[""ep_465272112a1a863a97832b72""]",1
GET,/api/v4/projects/:id/issues/:issue_iid/participants,ce ee,unauthenticated,API::Issues,GET,"[""ep_46e7b19e5911651245452020"",""ep_95d7bf829b008eac4a867f59""]",2
GET,/api/v4/projects/:id/issues/:issue_iid/related_merge_requests,ce ee,unauthenticated,API::Issues,GET,"[""ep_bb6efff622cc4d44dbd58058"",""ep_93b17bd9f5a05c3b18aab51c""]",2
GET,/api/v4/projects/:id/issues_statistics,ce ee,unauthenticated,API::Issues,GET,"[""ep_d8f3c2a2ae12e9ceed285870"",""ep_3f62c8fbb469cf971b1a08e5""]",2
GET,/api/v4/projects/:id/languages,ce ee,conditional_anonymous,API::Projects,GET,"[""ep_6780b1a455d61be1ab0836bf"",""ep_4bd17be61c71e2f470c75f26""]",2
GET,/api/v4/projects/:id/merge_requests,ce ee,conditional_anonymous,API::MergeRequests,GET,"[""ep_27d433dd485b28a92825acd3"",""ep_390754a550c0055e76b004e4""]",2
GET,/api/v4/projects/:id/merge_requests/:merge_request_iid,ce ee,unauthenticated,API::MergeRequests,GET,"[""ep_a25af8eb98e27fec3e8ea317"",""ep_adaf333a8bd4ceef21543933""]",2
GET,/api/v4/projects/:id/merge_requests/:merge_request_iid/approval_rules,ee,unauthenticated,API::MergeRequestApprovalRules,GET,"[""ep_a9c5b9346216b52f01da3fad""]",1
GET,/api/v4/projects/:id/merge_requests/:merge_request_iid/approval_rules/:approval_rule_id,ee,unauthenticated,API::MergeRequestApprovalRules,GET,"[""ep_fbcd2eac23457ce0dc920285""]",1
GET,/api/v4/projects/:id/merge_requests/:merge_request_iid/approval_settings,ee,unauthenticated,API::MergeRequestApprovals,GET,"[""ep_dd1c64ea6ad3d46e42bd0b97""]",1
GET,/api/v4/projects/:id/merge_requests/:merge_request_iid/approval_state,ee,unauthenticated,API::MergeRequestApprovals,GET,"[""ep_68825eeec42f3b057e845adc""]",1
GET,/api/v4/projects/:id/merge_requests/:merge_request_iid/approvals,ce ee,unauthenticated,API::MergeRequestApprovals,GET,"[""ep_9fd30c7e3a3a25e1d7cc3ff3"",""ep_ee12efa42b89351e25dd0d34""]",2
GET,/api/v4/projects/:id/merge_requests/:merge_request_iid/blockees,ee,unauthenticated,API::MergeRequestDependencies,GET,"[""ep_0eb2438c30b1573eeea4a43b""]",1
GET,/api/v4/projects/:id/merge_requests/:merge_request_iid/blocks,ee,unauthenticated,API::MergeRequestDependencies,GET,"[""ep_548c2bf50145383add6f7580""]",1
GET,/api/v4/projects/:id/merge_requests/:merge_request_iid/blocks/:block_id,ee,unauthenticated,API::MergeRequestDependencies,GET,"[""ep_9c84fe897df552ce0ec4e3fa""]",1
GET,/api/v4/projects/:id/merge_requests/:merge_request_iid/changes,ce ee,unauthenticated,API::MergeRequests,GET,"[""ep_623eeb2a48d94fa1ff8ce388"",""ep_1db313a122a66475dd199a8c""]",2
GET,/api/v4/projects/:id/merge_requests/:merge_request_iid/closes_issues,ce ee,unauthenticated,API::MergeRequests,GET,"[""ep_d7c9e5b9a2e6258448ade26d"",""ep_3326c0ac0511487db24e36c4""]",2
GET,/api/v4/projects/:id/merge_requests/:merge_request_iid/commits,ce ee,unauthenticated,API::MergeRequests,GET,"[""ep_d1fadaaa9a59fda20d016ad6"",""ep_d4e8e75f45934cb70ec4716f""]",2
GET,/api/v4/projects/:id/merge_requests/:merge_request_iid/context_commits,ce ee,unauthenticated,API::MergeRequests,GET,"[""ep_4669d43104f9470372b6818a"",""ep_ca3fa2e863311f3e7fcac504""]",2
GET,/api/v4/projects/:id/merge_requests/:merge_request_iid/diffs,ce ee,conditional_anonymous,API::MergeRequests,GET,"[""ep_1086a77f3beaf542dacce954"",""ep_0c7f84d10f8ed87f651b76ec""]",2
GET,/api/v4/projects/:id/merge_requests/:merge_request_iid/merge_ref,ce ee,unauthenticated,API::MergeRequests,GET,"[""ep_a647df6871a0a3e1eeced063"",""ep_cf36703cccf0b2543a54c459""]",2
GET,/api/v4/projects/:id/merge_requests/:merge_request_iid/participants,ce ee,unauthenticated,API::MergeRequests,GET,"[""ep_8e841bbaad36cb99571560ac"",""ep_7abb5b32ee48ea507364ff87""]",2
GET,/api/v4/projects/:id/merge_requests/:merge_request_iid/pipelines,ce ee,unauthenticated,API::MergeRequests,GET,"[""ep_1c08eab68e2e1ca5c4ef539f"",""ep_618de29cdb7357b141059b61""]",2
GET,/api/v4/projects/:id/merge_requests/:merge_request_iid/raw_diffs,ce ee,unauthenticated,API::MergeRequests,GET,"[""ep_e4a9412aca64073fa962993e"",""ep_badac6dcda21a352d64c7c2d""]",2
GET,/api/v4/projects/:id/merge_requests/:merge_request_iid/related_issues,ce ee,unauthenticated,API::MergeRequests,GET,"[""ep_f5eb3e9fe47af90afb04e66f"",""ep_637d8faca67c3f109d7ca372""]",2
GET,/api/v4/projects/:id/merge_requests/:merge_request_iid/reviewers,ce ee,unauthenticated,API::MergeRequests,GET,"[""ep_8c9c6b4220ae09e4596fd6a0"",""ep_27997358241ef81b231ad281""]",2
GET,/api/v4/projects/:id/packages/cargo/1/:package_name,ce ee,conditional_anonymous,API::CargoProjectPackages,GET,"[""ep_822ec311dc9aeda82d7f027a"",""ep_9e7c13c83335f1de29a95476""]",2
GET,/api/v4/projects/:id/packages/cargo/2/:package_name,ce ee,conditional_anonymous,API::CargoProjectPackages,GET,"[""ep_9998f9d0234465d6223d9b91"",""ep_b3753b8265a7564068c37857""]",2
GET,/api/v4/projects/:id/packages/cargo/3/:first_char/:package_name,ce ee,conditional_anonymous,API::CargoProjectPackages,GET,"[""ep_a55de48378e72b4696a31415"",""ep_2f49ba85c3948d05cb710524""]",2
GET,/api/v4/projects/:id/packages/cargo/:package_name/:package_version/download,ce ee,conditional_anonymous,API::CargoProjectPackages,GET,"[""ep_03c2c714220b36491ed0c6ab"",""ep_4be0357d0276cb2b1649b75f""]",2
GET,/api/v4/projects/:id/packages/cargo/:prefix_1/:prefix_2/:package_name,ce ee,conditional_anonymous,API::CargoProjectPackages,GET,"[""ep_28d46957a823af6314d1d67f"",""ep_3436520655a7a1f40fda6dbd""]",2
GET,/api/v4/projects/:id/packages/cargo/config.json,ce ee,conditional_anonymous,API::CargoProjectPackages,GET,"[""ep_4d909ea30ade9626f330e394"",""ep_3afe1a3e9bb6b6d0d288d87b""]",2
GET,/api/v4/projects/:id/packages/composer/archives/*package_name,ce ee,unauthenticated,API::ComposerPackages,GET,"[""ep_81298c3fe689eedd9dc9982e"",""ep_b55e5ed6e627c4029fe4289b""]",2
GET,/api/v4/projects/:id/packages/conan/v2/conans/:package_name/:package_version/:package_username/:package_channel/latest,ce ee,unauthenticated,API::Conan::V2::ProjectPackages,GET,"[""ep_9c535882ebcb02e46b19bc5a"",""ep_fde05ff0da67abe1d300ce55""]",2
GET,/api/v4/projects/:id/packages/conan/v2/conans/:package_name/:package_version/:package_username/:package_channel/revisions,ce ee,unauthenticated,API::Conan::V2::ProjectPackages,GET,"[""ep_77bcdbf894f1c25772d1de17"",""ep_99a2f93f3e5bee221123cd70""]",2
GET,/api/v4/projects/:id/packages/conan/v2/conans/:package_name/:package_version/:package_username/:package_channel/revisions/:recipe_revision/files,ce ee,unauthenticated,API::Conan::V2::ProjectPackages,GET,"[""ep_b8e42e465e600b793d8f07a7"",""ep_c0f860f24046c55b402940fa""]",2
GET,/api/v4/projects/:id/packages/conan/v2/conans/:package_name/:package_version/:package_username/:package_channel/revisions/:recipe_revision/files/:file_name,ce ee,unauthenticated,API::Conan::V2::ProjectPackages,GET,"[""ep_8c965500cda5fe2ef9e286ef"",""ep_1e8edc7549f1e402f4b1124a""]",2
GET,/api/v4/projects/:id/packages/conan/v2/conans/:package_name/:package_version/:package_username/:package_channel/revisions/:recipe_revision/packages/:conan_package_reference/latest,ce ee,unauthenticated,API::Conan::V2::ProjectPackages,GET,"[""ep_6abd6ce3ef2ab86768e26fc8"",""ep_db83ff2a39738228385a84a1""]",2
GET,/api/v4/projects/:id/packages/conan/v2/conans/:package_name/:package_version/:package_username/:package_channel/revisions/:recipe_revision/packages/:conan_package_reference/revisions,ce ee,unauthenticated,API::Conan::V2::ProjectPackages,GET,"[""ep_d4257dd504e036a616ed164d"",""ep_343a9e922b1e76e06b114748""]",2
GET,/api/v4/projects/:id/packages/conan/v2/conans/:package_name/:package_version/:package_username/:package_channel/revisions/:recipe_revision/packages/:conan_package_reference/revisions/:package_revision/files,ce ee,unauthenticated,API::Conan::V2::ProjectPackages,GET,"[""ep_70cc9b4421af8d2ead3b6623"",""ep_e93d6bfb70a90f40ad05d2cd""]",2
GET,/api/v4/projects/:id/packages/conan/v2/conans/:package_name/:package_version/:package_username/:package_channel/revisions/:recipe_revision/packages/:conan_package_reference/revisions/:package_revision/files/:file_name,ce ee,unauthenticated,API::Conan::V2::ProjectPackages,GET,"[""ep_c7b49753600a93042201d41d"",""ep_756dd71aaef11f950a7511b2""]",2
GET,/api/v4/projects/:id/packages/conan/v2/conans/:package_name/:package_version/:package_username/:package_channel/revisions/:recipe_revision/search,ce ee,conditional_anonymous,API::Conan::V2::ProjectPackages,GET,"[""ep_7910a18385d0fa33e687b364"",""ep_80000595168626139fd3e2fb""]",2
GET,/api/v4/projects/:id/packages/debian/pool/:distribution/:letter/:package_name/:package_version/:file_name,ce ee,conditional_anonymous,API::DebianProjectPackages,GET,"[""ep_98074b2fb38d6a79310a2833"",""ep_cfacb6e2d07d30cc580ac9e5""]",2
GET,/api/v4/projects/:id/packages/generic/:package_name/*package_version/(*path/):file_name,ce ee,conditional_anonymous,API::GenericPackages,GET,"[""ep_7ca04bc27838e5b63c2d05c5"",""ep_3cd7b14ff9d7b9a08f3d82c6""]",2
GET,/api/v4/projects/:id/packages/go/*module_name/@v/:module_version.info,ce ee,conditional_anonymous,API::GoProxy,GET,"[""ep_18311e750df0e81584c7a407"",""ep_64e46d64fe0afcc2579f97c2""]",2
GET,/api/v4/projects/:id/packages/go/*module_name/@v/:module_version.mod,ce ee,conditional_anonymous,API::GoProxy,GET,"[""ep_0b9a36bf43468512d372a5d0"",""ep_165cd0e927aed51337283ba3""]",2
GET,/api/v4/projects/:id/packages/go/*module_name/@v/:module_version.zip,ce ee,conditional_anonymous,API::GoProxy,GET,"[""ep_22b0fa19b042ca0ccf5666a8"",""ep_61e7401ba45e8bc09cb484bd""]",2
GET,/api/v4/projects/:id/packages/go/*module_name/@v/list,ce ee,conditional_anonymous,API::GoProxy,GET,"[""ep_4cde9be5d5ee809144e118f5"",""ep_187ae235f9ace696f061e8ea""]",2
GET,/api/v4/projects/:id/packages/helm/:channel/charts/:file_name.tgz,ce ee,conditional_anonymous,API::HelmPackages,GET,"[""ep_b3f6b108670f9cb74b63a14c"",""ep_b313ecef0bd9b7a5ec0c2ba9""]",2
GET,/api/v4/projects/:id/packages/helm/:channel/index.yaml,ce ee,conditional_anonymous,API::HelmPackages,GET,"[""ep_ce4f4e713472b255de7fb069"",""ep_7c095cabaf0bf9ba40736248""]",2
GET,/api/v4/projects/:id/packages/maven/*path/:file_name,ce ee,conditional_anonymous,API::MavenPackages,GET,"[""ep_4d8c1e2d0dac0b4386059cb7"",""ep_3981215fc700c4f48908f51a""]",2
GET,/api/v4/projects/:id/packages/npm/*package_name,ce ee,unauthenticated,API::NpmProjectPackages,GET,"[""ep_fa9ec483a973d41ded56c821"",""ep_d2d9affb0b19311f00e4d8fa""]",2
GET,/api/v4/projects/:id/packages/npm/*package_name/-/*file_name,ce ee,conditional_anonymous,API::NpmProjectPackages,GET,"[""ep_312ecbed4f5ecffbe006bab5"",""ep_87fcdd56409a5e57f25ce2d3""]",2
GET,/api/v4/projects/:id/packages/nuget/download/*package_name/*package_version/*package_filename,ce ee,conditional_anonymous,API::NugetProjectPackages,GET,"[""ep_73f8541d38b3050f9cd80a08"",""ep_51a437214dbb7bf12c829fa2""]",2
GET,/api/v4/projects/:id/packages/nuget/download/*package_name/index,ce ee,conditional_anonymous,API::NugetProjectPackages,GET,"[""ep_c9d91afdab64f4beff0e702d"",""ep_e7448fea55d449bb3bc07856""]",2
GET,/api/v4/projects/:id/packages/pypi/files/:sha256/*file_identifier,ce ee,unauthenticated,API::PypiPackages,GET,"[""ep_a099529531b23f25d9b8067d"",""ep_36116b2f53726d26b86d8dbb""]",2
GET,/api/v4/projects/:id/packages/pypi/forward/:package_name/*upstream_path,ce ee,unauthenticated,API::PypiPackages,GET,"[""ep_ae2650a8d03b3baae58624bb"",""ep_42ee6eba2d204f11d225b6ba""]",2
GET,/api/v4/projects/:id/packages/pypi/simple,ce ee,unauthenticated,API::PypiPackages,GET,"[""ep_2b4cc61cfadd02b5040d152a"",""ep_b157e4d14310763bd30e7090""]",2
GET,/api/v4/projects/:id/packages/pypi/simple/*package_name,ce ee,unauthenticated,API::PypiPackages,GET,"[""ep_205afcfcde8262b163ba552b"",""ep_fc84782d2475e5828e956092""]",2
GET,/api/v4/projects/:id/packages/rpm/*package_file_id/*file_name,ce ee,conditional_anonymous,API::RpmProjectPackages,GET,"[""ep_164ab842c8dc0d441b176014"",""ep_0ec707be4d74600b58372d0d""]",2
GET,/api/v4/projects/:id/packages/rpm/repodata/*file_name,ce ee,conditional_anonymous,API::RpmProjectPackages,GET,"[""ep_233b85ee144665f70f6ec680"",""ep_154048a258397257c47bed3c""]",2
GET,/api/v4/projects/:id/packages/rubygems/:file_name,ce ee,conditional_anonymous,API::RubygemPackages,GET,"[""ep_d4fc624223ec548435a18c99"",""ep_3f4944cc0232677b4e4d98c9""]",2
GET,/api/v4/projects/:id/packages/rubygems/api/v1/dependencies,ce ee,conditional_anonymous,API::RubygemPackages,GET,"[""ep_27f9c25311461ad2feaba2ae"",""ep_d07e3d2fcc3e4c20bd7e4a87""]",2
GET,/api/v4/projects/:id/packages/rubygems/gems/:file_name,ce ee,conditional_anonymous,API::RubygemPackages,GET,"[""ep_1558a90922d805be81e5265d"",""ep_5136d80e9646acc3b70869ae""]",2
GET,/api/v4/projects/:id/packages/terraform/modules/:module_name/:module_system,ce ee,unauthenticated,API::Terraform::Modules::V1::ProjectPackages,GET,"[""ep_e0b8674236ed71d98d1a2013"",""ep_18e4e1c3469ce36e94943555""]",2
GET,/api/v4/projects/:id/packages/terraform/modules/:module_name/:module_system/*module_version,ce ee,unauthenticated,API::Terraform::Modules::V1::ProjectPackages,GET,"[""ep_021cdbe9ed3b14ce6ced077f"",""ep_13fb167546c079c1857e93ed""]",2
GET,/api/v4/projects/:id/pipelines,ce ee,conditional_anonymous,API::Ci::Pipelines,GET,"[""ep_c4e3898b91315061af3df53e"",""ep_53602a7909f8dc40aeb52c52""]",2
GET,/api/v4/projects/:id/pipelines/:pipeline_id,ce ee,conditional_anonymous,API::Ci::Pipelines,GET,"[""ep_237f3a677158314fd459c23e"",""ep_68acd81d90f7d3d88a8ff4f8""]",2
GET,/api/v4/projects/:id/pipelines/:pipeline_id/bridges,ce ee,unauthenticated,API::Ci::Pipelines,GET,"[""ep_7f10ca293e2d854c595be408"",""ep_8284c59f9efe50cc48365ea2""]",2
GET,/api/v4/projects/:id/pipelines/:pipeline_id/jobs,ce ee,conditional_anonymous,API::Ci::Pipelines,GET,"[""ep_d8f65a38b508162b84d01d2e"",""ep_c570f425b4d9accfdc19e7ad""]",2
GET,/api/v4/projects/:id/pipelines/:pipeline_id/test_report,ce ee,conditional_anonymous,API::Ci::Pipelines,GET,"[""ep_441ffdb4615a642ba051828e"",""ep_cd69988174e373d2f970d519""]",2
GET,/api/v4/projects/:id/pipelines/:pipeline_id/test_report_summary,ce ee,conditional_anonymous,API::Ci::Pipelines,GET,"[""ep_a0cac3e45d9d26c35ca20f89"",""ep_e5a76f3bea5f80ac0094edb7""]",2
GET,/api/v4/projects/:id/pipelines/:pipeline_id/trigger_jobs,ce ee,unauthenticated,API::Ci::Pipelines,GET,"[""ep_fcc604d57fc03a4e3f2fe1c2"",""ep_a2af29bebab8db1f3ee40321""]",2
GET,/api/v4/projects/:id/pipelines/latest,ce ee,conditional_anonymous,API::Ci::Pipelines,GET,"[""ep_f84758a6a18d2c7150d0060b"",""ep_96dcf4daecf02e728e21237e""]",2
GET,/api/v4/projects/:id/protected_branches,ce ee,conditional_anonymous,API::ProtectedBranches,GET,"[""ep_e209cd3f0d6ff7eccf51b627"",""ep_2d8f0ff6f2144c4ba8136ea3""]",2
GET,/api/v4/projects/:id/protected_branches/:name,ce ee,conditional_anonymous,API::ProtectedBranches,GET,"[""ep_200416e3c316980837b48038"",""ep_8f81f96c1a1b5a2744f44143""]",2
GET,/api/v4/projects/:id/releases,ce ee,conditional_anonymous,API::Releases,GET,"[""ep_0f05dbdc4cf60df828e04773"",""ep_8a3233fd24d648bdd8b93300""]",2
GET,/api/v4/projects/:id/releases/:tag_name,ce ee,conditional_anonymous,API::Releases,GET,"[""ep_04e9812f1e8a80761b851a97"",""ep_4573d734e65cc835464a079f""]",2
GET,/api/v4/projects/:id/releases/:tag_name/assets/links,ce ee,conditional_anonymous,API::Release::Links,GET,"[""ep_1e9a3480b0e070bcec321325"",""ep_3190879fe7e3aee48e677149""]",2
GET,/api/v4/projects/:id/releases/:tag_name/assets/links/:link_id,ce ee,conditional_anonymous,API::Release::Links,GET,"[""ep_a081c7885b3a5ea5d2f77532"",""ep_859a685c4612febb4d1350dc""]",2
GET,/api/v4/projects/:id/releases/:tag_name/downloads/*direct_asset_path,ce ee,conditional_anonymous,API::Releases,GET,"[""ep_8600086a67459fa5afb48140"",""ep_b687872f570e99ca64125c4c""]",2
GET,/api/v4/projects/:id/releases/permalink/latest(/)(*suffix_path),ce ee,conditional_anonymous,API::Releases,GET,"[""ep_0dfe46a3d0d9a646b0dabb4d"",""ep_f95b609a1dbf1da75f6f1c96""]",2
GET,/api/v4/projects/:id/repository/archive,ce ee,conditional_anonymous,API::Repositories,GET,"[""ep_fe4ede97d074329516640772"",""ep_58220ac55222007785cedccd""]",2
GET,/api/v4/projects/:id/repository/blobs/:sha,ce ee,conditional_anonymous,API::Repositories,GET,"[""ep_abec2de0a3a75d936533de6f"",""ep_1214d1107a4100e5a6cd4cd1""]",2
GET,/api/v4/projects/:id/repository/blobs/:sha/raw,ce ee,conditional_anonymous,API::Repositories,GET,"[""ep_129d415ae049386619fe09d9"",""ep_33915948442343d3cb710aa4""]",2
GET,/api/v4/projects/:id/repository/branches,ce ee,conditional_anonymous,API::Branches,GET,"[""ep_c28967b76f7580767df16122"",""ep_d95cd96de2357655e8610129""]",2
GET,/api/v4/projects/:id/repository/branches/:branch,ce ee,conditional_anonymous,API::Branches,GET,"[""ep_867bde4393ba216aeb5c212b"",""ep_50fc359e4e20d4122f0e01fd""]",2
GET,/api/v4/projects/:id/repository/changelog,ce ee,conditional_anonymous,API::Repositories,GET,"[""ep_e3ac51af6fcd0d836ed499ad"",""ep_80dc8ae20164446b7b32b138""]",2
GET,/api/v4/projects/:id/repository/commits,ce ee,conditional_anonymous,API::Commits,GET,"[""ep_709bea6fc82f9fadc83ef580"",""ep_bafbec7ef9719477ce1720cd""]",2
GET,/api/v4/projects/:id/repository/commits/:sha,ce ee,conditional_anonymous,API::Commits,GET,"[""ep_0808d5122cd940f3149c4e68"",""ep_454519b8e0def2d2f0a1c715""]",2
GET,/api/v4/projects/:id/repository/commits/:sha/comments,ce ee,conditional_anonymous,API::Commits,GET,"[""ep_479188aef167e06578a5746d"",""ep_fdaf05cdf1c30dc32780b0aa""]",2
GET,/api/v4/projects/:id/repository/commits/:sha/diff,ce ee,conditional_anonymous,API::Commits,GET,"[""ep_403635e2d6ec6f853717649a"",""ep_08511f09bcace787b242e6fd""]",2
GET,/api/v4/projects/:id/repository/commits/:sha/merge_requests,ce ee,conditional_anonymous,API::Commits,GET,"[""ep_9ba98328829dda3c1cfba7bd"",""ep_3c61dade8def27f41fec7152""]",2
GET,/api/v4/projects/:id/repository/commits/:sha/refs,ce ee,conditional_anonymous,API::Commits,GET,"[""ep_e25144a6ba431882a6e0e388"",""ep_c719abbd0cbd5fbde35d8239""]",2
GET,/api/v4/projects/:id/repository/commits/:sha/sequence,ce ee,conditional_anonymous,API::Commits,GET,"[""ep_247681f7e83b2cde4b736379"",""ep_a88f14f7c4cc1609d06cc36d""]",2
GET,/api/v4/projects/:id/repository/commits/:sha/signature,ce ee,conditional_anonymous,API::Commits,GET,"[""ep_10854e354c20720eb031eff3"",""ep_b947fbe1369d3f2ce0591109""]",2
GET,/api/v4/projects/:id/repository/compare,ce ee,conditional_anonymous,API::Repositories,GET,"[""ep_078001ea6bf3a3d92082bc33"",""ep_1dee460f87f52d48c63a84b1""]",2
GET,/api/v4/projects/:id/repository/contributors,ce ee,conditional_anonymous,API::Repositories,GET,"[""ep_6c6567ecb500aba11f80a688"",""ep_6349454820d6c946b234e58e""]",2
GET,/api/v4/projects/:id/repository/files/:file_path,ce ee,unauthenticated,API::Files,GET,"[""ep_ed5ddc9221cd03f9335aef1b"",""ep_17bc6158e6a5eaa34345c63f""]",2
GET,/api/v4/projects/:id/repository/files/:file_path/blame,ce ee,unauthenticated,API::Files,GET,"[""ep_f19664550734bc9f5374cd3b"",""ep_621b79aa2cb8e4b9a4aa6f3b""]",2
GET,/api/v4/projects/:id/repository/files/:file_path/raw,ce ee,unauthenticated,API::Files,GET,"[""ep_8e3d3b6c0ddaaa98eeb02c9e"",""ep_a361be6e185b32eaff374ab2""]",2
GET,/api/v4/projects/:id/repository/merge_base,ce ee,conditional_anonymous,API::Repositories,GET,"[""ep_65ae903a29a3c0b730880467"",""ep_7964f9fb5312056b924c2c27""]",2
GET,/api/v4/projects/:id/repository/tags,ce ee,conditional_anonymous,API::Tags,GET,"[""ep_3ac675824201310785273f29"",""ep_693c2ea1dece50f21938a7d5""]",2
GET,/api/v4/projects/:id/repository/tags/:tag_name,ce ee,conditional_anonymous,API::Tags,GET,"[""ep_fa4e2d5c920abdf770df0119"",""ep_30ae81371ff22ca98eccd599""]",2
GET,/api/v4/projects/:id/repository/tags/:tag_name/signature,ce ee,conditional_anonymous,API::Tags,GET,"[""ep_5a06ed3d9702763bb84f2cf7"",""ep_fadadb694db9527cb55965d9""]",2
GET,/api/v4/projects/:id/repository/tree,ce ee,conditional_anonymous,API::Repositories,GET,"[""ep_e871ced1342447b90c55d060"",""ep_19e2ea808a9c406f90ae10be""]",2
GET,/api/v4/projects/:id/share_locations,ce ee,conditional_anonymous,API::Projects,GET,"[""ep_871ae9cff055aa41db714974"",""ep_4019e0b8de297a7b9f5d727d""]",2
GET,/api/v4/projects/:id/snippets/:snippet_id,ce ee,unauthenticated,API::ProjectSnippets,GET,"[""ep_68e98851e8b4dc75bddce853"",""ep_6eb3aa8a94faaf4d10c98d9a""]",2
GET,/api/v4/projects/:id/snippets/:snippet_id/files/:ref/:file_path/raw,ce ee,unauthenticated,API::ProjectSnippets,GET,"[""ep_3efdc3e77cb1a3270336ba87"",""ep_3e4c0644a8ff6099ffb3395d""]",2
GET,/api/v4/projects/:id/snippets/:snippet_id/raw,ce ee,unauthenticated,API::ProjectSnippets,GET,"[""ep_e1343ca4f8e7010e08b8205d"",""ep_21a79b357e9d1cf52c8dba34""]",2
GET,/api/v4/projects/:id/starrers,ce ee,conditional_anonymous,API::Projects,GET,"[""ep_6fd5fb0ccccdbb21559254c4"",""ep_fc9c8a9a8948e7d1ac305d8a""]",2
GET,/api/v4/projects/:id/uploads/:secret/:filename,ce ee,conditional_anonymous,API::MarkdownUploads,GET,"[""ep_57701cb93260b15e5e08f5ae"",""ep_619697a7a8f867abfc17f606""]",2
GET,/api/v4/projects/:id/users,ce ee,unauthenticated,API::Projects,GET,"[""ep_4a65a18d9541899332c678ac"",""ep_0d1bb962761cbc3e85f8f709""]",2
GET,/api/v4/projects/:project_id/packages/nuget/v2/FindPackagesById\(\),ce ee,unauthenticated,API::NugetProjectPackages,GET,"[""ep_d2af90114f6af12fb73898a9"",""ep_4bae31db59f3cf2a30e48072""]",2
GET,"/api/v4/projects/:project_id/packages/nuget/v2/Packages\(Id=\'*package_name\',Version=\'*package_version\'\)",ce ee,unauthenticated,API::NugetProjectPackages,GET,"[""ep_a6d79efceb8d9d5e45bbffcf"",""ep_8cc6e80a385baab6e1c6f06c""]",2
GET,/api/v4/projects/:project_id/packages/nuget/v2/Packages\(\),ce ee,unauthenticated,API::NugetProjectPackages,GET,"[""ep_90888292ef45e7c934705373"",""ep_27d7e8a1b9cf1bee04d6b546""]",2
GET,/api/v4/runners/router/discovery,ce ee,unauthenticated,API::Ci::Runner,GET,"[""ep_48b0ebbb402e924c44c91d98"",""ep_11aeb6cf07d3434783075d8f""]",2
GET,/api/v4/security/policy_store/actions,ee,unauthenticated,API::Govern::Policies,GET,"[""ep_b8e2cec9480e56f0d15ea50f""]",1
GET,/api/v4/security/policy_store/rules,ee,unauthenticated,API::Govern::Policies,GET,"[""ep_fdb7f6cf2f2cea6ee3b9d8a7""]",1
GET,/api/v4/security/policy_store/triggers,ee,unauthenticated,API::Govern::Policies,GET,"[""ep_8b1c890ebdac3ca96ab1eecc""]",1
GET,/api/v4/snippets/:id,ce ee,unauthenticated,API::Snippets,GET,"[""ep_56e68e6293c23691d1d36162"",""ep_1e5a0356defbe37ddf3f9d29""]",2
GET,/api/v4/snippets/:id/files/:ref/:file_path/raw,ce ee,unauthenticated,API::Snippets,GET,"[""ep_6887ab3d506e2a8eed37f056"",""ep_a6dff83a940398e6cda3540a""]",2
GET,/api/v4/snippets/:id/raw,ce ee,unauthenticated,API::Snippets,GET,"[""ep_90ec772ed29d37360a9639fb"",""ep_04dd8d51a2d4660f75a98894""]",2
GET,/api/v4/symbolfiles/*file_name/*signature/*same_file_name,ce ee,unauthenticated,API::NugetGroupPackages | API::NugetProjectPackages,GET,"[""ep_75a81f90ac4eff7c754aa125"",""ep_ac098c3148a28a69f803e1ee"",""ep_0488410a52f9674bbce5a75b"",""ep_9a1f268cb6b114defcb16c80""]",4
GET,/api/v4/templates/licenses,ce ee,unauthenticated,API::Templates,GET,"[""ep_b577ad0da62f012f9a4555cb"",""ep_d8dde770bf2d79bb2ee97612""]",2
GET,/api/v4/templates/licenses/:name,ce ee,unauthenticated,API::Templates,GET,"[""ep_e7458046a56ea0d676067dd8"",""ep_1e0fd0510be9a7a1c0bf1d0c""]",2
GET,/api/v4/topics,ce ee,unauthenticated,API::Topics,GET,"[""ep_de8c04a78ee29e02bd87253d"",""ep_fd52ded2b0b80ffd7a477dfe""]",2
GET,/api/v4/topics/:id,ce ee,unauthenticated,API::Topics,GET,"[""ep_47f3aeae902f474b878bf34e"",""ep_213bdfa851f8123131503b7a""]",2
GET,/api/v4/usage_data/metric_definitions,ce ee,unauthenticated,API::UsageData | API::UsageDataServicePing | API::UsageDataTrack,GET,"[""ep_17f10f29fe8ec09d6491410b"",""ep_a19c768f0da290ca859f61b7"",""ep_cb976b2a0843024bfb7ba3ff"",""ep_0e7ccae322336b825e2364ea"",""ep_2700618f6ba259404d2587b0"",""ep_429a785e75e7f419be4dd03c""]",6
GET,/api/v4/users/:id/events,ce ee,unauthenticated,API::Events,GET,"[""ep_b022fe8502d2a53dbd2ad2fc"",""ep_c543808b9fa17df22d72c2ad""]",2
GET,/api/v4/users/:id/gpg_keys,ce ee,unauthenticated,API::Users,GET,"[""ep_05628afc46530ece73bb5993"",""ep_157f2702e61348d2689d27c3""]",2
GET,/api/v4/users/:id/gpg_keys/:key_id,ce ee,unauthenticated,API::Users,GET,"[""ep_ff71e5029e740f2148172d8f"",""ep_d08591790acc4a45a0617fe0""]",2
GET,/api/v4/users/:id/keys/:key_id,ce ee,unauthenticated,API::Users,GET,"[""ep_94021f2c31868fc30ae3a053"",""ep_bb98d97e1d478285c4ca8f62""]",2
GET,/api/v4/users/:user_id/contributed_projects,ce ee,unauthenticated,API::Projects,GET,"[""ep_72e99953dafb3b00a4d48b82"",""ep_6af5697adfd0e8a3cc9a131f""]",2
GET,/api/v4/users/:user_id/keys,ce ee,unauthenticated,API::Users,GET,"[""ep_e30651b354dfc93ffaef6103"",""ep_0a79e000b165cdea0bede1d7""]",2
GET,/api/v4/users/:user_id/project_deploy_keys,ce ee,unauthenticated,API::Users,GET,"[""ep_710018fdfaa1c3e1bc03c52b"",""ep_7bc5f1294bbc6802d0131e15""]",2
GET,/api/v4/users/:user_id/projects,ce ee,unauthenticated,API::Projects,GET,"[""ep_c2243906e3270458a521e555"",""ep_09865ffdf41afd76d401ee26""]",2
GET,/api/v4/users/:user_id/starred_projects,ce ee,unauthenticated,API::Projects,GET,"[""ep_214e6c20dcc34030a9275449"",""ep_8d10712cb5e75951d20492de""]",2
GET,/api/v4/users/:user_id/status,ce ee,unauthenticated,API::Users,GET,"[""ep_b711d116d7400bd49630c1a9"",""ep_38007d24cd37bb95caf2dc85""]",2
GET,/api/v4/v2,ce ee,unauthenticated,API::NugetGroupPackages | API::NugetProjectPackages,GET,"[""ep_63ca7aa6f83397096b057a05"",""ep_fd135f834abf107e6a126f6c"",""ep_99768214c54ee1b4f904d42e"",""ep_e878f2237d814c899bc1f67a""]",4
GET,/api/v4/v2/$metadata,ce ee,unauthenticated,API::NugetGroupPackages | API::NugetProjectPackages,GET,"[""ep_2e25fc102c746ca2b786402c"",""ep_d6cdbc4f0b452339def6ce25"",""ep_71ef827128d753a4b3323430"",""ep_e64752b3c6eaf0b11882d44c""]",4
GET,/api/v4/web_commits/public_key,ce ee,unauthenticated,API::WebCommits,GET,"[""ep_84832afedb3c3a574ab3e3e9"",""ep_725a2caa1b69b74211494cf5""]",2
GET,/explore/catalog,ce ee,unauthenticated,Explore::CatalogController,index,"[""ep_daa00e1f3a12c3973b8c845c"",""ep_a02382f15b89577933068455""]",2
GET,/explore/catalog/cells,ce ee,unauthenticated,Explore::CatalogController,cells,"[""ep_9dccf73cc9f24c2cd3e68cd7"",""ep_15f04dd507259958d55640e8""]",2
GET,/explore/groups,ce ee,unauthenticated,Explore::GroupsController,index,"[""ep_01396765aac0060766cece62"",""ep_36d488d5acf5274fe988095d""]",2
GET,/explore/groups/active,ce ee,unauthenticated,Explore::GroupsController,index,"[""ep_1b37003daa113aa9142b025a"",""ep_1bf482a3df87270c5cf8139a""]",2
GET,/explore/groups/inactive,ce ee,unauthenticated,Explore::GroupsController,index,"[""ep_5ed2dccc79244619a969d2f1"",""ep_92b2e0823f9fa50b2129e9bc""]",2
GET,/explore/projects/topics,ce ee,unauthenticated,Explore::ProjectsController,topics,"[""ep_9c6beb7ab463be1fc382be46"",""ep_3ec697d7c3031be6513b4479""]",2
GET,/explore/projects/topics/:topic_name,ce ee,unauthenticated,Explore::ProjectsController,topic,"[""ep_879b04b2b556f61f18dd0322"",""ep_1924c82b5c10e9ec8801ee6b""]",2
GET,/explore/snippets,ce ee,unauthenticated,Explore::SnippetsController,index,"[""ep_67e6ffa8539ce1f21a9aaf6e"",""ep_43898bf3f0da583bbcc63cdd""]",2
GET,/favicon.ico,ce ee,unauthenticated,http_registration,,"[""ep_7ec6708d0ccd0ac88eed9ab1"",""ep_19df21300e2fcd550b685f96""]",2
GET,/favicon.png,ce ee,unauthenticated,http_registration,,"[""ep_0bce151b57b2d277e808e931"",""ep_51b5dfc59b6a750f677add1c""]",2
GET,/groups/*group_id/-/analytics,ee,conditional_anonymous,http_registration,,"[""ep_f5bb34d202e4312f720dced6""]",1
GET,/groups/*group_id/-/analytics/cycle_analytics,ee,conditional_anonymous,http_registration,,"[""ep_b8d4c8ef96a4ca5663769bb8""]",1
GET,/groups/*group_id/-/infrastructure_registry,ce ee,conditional_anonymous,http_registration,,"[""ep_2b1ac2ff5db86bc3a901e3f4"",""ep_09cbe4086a64bf323ded0144""]",2
GET,/groups/*group_id/-/settings/gitlab_duo_usage,ee,conditional_anonymous,http_registration,,"[""ep_ee564a0574168ae626355a03""]",1
GET,/help,ce ee,conditional_anonymous,HelpController,index,"[""ep_ebf8147ecf182aaaf9893f55"",""ep_279c11ac4df7663fb639366e""]",2
GET,/help/*path,ce ee,conditional_anonymous,HelpController,show,"[""ep_9c2f08a6a0420deb02d29491"",""ep_1e37ab6a2100af5b1a594d0b""]",2
GET,/help/docs,ce ee,conditional_anonymous,HelpController,redirect_to_docs,"[""ep_d40645680f220e7d75f79727"",""ep_1b68b66ff82a828e5c76fdc8""]",2
GET,/help/drawers/*markdown_file,ce ee,conditional_anonymous,HelpController,drawers,"[""ep_201b21c9b1c26240a0531446"",""ep_75ae5634cdcb6768e98f56df""]",2
GET,/help/instance_configuration,ce ee,conditional_anonymous,HelpController,instance_configuration,"[""ep_a9846b63407f83f633404f0f"",""ep_8b97ce2cd594c37b71dbaaff""]",2
GET,/jwt/auth,ce ee,unauthenticated,JwtController,auth,"[""ep_640a88993328be3419f7b9f9"",""ep_0f210810638d56c44b1cccf5""]",2
GET,/o/:organization_path/(/-/jira)/*namespace_id/:project_id,ce ee,conditional_anonymous,http_registration,,"[""ep_f2c2939d029c73f9b1e4633a"",""ep_2473818cc2ab865226f6cfce""]",2
GET,/o/:organization_path/*namespace_id/:id,ce ee,conditional_anonymous,ProjectsController,show,"[""ep_c6e368cc21c230cfed4d6a92"",""ep_00b86a0bfaebf752cf2cc092""]",2
GET,/o/:organization_path/*namespace_id/:id/activity,ce ee,conditional_anonymous,ProjectsController,activity,"[""ep_8c8ace831dfa8f8417406a98"",""ep_e3ab8ac252943f8693bdfabb""]",2
GET,/o/:organization_path/*namespace_id/:id/refs,ce ee,conditional_anonymous,ProjectsController,refs,"[""ep_c30bbcf69423dee1382329b5"",""ep_0fab5632d67d8bb8dd2fd4fe""]",2
GET,/o/:organization_path/*namespace_id/:id/unfoldered_environment_names,ce ee,conditional_anonymous,ProjectsController,unfoldered_environment_names,"[""ep_97c1bce6fc03597b0f048ac5"",""ep_d0c84ea37e6d13a3e11a7922""]",2
GET,/o/:organization_path/*namespace_id/:project_id/-/:noteable_type/:noteable_id/discussions/:id,ce ee,conditional_anonymous,Projects::DiscussionsController,show,"[""ep_76b2f1bda293c26d38b05fec"",""ep_3700dee4c51e214491ec93ce""]",2
GET,/o/:organization_path/*namespace_id/:project_id/-/analytics/merge_request_analytics,ee,conditional_anonymous,http_registration,,"[""ep_6191439b9348a089ae609df1""]",1
GET,/o/:organization_path/*namespace_id/:project_id/-/analytics/value_stream_analytics/summary,ce ee,conditional_anonymous,Projects::Analytics::CycleAnalytics::SummaryController,show,"[""ep_a4b150d76fea8f199c04c44d"",""ep_582e9bea96fc787d2ce6e2aa""]",2
GET,/o/:organization_path/*namespace_id/:project_id/-/analytics/value_stream_analytics/time_summary,ee,conditional_anonymous,Projects::Analytics::CycleAnalytics::SummaryController,time_summary,"[""ep_1d29ef83148d403d5110e1de""]",1
GET,/o/:organization_path/*namespace_id/:project_id/-/analytics/value_stream_analytics/value_streams,ce ee,conditional_anonymous,Projects::Analytics::CycleAnalytics::ValueStreamsController,index,"[""ep_5b3e7b8e4c322b9e67e5c24b"",""ep_bf1c52ade4ff7f864c4c2153"",""ep_c00b9e6ae14f95592dc52983""]",3
GET,/o/:organization_path/*namespace_id/:project_id/-/analytics/value_stream_analytics/value_streams/:id,ee,conditional_anonymous,Projects::Analytics::CycleAnalytics::ValueStreamsController,show,"[""ep_7156f7433a5123a80d4e7b67""]",1
GET,/o/:organization_path/*namespace_id/:project_id/-/analytics/value_stream_analytics/value_streams/:id/edit,ee,conditional_anonymous,Projects::Analytics::CycleAnalytics::ValueStreamsController,edit,"[""ep_98cb75e0f7265eafb9ecfa07""]",1
GET,/o/:organization_path/*namespace_id/:project_id/-/analytics/value_stream_analytics/value_streams/:value_stream_id/stages,ce ee,conditional_anonymous,Projects::Analytics::CycleAnalytics::StagesController,index,"[""ep_ea02944cd046c282fd5be725"",""ep_b92e37fb43b4d36b9dc12df0""]",2
GET,/o/:organization_path/*namespace_id/:project_id/-/analytics/value_stream_analytics/value_streams/:value_stream_id/stages/:id/average,ce ee,conditional_anonymous,Projects::Analytics::CycleAnalytics::StagesController,average,"[""ep_6206f9fd67b717b9b983c759"",""ep_76d91fe92c043b6f563d894e""]",2
GET,/o/:organization_path/*namespace_id/:project_id/-/analytics/value_stream_analytics/value_streams/:value_stream_id/stages/:id/average_duration_chart,ee,conditional_anonymous,Projects::Analytics::CycleAnalytics::StagesController,average_duration_chart,"[""ep_45fca530e8746202ab8c072d""]",1
GET,/o/:organization_path/*namespace_id/:project_id/-/analytics/value_stream_analytics/value_streams/:value_stream_id/stages/:id/count,ce ee,conditional_anonymous,Projects::Analytics::CycleAnalytics::StagesController,count,"[""ep_1c6b0d2e3b7b730b7b6e7b8d"",""ep_62aa8f6c8d5699d09d5e17a3""]",2
GET,/o/:organization_path/*namespace_id/:project_id/-/analytics/value_stream_analytics/value_streams/:value_stream_id/stages/:id/median,ce ee,conditional_anonymous,Projects::Analytics::CycleAnalytics::StagesController,median,"[""ep_6a4b34c675f5ab09a1ad426c"",""ep_19d550897bae545770e38e6d""]",2
GET,/o/:organization_path/*namespace_id/:project_id/-/analytics/value_stream_analytics/value_streams/:value_stream_id/stages/:id/records,ce ee,conditional_anonymous,Projects::Analytics::CycleAnalytics::StagesController,records,"[""ep_48cb3f9dfaefa99d2ea9da9a"",""ep_6e0964945fba66964edcfcb4""]",2
GET,/o/:organization_path/*namespace_id/:project_id/-/analytics/value_stream_analytics/value_streams/new,ee,conditional_anonymous,Projects::Analytics::CycleAnalytics::ValueStreamsController,new,"[""ep_26ec9114f512daac931000ff""]",1
GET,/o/:organization_path/*namespace_id/:project_id/-/archive/*id,ce ee,conditional_anonymous,Projects::RepositoriesController,archive,"[""ep_9926300c094b9682b4dbb2ff"",""ep_038215b62a41657686308f8f""]",2
GET,/o/:organization_path/*namespace_id/:project_id/-/autocomplete_sources/commands,ce ee,conditional_anonymous,Projects::AutocompleteSourcesController,commands,"[""ep_cd034fd595a7c46083dd295e"",""ep_071f1be0e44e07065f3b2d49""]",2
GET,/o/:organization_path/*namespace_id/:project_id/-/autocomplete_sources/epics,ee,conditional_anonymous,Projects::AutocompleteSourcesController,epics,"[""ep_f29d933fa56173bf8c496622""]",1
GET,/o/:organization_path/*namespace_id/:project_id/-/autocomplete_sources/issues,ce ee,conditional_anonymous,Projects::AutocompleteSourcesController,issues,"[""ep_91be877ac6de0641600d82e5"",""ep_086e510ba79be6e27924e652""]",2
GET,/o/:organization_path/*namespace_id/:project_id/-/autocomplete_sources/iterations,ee,conditional_anonymous,Projects::AutocompleteSourcesController,iterations,"[""ep_9d91a9f93b8a6940c2950707""]",1
GET,/o/:organization_path/*namespace_id/:project_id/-/autocomplete_sources/labels,ce ee,conditional_anonymous,Projects::AutocompleteSourcesController,labels,"[""ep_48e38ce9bd473624051714e0"",""ep_6c1eb1c347ad04385fdc1277""]",2
GET,/o/:organization_path/*namespace_id/:project_id/-/autocomplete_sources/members,ce ee,conditional_anonymous,Projects::AutocompleteSourcesController,members,"[""ep_9c12337b37737f4a07bcabbd"",""ep_e928336dc8d43b737ac6ce7c""]",2
GET,/o/:organization_path/*namespace_id/:project_id/-/autocomplete_sources/merge_requests,ce ee,conditional_anonymous,Projects::AutocompleteSourcesController,merge_requests,"[""ep_05d81b574bb36f2190786857"",""ep_755a133f85cab31c3923c412""]",2
GET,/o/:organization_path/*namespace_id/:project_id/-/autocomplete_sources/milestones,ce ee,conditional_anonymous,Projects::AutocompleteSourcesController,milestones,"[""ep_2eb3c838d2831ca6295cc108"",""ep_b3bc4486dadf59d35a177442""]",2
GET,/o/:organization_path/*namespace_id/:project_id/-/autocomplete_sources/snippets,ce ee,conditional_anonymous,Projects::AutocompleteSourcesController,snippets,"[""ep_520af253c16a8b361b963ede"",""ep_8e38b267c9d0a1758cee7d0a""]",2
GET,/o/:organization_path/*namespace_id/:project_id/-/autocomplete_sources/vulnerabilities,ee,conditional_anonymous,Projects::AutocompleteSourcesController,vulnerabilities,"[""ep_707e502b38ed3dcbc744d5f2""]",1
GET,/o/:organization_path/*namespace_id/:project_id/-/autocomplete_sources/wikis,ce ee,conditional_anonymous,Projects::AutocompleteSourcesController,wikis,"[""ep_bfbaeb9f3c016c6caa24dadd"",""ep_dfec0dc45a561d6a7356abbf""]",2
GET,/o/:organization_path/*namespace_id/:project_id/-/avatar,ce ee,conditional_anonymous,Projects::AvatarsController,show,"[""ep_14a2938fd327ca563b437819"",""ep_6fb4f2ef5509caead9b9b79c""]",2
GET,/o/:organization_path/*namespace_id/:project_id/-/aws,ce ee,conditional_anonymous,http_registration,,"[""ep_7c92a2b47b7d8750d9489671"",""ep_a50cc4b8a36863103c795f46""]",2
GET,/o/:organization_path/*namespace_id/:project_id/-/badges/custom,ce ee,conditional_anonymous,Projects::BadgesController,custom,"[""ep_c41d9713ba4fc6888552f4be"",""ep_3455ffb16367ac2dc39387c4""]",2
GET,/o/:organization_path/*namespace_id/:project_id/-/badges/release,ce ee,conditional_anonymous,Projects::BadgesController,release,"[""ep_2263670fe7a7a1fa26085d30"",""ep_66b65ce655eb8319fe927a61""]",2
GET,/o/:organization_path/*namespace_id/:project_id/-/blame/*id,ce ee,conditional_anonymous,Projects::BlameController,show,"[""ep_ee9958d3204436d17765d6d0"",""ep_b204784499e1dfd34895cd6a""]",2
GET,/o/:organization_path/*namespace_id/:project_id/-/blob/*id,ce ee,conditional_anonymous,Projects::BlobController,show,"[""ep_947f1020335f2801a2ef28a9"",""ep_61236bd4ff4b5fcd3d8a0bc6""]",2
GET,/o/:organization_path/*namespace_id/:project_id/-/blob/*id/diff,ce ee,conditional_anonymous,Projects::BlobController,diff,"[""ep_5d6dd8bc4d99dc1d6f2d3ab9"",""ep_1b9deacb3d604229538a5a29""]",2
GET,/o/:organization_path/*namespace_id/:project_id/-/blob/*id/diff_lines,ce ee,conditional_anonymous,Projects::BlobController,diff_lines,"[""ep_1f5956d5aa8db7a168ff4de3"",""ep_1fed06d486ff78736fa9144c""]",2
GET,/o/:organization_path/*namespace_id/:project_id/-/branches,ce ee,conditional_anonymous,Projects::BranchesController,index,"[""ep_c865f0bba122460f3503d1e0"",""ep_1b2aa260eccb713846246856""]",2
GET,/o/:organization_path/*namespace_id/:project_id/-/branches/:state,ce ee,conditional_anonymous,Projects::BranchesController,index,"[""ep_ec628881ea2b06ca5866986d"",""ep_ba513427e2dbef315c03ff6c""]",2
GET,/o/:organization_path/*namespace_id/:project_id/-/branches/diverging_commit_counts,ce ee,conditional_anonymous,Projects::BranchesController,diverging_commit_counts,"[""ep_aa33a5a5a7a4be0b66a32445"",""ep_73fd5d22225564eb0dee9d43""]",2
GET,/o/:organization_path/*namespace_id/:project_id/-/commit/:id,ce ee,conditional_anonymous,Projects::CommitController,show,"[""ep_885d848c37748add28eca4f8"",""ep_de57363f64111587b8f0ac67""]",2
GET,/o/:organization_path/*namespace_id/:project_id/-/commit/:id/diff_file,ce ee,conditional_anonymous,Projects::CommitController,diff_file,"[""ep_667a4803c2da9e46302ef1e7"",""ep_9982434f6faa9997377060d5""]",2
GET,/o/:organization_path/*namespace_id/:project_id/-/commit/:id/diff_files,ce ee,conditional_anonymous,Projects::CommitController,diff_files,"[""ep_ade6855072b99c6832318233"",""ep_af069fc46a29bba051b5efea""]",2
GET,/o/:organization_path/*namespace_id/:project_id/-/commit/:id/diff_files_metadata,ce ee,conditional_anonymous,Projects::CommitController,diff_files_metadata,"[""ep_54a0ce364f6244ea46d82baf"",""ep_02763bb6b796af0d9668e5c3""]",2
GET,/o/:organization_path/*namespace_id/:project_id/-/commit/:id/diff_for_path,ce ee,conditional_anonymous,Projects::CommitController,diff_for_path,"[""ep_1cbe503b22235f401a8355af"",""ep_1c1cddcd7616360836b5ac72""]",2
GET,/o/:organization_path/*namespace_id/:project_id/-/commit/:id/diffs_stats,ce ee,conditional_anonymous,Projects::CommitController,diffs_stats,"[""ep_fe5ab2b5cb39bf3387627008"",""ep_a1156ee160787e8b38960218""]",2
GET,/o/:organization_path/*namespace_id/:project_id/-/commit/:id/diffs_stream,ce ee,conditional_anonymous,Projects::CommitDiffsStreamController,diffs_stream,"[""ep_8393ae96829b1b512d0b3cdc"",""ep_56c2519eed1dbc022fa7ced3""]",2
GET,/o/:organization_path/*namespace_id/:project_id/-/commit/:id/discussions,ce ee,conditional_anonymous,Projects::CommitController,discussions,"[""ep_181ed0e27781761579420aab"",""ep_06034d34156d7ccbb108d5d2""]",2
GET,/o/:organization_path/*namespace_id/:project_id/-/commit/:id/merge_requests,ce ee,conditional_anonymous,Projects::CommitController,merge_requests,"[""ep_81a9a87f6d4f67abd3184b59"",""ep_2128d274802b60f0fc3945ab""]",2
GET,/o/:organization_path/*namespace_id/:project_id/-/commit/:id/pipelines,ce ee,conditional_anonymous,Projects::CommitController,pipelines,"[""ep_cd537d64eb9c896a572056e0"",""ep_d810dd6c802f8e7701227b7e""]",2
GET,/o/:organization_path/*namespace_id/:project_id/-/commits,ce ee,conditional_anonymous,Projects::CommitsController,commits_root,"[""ep_c2a032a47bd17a0263571eac"",""ep_c142936eca3b2a8cd07d4ffc""]",2
GET,/o/:organization_path/*namespace_id/:project_id/-/compare,ce ee,conditional_anonymous,Projects::CompareController,index,"[""ep_bd71810310d5cb3f7201e643"",""ep_c3a0adec453c62939a30bf04""]",2
GET,/o/:organization_path/*namespace_id/:project_id/-/compare/diff_file,ce ee,conditional_anonymous,Projects::CompareController,diff_file,"[""ep_2a321841be5530dc8f4f1417"",""ep_2f80cff2763f75d8e8db30fb""]",2
GET,/o/:organization_path/*namespace_id/:project_id/-/compare/diff_files_metadata,ce ee,conditional_anonymous,Projects::CompareController,diff_files_metadata,"[""ep_938a2915af5c9081553cbaf6"",""ep_6406adebb418327e5845a691""]",2
GET,/o/:organization_path/*namespace_id/:project_id/-/compare/diff_for_path,ce ee,conditional_anonymous,Projects::CompareController,diff_for_path,"[""ep_22ad4023e69eb8fb89ecccbe"",""ep_38bd076db1e1be4df667620b""]",2
GET,/o/:organization_path/*namespace_id/:project_id/-/compare/diffs_stats,ce ee,conditional_anonymous,Projects::CompareController,diffs_stats,"[""ep_32d3a2d355d4cb6696c17683"",""ep_28f8e5ee942f66e9d4599544""]",2
GET,/o/:organization_path/*namespace_id/:project_id/-/compare/diffs_stream,ce ee,conditional_anonymous,Projects::CompareDiffsStreamController,diffs_stream,"[""ep_ae3a1d26a4e95bf4941c472b"",""ep_3ae4ff42867af09c5ef07b4f""]",2
GET,/o/:organization_path/*namespace_id/:project_id/-/compare/signatures,ce ee,conditional_anonymous,Projects::CompareController,signatures,"[""ep_7062885b8c2186d5b5c82821"",""ep_212ea1159d99ebc4d5019444""]",2
GET,/o/:organization_path/*namespace_id/:project_id/-/compare/target_projects,ce ee,conditional_anonymous,Projects::CompareController,target_projects_json,"[""ep_2ab9a16ccfa700b5f1445b76"",""ep_14363c373587478b9c72f847""]",2
GET,/o/:organization_path/*namespace_id/:project_id/-/cycle_analytics,ce ee,conditional_anonymous,http_registration,,"[""ep_10521d23980c937e0c673158"",""ep_37859e3b9afe2cffef053259""]",2
GET,/o/:organization_path/*namespace_id/:project_id/-/environments,ce ee,conditional_anonymous,Projects::EnvironmentsController,index,"[""ep_8167fac6ffdfd2ba6dee1f99"",""ep_9a490e43d1ba8ed4d91e4626""]",2
GET,/o/:organization_path/*namespace_id/:project_id/-/environments/:environment_id/deployments,ce ee,conditional_anonymous,Projects::DeploymentsController,index,"[""ep_b82487babdc79feab756b7cd"",""ep_670fe8ea8b475034f19b1f77""]",2
GET,/o/:organization_path/*namespace_id/:project_id/-/environments/:environment_id/deployments/:id,ce ee,conditional_anonymous,Projects::DeploymentsController,show,"[""ep_8738f8d28ed24ce54a76142a"",""ep_26839be738afbdb8d992deab""]",2
GET,/o/:organization_path/*namespace_id/:project_id/-/environments/:id/k8s(/*vueroute),ce ee,conditional_anonymous,Projects::EnvironmentsController,k8s,"[""ep_be5504321fee294bf7cbc10c"",""ep_ee7920fc9fc4e680b487d141""]",2
GET,/o/:organization_path/*namespace_id/:project_id/-/environments/folder,ce ee,conditional_anonymous,Projects::EnvironmentsController,folder,"[""ep_28a24ef980998fc01e9e9e42"",""ep_10e65a1c1b81c62504a34263""]",2
GET,/o/:organization_path/*namespace_id/:project_id/-/environments/search,ce ee,conditional_anonymous,Projects::EnvironmentsController,search,"[""ep_acc62979aa54942a5d64aabe"",""ep_043436de90445cb015531aff""]",2
GET,/o/:organization_path/*namespace_id/:project_id/-/files/*id,ce ee,conditional_anonymous,Projects::FindFileController,list,"[""ep_8c3b97402fa7e8c4419168fa"",""ep_c1f8eba7ed1cd6ec455a515f""]",2
GET,/o/:organization_path/*namespace_id/:project_id/-/find_file/*id,ce ee,conditional_anonymous,Projects::FindFileController,show,"[""ep_b1572b7c14852f720fe52462"",""ep_b443e320fad9d8fa7c5134c4""]",2
GET,/o/:organization_path/*namespace_id/:project_id/-/forks,ce ee,conditional_anonymous,Projects::ForksController,index,"[""ep_d839d82259ade314e78e6b12"",""ep_aca020a53ae44d8fd0fd2424""]",2
GET,/o/:organization_path/*namespace_id/:project_id/-/google_cloud,ce ee,conditional_anonymous,http_registration,,"[""ep_fce72144807cdf851de10d4c"",""ep_293b80507321490442db4b4e""]",2
GET,/o/:organization_path/*namespace_id/:project_id/-/infrastructure_registry,ce ee,conditional_anonymous,http_registration,,"[""ep_f9817db64bba6034b73db699"",""ep_dc27a953792814ed354a0854""]",2
GET,/o/:organization_path/*namespace_id/:project_id/-/integrations/jira/issues,ee,conditional_anonymous,Projects::Integrations::Jira::IssuesController,index,"[""ep_a87c78f6a9f17425ec53d887""]",1
GET,/o/:organization_path/*namespace_id/:project_id/-/integrations/jira/issues/:id,ee,conditional_anonymous,Projects::Integrations::Jira::IssuesController,show,"[""ep_16449019b79814f40b3564a7""]",1
GET,/o/:organization_path/*namespace_id/:project_id/-/integrations/zentao/issues,ee,conditional_anonymous,Projects::Integrations::Zentao::IssuesController,index,"[""ep_a7f8ca0ada87512f99f5f670""]",1
GET,/o/:organization_path/*namespace_id/:project_id/-/integrations/zentao/issues/:id,ee,conditional_anonymous,Projects::Integrations::Zentao::IssuesController,show,"[""ep_859be9ca159000087d6b14e9""]",1
GET,/o/:organization_path/*namespace_id/:project_id/-/issues,ce ee,conditional_anonymous,Projects::IssuesController,calendar | index,"[""ep_2d2acacd110099acba920535"",""ep_c614d4cca9f37f88efcc7eb2"",""ep_71ca5b097f0b9d1f6c9b6d24"",""ep_b8336dea60c63801f22fb17a""]",4
GET,/o/:organization_path/*namespace_id/:project_id/-/issues/:id/can_create_branch,ce ee,conditional_anonymous,Projects::IssuesController,can_create_branch,"[""ep_616cd4cddbd5f39f9dae5885"",""ep_34d9b712ff8937d9f871b9fc""]",2
GET,/o/:organization_path/*namespace_id/:project_id/-/issues/:id/descriptions/:version_id/diff,ee,conditional_anonymous,Projects::IssuesController,description_diff,"[""ep_f88f23e3f2e31493e4449d72""]",1
GET,/o/:organization_path/*namespace_id/:project_id/-/issues/:id/discussions,ce ee,conditional_anonymous,Projects::IssuesController,discussions,"[""ep_ca335cd1b801f21e91fbf83c"",""ep_fc28069ee9a4118edf913903""]",2
GET,/o/:organization_path/*namespace_id/:project_id/-/issues/:id/realtime_changes,ce ee,conditional_anonymous,Projects::IssuesController,realtime_changes,"[""ep_a80cc171dd24f2b7a60371ae"",""ep_aa90170ec5685b0dbb8dedd4""]",2
GET,/o/:organization_path/*namespace_id/:project_id/-/issues/:id/related_branches,ce ee,conditional_anonymous,Projects::IssuesController,related_branches,"[""ep_66c1d1d15b18cebef7bb9575"",""ep_1486fc4671c3e3c3de1933d7""]",2
GET,/o/:organization_path/*namespace_id/:project_id/-/issues/:issue_id/links,ce ee,conditional_anonymous,Projects::IssueLinksController,index,"[""ep_508bfbb6c3c4a2012cc37811"",""ep_18656c46fcb0534a1cfcaeea""]",2
GET,/o/:organization_path/*namespace_id/:project_id/-/issues/incident/:id(/:incident_tab),ee,conditional_anonymous,Projects::IncidentsController,show,"[""ep_da4ba0e55d94bf1e09d8a4d6""]",1
GET,/o/:organization_path/*namespace_id/:project_id/-/issues/service_desk,ce ee,conditional_anonymous,Projects::IssuesController,service_desk,"[""ep_f82c606640c6654c79ec9521"",""ep_bb157a997ee96180ce876f45""]",2
GET,/o/:organization_path/*namespace_id/:project_id/-/jobs/:id,ce ee,conditional_anonymous,Projects::JobsController,show,"[""ep_0b80203b3c31faed26ecfdff"",""ep_5a15754b3c572b4392c7594d""]",2
GET,/o/:organization_path/*namespace_id/:project_id/-/jobs/:job_id/artifacts/external_file,ce ee,conditional_anonymous,Projects::ArtifactsController,external_file,"[""ep_4b32c76c731e684da9e3db87"",""ep_fe63748dcf0e4424c0d9a742""]",2
GET,/o/:organization_path/*namespace_id/:project_id/-/jobs/:job_id/artifacts/file,ce ee,conditional_anonymous,Projects::ArtifactsController,file,"[""ep_29e3dd2a852678ee3fb6da59"",""ep_563d2212dc8bb9cb1e49184e""]",2
GET,/o/:organization_path/*namespace_id/:project_id/-/jobs/artifacts/latest_succeeded,ce ee,conditional_anonymous,Projects::ArtifactsController,latest_succeeded,"[""ep_58bb8d5ea1a734243041728a"",""ep_b8365e6d5596786cb3c00fd7""]",2
GET,/o/:organization_path/*namespace_id/:project_id/-/labels,ce ee,conditional_anonymous,Projects::LabelsController,index,"[""ep_562808150c2793f3562ca2ea"",""ep_056d56f7a40910e61418dd6a""]",2
GET,/o/:organization_path/*namespace_id/:project_id/-/merge_requests,ce ee,conditional_anonymous,Projects::MergeRequestsController,index,"[""ep_072b0464e4012a68311c9088"",""ep_5269bcfd2575d06344f8e327""]",2
GET,/o/:organization_path/*namespace_id/:project_id/-/merge_requests/:id/accessibility_reports,ce ee,conditional_anonymous,Projects::MergeRequestsController,accessibility_reports,"[""ep_692ac874ea80732721490f72"",""ep_31c7587be544bbe395687019""]",2
GET,/o/:organization_path/*namespace_id/:project_id/-/merge_requests/:id/cached_widget,ce ee,conditional_anonymous,Projects::MergeRequests::ContentController,cached_widget,"[""ep_e0ed428535bd826c775a391f"",""ep_44264df8ae4820183734acc1""]",2
GET,/o/:organization_path/*namespace_id/:project_id/-/merge_requests/:id/ci_environments_status,ce ee,conditional_anonymous,Projects::MergeRequestsController,ci_environments_status,"[""ep_9ae38bd22176811b8e73fede"",""ep_da8e20e472509a0fd41c6d13""]",2
GET,/o/:organization_path/*namespace_id/:project_id/-/merge_requests/:id/codequality_mr_diff_reports,ce ee,conditional_anonymous,Projects::MergeRequestsController,codequality_mr_diff_reports,"[""ep_76e0e99ec57ecf53b00ef9ff"",""ep_549a9ac7bb9fc50e00eedbe2""]",2
GET,/o/:organization_path/*namespace_id/:project_id/-/merge_requests/:id/codequality_reports,ce ee,conditional_anonymous,Projects::MergeRequestsController,codequality_reports,"[""ep_c82296d0bcce86ff2c7cb53d"",""ep_a84212b7fbd81f5178fa948d""]",2
GET,/o/:organization_path/*namespace_id/:project_id/-/merge_requests/:id/commit_change_content,ce ee,conditional_anonymous,Projects::MergeRequestsController,commit_change_content,"[""ep_3911c32c53e9a2b540bb5e36"",""ep_cbfa70d2baee152fd8062b66""]",2
GET,/o/:organization_path/*namespace_id/:project_id/-/merge_requests/:id/commits,ce ee,conditional_anonymous,Projects::MergeRequestsController,commits,"[""ep_93ccb29f5950c7dd57d646e2"",""ep_bed20fbf685705d1ae1dc984"",""ep_765eb1fc733eccb299ed156e"",""ep_dcafb52e7cde24ff6f19a0e4""]",4
GET,/o/:organization_path/*namespace_id/:project_id/-/merge_requests/:id/conflict_for_path,ce ee,conditional_anonymous,Projects::MergeRequests::ConflictsController,conflict_for_path,"[""ep_c6c065a07c4f08f13e97a6a5"",""ep_3cb706f1cd677d3421892cd2""]",2
GET,/o/:organization_path/*namespace_id/:project_id/-/merge_requests/:id/conflicts,ee,conditional_anonymous,Projects::MergeRequests::ConflictsController,show,"[""ep_ba37437a198ec9127e53f33f""]",1
GET,/o/:organization_path/*namespace_id/:project_id/-/merge_requests/:id/context_commits,ce ee,conditional_anonymous,Projects::MergeRequestsController,context_commits,"[""ep_20be2cb05cbb7fd89be537bd"",""ep_e29cfcfa9277a3c5a0c6c111""]",2
GET,/o/:organization_path/*namespace_id/:project_id/-/merge_requests/:id/coverage_reports,ce ee,conditional_anonymous,Projects::MergeRequestsController,coverage_reports,"[""ep_e78b52a8d581c44714088d34"",""ep_eb310c1073bc32cc5b3ca0d9""]",2
GET,/o/:organization_path/*namespace_id/:project_id/-/merge_requests/:id/descriptions/:version_id/diff,ee,conditional_anonymous,Projects::MergeRequestsController,description_diff,"[""ep_83b1bb7309e2cc4e63cb8543""]",1
GET,/o/:organization_path/*namespace_id/:project_id/-/merge_requests/:id/diff_by_file_hash/:file_hash,ce ee,conditional_anonymous,Projects::MergeRequests::DiffsController,diff_by_file_hash,"[""ep_e4894a233dc800ea1dc84922"",""ep_628d76aeaf2d4026ddb6db16""]",2
GET,/o/:organization_path/*namespace_id/:project_id/-/merge_requests/:id/diff_file,ce ee,conditional_anonymous,Projects::MergeRequestsController,diff_file,"[""ep_791d38d541ae93c8a4b75e24"",""ep_30d0c95197e62ef539011fe8""]",2
GET,/o/:organization_path/*namespace_id/:project_id/-/merge_requests/:id/diff_files_metadata,ce ee,conditional_anonymous,Projects::MergeRequestsController,diff_files_metadata,"[""ep_d2b1db4ace13f550cc88520b"",""ep_3fcfb2638c9d2ada9f5459f8""]",2
GET,/o/:organization_path/*namespace_id/:project_id/-/merge_requests/:id/diff_for_path,ce ee,conditional_anonymous,Projects::MergeRequests::DiffsController,diff_for_path,"[""ep_78350141e61db8ca0b59abe3"",""ep_cea827347a4552d300d7004d""]",2
GET,/o/:organization_path/*namespace_id/:project_id/-/merge_requests/:id/diffs,ce ee,conditional_anonymous,Projects::MergeRequests::DiffsController | Projects::MergeRequestsController,diffs | show,"[""ep_365a6bf93ed0e84bb5a0d012"",""ep_8134918a6b7232fd6ce4b471"",""ep_f2840e807ad0d182828b79f8"",""ep_0080ddd7ec2eb678b6706775"",""ep_1099757422e5909eaa825c84"",""ep_3f3eb1f75077c9ebd6b752bb""]",6
GET,/o/:organization_path/*namespace_id/:project_id/-/merge_requests/:id/diffs_batch,ce ee,conditional_anonymous,Projects::MergeRequests::DiffsController,diffs_batch,"[""ep_6c7614537809e72c847fae24"",""ep_7956aedc54187be1674ba06b""]",2
GET,/o/:organization_path/*namespace_id/:project_id/-/merge_requests/:id/diffs_metadata,ce ee,conditional_anonymous,Projects::MergeRequests::DiffsController,diffs_metadata,"[""ep_22ad70518d460bdb1b67756f"",""ep_1069fa0947cc663c11d7f4ad""]",2
GET,/o/:organization_path/*namespace_id/:project_id/-/merge_requests/:id/diffs_stats,ce ee,conditional_anonymous,Projects::MergeRequestsController,diffs_stats,"[""ep_b982f9536f93e8c478255120"",""ep_05af933448fbeb3e4edbb1bc""]",2
GET,/o/:organization_path/*namespace_id/:project_id/-/merge_requests/:id/diffs_stream,ce ee,conditional_anonymous,Projects::MergeRequests::DiffsStreamController,diffs_stream,"[""ep_ba2b78a28fe42fb692d2e55a"",""ep_019c94868f12041ff31d666e""]",2
GET,/o/:organization_path/*namespace_id/:project_id/-/merge_requests/:id/discussions,ce ee,conditional_anonymous,Projects::MergeRequestsController,discussions,"[""ep_4d4e8d214fdca15f0ec8c019"",""ep_e98af8b5b942d73fb6113336""]",2
GET,/o/:organization_path/*namespace_id/:project_id/-/merge_requests/:id/edit,ce ee,conditional_anonymous,Projects::MergeRequestsController,edit,"[""ep_786683c3518a83f1a4c825d3"",""ep_fcdcb555520ef8c368c3a508""]",2
GET,/o/:organization_path/*namespace_id/:project_id/-/merge_requests/:id/exposed_artifacts,ce ee,conditional_anonymous,Projects::MergeRequestsController,exposed_artifacts,"[""ep_954b4c25c76c16a5a52b8662"",""ep_83e9c339e7cb09bf1b992aab""]",2
GET,/o/:organization_path/*namespace_id/:project_id/-/merge_requests/:id/metrics_reports,ee,conditional_anonymous,Projects::MergeRequestsController,metrics_reports,"[""ep_234634f0a8c956d83dc25257""]",1
GET,/o/:organization_path/*namespace_id/:project_id/-/merge_requests/:id/pipeline_status,ce ee,conditional_anonymous,Projects::MergeRequestsController,pipeline_status,"[""ep_841f4bb2891f0a70d257b18e"",""ep_7800d3fc0a009d6b49354ccf""]",2
GET,/o/:organization_path/*namespace_id/:project_id/-/merge_requests/:id/pipelines,ce ee,conditional_anonymous,Projects::MergeRequestsController,pipelines,"[""ep_ae35fb5659da9e8239bbdd80"",""ep_e6f032db911aa4a399821719"",""ep_2c407ac660acd2c406571cfe"",""ep_7f8bd2f957d5af94a5d93535""]",4
GET,/o/:organization_path/*namespace_id/:project_id/-/merge_requests/:id/reports,ee,conditional_anonymous,Projects::MergeRequestsController,reports,"[""ep_9d3584e7a7ea1ca95c05fdb2""]",1
GET,/o/:organization_path/*namespace_id/:project_id/-/merge_requests/:id/reports(/*vueroute),ee,conditional_anonymous,Projects::MergeRequestsController,reports,"[""ep_f2f56850693bbab90ab84464""]",1
GET,/o/:organization_path/*namespace_id/:project_id/-/merge_requests/:id/saml_approval,ee,conditional_anonymous,Projects::MergeRequests::SamlApprovalsController,create,"[""ep_ed35e75beb9ceb55c2e132ea""]",1
GET,/o/:organization_path/*namespace_id/:project_id/-/merge_requests/:id/show,ee,conditional_anonymous,Projects::MergeRequestsController,show,"[""ep_68d7c0acd02a344b9b86e23f""]",1
GET,/o/:organization_path/*namespace_id/:project_id/-/merge_requests/:id/terraform_reports,ce ee,conditional_anonymous,Projects::MergeRequestsController,terraform_reports,"[""ep_8c5ebb39d89f7731880c1248"",""ep_2af31d10831e66d255e55c81""]",2
GET,/o/:organization_path/*namespace_id/:project_id/-/merge_requests/:id/test_reports,ce ee,conditional_anonymous,Projects::MergeRequestsController,test_reports,"[""ep_490dbbccdbcded6a09e74d10"",""ep_ff685959a968710052626a6e""]",2
GET,/o/:organization_path/*namespace_id/:project_id/-/merge_requests/:id/versions,ce ee,conditional_anonymous,Projects::MergeRequestsController,versions,"[""ep_37abaa97f2088149b9f8091a"",""ep_69bbd751632e25140bbb7488""]",2
GET,/o/:organization_path/*namespace_id/:project_id/-/merge_requests/:id/widget,ce ee,conditional_anonymous,Projects::MergeRequests::ContentController,widget,"[""ep_33f9940d2e0d6a801fab93dd"",""ep_ba2e4a188a595f46e65118e8""]",2
GET,/o/:organization_path/*namespace_id/:project_id/-/merge_requests/:merge_request_id/drafts,ce ee,conditional_anonymous,Projects::MergeRequests::DraftsController,index,"[""ep_63acee9d2e7b42ed5d95c252"",""ep_7bd86d3321e7ae290e04191e""]",2
GET,/o/:organization_path/*namespace_id/:project_id/-/milestones,ce ee,conditional_anonymous,Projects::MilestonesController,index,"[""ep_bb1a66bd7f2dc66447cda323"",""ep_c2daea6dd145e5f6d7b6fa30""]",2
GET,/o/:organization_path/*namespace_id/:project_id/-/milestones/:id,ce ee,conditional_anonymous,Projects::MilestonesController,show,"[""ep_8e76e46bfc4ec115cdae6079"",""ep_cda10f4f02cd4f866fe5f6be""]",2
GET,/o/:organization_path/*namespace_id/:project_id/-/milestones/:id/issues,ce ee,conditional_anonymous,Projects::MilestonesController,issues,"[""ep_1a77969621e4c6064df4f434"",""ep_b074d8ca5ed7c7d051147421""]",2
GET,/o/:organization_path/*namespace_id/:project_id/-/milestones/:id/labels,ce ee,conditional_anonymous,Projects::MilestonesController,labels,"[""ep_27bffa1046b95a313bed6dfc"",""ep_b3247225318c6dfaee7a21ee""]",2
GET,/o/:organization_path/*namespace_id/:project_id/-/milestones/:id/merge_requests,ce ee,conditional_anonymous,Projects::MilestonesController,merge_requests,"[""ep_a3fd4850ee3fb934bb6495b6"",""ep_9bc1123e1d24df59f5efde83""]",2
GET,/o/:organization_path/*namespace_id/:project_id/-/milestones/:id/participants,ce ee,conditional_anonymous,Projects::MilestonesController,participants,"[""ep_acb1fd325831e53a6da9d4d4"",""ep_76318db791722a1728d3ba94""]",2
GET,/o/:organization_path/*namespace_id/:project_id/-/pipeline_schedules,ce ee,conditional_anonymous,Projects::PipelineSchedulesController,index,"[""ep_60a05f37f5d4eb06a452bd7b"",""ep_472a4c5c442b3502ce52f9d5""]",2
GET,/o/:organization_path/*namespace_id/:project_id/-/pipelines,ce ee,conditional_anonymous,Projects::PipelinesController,index,"[""ep_8c988d7855a35a19df771b8e"",""ep_ba4279a4b092fa85dc0565f5""]",2
GET,/o/:organization_path/*namespace_id/:project_id/-/pipelines/:id/builds,ce ee,conditional_anonymous,Projects::PipelinesController,builds,"[""ep_2d4f3a0d1cd0b933114e9872"",""ep_4cbb790e768238bf63f5e912""]",2
GET,/o/:organization_path/*namespace_id/:project_id/-/pipelines/:id/codequality_report,ee,conditional_anonymous,Projects::PipelinesController,codequality_report,"[""ep_7c3a311b0d0b00bf9f91094d""]",1
GET,/o/:organization_path/*namespace_id/:project_id/-/pipelines/:id/downloadable_artifacts,ce ee,conditional_anonymous,Projects::PipelinesController,downloadable_artifacts,"[""ep_d52e943f30913aa9932ff20e"",""ep_7c9a6543f08dae1572ce84bc""]",2
GET,/o/:organization_path/*namespace_id/:project_id/-/pipelines/:id/failures,ce ee,conditional_anonymous,Projects::PipelinesController,failures,"[""ep_1be1fc6f07594ec3af28b85a"",""ep_3f73d092de06672d3691003c""]",2
GET,/o/:organization_path/*namespace_id/:project_id/-/pipelines/:id/manual_variables,ce ee,conditional_anonymous,Projects::PipelinesController,manual_variables,"[""ep_ce72770bda4bff7bb6dfe8d1"",""ep_dc06e728fa2ca948794ca422""]",2
GET,/o/:organization_path/*namespace_id/:project_id/-/pipelines/:id/security,ee,conditional_anonymous,Projects::PipelinesController,security,"[""ep_4a3654637687c9c930f33775""]",1
GET,/o/:organization_path/*namespace_id/:project_id/-/pipelines/:id/stage,ce ee,conditional_anonymous,Projects::PipelinesController,stage,"[""ep_65131ea3fbae39da4d061d4a"",""ep_89f93213c53b926ecdc6defe""]",2
GET,/o/:organization_path/*namespace_id/:project_id/-/pipelines/:id/status,ce ee,conditional_anonymous,Projects::PipelinesController,status,"[""ep_2a7873abb071587eb5a74170"",""ep_32c432be8db8cd4e37f258b2""]",2
GET,/o/:organization_path/*namespace_id/:project_id/-/pipelines/:id/test_report,ce ee,conditional_anonymous,Projects::PipelinesController,test_report,"[""ep_266e5f3fa1058d55912964f8"",""ep_496e24464cf94927837730e0""]",2
GET,/o/:organization_path/*namespace_id/:project_id/-/pipelines/:pipeline_id/tests/:suite_name,ce ee,conditional_anonymous,Projects::Pipelines::TestsController,show,"[""ep_d8f2336e3cfc7ac1245eed1a"",""ep_e0d4ee2e1156949df1ed95fb""]",2
GET,/o/:organization_path/*namespace_id/:project_id/-/pipelines/:pipeline_id/tests/summary,ce ee,conditional_anonymous,Projects::Pipelines::TestsController,summary,"[""ep_5efa04866e88aea6ec4cfbd7"",""ep_3c96b6e1c91aecb3e418decf""]",2
GET,/o/:organization_path/*namespace_id/:project_id/-/project_members,ce ee,conditional_anonymous,Projects::ProjectMembersController,index,"[""ep_60937053404d4d7d3075604a"",""ep_06320b008fddb01d9f472042""]",2
GET,/o/:organization_path/*namespace_id/:project_id/-/quality/test_cases,ee,conditional_anonymous,Projects::Quality::TestCasesController,index,"[""ep_b0fa923e28a6ceeaa2e2c907""]",1
GET,/o/:organization_path/*namespace_id/:project_id/-/quality/test_cases/:id,ee,conditional_anonymous,Projects::Quality::TestCasesController,show,"[""ep_84ac0fd61a6455e793f54376""]",1
GET,/o/:organization_path/*namespace_id/:project_id/-/raw/*id,ce ee,conditional_anonymous,Projects::RawController,show,"[""ep_56ae7b7f64193a5426d08a76"",""ep_8cdd2a6ae2885b940bb32b6b""]",2
GET,/o/:organization_path/*namespace_id/:project_id/-/refs/switch,ce ee,conditional_anonymous,Projects::RefsController,switch,"[""ep_dd0fa9f2a86bb0192fe9c078"",""ep_87bf39a419d6d91d8083acfd""]",2
GET,/o/:organization_path/*namespace_id/:project_id/-/releases,ce ee,conditional_anonymous,ActivityPub::Projects::ReleasesController | Projects::ReleasesController,index,"[""ep_95d4b08e13109f0a32085134"",""ep_f079511d508cb929e0dbdfc8"",""ep_92a7265c88b5e8a2c8e1e7ae"",""ep_bbb6a714afdc3c6e0393b719""]",4
GET,/o/:organization_path/*namespace_id/:project_id/-/releases/:tag/downloads,ce ee,conditional_anonymous,Projects::ReleasesController,downloads,"[""ep_259649a74c5339d53e92a681"",""ep_58ea1918f558dbff82939f3e""]",2
GET,/o/:organization_path/*namespace_id/:project_id/-/releases/outbox,ce ee,conditional_anonymous,ActivityPub::Projects::ReleasesController,outbox,"[""ep_9d863c58b6117b72c29b5aea"",""ep_193f1210960c71e7a7edc710""]",2
GET,/o/:organization_path/*namespace_id/:project_id/-/releases/permalink/latest(/)(*suffix_path),ce ee,conditional_anonymous,Projects::ReleasesController,latest_permalink,"[""ep_58b87f4e7292f963710d9113"",""ep_c104cacf2ac0011abe4c4851""]",2
GET,/o/:organization_path/*namespace_id/:project_id/-/security/agent_artifacts/:id/download,ee,conditional_anonymous,Projects::Security::AgentArtifactsController,download,"[""ep_c7023850c8736ffa2b9580c9""]",1
GET,/o/:organization_path/*namespace_id/:project_id/-/security/compliance_violations/:id,ee,conditional_anonymous,Projects::Security::ComplianceViolationsController,show,"[""ep_00b6e21ae1225cb83071bbc0""]",1
GET,/o/:organization_path/*namespace_id/:project_id/-/settings/gitlab_duo/governance,ee,conditional_anonymous,Projects::Settings::GitlabDuo::GovernanceController,index,"[""ep_4c12a46a9ea2bc3ebcb36a35""]",1
GET,/o/:organization_path/*namespace_id/:project_id/-/snippets,ce ee,conditional_anonymous,Projects::SnippetsController,index,"[""ep_054947fca58f2cb53831a78b"",""ep_0c8c85362bc8e232035e3df8""]",2
GET,/o/:organization_path/*namespace_id/:project_id/-/snippets/:id,ce ee,conditional_anonymous,Projects::SnippetsController,show,"[""ep_ae31e9891f67d2844f2b0d31"",""ep_588378bda3119f96cf09168b""]",2
GET,/o/:organization_path/*namespace_id/:project_id/-/snippets/:id/raw,ce ee,conditional_anonymous,Projects::SnippetsController,raw,"[""ep_91b6f9a3466704f6b75ef1f7"",""ep_caeb7e7194bc9fb4550d8d25""]",2
GET,/o/:organization_path/*namespace_id/:project_id/-/snippets/:snippet_id/raw/:ref/*path,ce ee,conditional_anonymous,Projects::Snippets::BlobsController,raw,"[""ep_a4d451ce1cacc5e94760b094"",""ep_b01760c709b5c57644c835de""]",2
GET,/o/:organization_path/*namespace_id/:project_id/-/starrers,ce ee,conditional_anonymous,Projects::StarrersController,index,"[""ep_98dd99ba69dd6a842f89541f"",""ep_65fdcf6b7bb94e23d695f1e2""]",2
GET,/o/:organization_path/*namespace_id/:project_id/-/tags,ce ee,conditional_anonymous,Projects::TagsController,index,"[""ep_3266f96b94d1ba61a45972d9"",""ep_48acd78f9e1f43528799e548""]",2
GET,/o/:organization_path/*namespace_id/:project_id/-/tags/:id,ce ee,conditional_anonymous,Projects::TagsController,show,"[""ep_d157f172c7eceea75f5804e5"",""ep_fe0eee37c068d3b7d8e11913""]",2
GET,/o/:organization_path/*namespace_id/:project_id/-/target_branch_rules,ee,conditional_anonymous,Projects::TargetBranchRulesController,index,"[""ep_28bfc76a77a60b45c01f6185""]",1
GET,/o/:organization_path/*namespace_id/:project_id/-/tree/*id,ce ee,conditional_anonymous,Projects::TreeController,show,"[""ep_9b1f4a9faec69156b0677dd9"",""ep_87d4838fbbaa50d423b6363d""]",2
GET,/o/:organization_path/*namespace_id/:project_id/-/value_stream_analytics,ce ee,conditional_anonymous,Projects::CycleAnalyticsController,show,"[""ep_8cbac3b19dd088f1d9faad78"",""ep_fac87de4e45c3aa24a94d0e8""]",2
GET,/o/:organization_path/*namespace_id/:project_id/-/value_stream_analytics/events/code,ce ee,conditional_anonymous,Projects::CycleAnalytics::EventsController,code,"[""ep_49bd105d9f007037ce59e024"",""ep_e663d44fd6e6f6d304dc130c""]",2
GET,/o/:organization_path/*namespace_id/:project_id/-/value_stream_analytics/events/issue,ce ee,conditional_anonymous,Projects::CycleAnalytics::EventsController,issue,"[""ep_7c38202b7afa059fb2c3ea06"",""ep_7961ed0126964cf44246e807""]",2
GET,/o/:organization_path/*namespace_id/:project_id/-/value_stream_analytics/events/plan,ce ee,conditional_anonymous,Projects::CycleAnalytics::EventsController,plan,"[""ep_b153d030cacb8df5666df631"",""ep_111f00f18629661c5a2edb4f""]",2
GET,/o/:organization_path/*namespace_id/:project_id/-/value_stream_analytics/events/production,ce ee,conditional_anonymous,Projects::CycleAnalytics::EventsController,production,"[""ep_a74efb367146e5fc25c07159"",""ep_c5712a45a20be39d809b6fc2""]",2
GET,/o/:organization_path/*namespace_id/:project_id/-/value_stream_analytics/events/review,ce ee,conditional_anonymous,Projects::CycleAnalytics::EventsController,review,"[""ep_a9b064f3a647461d3c937a9f"",""ep_923c2c0ea8f87baef9a3daf5""]",2
GET,/o/:organization_path/*namespace_id/:project_id/-/value_stream_analytics/events/staging,ce ee,conditional_anonymous,Projects::CycleAnalytics::EventsController,staging,"[""ep_cf208c28f492153bee74f240"",""ep_1bb60eb6cbb9e868757d9434""]",2
GET,/o/:organization_path/*namespace_id/:project_id/-/value_stream_analytics/events/test,ce ee,conditional_anonymous,Projects::CycleAnalytics::EventsController,test,"[""ep_fe31382095bf4589bd73de01"",""ep_673ee3e130f7cc36627b28d8""]",2
GET,/o/:organization_path/*namespace_id/:project_id/-/wikis,ce ee,conditional_anonymous,Projects::WikisController,index,"[""ep_08854f719a6e6ed28b09d9e3"",""ep_d9d2dbc403f9a88604424289""]",2
GET,/o/:organization_path/*namespace_id/:project_id/-/wikis/*id,ce ee,conditional_anonymous,Projects::WikisController,show,"[""ep_94227b50c1a86c501d27297a"",""ep_008f625e17079f89a369965f""]",2
GET,/o/:organization_path/*namespace_id/:project_id/-/wikis/*id/diff,ce ee,conditional_anonymous,Projects::WikisController,diff,"[""ep_28750cf69dbf8208f5ec22ee"",""ep_616ea43b689c8df540b64f4d""]",2
GET,/o/:organization_path/*namespace_id/:project_id/-/wikis/*id/history,ce ee,conditional_anonymous,Projects::WikisController,history,"[""ep_6bc21dfca37a96c7ecb6fb98"",""ep_e38c5bf891fe82da4080a76d""]",2
GET,/o/:organization_path/*namespace_id/:project_id/-/wikis/*id/raw,ce ee,conditional_anonymous,Projects::WikisController,raw,"[""ep_7cfcfcb46e7e060b3b77366d"",""ep_5139204ffe05076c95249253""]",2
GET,/o/:organization_path/*namespace_id/:project_id/-/wikis/new,ce ee,conditional_anonymous,Projects::WikisController,new,"[""ep_50783e085ecef297a1ec8b01"",""ep_ab57260ac61a2397abfe4582""]",2
GET,/o/:organization_path/*namespace_id/:project_id/-/wikis/pages,ce ee,conditional_anonymous,Projects::WikisController,pages,"[""ep_3ea6264da94f51279b51e473"",""ep_3ce728a2c268cbb5b9d11bd3""]",2
GET,/o/:organization_path/*namespace_id/:project_id/-/wikis/templates,ce ee,conditional_anonymous,Projects::WikisController,templates,"[""ep_3365f29919fb0978c6509e42"",""ep_d69067296a8cd8c1f0fcabbb""]",2
GET,/o/:organization_path/*namespace_id/:project_id/-/work_items,ce ee,conditional_anonymous,Projects::WorkItemsController,calendar | rss,"[""ep_58d289eb1524fe07a18e8410"",""ep_c930914063582be5a31e7d7c"",""ep_73c62574dd9ec9cd44cb6117"",""ep_d804f33c22851e3c2e6be7f3""]",4
GET,/o/:organization_path/*namespace_id/:project_id/-/work_items/:iid,ce,conditional_anonymous,Projects::WorkItemsController,show,"[""ep_37386b8d6a012b5355792a18""]",1
GET,/o/:organization_path/*namespace_id/:project_id/-/work_items/:iid/designs(/*vueroute),ce,conditional_anonymous,Projects::WorkItemsController,show,"[""ep_8cb989f433e64b02c769df73""]",1
GET,/o/:organization_path/*namespace_id/:project_id/badges/*ref/coverage,ce ee,conditional_anonymous,Projects::BadgesController,coverage,"[""ep_053b432c179aa9f80503f589"",""ep_83fca44912b20bd659b83bc3""]",2
GET,/o/:organization_path/*namespace_id/:project_id/badges/*ref/pipeline,ce ee,conditional_anonymous,Projects::BadgesController,pipeline,"[""ep_b73b51a7985a76fc5235723f"",""ep_a94dd727742f5c7859c5acab""]",2
GET,/o/:organization_path/*namespace_id/:project_id/blame/*id,ce ee,conditional_anonymous,Projects::BlameController,show,"[""ep_3a65c5e1bb42333a3de16fe7"",""ep_66ef05ffce17f8b2925e88d9""]",2
GET,/o/:organization_path/*namespace_id/:project_id/blob/*id,ce ee,conditional_anonymous,Projects::BlobController,show,"[""ep_b478fb0f340bd96bd9c261ed"",""ep_574823fe339bc2555ca6a8a4""]",2
GET,/o/:organization_path/*namespace_id/:project_id/builds,ce ee,conditional_anonymous,Projects::BuildsController,index,"[""ep_ab62f1932b2db5646845978b"",""ep_933661b2fe3d4411e2a88fe2""]",2
GET,/o/:organization_path/*namespace_id/:project_id/builds/:build_id/artifacts/browse,ce ee,conditional_anonymous,Projects::BuildArtifactsController,browse,"[""ep_d6f31c37830cab5b50f25b8c"",""ep_7ae2442a4b8109a47c21de9a""]",2
GET,/o/:organization_path/*namespace_id/:project_id/builds/:build_id/artifacts/download,ce ee,conditional_anonymous,Projects::BuildArtifactsController,download,"[""ep_fc3a5d7622ae28402c885ed0"",""ep_f4abb31280d7e918d81048d0""]",2
GET,/o/:organization_path/*namespace_id/:project_id/builds/:build_id/artifacts/file,ce ee,conditional_anonymous,Projects::BuildArtifactsController,file,"[""ep_c102a2064ba8facc3ef0e883"",""ep_a0cf7b6a2769d5b6357244ff""]",2
GET,/o/:organization_path/*namespace_id/:project_id/builds/:build_id/artifacts/raw,ce ee,conditional_anonymous,Projects::BuildArtifactsController,raw,"[""ep_0c7b60eb6c60dc3514b4f989"",""ep_71ca0dc3ab32cc5392e1530d""]",2
GET,/o/:organization_path/*namespace_id/:project_id/builds/:id,ce ee,conditional_anonymous,Projects::BuildsController,show,"[""ep_d812bec27bb50afdafc84dce"",""ep_5d2e99150a032fe97ccce8fd""]",2
GET,/o/:organization_path/*namespace_id/:project_id/builds/:id/raw,ce ee,conditional_anonymous,Projects::BuildsController,raw,"[""ep_6594719c8a09fd7a9a52ccf8"",""ep_72929d812e8852acdb9aec8e""]",2
GET,/o/:organization_path/*namespace_id/:project_id/builds/artifacts/latest_succeeded,ce ee,conditional_anonymous,Projects::BuildArtifactsController,latest_succeeded,"[""ep_3ee3a83015700cea7801251c"",""ep_3292365d064f4edae06393e1""]",2
GET,/o/:organization_path/*namespace_id/:project_id/container_registry,ce ee,conditional_anonymous,Projects::Registry::RepositoriesController,index,"[""ep_71323b7bf46816fc803085ae"",""ep_364526df4cc17f76ba8d0dd7""]",2
GET,/o/:organization_path/*namespace_id/:project_id/container_registry/:id,ce ee,conditional_anonymous,Projects::Registry::RepositoriesController,show,"[""ep_453a229853de2fa06a92159a"",""ep_bded9e2620e85a16fd76db13""]",2
GET,/o/:organization_path/*namespace_id/:project_id/edit/*id,ce ee,conditional_anonymous,http_registration,,"[""ep_cfe68e9bd75187e1f03fdff4"",""ep_67a23ce46693babef7cc2314""]",2
GET,/o/:organization_path/*namespace_id/:project_id/insights,ee,conditional_anonymous,Projects::InsightsController,show,"[""ep_fb10a2bf3fc1d7b5d858f09b""]",1
GET,/o/:organization_path/*namespace_id/:project_id/new/*id,ce ee,conditional_anonymous,http_registration,,"[""ep_345585495cf84785cbaba14b"",""ep_0b26afa16dac832503b4a5ff""]",2
GET,/o/:organization_path/*namespace_id/:project_id/noteable/:target_type/:target_id/notes,ce ee,conditional_anonymous,Projects::NotesController,index,"[""ep_4eb155651fd26159833730a8"",""ep_904ff89c4accd82233625232""]",2
GET,/o/:organization_path/*namespace_id/:project_id/notes/:id/outdated_line_change,ce ee,conditional_anonymous,Projects::NotesController,outdated_line_change,"[""ep_e5f29f5b1d60c329a80bb0c5"",""ep_de4123913a5d0f922b4bac67""]",2
GET,/o/:organization_path/*namespace_id/:project_id/raw/*id,ce ee,conditional_anonymous,Projects::RawController,show,"[""ep_89d73c8c6986ddf3406bd3bf"",""ep_beb28a42cddcc9dbb9a9d5db""]",2
GET,/o/:organization_path/*namespace_id/:project_id/refs/:id/logs_tree,ce ee,conditional_anonymous,http_registration,,"[""ep_dfe67435d61130018d01fbf5"",""ep_07abe37a24792391ea6f5968""]",2
GET,/o/:organization_path/*namespace_id/:project_id/refs/switch,ce ee,conditional_anonymous,http_registration,,"[""ep_dc58cb9cb925c8f1368803ab"",""ep_2fcb0ee89dffcd978500dcd1""]",2
GET,/o/:organization_path/*namespace_id/:project_id/registry/repository/:repository_id/tags,ce ee,conditional_anonymous,Projects::Registry::TagsController,index,"[""ep_e74004cf6a54ffe439edacd4"",""ep_357e98d242a0e8bf45248dd6""]",2
GET,/o/:organization_path/*namespace_id/:project_id/repository/archive,ce ee,conditional_anonymous,Projects::LegacyArchiveController,show,"[""ep_0dd5d7885b53a8b0573a3113"",""ep_b23402c8bb565cd7e1692c57""]",2
GET,/o/:organization_path/*namespace_id/:project_id/snippets/:id/raw,ce ee,conditional_anonymous,Projects::SnippetsController,raw,"[""ep_0f4a10e5345d08f56fd09371"",""ep_5a494b2f300349c56ed50f61""]",2
GET,/o/:organization_path/*namespace_id/:project_id/tree/*id,ce ee,conditional_anonymous,Projects::TreeController,show,"[""ep_dcf278da37c5ea2b4816630c"",""ep_3fd73d6e6387575b43bb25af""]",2
GET,/o/:organization_path/*namespace_id/:project_id/uploads/:secret/:filename,ce ee,conditional_anonymous,Projects::UploadsController,show,"[""ep_da87829b729f9bc05841fe79"",""ep_912ccebfde17852f3d2ee635""]",2
GET,/o/:organization_path/*repository_path,ce ee,conditional_anonymous,http_registration,,"[""ep_d8e7d5142ce463ca728c7658"",""ep_8701a78398fbb0a41bd2776c""]",2
GET,/o/:organization_path/*repository_path/gitlab-lfs/objects/*oid,ce ee,conditional_anonymous,Repositories::LfsStorageController,download,"[""ep_7805c058f9902471ebe36eab"",""ep_5441f96cce1933e7def3ee55""]",2
GET,/o/:organization_path/*repository_path/info/lfs/locks,ce ee,conditional_anonymous,Repositories::LfsLocksApiController,index,"[""ep_06888acb1be940305e1ab5b6"",""ep_8eb320ca1739776f9e55cd7a""]",2
GET,/o/:organization_path/*repository_path/info/lfs/objects/*oid,ce ee,conditional_anonymous,Repositories::LfsApiController,deprecated,"[""ep_320170d892ccd4d6b193bcce"",""ep_aedaa832e6ca3be6d1d79ba2""]",2
GET,/o/:organization_path/*repository_path/info/refs,ce ee,conditional_anonymous,Repositories::GitHttpController | http_registration, | info_refs,"[""ep_218a4c3850f9c260f1615771"",""ep_2a536435ffc9d65ffc94d4db"",""ep_0c3e8a2b012e8c834eabc4ea"",""ep_d89f3c74566e3862131027dc""]",4
GET,/o/:organization_path/-/:model/:model_id/uploads/:secret/:filename,ce ee,conditional_anonymous,Banzai::UploadsController,show,"[""ep_c54c7fc4f389459f7cc261b7"",""ep_32b033180f4567439a64f1d2""]",2
GET,/o/:organization_path/-/acme-challenge,ce ee,conditional_anonymous,AcmeChallengesController,show,"[""ep_8a78e33ac4d3906bcf80a6ec"",""ep_b8f772faf230ca2e42c1a2a4""]",2
GET,/o/:organization_path/-/arkose/data_exchange_payload,ee,conditional_anonymous,AntiAbuse::ArkoseController,data_exchange_payload,"[""ep_3e69fb0864a4dbc0fbdc92fb""]",1
GET,/o/:organization_path/-/autocomplete/award_emojis,ce ee,conditional_anonymous,AutocompleteController,award_emojis,"[""ep_c9581e3895b8e92ee75ef36e"",""ep_00b89194420370c985ccaec1""]",2
GET,/o/:organization_path/-/autocomplete/merge_request_source_branches,ce ee,conditional_anonymous,AutocompleteController,merge_request_source_branches,"[""ep_3f7fb728ec740f265c6c5d40"",""ep_f0badf511d4cce68aa2e855f""]",2
GET,/o/:organization_path/-/autocomplete/merge_request_target_branches,ce ee,conditional_anonymous,AutocompleteController,merge_request_target_branches,"[""ep_21fe5a22c5f93d615b654e8d"",""ep_798ed6cd6e829f4d934744d1""]",2
GET,/o/:organization_path/-/autocomplete/users,ce ee,conditional_anonymous,AutocompleteController,users,"[""ep_b9ad050670b2d5980593e7fd"",""ep_5e4b1c93da7a901b4a22a37a""]",2
GET,/o/:organization_path/-/awarded_achievements/:id/accept,ce ee,conditional_anonymous,Achievements::AwardedAchievementsController,accept,"[""ep_8d9a7bd48d22d0c74c47694f"",""ep_70fa4bf87273cb3b44b8b6b9""]",2
GET,/o/:organization_path/-/chaos/cpu_spin,ce ee,conditional_anonymous,ChaosController,cpu_spin,"[""ep_65eebc1361ef4b40998d29eb"",""ep_3e0306225bbcd15ef89a70e2""]",2
GET,/o/:organization_path/-/chaos/db_spin,ce ee,conditional_anonymous,ChaosController,db_spin,"[""ep_4e3e59ce5197ad5271ef87aa"",""ep_f2d75b5b402f937f33821a4a""]",2
GET,/o/:organization_path/-/chaos/kill,ce ee,conditional_anonymous,ChaosController,kill,"[""ep_9a67d4734eb1746fc19ba54f"",""ep_4a27e836898d545e45308262""]",2
GET,/o/:organization_path/-/chaos/leakmem,ce ee,conditional_anonymous,ChaosController,leakmem,"[""ep_c10e411e205f5252d38cf007"",""ep_0b8ed339338d7fe394c9dc6f""]",2
GET,/o/:organization_path/-/chaos/quit,ce ee,conditional_anonymous,ChaosController,quit,"[""ep_e9deaa88f11a3ff502ffebc8"",""ep_9c566ab8e057398c7d07b8b3""]",2
GET,/o/:organization_path/-/chaos/sleep,ce ee,conditional_anonymous,ChaosController,sleep,"[""ep_bd494daf7d7458dda822264b"",""ep_27ae78b4a49934eb128bdd26""]",2
GET,/o/:organization_path/-/cloud_connector/keys,ee,conditional_anonymous,CloudConnector::KeysController,keys,"[""ep_b13e7b3991ecd12e554a7890""]",1
GET,/o/:organization_path/-/countries,ee,conditional_anonymous,CountriesController,index,"[""ep_1b832f7c4a3ca3b0df295c4c""]",1
GET,/o/:organization_path/-/country_states,ee,conditional_anonymous,CountryStatesController,index,"[""ep_259fba1d4d7462be68604f32""]",1
GET,/o/:organization_path/-/diagram-proxy/:key,ce ee,conditional_anonymous,Banzai::DiagramProxyController,proxy,"[""ep_91aa757966c8df3374a5699c"",""ep_f51d346efce152f987c6f03c""]",2
GET,/o/:organization_path/-/external_redirect,ce ee,conditional_anonymous,ExternalRedirect::ExternalRedirectController,index,"[""ep_3d9c518feae152dd63da99d1"",""ep_a2938b375379fdc22f40309c""]",2
GET,/o/:organization_path/-/from_secondary/:geo_node_id/*repository_path,ee,conditional_anonymous,http_registration,,"[""ep_6262930c99cba4d97d74efa2""]",1
GET,/o/:organization_path/-/from_secondary/:geo_node_id/*repository_path/gitlab-lfs/objects/*oid,ee,conditional_anonymous,Repositories::LfsStorageController,download,"[""ep_184ae9b4e4a4138df26f5093""]",1
GET,/o/:organization_path/-/from_secondary/:geo_node_id/*repository_path/info/lfs/locks,ee,conditional_anonymous,Repositories::LfsLocksApiController,index,"[""ep_f52add194877c27e7ce8dcab""]",1
GET,/o/:organization_path/-/from_secondary/:geo_node_id/*repository_path/info/lfs/objects/*oid,ee,conditional_anonymous,Repositories::LfsApiController,deprecated,"[""ep_9429d043bcfb34cfc6c5d08c""]",1
GET,/o/:organization_path/-/from_secondary/:geo_node_id/*repository_path/info/refs,ee,conditional_anonymous,Repositories::GitHttpController | http_registration, | info_refs,"[""ep_c8b1b5d6e709a5c3549ad171"",""ep_c8d5d4fd670e0d2fded3805c""]",2
GET,/o/:organization_path/-/invites/:id,ce ee,conditional_anonymous,InvitesController,show,"[""ep_63ceffc24d717fe9971d74e7"",""ep_1d430b4a89f6c9af804f9f64""]",2
GET,/o/:organization_path/-/invites/:id/decline,ce ee,conditional_anonymous,InvitesController,decline,"[""ep_af384db84c14ace894add4c2"",""ep_f992172f5f2d1fb8063a3118""]",2
GET,/o/:organization_path/-/jira_connect/app_descriptor,ce ee,conditional_anonymous,JiraConnect::AppDescriptorController,show,"[""ep_65e6b89e005dc7b1b09cd5c4"",""ep_af734d3179f5b6cf4e61914a""]",2
GET,/o/:organization_path/-/jira_connect/branches/route,ce ee,conditional_anonymous,JiraConnect::BranchesController,route,"[""ep_3dff1ed1624355db5e589651"",""ep_a6832978b2545729c6989bff""]",2
GET,/o/:organization_path/-/jira_connect/installations,ce ee,conditional_anonymous,JiraConnect::InstallationsController,index,"[""ep_5701f8d238c4e78ff2bd64e5"",""ep_0e40d6d0011e2a9cd6d225f1""]",2
GET,/o/:organization_path/-/jira_connect/oauth_application_id,ce ee,conditional_anonymous,JiraConnect::OauthApplicationIdsController,show,"[""ep_ee50d60232f707d468417b5d"",""ep_910760e5b0bfd07eca4ecec2""]",2
GET,/o/:organization_path/-/jira_connect/public_keys/:id,ce ee,conditional_anonymous,JiraConnect::PublicKeysController,show,"[""ep_7c6b5d8d55a25e9003e4967e"",""ep_d74ac4d29dbb23da2b157d69""]",2
GET,/o/:organization_path/-/jira_connect/repositories/search,ce ee,conditional_anonymous,JiraConnect::RepositoriesController,search,"[""ep_19fd0ef317375b35253c43cf"",""ep_86c45a931072a309b57c0583""]",2
GET,/o/:organization_path/-/jira_connect/subscriptions,ce ee,conditional_anonymous,JiraConnect::SubscriptionsController,index,"[""ep_4950dbb908407dadb9654598"",""ep_c02a7ebc65073450ea4a334b""]",2
GET,/o/:organization_path/-/jira_connect/workspaces/search,ce ee,conditional_anonymous,JiraConnect::WorkspacesController,search,"[""ep_42f4b4985734588330fdc1f8"",""ep_5772caa4da4943a9341bb831""]",2
GET,/o/:organization_path/-/liveness,ce ee,conditional_anonymous,HealthController,liveness,"[""ep_fe009022dd8c5a264e93da1a"",""ep_f1f248064f9820e8f7eafef3""]",2
GET,/o/:organization_path/-/metrics,ce ee,conditional_anonymous,MetricsController,index,"[""ep_6b0a255e98c72de03f442994"",""ep_78b4a3d4d6765ef30a777740""]",2
GET,/o/:organization_path/-/metrics/system,ce ee,conditional_anonymous,MetricsController,system,"[""ep_348241bcc566af062d2b9600"",""ep_71385042dee93de9ac71cb84""]",2
GET,/o/:organization_path/-/p/:id,ce ee,conditional_anonymous,Projects::RedirectController,redirect_from_id,"[""ep_6934eaa7fe378e3043ef4cc4"",""ep_27406d418c7f887faa5065af""]",2
GET,/o/:organization_path/-/profile/account,ce ee,conditional_anonymous,Profiles::AccountsController,show,"[""ep_35bf53a1d273d1253216ceb5"",""ep_d1ae4aed4dc04e7fd2eb1446""]",2
GET,/o/:organization_path/-/profile/emails/confirmation,ce ee,conditional_anonymous,ConfirmationsController,show,"[""ep_cdcf92a49c089be139b7b7a2"",""ep_5d6c6a7f951862f829e15a6f""]",2
GET,/o/:organization_path/-/profile/emails/confirmation/new,ce ee,conditional_anonymous,ConfirmationsController,new,"[""ep_21820f5a2596dd3929dbd005"",""ep_3f4d455b9067a9d0a31d2222""]",2
GET,/o/:organization_path/-/profile/emails/sign_in,ce ee,conditional_anonymous,Devise::SessionsController,new,"[""ep_8fcb5254a6858cf4a65bcc99"",""ep_23f6201c43f34be204c22117""]",2
GET,/o/:organization_path/-/profile/slack/edit,ce ee,conditional_anonymous,Profiles::SlacksController,edit,"[""ep_062ac57ebe44785d6698a497"",""ep_24b07e2b41e3e5c98ee28c1b""]",2
GET,/o/:organization_path/-/profile/slack/slack_link,ce ee,conditional_anonymous,Profiles::SlacksController,slack_link,"[""ep_23b0caa61958b0f26fa0b12c"",""ep_9144064dd89709c53844b78f""]",2
GET,/o/:organization_path/-/readiness,ce ee,conditional_anonymous,HealthController,readiness,"[""ep_4c81a4f0679b42fce2a6beec"",""ep_6cf8d2e4c6352e6e8bc2cac4""]",2
GET,/o/:organization_path/-/s/:username,ce ee,conditional_anonymous,http_registration,,"[""ep_20761a28cfbb91eb05d92104"",""ep_048d33d5123f2fc6cceb102d""]",2
GET,/o/:organization_path/-/sandbox/mermaid_v11,ce ee,conditional_anonymous,SandboxController,mermaid_v11,"[""ep_ff8f0488f03ee3aa929b6a61"",""ep_cf1e83b097f8ce5b055a8a38""]",2
GET,/o/:organization_path/-/sandbox/swagger,ce ee,conditional_anonymous,SandboxController,swagger,"[""ep_f81ba9935264b2cb46b1713f"",""ep_1a0c441caa153e5b176fc424""]",2
GET,/o/:organization_path/-/security,ee,conditional_anonymous,http_registration,,"[""ep_95f985da5fbd83f33177c861""]",1
GET,/o/:organization_path/-/sent_notifications/:id/unsubscribe,ce ee,conditional_anonymous,SentNotificationsController,unsubscribe,"[""ep_2e320344cabc8451bf9c542f"",""ep_38aca1c681841f6ed33ba521""]",2
GET,/o/:organization_path/-/snippets,ce ee,conditional_anonymous,SnippetsController,index,"[""ep_ceefba4ac4b0bd14ad50fe85"",""ep_8864894fca59f510fdd8846c""]",2
GET,/o/:organization_path/-/snippets/:snippet_id/notes,ce ee,conditional_anonymous,Snippets::NotesController,index,"[""ep_44874805f7ef2400848d14fd"",""ep_aeba8cb0fc844e8997235538""]",2
GET,/o/:organization_path/-/trial_registrations/new,ee,conditional_anonymous,TrialRegistrationsController,new,"[""ep_ca2909d30269026c30a373a7""]",1
GET,/o/:organization_path/-/trials/new,ee,conditional_anonymous,GitlabSubscriptions::TrialsController | http_registration, | new,"[""ep_07030271c41dbf68fdd32406"",""ep_9bf1934569f70dde4a9213a2""]",2
GET,/o/:organization_path/-/u/:id,ce ee,conditional_anonymous,Users::RedirectController,redirect_from_id,"[""ep_7c58d6fc73ce6aba46dbff92"",""ep_3fce8d6b9da7704a2131d03f""]",2
GET,/o/:organization_path/-/user_settings/active_sessions,ce ee,conditional_anonymous,UserSettings::ActiveSessionsController,index,"[""ep_d520b0c8c09d07501ca4bd8b"",""ep_c31f5409a682b51494b27bbf""]",2
GET,/o/:organization_path/-/user_settings/active_sessions/saml,ee,conditional_anonymous,UserSettings::ActiveSessionsController,saml,"[""ep_a57ac194f7db8852c86ef5b9""]",1
GET,/o/:organization_path/-/user_settings/integration_accounts/new,ce ee,conditional_anonymous,Profiles::ChatNamesController,new,"[""ep_dba0e7a01d3f4a69c6603e9e"",""ep_ef203921aae62499bccefa37""]",2
GET,/o/:organization_path/-/user_settings/password/new,ce ee,conditional_anonymous,UserSettings::PasswordsController,new,"[""ep_e2e9cfd39b68afcca63257c9"",""ep_9bf92861aa842459fd2c484f""]",2
GET,/o/:organization_path/-/user_settings/personal_access_tokens,ce,conditional_anonymous,UserSettings::PersonalAccessTokensController,index,"[""ep_efe034d8acdaea477c4d8feb""]",1
GET,/o/:organization_path/-/users/terms,ce ee,conditional_anonymous,Users::TermsController,index,"[""ep_feccd3854d70e3602414ea6d"",""ep_1270cf506cd0f69a5c163ee9""]",2
GET,/o/:organization_path/-/whats_new,ce ee,conditional_anonymous,WhatsNewController,index,"[""ep_e33ca92c371ce5c48c291045"",""ep_4186baf89e163b779ee31bf0""]",2
GET,/o/:organization_path/.well-known/change-password,ce ee,conditional_anonymous,http_registration,,"[""ep_dc1e6b2f2fd047f527ae582f"",""ep_22bd0c474033007aaaa2124f""]",2
GET,/o/:organization_path/.well-known/oauth-authorization-server,ce ee,conditional_anonymous,JwksController,provider,"[""ep_45c18eb5424497e3c2111a2c"",""ep_3fa202d3b742100f74d5df0c""]",2
GET,/o/:organization_path/.well-known/oauth-authorization-server/api/v4/mcp,ce ee,conditional_anonymous,JwksController,provider,"[""ep_90aa1c0f6561391ba9bcb82f"",""ep_3a67099b2f57b94e0fe3af5d""]",2
GET,/o/:organization_path/.well-known/oauth-authorization-server/api/v4/orbit/mcp,ce ee,conditional_anonymous,JwksController,provider,"[""ep_8d93437a37fbf4e101b3d7e9"",""ep_a3248b2d6f76a718fe8c1257""]",2
GET,/o/:organization_path/.well-known/oauth-protected-resource,ce ee,conditional_anonymous,Oauth::ProtectedResourceMetadataController,show,"[""ep_569a5cf27288894384b19c34"",""ep_0189e4737b225a85ee24f6a3""]",2
GET,/o/:organization_path/.well-known/oauth-protected-resource/api/v4/mcp,ce ee,conditional_anonymous,Oauth::ProtectedResourceMetadataController,show,"[""ep_b894c81de0debf55437967cd"",""ep_c4dfc9002108084a0db03724""]",2
GET,/o/:organization_path/.well-known/oauth-protected-resource/api/v4/orbit/mcp,ce ee,conditional_anonymous,Oauth::ProtectedResourceMetadataController,show,"[""ep_258bb6315a88a3be7e3f6385"",""ep_61bf583824371e5939c318c4""]",2
GET,/o/:organization_path/.well-known/openid-configuration,ce ee,conditional_anonymous,JwksController,provider,"[""ep_54e0c1589a00ea87e8d5f0c8"",""ep_cfd55d2359f4af0b8ef9cb67""]",2
GET,/o/:organization_path/.well-known/openid-configuration/api/v4/mcp,ce ee,conditional_anonymous,JwksController,provider,"[""ep_6811ce497fb1a723fc904551"",""ep_caa3f3e0e052d750523b3e55""]",2
GET,/o/:organization_path/.well-known/openid-configuration/api/v4/orbit/mcp,ce ee,conditional_anonymous,JwksController,provider,"[""ep_5deaa99bf79512b1d2911f7b"",""ep_e1f2654a479b7abd0c49dfa6""]",2
GET,/o/:organization_path/.well-known/security.txt,ce ee,conditional_anonymous,WellKnownController,security_txt,"[""ep_008365d2fe01f456cd927614"",""ep_6813509d71eff01b908e75ff""]",2
GET,/o/:organization_path/.well-known/terraform.json,ce ee,conditional_anonymous,Terraform::ServicesController,index,"[""ep_7d8f36aa3652257ffb969407"",""ep_285c2e8f358c6bf508d179ef""]",2
GET,/o/:organization_path/.well-known/webfinger,ce ee,conditional_anonymous,JwksController,webfinger,"[""ep_97fcd2b313c898a45a657a32"",""ep_ce116b2a1f254a786d4bebf5""]",2
GET,/o/:organization_path/api/v4/geo/graphql,ee,conditional_anonymous,GraphqlController,execute,"[""ep_ed3c851112066ecac0ffd83f""]",1
GET,/o/:organization_path/explore/catalog,ce ee,conditional_anonymous,Explore::CatalogController,index,"[""ep_527fd486d317849ef6b93f1a"",""ep_d25b6ad1391d226e5a930598""]",2
GET,/o/:organization_path/explore/catalog/cells,ce ee,conditional_anonymous,Explore::CatalogController,cells,"[""ep_e611d6a10d411d523afa7d49"",""ep_83ebc41e3288725966ab430d""]",2
GET,/o/:organization_path/explore/groups,ce ee,conditional_anonymous,Explore::GroupsController,index,"[""ep_b14ec8b8144ba8adf77f7f44"",""ep_8bc7e8bb7d984cdb36bdf730""]",2
GET,/o/:organization_path/explore/groups/active,ce ee,conditional_anonymous,Explore::GroupsController,index,"[""ep_217e44720978079502c93ed4"",""ep_331356614d777c8ac716168d""]",2
GET,/o/:organization_path/explore/groups/inactive,ce ee,conditional_anonymous,Explore::GroupsController,index,"[""ep_eb0423f6571388a9bd62e9ed"",""ep_0d063a07c532844ee5663cb3""]",2
GET,/o/:organization_path/explore/projects/topics,ce ee,conditional_anonymous,Explore::ProjectsController,topics,"[""ep_d09d1a43c15811c3b98640a1"",""ep_d5f25d00db58c5504c7e4627""]",2
GET,/o/:organization_path/explore/projects/topics/:topic_name,ce ee,conditional_anonymous,Explore::ProjectsController,topic,"[""ep_f5e817f277f3d3047ebd20f4"",""ep_a41dd6694bbc5ad412c1e3ff""]",2
GET,/o/:organization_path/explore/snippets,ce ee,conditional_anonymous,Explore::SnippetsController,index,"[""ep_25ffc25047ab1118a64dcb5c"",""ep_50e8d0c5adc4e4246bf2db5a""]",2
GET,/o/:organization_path/favicon.ico,ce ee,conditional_anonymous,http_registration,,"[""ep_eec0f780bf1561b97463748c"",""ep_edfce2644f5d2e187706ca3f""]",2
GET,/o/:organization_path/favicon.png,ce ee,conditional_anonymous,http_registration,,"[""ep_40928fc168057f7e5b679707"",""ep_b680d1fc05087e4b9e77566e""]",2
GET,/o/:organization_path/groups/*group_id/-/analytics,ee,conditional_anonymous,http_registration,,"[""ep_e87205254011fd0cd5c66b6d""]",1
GET,/o/:organization_path/groups/*group_id/-/analytics/cycle_analytics,ee,conditional_anonymous,http_registration,,"[""ep_8ca9a3c5b94c23cf2d0824c8""]",1
GET,/o/:organization_path/groups/*group_id/-/infrastructure_registry,ce ee,conditional_anonymous,http_registration,,"[""ep_50eac96362faac55d8577729"",""ep_006a187ef40b58859a7e1d31""]",2
GET,/o/:organization_path/groups/*group_id/-/settings/gitlab_duo_usage,ee,conditional_anonymous,http_registration,,"[""ep_309fdb36208e945682495ed1""]",1
GET,/o/:organization_path/help,ce ee,conditional_anonymous,HelpController,index,"[""ep_c090227de8188ee10355cf95"",""ep_79cc2a5ba49782ae3b67a770""]",2
GET,/o/:organization_path/help/*path,ce ee,conditional_anonymous,HelpController,show,"[""ep_8d2d924f9dcf37d21558a486"",""ep_17ccab0dcf21b470a818c803""]",2
GET,/o/:organization_path/help/docs,ce ee,conditional_anonymous,HelpController,redirect_to_docs,"[""ep_5bd6c5a0e1d5bad70e8c2f92"",""ep_7598bade8fcdb229baf59c04""]",2
GET,/o/:organization_path/help/drawers/*markdown_file,ce ee,conditional_anonymous,HelpController,drawers,"[""ep_b7605ee6fa17fd32321357d6"",""ep_e12213027a0d072087df293c""]",2
GET,/o/:organization_path/help/instance_configuration,ce ee,conditional_anonymous,HelpController,instance_configuration,"[""ep_9d1647bf14f3f90a73d09857"",""ep_0cc0801a93851ac247a52423""]",2
GET,/o/:organization_path/jwt/auth,ce ee,conditional_anonymous,JwtController,auth,"[""ep_c6eac11224e4faae3e200fc8"",""ep_c73f4354247912c8fc68b915""]",2
GET,/o/:organization_path/oauth/discovery/keys,ce ee,conditional_anonymous,JwksController,keys,"[""ep_80225951ec3690efe9aa5faa"",""ep_978968d673d5c821d41a256b""]",2
GET,/o/:organization_path/oauth/geo/auth,ee,conditional_anonymous,Oauth::GeoAuthController,auth,"[""ep_de14417f7e997a9b6e95223d""]",1
GET,/o/:organization_path/oauth/geo/callback,ee,conditional_anonymous,Oauth::GeoAuthController,callback,"[""ep_f9c5d7c7cd3d051a01132c92""]",1
GET,/o/:organization_path/oauth/geo/logout,ee,conditional_anonymous,Oauth::GeoAuthController,logout,"[""ep_02e0555007a2bcac6b30a03c""]",1
GET,/o/:organization_path/oauth/token/info,ce ee,conditional_anonymous,Oauth::TokenInfoController,show,"[""ep_f5fb364d80dc261a87e98532"",""ep_aadab041893bf897ca984b3d""]",2
GET,/o/:organization_path/projects,ce ee,conditional_anonymous,ProjectsController,index,"[""ep_4c843ef40771bc1427504f03"",""ep_3cbe8f98ed85cdc01b9c706d""]",2
GET,/o/:organization_path/projects/:id,ce ee,conditional_anonymous,Projects::RedirectController,redirect_from_id,"[""ep_74f840948ab65260582332bf"",""ep_6cf4be1b19944db718a8c8e6""]",2
GET,/o/:organization_path/sitemap,ee,conditional_anonymous,SitemapController,show,"[""ep_656562448a6be90f044673dc""]",1
GET,/o/:organization_path/unsubscribes/:email,ce ee,conditional_anonymous,Users::UnsubscribesController,show,"[""ep_137748726d4a6b7122de4b57"",""ep_f0a8f34b40a3b71b1a2872bc""]",2
GET,/o/:organization_path/uploads/-/system/:model/:id/:secret/:filename,ce ee,conditional_anonymous,UploadsController,show,"[""ep_d3b6ecf1d6ad434027117611"",""ep_bdf94607c15ceabbd2486167""]",2
GET,/o/:organization_path/uploads/-/system/:model/:mounted_as/:id/:filename,ce ee,conditional_anonymous,UploadsController,show,"[""ep_1929599f25670c8a8ea718f1"",""ep_4fb6f98cd26edc0ad4c23761"",""ep_5cbef04da6c5ad14add9f0e4"",""ep_fc1869229110397215a34910"",""ep_646d8fe264eec387ab230c0c"",""ep_8d6ee32f9f56b299a6626789"",""ep_a2be0e9115b519ea267d5092"",""ep_ec52ba35dc0e0ff8c6fb1c9c"",""ep_f36a7ee8f18083f67d2b63b1""]",9
GET,/o/:organization_path/uploads/-/system/temp/:secret/:filename,ce ee,conditional_anonymous,UploadsController,show,"[""ep_5a59ca893d86e2312a1e0a9c"",""ep_d8fca2fe4b559ea0791aaf9b""]",2
GET,/o/:organization_path/users/almost_there,ce ee,conditional_anonymous,ConfirmationsController,almost_there,"[""ep_8a9fcd07546a240747c1d4a1"",""ep_050c6079bdfe4e37afa423ff""]",2
GET,/o/:organization_path/users/auth,ce ee,conditional_anonymous,http_registration,,"[""ep_e18471cae0ec23472fe28b56"",""ep_234460540c5601b613a6b38c""]",2
GET,/o/:organization_path/users/auth/geo/sign_in,ee,conditional_anonymous,SessionsController,new,"[""ep_fbc04395022b03ece75a4be4""]",1
GET,/o/:organization_path/users/auth/kerberos/negotiate,ee,conditional_anonymous,OmniauthKerberosController,negotiate,"[""ep_8be5df646e6dc63aa37c34d7""]",1
GET,/o/:organization_path/users/cancel,ce ee,conditional_anonymous,RegistrationsController,cancel,"[""ep_f021125c1f94cb41e69648fc"",""ep_7047f3fc44f76222f3b63aa8"",""ep_b0511775481595bd4409eec3""]",3
GET,/o/:organization_path/users/confirmation,ce ee,conditional_anonymous,ConfirmationsController,show,"[""ep_b590362711437983dabe0556"",""ep_41309f1c4461f6aab54cc74a"",""ep_f2a0b2262988ee6e10ff2aac""]",3
GET,/o/:organization_path/users/confirmation/new,ce ee,conditional_anonymous,ConfirmationsController,new,"[""ep_e80dcbc2f2d074ed574bad5b"",""ep_47ad902f81e9adab0d8d33dc"",""ep_eb9276f33965f4aeccd56ad3""]",3
GET,/o/:organization_path/users/identity_verification/success,ee,conditional_anonymous,Users::RegistrationsIdentityVerificationController,success,"[""ep_061f7662db59621cbc24104f""]",1
GET,/o/:organization_path/users/identity_verification/verification_state,ee,conditional_anonymous,Users::RegistrationsIdentityVerificationController,verification_state,"[""ep_65d37172848f09e50e8aeec0""]",1
GET,/o/:organization_path/users/identity_verification/verify_credit_card,ee,conditional_anonymous,Users::RegistrationsIdentityVerificationController,verify_credit_card,"[""ep_f7553049aecb267f20890f59""]",1
GET,/o/:organization_path/users/password/edit,ce ee,conditional_anonymous,PasswordsController,edit,"[""ep_1f494030f8bf1be29a79cbc7"",""ep_bf2ed6b856feed313ca2dfc5"",""ep_edbdfa52a75041d531b046c1""]",3
GET,/o/:organization_path/users/password/new,ce ee,conditional_anonymous,PasswordsController,new,"[""ep_a8154227a0c53b482ff638ac"",""ep_833ac332855c7719cde9f915"",""ep_c7bbf895be15ece01b3cfbcc""]",3
GET,/o/:organization_path/users/sign_in,ce ee,conditional_anonymous,SessionsController,new,"[""ep_ca45349135dedd2943e8d6cc"",""ep_70433ffbd32c7785b1059b70""]",2
GET,/o/:organization_path/users/sign_in_path,ce ee,conditional_anonymous,SessionsController,sign_in_path,"[""ep_ca73d23e0aaa056f34d2f105"",""ep_27acad0e1d5c206ac1b82c84""]",2
GET,/o/:organization_path/users/sign_up,ce ee,conditional_anonymous,RegistrationsController,new,"[""ep_55b8598c9af03d5768871cc5"",""ep_04165c8dda85de913aa30357"",""ep_ccad44a8fe3e58c48d741ddf""]",3
GET,/o/:organization_path/users/unlock,ce ee,conditional_anonymous,Devise::UnlocksController,show,"[""ep_33cce49784c1dcc8dd1dc35f"",""ep_28639608a08b19c9589b9322"",""ep_f83d99647c61f4587719214d""]",3
GET,/o/:organization_path/users/unlock/new,ce ee,conditional_anonymous,Devise::UnlocksController,new,"[""ep_6f6261084d30b32c21f6f28e"",""ep_30c2db4fe4a2ba9b1f75973b"",""ep_bcfc6a8b7a33e9e1d5310f1e""]",3
GET,/o/:organization_path/v2/virtual_registries/container/:id/*image/referrers/*tag,ee,conditional_anonymous,VirtualRegistries::ContainerController,referrers_not_found,"[""ep_a7f678968a361174365450c7""]",1
GET,/o/:organization_path/v2/virtual_registries/container/:id/*path,ee,conditional_anonymous,VirtualRegistries::ContainerController,referrers | show,"[""ep_534e9d116e25babf74864e71"",""ep_8e8df78f00c4214ab20c09be""]",2
GET,/oauth/discovery/keys,ce ee,unauthenticated,JwksController,keys,"[""ep_eb240ea920dd19ef18462574"",""ep_c2cce669306df940594155b1""]",2
GET,/oauth/geo/auth,ee,unauthenticated,Oauth::GeoAuthController,auth,"[""ep_30844543b336e201daf9c2bf""]",1
GET,/oauth/geo/callback,ee,unauthenticated,Oauth::GeoAuthController,callback,"[""ep_da10744172e1920bca26c80d""]",1
GET,/oauth/geo/logout,ee,unauthenticated,Oauth::GeoAuthController,logout,"[""ep_21198d30538f124c9317c7db""]",1
GET,/oauth/token/info,ce ee,unauthenticated,Oauth::TokenInfoController,show,"[""ep_d37d8500dd85be56474028b8"",""ep_8e2695d556ec7e264fd27ac7""]",2
GET,/projects,ce ee,conditional_anonymous,ProjectsController,index,"[""ep_8133754d27f5be947666dc4a"",""ep_89d544c43f7515b7a4dd385b""]",2
GET,/projects/:id,ce ee,conditional_anonymous,Projects::RedirectController,redirect_from_id,"[""ep_65b5f930ff1c911551b61931"",""ep_21348c124fd2d36b78ab78ae""]",2
GET,/sitemap,ee,unauthenticated,SitemapController,show,"[""ep_40c00ac1053b9d8477e68245""]",1
GET,/unsubscribes/:email,ce ee,unauthenticated,Users::UnsubscribesController,show,"[""ep_60c7f330d521fb17008cd1be"",""ep_260f470a34aa7a4516adecc8""]",2
GET,/uploads/-/system/:model/:id/:secret/:filename,ce ee,unauthenticated,UploadsController,show,"[""ep_9cbfecb6202e282b8a24f199"",""ep_10c51bdafc1c7cf0c850b8f0""]",2
GET,/uploads/-/system/:model/:mounted_as/:id/:filename,ce ee,unauthenticated,UploadsController,show,"[""ep_32b55985bb77282bf846e966"",""ep_4cb6e620cd821c6a483a3ee5"",""ep_708e9f00973d8e8e25cdc7ca"",""ep_a6df64bf583bb9fd65ca60a2"",""ep_20658b9fcc72d1de03693133"",""ep_5189a45d25592373c6c2527f"",""ep_58af7fa6b8aca51a4a2043c7"",""ep_8c642b529cf7f29c85294f8c"",""ep_e27c4272060093dc0d95f8b5""]",9
GET,/uploads/-/system/temp/:secret/:filename,ce ee,unauthenticated,UploadsController,show,"[""ep_72c9861855c3ba8db89603c7"",""ep_02fbf34f6295454555dba789""]",2
GET,/users/almost_there,ce ee,unauthenticated,ConfirmationsController,almost_there,"[""ep_55704fca370bcde2287474e0"",""ep_0f572aad21a4d200680e1519""]",2
GET,/users/auth,ce ee,unauthenticated,http_registration,,"[""ep_f1e1d10635d17875c11ff37b"",""ep_84fba868b32d1b7cf34df90c""]",2
GET,/users/auth/geo/sign_in,ee,conditional_anonymous,SessionsController,new,"[""ep_bfae824d32b621740f79acb9""]",1
GET,/users/auth/kerberos/negotiate,ee,unauthenticated,OmniauthKerberosController,negotiate,"[""ep_910779192817a3fe00b74c03""]",1
GET,/users/cancel,ce ee,conditional_anonymous unauthenticated,RegistrationsController,cancel,"[""ep_dbcdc592b7ce7ec8a89320a8"",""ep_1398d07646744104297afdf6"",""ep_3405442e0a0db2c91fe11b27""]",3
GET,/users/confirmation,ce ee,conditional_anonymous unauthenticated,ConfirmationsController,show,"[""ep_c47c576e9e23511f49643013"",""ep_1e8150ae9296c5a3431265fd"",""ep_28400508a83fd4be1e0101dd""]",3
GET,/users/confirmation/new,ce ee,conditional_anonymous unauthenticated,ConfirmationsController,new,"[""ep_58fce67a7ea69137c4c5127d"",""ep_918ee7436448fd2f719d4fb1"",""ep_b7a54ee7f13e88321dc508ef""]",3
GET,/users/identity_verification/success,ee,unauthenticated,Users::RegistrationsIdentityVerificationController,success,"[""ep_caa3978ded2288ac66908948""]",1
GET,/users/identity_verification/verification_state,ee,unauthenticated,Users::RegistrationsIdentityVerificationController,verification_state,"[""ep_6ec2c9012aaa7941d5533258""]",1
GET,/users/identity_verification/verify_credit_card,ee,unauthenticated,Users::RegistrationsIdentityVerificationController,verify_credit_card,"[""ep_38a2d8db024ce799316ce304""]",1
GET,/users/password/edit,ce ee,conditional_anonymous unauthenticated,PasswordsController,edit,"[""ep_1c643f1a8ce5f359802b4b95"",""ep_2ad250742e2651f8df5ee10c"",""ep_7473089b3a4766e4af64cb9e""]",3
GET,/users/password/new,ce ee,conditional_anonymous unauthenticated,PasswordsController,new,"[""ep_a571ab1a65ead3cf36e4e8d6"",""ep_d3dbd3dc00afa1bc148f713c"",""ep_e507c3a92e9e5245bcbb5e36""]",3
GET,/users/sign_in,ce ee,conditional_anonymous unauthenticated,SessionsController,new,"[""ep_3c5bc6e7301908a7044940f8"",""ep_43193f9ffcd20c1af805641f""]",2
GET,/users/sign_in_path,ce ee,unauthenticated,SessionsController,sign_in_path,"[""ep_63906f10440604a4ef7c0518"",""ep_248993203ecb44630d96aa59""]",2
GET,/users/sign_up,ce ee,conditional_anonymous unauthenticated,RegistrationsController,new,"[""ep_974e051959d8104853ad6139"",""ep_a24d5f044ec300feb2013411"",""ep_f3706f958c24b231db245ab9""]",3
GET,/users/unlock,ce ee,conditional_anonymous unauthenticated,Devise::UnlocksController,show,"[""ep_1c42bbec3aa9d70bd706c6c8"",""ep_179bdf4e1d659cbc05db7c52"",""ep_5414a194f0220600999c775b""]",3
GET,/users/unlock/new,ce ee,conditional_anonymous unauthenticated,Devise::UnlocksController,new,"[""ep_c2755292ad9a9f0376bc4b94"",""ep_5eedf05470fcdc9a01566bbf"",""ep_df007148531e3ffed8f24afb""]",3
GET,/v2/virtual_registries/container/:id/*image/referrers/*tag,ee,unauthenticated,VirtualRegistries::ContainerController,referrers_not_found,"[""ep_1d86e3f20d4a25a115fd4a54""]",1
GET,/v2/virtual_registries/container/:id/*path,ee,conditional_anonymous,VirtualRegistries::ContainerController,referrers | show,"[""ep_4517b76594c64dd0e8da7263"",""ep_65dc6a31758a8c981db34ae7""]",2
HEAD,/api/v4/projects/:id/repository/branches/:branch,ce ee,conditional_anonymous,API::Branches,HEAD,"[""ep_29138d3b559f66ffe0bc774c"",""ep_63fb66e6d722b2a2c10db9ac""]",2
HEAD,/api/v4/projects/:id/repository/files/:file_path,ce ee,unauthenticated,API::Files,HEAD,"[""ep_3a2eab1bde82fdca06f460cf"",""ep_fb2102e6528b88cbff1865fa""]",2
HEAD,/api/v4/projects/:id/repository/files/:file_path/blame,ce ee,unauthenticated,API::Files,HEAD,"[""ep_a19358f39359a3cecba3903a"",""ep_7397d60a3a0bcdcbc7d03c72""]",2
OPTIONS,/-/jira_connect/oauth_application_id,ce ee,unauthenticated,JiraConnect::OauthApplicationIdsController,show,"[""ep_f87b59152e5469f8d6426856"",""ep_04efe01d19feb72e19bcf844""]",2
OPTIONS,/-/jira_connect/subscriptions(.:format),ce ee,unauthenticated,JiraConnect::SubscriptionsController,index,"[""ep_bdcc26ca5d5ff01c01c2dbe0"",""ep_41342ab736cebab1b9015e93""]",2
OPTIONS,/.well-known/oauth-authorization-server/api/v4/mcp,ce ee,unauthenticated,JwksController,provider,"[""ep_bebfdd842f056d877ab09b4d"",""ep_77fed9b3a81ba40de61658b8""]",2
OPTIONS,/.well-known/oauth-authorization-server/api/v4/orbit/mcp,ce ee,unauthenticated,JwksController,provider,"[""ep_0e49da27f1fe879497e70207"",""ep_ffc0e58a8e5f8ad93a8e743b""]",2
OPTIONS,/.well-known/oauth-protected-resource/api/v4/mcp,ce ee,unauthenticated,Oauth::ProtectedResourceMetadataController,show,"[""ep_3cc84bf85f0a72200529633d"",""ep_9dfd1474ef4b376d89e57bc3""]",2
OPTIONS,/.well-known/oauth-protected-resource/api/v4/orbit/mcp,ce ee,unauthenticated,Oauth::ProtectedResourceMetadataController,show,"[""ep_030d82e8dfbb43f06ecc4911"",""ep_e4dac782b049dabd9d97cddd""]",2
OPTIONS,/.well-known/openid-configuration,ce ee,unauthenticated,JwksController,provider,"[""ep_be27c28d8a9bb44ea7bdf911"",""ep_2e76d9d44367e277de8bd54b""]",2
OPTIONS,/.well-known/openid-configuration/api/v4/mcp,ce ee,unauthenticated,JwksController,provider,"[""ep_f2de24ac49a721f905330dfc"",""ep_df6b4d5765289c2226dd5942""]",2
OPTIONS,/.well-known/openid-configuration/api/v4/orbit/mcp,ce ee,unauthenticated,JwksController,provider,"[""ep_1d30c039fcb85e3ec341b698"",""ep_2c1acd181b5d7e4a01899ed8""]",2
OPTIONS,/.well-known/webfinger,ce ee,unauthenticated,JwksController,webfinger,"[""ep_47e00eac73924a3038672a3a"",""ep_460e3a10d738f8cd2d80e0e6""]",2
OPTIONS,/o/:organization_path/-/jira_connect/oauth_application_id,ce ee,conditional_anonymous,JiraConnect::OauthApplicationIdsController,show,"[""ep_3a4a979885734333ad5423a0"",""ep_e7279784751c5dd328b7aa22""]",2
OPTIONS,/o/:organization_path/-/jira_connect/subscriptions(.:format),ce ee,conditional_anonymous,JiraConnect::SubscriptionsController,index,"[""ep_0f0a98394e81fe587430f8a1"",""ep_7893f15347b4136ad0609e6b""]",2
OPTIONS,/o/:organization_path/.well-known/oauth-authorization-server/api/v4/mcp,ce ee,conditional_anonymous,JwksController,provider,"[""ep_dbd10aaeff4457415315ed3b"",""ep_a5d85c233a2bf5a3858f2c59""]",2
OPTIONS,/o/:organization_path/.well-known/oauth-authorization-server/api/v4/orbit/mcp,ce ee,conditional_anonymous,JwksController,provider,"[""ep_b92d656e940b296e45773aef"",""ep_4c234b1eb3c7a4c156ea9652""]",2
OPTIONS,/o/:organization_path/.well-known/oauth-protected-resource/api/v4/mcp,ce ee,conditional_anonymous,Oauth::ProtectedResourceMetadataController,show,"[""ep_bd1804960b986ef31fdaa3cb"",""ep_3e743b1bcc91585ab32e65c8""]",2
OPTIONS,/o/:organization_path/.well-known/oauth-protected-resource/api/v4/orbit/mcp,ce ee,conditional_anonymous,Oauth::ProtectedResourceMetadataController,show,"[""ep_30e96afc1507c162ebe8f04f"",""ep_7e9bd4bbbe4241a9dffcf56f""]",2
OPTIONS,/o/:organization_path/.well-known/openid-configuration,ce ee,conditional_anonymous,JwksController,provider,"[""ep_4db7bbc4f1222742ca4a8aa3"",""ep_452474226d511fc6549282dd""]",2
OPTIONS,/o/:organization_path/.well-known/openid-configuration/api/v4/mcp,ce ee,conditional_anonymous,JwksController,provider,"[""ep_635b55290779144a2be286cc"",""ep_a548dbdf9553ed168b45e904""]",2
OPTIONS,/o/:organization_path/.well-known/openid-configuration/api/v4/orbit/mcp,ce ee,conditional_anonymous,JwksController,provider,"[""ep_1a438b0e3ed2cebeaf7adf52"",""ep_106fcf536732202413dd1a12""]",2
OPTIONS,/o/:organization_path/.well-known/webfinger,ce ee,conditional_anonymous,JwksController,webfinger,"[""ep_653642188d882a493e695caf"",""ep_4bd08b79352227a62b827b75""]",2
OPTIONS,/o/:organization_path/oauth/discovery/keys,ce ee,conditional_anonymous,JwksController,keys,"[""ep_145515914957660baa490296"",""ep_94d28bc283dde5b58406a8eb""]",2
OPTIONS,/o/:organization_path/oauth/revoke,ce ee,conditional_anonymous,Oauth::TokensController,revoke,"[""ep_568e2b3af118e399782ce313"",""ep_ca9e2d937ba35d8e81590492""]",2
OPTIONS,/o/:organization_path/oauth/token,ce ee,conditional_anonymous,Oauth::TokensController,create,"[""ep_370781d76746272302fce3c4"",""ep_900e58507fd7dd55fab13229""]",2
OPTIONS,/oauth/discovery/keys,ce ee,unauthenticated,JwksController,keys,"[""ep_aef7bbf87420d3c1eb42068d"",""ep_7eb7c987fb7e7754ace9d551""]",2
OPTIONS,/oauth/revoke,ce ee,unauthenticated,Oauth::TokensController,revoke,"[""ep_b44a5aea85ca7cfb7c7c97d4"",""ep_2756e60cecd10c69dc42627c""]",2
OPTIONS,/oauth/token,ce ee,unauthenticated,Oauth::TokensController,create,"[""ep_04b2be58e7ad0262f1886690"",""ep_43086f23f399b2341af1b16a""]",2
PATCH,/*namespace_id/:project_id,ce ee,conditional_anonymous,ApplicationController,route_not_found,"[""ep_5ac81e429ec68690d5e25d30"",""ep_bd62181d4cd2a6df50581849""]",2
PATCH,/*namespace_id/:project_id/*all,ce ee,conditional_anonymous,ApplicationController,route_not_found,"[""ep_f1a977a6186144954db31625"",""ep_cfff4514229818b0ae43cc1d""]",2
PATCH,/*namespace_id/:project_id/-/issues/:id,ce ee,conditional_anonymous,Projects::IssuesController,update,"[""ep_d73642ca3988ce1c6937c632"",""ep_6b3af73acdc7bd7df46c673f""]",2
PATCH,/*namespace_id/:project_id/-/merge_requests/:id,ce ee,conditional_anonymous,Projects::MergeRequestsController,update,"[""ep_66437fe79a4ccffc62cb8afe"",""ep_b3214556fd03c543c8b30649""]",2
PATCH,/-/profile/notifications,ce ee,unauthenticated,Profiles::NotificationsController,update,"[""ep_62839d8ec4ccea904cd059cc"",""ep_92e84c347ce4d10bbbff3e3d""]",2
PATCH,/-/profile/preferences,ce ee,unauthenticated,Profiles::PreferencesController,update,"[""ep_c9b652e027d62dcb96625f58"",""ep_ccad5059916b6b5a587812a8""]",2
PATCH,/-/user_settings/password,ce ee,unauthenticated,UserSettings::PasswordsController,update,"[""ep_c850f7d44ef603e4123e24bc"",""ep_40378c3ac479f4d9fc152aba""]",2
PATCH,/admin/initial_setup,ce ee,unauthenticated,Admin::InitialSetupController,update,"[""ep_b3b9845da0e562b7ccdbc356"",""ep_d9e99dee143c2a09a35fc7ec""]",2
PATCH,/api/v4/api/scim/application/Groups/:id,ee,unauthenticated,API::Scim::InstanceScim,PATCH,"[""ep_d63f685528837fcce656b0b0""]",1
PATCH,/api/v4/api/scim/application/Users/:id,ee,unauthenticated,API::Scim::InstanceScim,PATCH,"[""ep_460ae8d641c36867f245218a""]",1
PATCH,/api/v4/api/scim/groups/:group/Users/:id,ee,unauthenticated,API::Scim::GroupScim,PATCH,"[""ep_70224f6b81f91741c9feb67b""]",1
PATCH,/api/v4/jobs/:id/trace,ce ee,unauthenticated,API::Ci::Runner,PATCH,"[""ep_6757481b59516657fe5e4bc2"",""ep_43264cad9559d519590b0a55""]",2
PATCH,/api/v4/projects/:id/compliance_external_controls/:control_id/status,ee,unauthenticated,API::ComplianceExternalControls,PATCH,"[""ep_d951a9689cca9bd2b0ed616d""]",1
PATCH,/o/:organization_path/*namespace_id/:project_id,ce ee,conditional_anonymous,ApplicationController,route_not_found,"[""ep_74ad484fe2df2d541487a15e"",""ep_bfa2579aea68804682648e95""]",2
PATCH,/o/:organization_path/*namespace_id/:project_id/*all,ce ee,conditional_anonymous,ApplicationController,route_not_found,"[""ep_4f2e028368251b766af58978"",""ep_977f8db28aca6d8e6eaf0e7d""]",2
PATCH,/o/:organization_path/*namespace_id/:project_id/-/issues/:id,ce ee,conditional_anonymous,Projects::IssuesController,update,"[""ep_f5c3bc174749d7dbdceadaea"",""ep_f46be2537aee821af78c68fc""]",2
PATCH,/o/:organization_path/*namespace_id/:project_id/-/merge_requests/:id,ce ee,conditional_anonymous,Projects::MergeRequestsController,update,"[""ep_c81c755900d62f2594ce1578"",""ep_bdf9801e64a8bb399e09df04""]",2
PATCH,/o/:organization_path/-/profile/notifications,ce ee,conditional_anonymous,Profiles::NotificationsController,update,"[""ep_664ff8b03f16f45f238467bf"",""ep_e2d586e99d3374000372d8c5""]",2
PATCH,/o/:organization_path/-/profile/preferences,ce ee,conditional_anonymous,Profiles::PreferencesController,update,"[""ep_908909d02b904e8eabc9c711"",""ep_bdf612fffb99bab0918ccd7a""]",2
PATCH,/o/:organization_path/-/user_settings/password,ce ee,conditional_anonymous,UserSettings::PasswordsController,update,"[""ep_742934ff395cce636401a0ca"",""ep_45028e540e6c2c12bf4a1ad7""]",2
PATCH,/o/:organization_path/users/identity_verification/toggle_phone_exemption,ee,conditional_anonymous,Users::RegistrationsIdentityVerificationController,toggle_phone_exemption,"[""ep_b702ecd38ee2b508653bffca""]",1
PATCH,/o/:organization_path/users/password,ce ee,conditional_anonymous,PasswordsController,update,"[""ep_e4d79fa5db412841306cd211"",""ep_00f8ab78f3be19b24ef8ad02"",""ep_d41d9cf78f5a21acc207deb9""]",3
PATCH,/users/identity_verification/toggle_phone_exemption,ee,unauthenticated,Users::RegistrationsIdentityVerificationController,toggle_phone_exemption,"[""ep_849ed9c29ca4626adec61680""]",1
PATCH,/users/password,ce ee,conditional_anonymous unauthenticated,PasswordsController,update,"[""ep_78fd15ed51ba719c465649e1"",""ep_0bfc9f08da456ae10b7125b0"",""ep_11ff3fe394da3a15aec56bb0""]",3
POST,/*namespace_id/:project_id,ce ee,conditional_anonymous,ApplicationController,route_not_found,"[""ep_df3f4ad13968682302a171df"",""ep_550dc6d3e76e87041f888e26""]",2
POST,/*namespace_id/:project_id/*all,ce ee,conditional_anonymous,ApplicationController,route_not_found,"[""ep_a05f04a223f9ae9a4452ea5f"",""ep_7307ecc338a98245835a1f9a""]",2
POST,/*namespace_id/:project_id/-/ci/prometheus_metrics/histograms,ce ee,conditional_anonymous,Projects::Ci::PrometheusMetrics::HistogramsController,create,"[""ep_2d118f67d5a3bcd729d78a66"",""ep_64bdbe89664d2f9429014090""]",2
POST,/*namespace_id/:project_id/-/commit/:id/discussions,ce ee,conditional_anonymous,Projects::CommitController,create_discussions,"[""ep_dea2f14c3829811c0f151ea5"",""ep_c89cf33266e4ae423dc57278""]",2
POST,/*namespace_id/:project_id/-/compare,ce ee,conditional_anonymous,Projects::CompareController,create,"[""ep_af32ebdf39fef2f98ed2ffa5"",""ep_a3da24f13a5a3e1f5897ee11""]",2
POST,/*namespace_id/:project_id/-/incidents/integrations/pagerduty,ce ee,conditional_anonymous,Projects::IncidentManagement::PagerDutyIncidentsController,create,"[""ep_00fdb5771e0f4c80ecc9bd2a"",""ep_ea6bd27b34b5a311ae7caa70""]",2
POST,/*namespace_id/:project_id/-/issues/:id/move,ce ee,conditional_anonymous,Projects::IssuesController,move,"[""ep_d5fbc00e4f6a324c54f41d6d"",""ep_d19fb1183a503af01d52a033""]",2
POST,/*namespace_id/:project_id/-/issues/:id/toggle_subscription,ce ee,conditional_anonymous,Projects::IssuesController,toggle_subscription,"[""ep_386d99be571443ab22efc1fe"",""ep_0e89bff1202ae833fd0762e2""]",2
POST,/*namespace_id/:project_id/-/labels/:id/toggle_subscription,ce ee,conditional_anonymous,Projects::LabelsController,toggle_subscription,"[""ep_438bc07e2c1a842cbce0b00e"",""ep_09f40488a9129a7b4a4750ea""]",2
POST,/*namespace_id/:project_id/-/merge_requests/:id/merge,ce ee,conditional_anonymous,Projects::MergeRequestsController,merge,"[""ep_5941e6672b3a3c87a1a5a237"",""ep_4b92883ce2cd4121b7593c92""]",2
POST,/*namespace_id/:project_id/-/merge_requests/:id/remove_wip,ce ee,conditional_anonymous,Projects::MergeRequestsController,remove_wip,"[""ep_30547ba462c05963038e81fd"",""ep_114db7ac363b40a5413115ad""]",2
POST,/*namespace_id/:project_id/-/merge_requests/:id/resolve_conflicts,ce ee,conditional_anonymous,Projects::MergeRequests::ConflictsController,resolve_conflicts,"[""ep_e47ea223a9da13bb37e1a7a0"",""ep_c895b85a86a14c1c4c62fc9f""]",2
POST,/*namespace_id/:project_id/-/merge_requests/:id/toggle_subscription,ce ee,conditional_anonymous,Projects::MergeRequestsController,toggle_subscription,"[""ep_6b57c4be6f0ca34a05ce9152"",""ep_50e3981d8f95f3993950bc81""]",2
POST,/*namespace_id/:project_id/-/preview/*id,ce ee,conditional_anonymous,Projects::BlobController,preview,"[""ep_6882c64d60ec202ae8e47ddb"",""ep_e5fa8f4f135bbf16c5438ab6""]",2
POST,/*namespace_id/:project_id/-/releases/inbox,ce ee,conditional_anonymous,ActivityPub::Projects::ReleasesController,inbox,"[""ep_32155565e845f50e80f22869"",""ep_df0d59b84b22c8f8f769e8ee""]",2
POST,/*namespace_id/:project_id/-/wikis/*id/preview_markdown,ce ee,conditional_anonymous,Projects::WikisController,preview_markdown,"[""ep_60c357cb21ef269b2e055d46"",""ep_de8c08f5734f4a021a7e071d""]",2
POST,/*namespace_id/:project_id/alerts/notify,ce ee,conditional_anonymous,Projects::Alerting::NotificationsController,create,"[""ep_4c346daaaad4ab460aa34fcf"",""ep_8937035e1f1de837204612c5""]",2
POST,/*namespace_id/:project_id/alerts/notify/:name/:endpoint_identifier,ce ee,conditional_anonymous,Projects::Alerting::NotificationsController,create,"[""ep_73d675f7bdbe0702c5778f56"",""ep_15c429dc79c5ea8816ac8019""]",2
POST,/*namespace_id/:project_id/insights/query,ee,conditional_anonymous,Projects::InsightsController,query,"[""ep_20c6abf780fac3b8bd869e09""]",1
POST,/*namespace_id/:project_id/prometheus/alerts/notify,ce ee,conditional_anonymous,Projects::Alerting::NotificationsController,create,"[""ep_fc7af524562309fd74354caf"",""ep_4fbf8464fa82db290d2a939f""]",2
POST,/*repository_path/git-receive-pack,ce ee,conditional_anonymous,Repositories::GitHttpController,git_receive_pack,"[""ep_e7e95214793d8c899e4c9473"",""ep_aa2bf798f2f77959c7ac2f7f""]",2
POST,/*repository_path/git-upload-pack,ce ee,conditional_anonymous,Repositories::GitHttpController,git_upload_pack,"[""ep_5a8a53b212850650b950d195"",""ep_2c5ba4a80fb0c5fa9ec34947""]",2
POST,/*repository_path/info/lfs/locks,ce ee,conditional_anonymous,Repositories::LfsLocksApiController,create,"[""ep_17e63237aa2760d5862d858f"",""ep_66d971f5d0b77ef6d9383ca0""]",2
POST,/*repository_path/info/lfs/locks/:id/unlock,ce ee,conditional_anonymous,Repositories::LfsLocksApiController,unlock,"[""ep_d23c2739dcc46587fcb0965f"",""ep_44a7a3e351250f05c150af3b""]",2
POST,/*repository_path/info/lfs/locks/verify,ce ee,conditional_anonymous,Repositories::LfsLocksApiController,verify,"[""ep_c219946c09d34086e50e785f"",""ep_af40678cdb53058ee307a8cd""]",2
POST,/*repository_path/info/lfs/objects,ce ee,conditional_anonymous,Repositories::LfsApiController,deprecated,"[""ep_bf48acc74a6f5206605d6fa7"",""ep_d70cabbd08ed01f51af38690""]",2
POST,/*repository_path/info/lfs/objects/batch,ce ee,conditional_anonymous,Repositories::LfsApiController,batch,"[""ep_93daef4074ea9f432d5da647"",""ep_e274c6330392af14bb1a1bea""]",2
POST,/*repository_path/ssh-receive-pack,ce ee,conditional_anonymous,Repositories::GitHttpController,ssh_receive_pack,"[""ep_1a9d5bec6873836f4757d13c"",""ep_72e49f2c40048f629923a66b""]",2
POST,/*repository_path/ssh-upload-pack,ce ee,conditional_anonymous,Repositories::GitHttpController,ssh_upload_pack,"[""ep_54a539c51df593591753dba7"",""ep_5c68af59ccb1721629dcf3d1""]",2
POST,/-/awarded_achievements/:id/accept,ce ee,conditional_anonymous,Achievements::AwardedAchievementsController,accept,"[""ep_1492a27b0a3391458077c329"",""ep_beccf153953db023c978228b""]",2
POST,/-/chaos/gc,ce ee,conditional_anonymous,ChaosController,gc,"[""ep_d27aa594c5f14b7b5f70c04f"",""ep_df86ff72b26958b4f0fa3072""]",2
POST,/-/collect_events,ce ee,unauthenticated,EventForward::EventForwardController,forward,"[""ep_39568bd4d1b92cc36e85cfd0"",""ep_d4e3fbc792cf2ae8dc3e53fa""]",2
POST,/-/customers_dot/proxy/graphql,ee,unauthenticated,CustomersDot::ProxyController,graphql,"[""ep_86325696f39db34a174ce2a0""]",1
POST,/-/from_secondary/:geo_node_id/*repository_path/git-receive-pack,ee,conditional_anonymous,Repositories::GitHttpController,git_receive_pack,"[""ep_38ea2a934746a87271600467""]",1
POST,/-/from_secondary/:geo_node_id/*repository_path/git-upload-pack,ee,conditional_anonymous,Repositories::GitHttpController,git_upload_pack,"[""ep_cd2dd31be6c97b810747bebd""]",1
POST,/-/from_secondary/:geo_node_id/*repository_path/info/lfs/locks,ee,conditional_anonymous,Repositories::LfsLocksApiController,create,"[""ep_5d563ca4eff48eeffedf3dc4""]",1
POST,/-/from_secondary/:geo_node_id/*repository_path/info/lfs/locks/:id/unlock,ee,conditional_anonymous,Repositories::LfsLocksApiController,unlock,"[""ep_ff01f3c682637e41b1f67d0f""]",1
POST,/-/from_secondary/:geo_node_id/*repository_path/info/lfs/locks/verify,ee,conditional_anonymous,Repositories::LfsLocksApiController,verify,"[""ep_a49bee3d4f7ef3609683da89""]",1
POST,/-/from_secondary/:geo_node_id/*repository_path/info/lfs/objects,ee,conditional_anonymous,Repositories::LfsApiController,deprecated,"[""ep_6d40b9c80a03746bf16e0b82""]",1
POST,/-/from_secondary/:geo_node_id/*repository_path/info/lfs/objects/batch,ee,conditional_anonymous,Repositories::LfsApiController,batch,"[""ep_0b317210e87dd57f8293ef23""]",1
POST,/-/from_secondary/:geo_node_id/*repository_path/ssh-receive-pack,ee,conditional_anonymous,Repositories::GitHttpController,ssh_receive_pack,"[""ep_682ced8493dd8a6e94b77b19""]",1
POST,/-/from_secondary/:geo_node_id/*repository_path/ssh-upload-pack,ee,conditional_anonymous,Repositories::GitHttpController,ssh_upload_pack,"[""ep_7ab1a997e1739fdf878aed29""]",1
POST,/-/gitlab_subscriptions/hand_raise_leads,ee,unauthenticated,GitlabSubscriptions::HandRaiseLeadsController,create,"[""ep_521f0ccb977f6ecf7a53f5e2""]",1
POST,/-/gitlab_subscriptions/hand_raise_leads/track_cart_abandonment,ee,unauthenticated,GitlabSubscriptions::HandRaiseLeadsController,track_cart_abandonment,"[""ep_f79ae6eeef8687d174085279""]",1
POST,/-/invites/:id/accept,ce ee,conditional_anonymous,InvitesController,accept,"[""ep_1d4fac5f08e2c1d6e7c8d071"",""ep_3f3991670bf5d1210b024ec8""]",2
POST,/-/invites/:id/decline,ce ee,conditional_anonymous,InvitesController,decline,"[""ep_5925fb1877a4f4fd59b34358"",""ep_39966a8faef1da3ecef4b292""]",2
POST,/-/jira_connect/repositories/associate,ce ee,unauthenticated,JiraConnect::RepositoriesController,associate,"[""ep_4ebdd83cb41a8449e0184f44"",""ep_88842ed8e889d8562ba0ab0f""]",2
POST,/-/namespace/:namespace_id/sent_notifications/:id/unsubscribe,ce ee,conditional_anonymous,SentNotificationsController,unsubscribe,"[""ep_ae671a4a34b4764b5789f6b7"",""ep_1815bd46ad8cbdc09567ab63""]",2
POST,/-/phone_verification/telesign_callback,ee,unauthenticated,PhoneVerification::TelesignCallbacksController,notify,"[""ep_b00fa2ce8e56e78614175786""]",1
POST,/-/profile/account/generate_support_pin,ce ee,unauthenticated,Profiles::AccountsController,generate_support_pin,"[""ep_67210b7f455c55b8bffeb21a"",""ep_7b822960ca2a4dc2fbf528e7""]",2
POST,/-/profile/emails/sign_out,ce ee,unauthenticated,Devise::SessionsController,destroy,"[""ep_016a8336b317e6e263009cf1"",""ep_81c581985a8f94327b7fad4a""]",2
POST,/-/security/projects,ee,unauthenticated,Security::ProjectsController,create,"[""ep_08bebd3d86eb6aac20c63880""]",1
POST,/-/sent_notifications/:id/unsubscribe,ce ee,conditional_anonymous,SentNotificationsController,unsubscribe,"[""ep_4e4632a90f1d05f24c864eb7"",""ep_d8876af73ed45f05f6be94f5""]",2
POST,/-/smartcard/auth,ee,unauthenticated,SmartcardController,auth,"[""ep_01d266cc13dbd37a25a8cc33""]",1
POST,/-/snippets/preview_markdown,ce ee,conditional_anonymous,SnippetsController,preview_markdown,"[""ep_7444f56ab74663cf549e8ad1"",""ep_d9e7369c97aad8f1d21948c0""]",2
POST,/-/trials,ee,conditional_anonymous,GitlabSubscriptions::TrialsController,create,"[""ep_c624387ea4350d550a0f0e1f""]",1
POST,/-/user_settings/password,ce ee,unauthenticated,UserSettings::PasswordsController,create,"[""ep_e6040bb7ae8895ec29750e6a"",""ep_30ff929668877c32a4cef5bd""]",2
POST,/-/user_settings/personal_access_tokens,ce,unauthenticated,UserSettings::PersonalAccessTokensController,create,"[""ep_86065a8477b3a70f0e4205c3""]",1
POST,/api/glql,ce ee,unauthenticated,Glql::BaseController,execute,"[""ep_9a482ebc6787cf44a08525ed"",""ep_7a005bf3ff70cf701a76e0ed""]",2
POST,/api/graphql,ce ee,unauthenticated,GraphqlController,execute,"[""ep_b206c7c54e0311ad534bef03"",""ep_57bb3078a9bd79dd45c7f3a9""]",2
POST,/api/v4/api/scim/application/Groups,ee,unauthenticated,API::Scim::InstanceScim,POST,"[""ep_a03b0fc58ad7e6ea01d12130""]",1
POST,/api/v4/api/scim/application/Users,ee,unauthenticated,API::Scim::InstanceScim,POST,"[""ep_0476434bfee684514d125274""]",1
POST,/api/v4/api/scim/groups/:group/Users,ee,unauthenticated,API::Scim::GroupScim,POST,"[""ep_e7f7b15d4bfe54ce24c3668b""]",1
POST,/api/v4/geo/graphql,ee,unauthenticated,GraphqlController,execute,"[""ep_c4951a1b1aef5394813a5a06""]",1
POST,/api/v4/glql,ce ee,unauthenticated,API::Glql,POST,"[""ep_9bcbfd7ef51d9993189e3953"",""ep_4934544eca68b668184264be""]",2
POST,/api/v4/groups/import/authorize,ce ee,unauthenticated,API::GroupImport,POST,"[""ep_8c2b9c70c20b7df1c4e92c54"",""ep_8e4b223301b4f78b7061dab6""]",2
POST,/api/v4/import/bitbucket_server,ce ee,unauthenticated,API::ImportBitbucketServer,POST,"[""ep_ffa03e47cee85ceb73f5fb10"",""ep_a25bab1ffe638001c336c040""]",2
POST,/api/v4/internal/ci/job_router/jobs/request,ce ee,unauthenticated,API::Internal::Ci::JobRouter,POST,"[""ep_1d29c8855272675d0633eee9"",""ep_599dc773f28b1bf7ac5e61fb""]",2
POST,/api/v4/internal/kubernetes/agent_configuration,ce ee,unauthenticated,API::Internal::Kubernetes,POST,"[""ep_b52b24f635207c9eeceb2fe4"",""ep_e77707c1637280d80b1243b4""]",2
POST,/api/v4/internal/kubernetes/agent_events,ce ee,unauthenticated,API::Internal::Kubernetes,POST,"[""ep_dabfae75d96040c4e0ff4730"",""ep_f3dbe9c690b83a67c451f884""]",2
POST,/api/v4/internal/kubernetes/modules/remote_development/reconcile,ee,unauthenticated,API::Internal::Kubernetes,POST,"[""ep_469f7d0a6dc68e0da4ace444""]",1
POST,/api/v4/internal/kubernetes/modules/starboard_vulnerability/scan_result,ee,unauthenticated,API::Internal::Kubernetes,POST,"[""ep_6b66353e0b3681ac19979934""]",1
POST,/api/v4/internal/kubernetes/usage_metrics,ce ee,unauthenticated,API::Internal::Kubernetes,POST,"[""ep_555eafe7f7bcc605f8fd2af3"",""ep_e3789cfa5ffb95e5b5f5d3e8""]",2
POST,/api/v4/internal/orbit/project/:project_id/repository/changed_paths,ee,unauthenticated,API::Internal::Orbit,POST,"[""ep_9c71aa8efdf06d13dd03c079""]",1
POST,/api/v4/internal/orbit/project/:project_id/repository/list_blobs,ee,unauthenticated,API::Internal::Orbit,POST,"[""ep_7391206f1f5c493279b65d17""]",1
POST,/api/v4/internal/secrets_manager/audit_logs,ee,unauthenticated,API::Internal::SecretsManager,POST,"[""ep_6a80d5d578136d00a7afbb6c""]",1
POST,/api/v4/internal/workhorse/oauth_routing,ce ee,unauthenticated,API::Internal::Workhorse,POST,"[""ep_9e409a584d215fd1eb8b453d"",""ep_e12cc5e53156618f1f6da545""]",2
POST,/api/v4/jobs/:id/artifacts,ce ee,unauthenticated,API::Ci::Runner,POST,"[""ep_a5dffb476035c8578f53c212"",""ep_bebf7baa4f08ad8c52823f07""]",2
POST,/api/v4/jobs/:id/artifacts/authorize,ce ee,unauthenticated,API::Ci::Runner,POST,"[""ep_b6e5c8baa3b0456c741edbf8"",""ep_d4cc6b5d72b5fe6067414318""]",2
POST,/api/v4/jobs/:id/sbom_scans,ee,unauthenticated,API::Security::VulnerabilityScanning::SbomScans,POST,"[""ep_8a8ea25bf294f5db75f9ebc6""]",1
POST,/api/v4/jobs/:id/sbom_scans/:sbom_digest,ee,unauthenticated,API::Security::VulnerabilityScanning::SbomScans,POST,"[""ep_4f8ba4106aecbf1361ad567d""]",1
POST,/api/v4/jobs/:id/sbom_scans/authorize,ee,unauthenticated,API::Security::VulnerabilityScanning::SbomScans,POST,"[""ep_12f3db8d67e162f4c5271dad""]",1
POST,/api/v4/jobs/request,ce ee,unauthenticated,API::Ci::Runner,POST,"[""ep_df56351c74d23008c687828a"",""ep_fd51917ccac5bbf065d79e40""]",2
POST,/api/v4/projects/:id/(ref/:ref/)trigger/pipeline,ce ee,unauthenticated,API::Ci::Triggers,POST,"[""ep_c9096eabafa9bf4dc6d82aaf"",""ep_a38945c3d8d173bbccce0b1b""]",2
POST,/api/v4/projects/:id/merge_requests/:merge_request_iid/blocks,ee,conditional_anonymous,API::MergeRequestDependencies,POST,"[""ep_b90400e1d6186fd44a0711e9""]",1
POST,/api/v4/projects/:id/packages/rpm/authorize,ce ee,conditional_anonymous,API::RpmProjectPackages,POST,"[""ep_78c12f6dd43413169aac02ca"",""ep_a4c74094c72dce913143e9e8""]",2
POST,/api/v4/projects/:id/releases/:tag_name/assets/links,ce ee,conditional_anonymous,API::Release::Links,POST,"[""ep_320bcde393c5354fc686a449"",""ep_8c3cace2dcef9349ffcd40ea""]",2
POST,/api/v4/projects/:id/repository/changelog,ce ee,conditional_anonymous,API::Repositories,POST,"[""ep_bf89b4beff3f8a0082e3e018"",""ep_5d0f16de3b046aa6150bb6ef""]",2
POST,/api/v4/projects/:id/repository/commits/:sha/comments,ce ee,conditional_anonymous,API::Commits,POST,"[""ep_9f7daba15ca1628577eb1a09"",""ep_5ae9b550326d061d220b97a0""]",2
POST,/api/v4/projects/:id/repository/commits/authorize,ce ee,conditional_anonymous,API::Commits,POST,"[""ep_b2164870d44aaf0eb452ce69"",""ep_8509f04dc77e218bee531265""]",2
POST,/api/v4/projects/:id/repository/files/:file_path/authorize,ce ee,unauthenticated,API::Files,POST,"[""ep_50312647d77d0b100982b386"",""ep_c4ffca53524864e04f822c94""]",2
POST,/api/v4/rollouts/:id,ee,unauthenticated,API::Cd::Rollouts,POST,"[""ep_dff7d17cc8ba05daf1e495de""]",1
POST,/api/v4/runners,ce ee,unauthenticated,API::Ci::Runner,POST,"[""ep_1932d5bf8bd1cef3bddc90ed"",""ep_50e40cd058e334215788568f""]",2
POST,/api/v4/runners/reset_authentication_token,ce ee,unauthenticated,API::Ci::Runner,POST,"[""ep_dab25f53db0a1e03fc8b3242"",""ep_1787597773cccafe618efbc4""]",2
POST,/api/v4/runners/verify,ce ee,unauthenticated,API::Ci::Runner,POST,"[""ep_3701155a46ffcfac611266d0"",""ep_46515655ed59d9eff8305866""]",2
POST,/api/v4/slack/trigger,ce ee,unauthenticated,API::Integrations,POST,"[""ep_50579667ac4d7c8b209f1046"",""ep_a4689b85febda9c2b1b5d21e""]",2
POST,/o/:organization_path/*namespace_id/:project_id,ce ee,conditional_anonymous,ApplicationController,route_not_found,"[""ep_10da05b01b352ae8899e86a5"",""ep_5855eb071890a4a602918d2d""]",2
POST,/o/:organization_path/*namespace_id/:project_id/*all,ce ee,conditional_anonymous,ApplicationController,route_not_found,"[""ep_f6879f649a5b29d6bcf215b2"",""ep_6136b9f1bda4f43f03ec0796""]",2
POST,/o/:organization_path/*namespace_id/:project_id/-/ci/prometheus_metrics/histograms,ce ee,conditional_anonymous,Projects::Ci::PrometheusMetrics::HistogramsController,create,"[""ep_5ae50b5914ad04e31daad5b8"",""ep_7efa0cadc6e0bfe724611569""]",2
POST,/o/:organization_path/*namespace_id/:project_id/-/commit/:id/discussions,ce ee,conditional_anonymous,Projects::CommitController,create_discussions,"[""ep_6d7e3972d81873f5d8db3734"",""ep_403ac8bbc70418c2657862f6""]",2
POST,/o/:organization_path/*namespace_id/:project_id/-/compare,ce ee,conditional_anonymous,Projects::CompareController,create,"[""ep_90e6476f0d18d6cacf29eb39"",""ep_a4c361729fd2b7abadbd19ce""]",2
POST,/o/:organization_path/*namespace_id/:project_id/-/incidents/integrations/pagerduty,ce ee,conditional_anonymous,Projects::IncidentManagement::PagerDutyIncidentsController,create,"[""ep_63ffd2e33b5effacaad7c7c6"",""ep_c48f0d1fbbaece7a4032788f""]",2
POST,/o/:organization_path/*namespace_id/:project_id/-/issues/:id/move,ce ee,conditional_anonymous,Projects::IssuesController,move,"[""ep_74b4167d82cafc966aa4a38c"",""ep_09c84f3ac50c0aaf9edba62e""]",2
POST,/o/:organization_path/*namespace_id/:project_id/-/issues/:id/toggle_subscription,ce ee,conditional_anonymous,Projects::IssuesController,toggle_subscription,"[""ep_370a3df7dd3e96f406e8b5c7"",""ep_12a2074a916cafeb7bdd82a2""]",2
POST,/o/:organization_path/*namespace_id/:project_id/-/labels/:id/toggle_subscription,ce ee,conditional_anonymous,Projects::LabelsController,toggle_subscription,"[""ep_193258a84b3a118f7beb1b27"",""ep_b03a692ea84bc99bdba8256f""]",2
POST,/o/:organization_path/*namespace_id/:project_id/-/merge_requests/:id/merge,ce ee,conditional_anonymous,Projects::MergeRequestsController,merge,"[""ep_5e19af8f5f0c2943bb7b715d"",""ep_63893a6a6d1304c0343726a9""]",2
POST,/o/:organization_path/*namespace_id/:project_id/-/merge_requests/:id/remove_wip,ce ee,conditional_anonymous,Projects::MergeRequestsController,remove_wip,"[""ep_6cecd4af06d66c93e599eddd"",""ep_3aa3ee43808c457fb2418ac0""]",2
POST,/o/:organization_path/*namespace_id/:project_id/-/merge_requests/:id/resolve_conflicts,ce ee,conditional_anonymous,Projects::MergeRequests::ConflictsController,resolve_conflicts,"[""ep_93fcc0cc0a27ff40be9bd095"",""ep_67d3c2832b75a193cd9daf03""]",2
POST,/o/:organization_path/*namespace_id/:project_id/-/merge_requests/:id/toggle_subscription,ce ee,conditional_anonymous,Projects::MergeRequestsController,toggle_subscription,"[""ep_44b25b02740a743f5c5e4209"",""ep_9652757b03322a4c43a626c5""]",2
POST,/o/:organization_path/*namespace_id/:project_id/-/preview/*id,ce ee,conditional_anonymous,Projects::BlobController,preview,"[""ep_f50b88bac8e14f22055ce6ab"",""ep_4b2ebbf74c36d86326a65150""]",2
POST,/o/:organization_path/*namespace_id/:project_id/-/releases/inbox,ce ee,conditional_anonymous,ActivityPub::Projects::ReleasesController,inbox,"[""ep_55699105f06db39dbea5ba6f"",""ep_1289c49cb752233b8784158a""]",2
POST,/o/:organization_path/*namespace_id/:project_id/-/wikis/*id/preview_markdown,ce ee,conditional_anonymous,Projects::WikisController,preview_markdown,"[""ep_6ca353ade81fbc37a6c604d6"",""ep_73049104c46ad7d60cbf223c""]",2
POST,/o/:organization_path/*namespace_id/:project_id/alerts/notify,ce ee,conditional_anonymous,Projects::Alerting::NotificationsController,create,"[""ep_e3675b012f6db2ac5a27135c"",""ep_e20865bacf9137274d2fd836""]",2
POST,/o/:organization_path/*namespace_id/:project_id/alerts/notify/:name/:endpoint_identifier,ce ee,conditional_anonymous,Projects::Alerting::NotificationsController,create,"[""ep_5ded043550368e3564900783"",""ep_1f191615a99617c798c6736a""]",2
POST,/o/:organization_path/*namespace_id/:project_id/insights/query,ee,conditional_anonymous,Projects::InsightsController,query,"[""ep_37a24d9007feb3889eafc6c5""]",1
POST,/o/:organization_path/*namespace_id/:project_id/prometheus/alerts/notify,ce ee,conditional_anonymous,Projects::Alerting::NotificationsController,create,"[""ep_cf868861863a8602e9f08f27"",""ep_9e7b7c7f66d93d0b0d0f3906""]",2
POST,/o/:organization_path/*repository_path/git-receive-pack,ce ee,conditional_anonymous,Repositories::GitHttpController,git_receive_pack,"[""ep_fd6da7d8111b3a597d5a1f97"",""ep_7262724dd291802a10a2449f""]",2
POST,/o/:organization_path/*repository_path/git-upload-pack,ce ee,conditional_anonymous,Repositories::GitHttpController,git_upload_pack,"[""ep_03bac84ff48ac105d533baa7"",""ep_88062150ad17c0ef019101c4""]",2
POST,/o/:organization_path/*repository_path/info/lfs/locks,ce ee,conditional_anonymous,Repositories::LfsLocksApiController,create,"[""ep_d76b4dec65607d11a1cbaa10"",""ep_a0b84453e475110b0aab64b5""]",2
POST,/o/:organization_path/*repository_path/info/lfs/locks/:id/unlock,ce ee,conditional_anonymous,Repositories::LfsLocksApiController,unlock,"[""ep_3860c5d838895650dd5fa6e3"",""ep_b4af3e4d2b55ff83711654dc""]",2
POST,/o/:organization_path/*repository_path/info/lfs/locks/verify,ce ee,conditional_anonymous,Repositories::LfsLocksApiController,verify,"[""ep_9072a9feeb169e6046d0e2f2"",""ep_9cdb3a1424247301b0c36df0""]",2
POST,/o/:organization_path/*repository_path/info/lfs/objects,ce ee,conditional_anonymous,Repositories::LfsApiController,deprecated,"[""ep_84ecd2af0200c1bd6dde206f"",""ep_f8d9e3f80d031a7467296680""]",2
POST,/o/:organization_path/*repository_path/info/lfs/objects/batch,ce ee,conditional_anonymous,Repositories::LfsApiController,batch,"[""ep_fb70f3a1a075630bf2e15c03"",""ep_7756db5ae832522d6dcbb410""]",2
POST,/o/:organization_path/*repository_path/ssh-receive-pack,ce ee,conditional_anonymous,Repositories::GitHttpController,ssh_receive_pack,"[""ep_2271e12cbfcd23adf5638a3a"",""ep_34632c9bbd2232082a65c2ac""]",2
POST,/o/:organization_path/*repository_path/ssh-upload-pack,ce ee,conditional_anonymous,Repositories::GitHttpController,ssh_upload_pack,"[""ep_9548d736ee9e9414c1f6590a"",""ep_117941a62fb241709332c3f2""]",2
POST,/o/:organization_path/-/awarded_achievements/:id/accept,ce ee,conditional_anonymous,Achievements::AwardedAchievementsController,accept,"[""ep_8155be1d0895b5f4d86a791d"",""ep_3083bf763189f08c701fa786""]",2
POST,/o/:organization_path/-/chaos/gc,ce ee,conditional_anonymous,ChaosController,gc,"[""ep_a4e627b4deedfc2093b34d39"",""ep_c5572e3274baae93afa52a4b""]",2
POST,/o/:organization_path/-/collect_events,ce ee,conditional_anonymous,EventForward::EventForwardController,forward,"[""ep_da61d3cfc1376ddd4d676919"",""ep_69da7038f2f0d42bd757247c""]",2
POST,/o/:organization_path/-/customers_dot/proxy/graphql,ee,conditional_anonymous,CustomersDot::ProxyController,graphql,"[""ep_4da8e304577fc0109560442c""]",1
POST,/o/:organization_path/-/from_secondary/:geo_node_id/*repository_path/git-receive-pack,ee,conditional_anonymous,Repositories::GitHttpController,git_receive_pack,"[""ep_0ba7285ca142579eacfa373e""]",1
POST,/o/:organization_path/-/from_secondary/:geo_node_id/*repository_path/git-upload-pack,ee,conditional_anonymous,Repositories::GitHttpController,git_upload_pack,"[""ep_b71abb43b9aaceff07bd23a5""]",1
POST,/o/:organization_path/-/from_secondary/:geo_node_id/*repository_path/info/lfs/locks,ee,conditional_anonymous,Repositories::LfsLocksApiController,create,"[""ep_29c4bb5a1eec5b5730c88ee7""]",1
POST,/o/:organization_path/-/from_secondary/:geo_node_id/*repository_path/info/lfs/locks/:id/unlock,ee,conditional_anonymous,Repositories::LfsLocksApiController,unlock,"[""ep_903c6861b4dddd26f5f103c7""]",1
POST,/o/:organization_path/-/from_secondary/:geo_node_id/*repository_path/info/lfs/locks/verify,ee,conditional_anonymous,Repositories::LfsLocksApiController,verify,"[""ep_5c56eab449ef393063cb7631""]",1
POST,/o/:organization_path/-/from_secondary/:geo_node_id/*repository_path/info/lfs/objects,ee,conditional_anonymous,Repositories::LfsApiController,deprecated,"[""ep_c384730df545d5219aa25ece""]",1
POST,/o/:organization_path/-/from_secondary/:geo_node_id/*repository_path/info/lfs/objects/batch,ee,conditional_anonymous,Repositories::LfsApiController,batch,"[""ep_79bd6e3cceecb3cd9910dd83""]",1
POST,/o/:organization_path/-/from_secondary/:geo_node_id/*repository_path/ssh-receive-pack,ee,conditional_anonymous,Repositories::GitHttpController,ssh_receive_pack,"[""ep_eefc12271a946bcf0a0d81cc""]",1
POST,/o/:organization_path/-/from_secondary/:geo_node_id/*repository_path/ssh-upload-pack,ee,conditional_anonymous,Repositories::GitHttpController,ssh_upload_pack,"[""ep_0aa2d0070bf5d37737888c4a""]",1
POST,/o/:organization_path/-/gitlab_subscriptions/hand_raise_leads,ee,conditional_anonymous,GitlabSubscriptions::HandRaiseLeadsController,create,"[""ep_280794a5a33a89db86091e6c""]",1
POST,/o/:organization_path/-/gitlab_subscriptions/hand_raise_leads/track_cart_abandonment,ee,conditional_anonymous,GitlabSubscriptions::HandRaiseLeadsController,track_cart_abandonment,"[""ep_bf07925cb2abf996b4eb7c7b""]",1
POST,/o/:organization_path/-/invites/:id/accept,ce ee,conditional_anonymous,InvitesController,accept,"[""ep_5ab7c456e5d5f559a5b3526e"",""ep_0b8b50f5881d725db3d42d14""]",2
POST,/o/:organization_path/-/invites/:id/decline,ce ee,conditional_anonymous,InvitesController,decline,"[""ep_af384db84c14ace894add4c2"",""ep_f992172f5f2d1fb8063a3118""]",2
POST,/o/:organization_path/-/jira_connect/repositories/associate,ce ee,conditional_anonymous,JiraConnect::RepositoriesController,associate,"[""ep_a94fd20e1b77378c84966499"",""ep_420215333b71f6e4f8a2646b""]",2
POST,/o/:organization_path/-/phone_verification/telesign_callback,ee,conditional_anonymous,PhoneVerification::TelesignCallbacksController,notify,"[""ep_c4f6252fa16eaeb97857b9e4""]",1
POST,/o/:organization_path/-/profile/account/generate_support_pin,ce ee,conditional_anonymous,Profiles::AccountsController,generate_support_pin,"[""ep_15628bebf3113f124b9491e7"",""ep_b0e33601aae479aa9f7254d6""]",2
POST,/o/:organization_path/-/profile/emails/sign_out,ce ee,conditional_anonymous,Devise::SessionsController,destroy,"[""ep_3ed7e9bc36a2a3f51b24d407"",""ep_28a0aa7eed99782af9d8c17a""]",2
POST,/o/:organization_path/-/security/projects,ee,conditional_anonymous,Security::ProjectsController,create,"[""ep_fac8e945054d8e722d313ef1""]",1
POST,/o/:organization_path/-/sent_notifications/:id/unsubscribe,ce ee,conditional_anonymous,SentNotificationsController,unsubscribe,"[""ep_2e320344cabc8451bf9c542f"",""ep_38aca1c681841f6ed33ba521""]",2
POST,/o/:organization_path/-/smartcard/auth,ee,conditional_anonymous,SmartcardController,auth,"[""ep_5ae2eeedf2b62e234a011076""]",1
POST,/o/:organization_path/-/snippets/preview_markdown,ce ee,conditional_anonymous,SnippetsController,preview_markdown,"[""ep_1ef15d4e2b44757dd83f3991"",""ep_3f4824d06b968528ff97498d""]",2
POST,/o/:organization_path/-/trials,ee,conditional_anonymous,GitlabSubscriptions::TrialsController,create,"[""ep_8eccbfe5ca0eb9f1c89bf452""]",1
POST,/o/:organization_path/-/user_settings/password,ce ee,conditional_anonymous,UserSettings::PasswordsController,create,"[""ep_2de4e63a9b125516c106a71a"",""ep_b3aa00a954bb4d918b42b459""]",2
POST,/o/:organization_path/-/user_settings/personal_access_tokens,ce,conditional_anonymous,UserSettings::PersonalAccessTokensController,create,"[""ep_9a91242650053577d744a437""]",1
POST,/o/:organization_path/api/v4/geo/graphql,ee,conditional_anonymous,GraphqlController,execute,"[""ep_ed3c851112066ecac0ffd83f""]",1
POST,/o/:organization_path/oauth/authorize_device,ce ee,conditional_anonymous,Doorkeeper::DeviceAuthorizationGrant::DeviceCodesController,create,"[""ep_8f1d867c0df6f7bea62cd884"",""ep_814168190c457bc64ea01ab9""]",2
POST,/o/:organization_path/oauth/introspect,ce ee,conditional_anonymous,Oauth::TokensController,introspect,"[""ep_172a8b5f300b6d8c9632c0a5"",""ep_63b262217fcb777d9ef356bc""]",2
POST,/o/:organization_path/oauth/register(.:format),ce ee,conditional_anonymous,Oauth::DynamicRegistrationsController,create,"[""ep_accc38fb30656fab21adc9dc"",""ep_6d24f360d7abe2dd1c8d1933""]",2
POST,/o/:organization_path/oauth/revoke,ce ee,conditional_anonymous,Oauth::TokensController,revoke,"[""ep_3f191f4742179ba72f072784"",""ep_1fa6d62d9bbad8bdd24e6313""]",2
POST,/o/:organization_path/oauth/token,ce ee,conditional_anonymous,Oauth::TokensController,create,"[""ep_76bec30bb5e608953ba4b20d"",""ep_307b494991484de49d45d714""]",2
POST,/o/:organization_path/unsubscribes/:email,ce ee,conditional_anonymous,Users::UnsubscribesController,create,"[""ep_ed55030923004790f96d0082"",""ep_224220f9f1f5f3bd9baaca75""]",2
POST,/o/:organization_path/uploads/:model,ce ee,conditional_anonymous,UploadsController,create,"[""ep_ee00a6482cd2a8e6dfeb87b9"",""ep_32050dc94cb6b58216cb59a7""]",2
POST,/o/:organization_path/uploads/:model/authorize,ce ee,conditional_anonymous,UploadsController,authorize,"[""ep_bc8ef7a1084a1e1031516b89"",""ep_7cab5d17fcdb8feab526acb8""]",2
POST,/o/:organization_path/users/fallback_to_email_otp,ce ee,conditional_anonymous,SessionsController,fallback_to_email_otp,"[""ep_5a5a493e6d77e814fcf70c32"",""ep_bd23dfa29cfd11bdddb1d82c""]",2
POST,/o/:organization_path/users/identity_verification/resend_email_code,ee,conditional_anonymous,Users::RegistrationsIdentityVerificationController,resend_email_code,"[""ep_2fedf921818c2a2498124ac3""]",1
POST,/o/:organization_path/users/identity_verification/send_phone_verification_code,ee,conditional_anonymous,Users::RegistrationsIdentityVerificationController,send_phone_verification_code,"[""ep_69a98be4f0056b7aaf6e44b5""]",1
POST,/o/:organization_path/users/identity_verification/verify_arkose_labs_session,ee,conditional_anonymous,Users::RegistrationsIdentityVerificationController,verify_arkose_labs_session,"[""ep_94e8e246ab99348a34f80511""]",1
POST,/o/:organization_path/users/identity_verification/verify_credit_card_captcha,ee,conditional_anonymous,Users::RegistrationsIdentityVerificationController,verify_credit_card_captcha,"[""ep_e70c31a0a30b68d44226a0fb""]",1
POST,/o/:organization_path/users/identity_verification/verify_email_code,ee,conditional_anonymous,Users::RegistrationsIdentityVerificationController,verify_email_code,"[""ep_1157a9248ec022b79bd5662f""]",1
POST,/o/:organization_path/users/identity_verification/verify_phone_verification_code,ee,conditional_anonymous,Users::RegistrationsIdentityVerificationController,verify_phone_verification_code,"[""ep_8771800ea7efdfa00699a19d""]",1
POST,/o/:organization_path/users/passkeys/sign_in,ce ee,conditional_anonymous,SessionsController,new_passkey,"[""ep_59389f377f8312ed4ed30183"",""ep_1ecb9f484eccd4dc54e4adcb""]",2
POST,/o/:organization_path/users/password/complexity,ee,conditional_anonymous,PasswordsController,complexity,"[""ep_c1d068745ae899e929fbf294""]",1
POST,/o/:organization_path/users/resend_verification_code,ce ee,conditional_anonymous,SessionsController,resend_verification_code,"[""ep_abc89e87eecd340a019a12d5"",""ep_02caeb646f4a4480b8a33025""]",2
POST,/o/:organization_path/users/skip_verification_for_now,ce ee,conditional_anonymous,SessionsController,skip_verification_for_now,"[""ep_a2e23f6dde845696528c794c"",""ep_3bae7fb25c43a8dfe3c0b355""]",2
POST,/o/:organization_path/users/unlock,ce ee,conditional_anonymous,Devise::UnlocksController,create,"[""ep_33ab36f1d67ee2ae067796c1"",""ep_b0500cf5b7f691247b16bb9e"",""ep_bba32e0ebc9b9bb51af6545a""]",3
POST,/o/:organization_path/v2/virtual_registries/container/:id/*path/upload,ee,conditional_anonymous,VirtualRegistries::ContainerController,upload,"[""ep_03fdc6779bc2379f7f5c1927""]",1
POST,/oauth/authorize_device,ce ee,unauthenticated,Doorkeeper::DeviceAuthorizationGrant::DeviceCodesController,create,"[""ep_ff1ab725c2f5c106900bc1b5"",""ep_7e20818f8f90392c81331793""]",2
POST,/oauth/introspect,ce ee,unauthenticated,Oauth::TokensController,introspect,"[""ep_9825ffab8dbb55939768527c"",""ep_73db97410901f036f98f90b8""]",2
POST,/oauth/register(.:format),ce ee,unauthenticated,Oauth::DynamicRegistrationsController,create,"[""ep_6bf4168171b2236971b7391b"",""ep_58f8a2c6aca5e7892197a1a4""]",2
POST,/oauth/revoke,ce ee,unauthenticated,Oauth::TokensController,revoke,"[""ep_94ad9854d4693e5c3ec99a0b"",""ep_b0b89b22ba9df6819ecea58b""]",2
POST,/oauth/token,ce ee,unauthenticated,Oauth::TokensController,create,"[""ep_f33b5d135ea7c626f7b99441"",""ep_80f5668e583dcc6e76e82c96""]",2
POST,/unsubscribes/:email,ce ee,unauthenticated,Users::UnsubscribesController,create,"[""ep_e630631eb99166c8bb25f086"",""ep_370378a00f2a8af1bfd5dde6""]",2
POST,/uploads/:model,ce ee,unauthenticated,UploadsController,create,"[""ep_3caee2681687208333018259"",""ep_13e12aa08dd7a31304fb0157""]",2
POST,/uploads/:model/authorize,ce ee,unauthenticated,UploadsController,authorize,"[""ep_85bdffe8d5b889bc3623b52c"",""ep_c87357d22a8d22127d937f09""]",2
POST,/users/fallback_to_email_otp,ce ee,unauthenticated,SessionsController,fallback_to_email_otp,"[""ep_bdc429bfae9ed6565b5a56bd"",""ep_f618ebd909cbad032d5dc891""]",2
POST,/users/identity_verification/resend_email_code,ee,unauthenticated,Users::RegistrationsIdentityVerificationController,resend_email_code,"[""ep_8d8316525758669704e40a68""]",1
POST,/users/identity_verification/send_phone_verification_code,ee,unauthenticated,Users::RegistrationsIdentityVerificationController,send_phone_verification_code,"[""ep_df6fa82a9e98d0233f645a1a""]",1
POST,/users/identity_verification/verify_arkose_labs_session,ee,unauthenticated,Users::RegistrationsIdentityVerificationController,verify_arkose_labs_session,"[""ep_e25ab54902d6bd0aa05a7f9f""]",1
POST,/users/identity_verification/verify_credit_card_captcha,ee,unauthenticated,Users::RegistrationsIdentityVerificationController,verify_credit_card_captcha,"[""ep_31d1e4fbe7d1a52f80de3122""]",1
POST,/users/identity_verification/verify_email_code,ee,unauthenticated,Users::RegistrationsIdentityVerificationController,verify_email_code,"[""ep_fa16617c388b1f3dbf91585d""]",1
POST,/users/identity_verification/verify_phone_verification_code,ee,unauthenticated,Users::RegistrationsIdentityVerificationController,verify_phone_verification_code,"[""ep_56d6edc9af48cf78fb0d21d6""]",1
POST,/users/passkeys/sign_in,ce ee,unauthenticated,SessionsController,new_passkey,"[""ep_69217fce45036949b3ca3dc9"",""ep_1b66cec635ee44e7d96e77cc""]",2
POST,/users/password/complexity,ee,unauthenticated,PasswordsController,complexity,"[""ep_9393e4a4dd1121cc3c93446a""]",1
POST,/users/resend_verification_code,ce ee,unauthenticated,SessionsController,resend_verification_code,"[""ep_a09a3749bcc86272a2905f9f"",""ep_246b5a0a5115c9b923e1b098""]",2
POST,/users/skip_verification_for_now,ce ee,unauthenticated,SessionsController,skip_verification_for_now,"[""ep_414877bd1c7204176ca1630f"",""ep_d2d6bf1add3646d2e9b2183e""]",2
POST,/users/unlock,ce ee,conditional_anonymous unauthenticated,Devise::UnlocksController,create,"[""ep_2fbae2bad2a12ea5fbe3fbf9"",""ep_18fc22a14e03c43e6f12bc85"",""ep_bfd3276efe08f94b71a7d291""]",3
POST,/v2/virtual_registries/container/:id/*path/upload,ee,conditional_anonymous,VirtualRegistries::ContainerController,upload,"[""ep_27cf8b36960be668c9e59727""]",1
PUT,/*namespace_id/:project_id,ce ee,conditional_anonymous,ApplicationController,route_not_found,"[""ep_ad83ffcf79bb78e458d1233e"",""ep_06daadf9818dcea0f741d743""]",2
PUT,/*namespace_id/:project_id/*all,ce ee,conditional_anonymous,ApplicationController,route_not_found,"[""ep_fbfc77ac11a7d2ae1569e48a"",""ep_fc8aaeda5a471140e9a4f1fd""]",2
PUT,/*namespace_id/:project_id/-/issues/:id,ce ee,conditional_anonymous,Projects::IssuesController,update,"[""ep_d73642ca3988ce1c6937c632"",""ep_6b3af73acdc7bd7df46c673f""]",2
PUT,/*namespace_id/:project_id/-/issues/:id/reorder,ce ee,conditional_anonymous,Projects::IssuesController,reorder,"[""ep_d608b6a9755662593c6337dc"",""ep_4ec0032d55c323a9c251d0c8""]",2
PUT,/*namespace_id/:project_id/-/merge_requests/:id,ce ee,conditional_anonymous,Projects::MergeRequestsController,update,"[""ep_66437fe79a4ccffc62cb8afe"",""ep_b3214556fd03c543c8b30649""]",2
PUT,/*repository_path/gitlab-lfs/objects/*oid/*size,ce ee,conditional_anonymous,Repositories::LfsStorageController,upload_finalize,"[""ep_54560b1431e12e0d56d0bbc0"",""ep_546e155f151fa56983de9ad3""]",2
PUT,/*repository_path/gitlab-lfs/objects/*oid/*size/authorize,ce ee,conditional_anonymous,Repositories::LfsStorageController,upload_authorize,"[""ep_dc6b27e6daed582e99f8f4f3"",""ep_d4c21ffa1e5225653a84a7da""]",2
PUT,/-/from_secondary/:geo_node_id/*repository_path/gitlab-lfs/objects/*oid/*size,ee,conditional_anonymous,Repositories::LfsStorageController,upload_finalize,"[""ep_5be10288ea11658e8a7bd3d3""]",1
PUT,/-/from_secondary/:geo_node_id/*repository_path/gitlab-lfs/objects/*oid/*size/authorize,ee,conditional_anonymous,Repositories::LfsStorageController,upload_authorize,"[""ep_664170fa796f46c88706602e""]",1
PUT,/-/jira_connect/installations/update,ce ee,unauthenticated,JiraConnect::InstallationsController,update,"[""ep_e3be58bb0fe802eeb2e6a108"",""ep_2fa9765ed56f358651e0257e""]",2
PUT,/-/profile/notifications,ce ee,unauthenticated,Profiles::NotificationsController,update,"[""ep_62839d8ec4ccea904cd059cc"",""ep_92e84c347ce4d10bbbff3e3d""]",2
PUT,/-/profile/preferences,ce ee,unauthenticated,Profiles::PreferencesController,update,"[""ep_c9b652e027d62dcb96625f58"",""ep_ccad5059916b6b5a587812a8""]",2
PUT,/-/profile/reset_feed_token,ce ee,unauthenticated,ProfilesController,reset_feed_token,"[""ep_1dd0944cc366c6e2468f0813"",""ep_a967c02591109b9d944b7515""]",2
PUT,/-/profile/reset_incoming_email_token,ce ee,unauthenticated,ProfilesController,reset_incoming_email_token,"[""ep_7d01f1b768ba6893cd9ef539"",""ep_5846f0285aee5d4e552e6ce3""]",2
PUT,/-/profile/reset_static_object_token,ce ee,unauthenticated,ProfilesController,reset_static_object_token,"[""ep_dc6eb25ee21e8347468d55b8"",""ep_d1a40c973caef4bf4ff7e5ad""]",2
PUT,/-/profile/update_username,ce ee,unauthenticated,ProfilesController,update_username,"[""ep_86b4dbedd2ec5baec8d3d939"",""ep_3fc7f4226bcd8ba3f94bbbfa""]",2
PUT,/-/user_settings/password,ce ee,unauthenticated,UserSettings::PasswordsController,update,"[""ep_c850f7d44ef603e4123e24bc"",""ep_40378c3ac479f4d9fc152aba""]",2
PUT,/-/user_settings/personal_access_tokens/toggle_dpop,ce,unauthenticated,UserSettings::PersonalAccessTokensController,toggle_dpop,"[""ep_8266f1d3a929cd532aabf2a7""]",1
PUT,/admin/initial_setup,ce ee,unauthenticated,Admin::InitialSetupController,update,"[""ep_b3b9845da0e562b7ccdbc356"",""ep_d9e99dee143c2a09a35fc7ec""]",2
PUT,/api/v4/api/scim/application/Groups/:id,ee,unauthenticated,API::Scim::InstanceScim,PUT,"[""ep_80f8a17393aa8ae29b474a7d""]",1
PUT,/api/v4/internal/ci/job_router/jobs/:id,ee,unauthenticated,API::Internal::Ci::JobRouter,PUT,"[""ep_e20882816aa9230108ff220f""]",1
PUT,/api/v4/internal/kubernetes/modules/starboard_vulnerability,ee,unauthenticated,API::Internal::Kubernetes,PUT,"[""ep_d9a08c88079fc3952b8bb72f""]",1
PUT,/api/v4/jobs/:id,ce ee,unauthenticated,API::Ci::Runner,PUT,"[""ep_c25eadd1b353e7e55c0a179f"",""ep_f6d1ce4beb9e276cd545355c""]",2
PUT,/api/v4/projects/:id/packages/nuget,ce ee,unauthenticated,API::NugetProjectPackages,PUT,"[""ep_ef242472ef7e5256c0bebaef"",""ep_0cfd6652478c22f78f4ef75d""]",2
PUT,/api/v4/projects/:id/packages/nuget/symbolpackage,ce ee,unauthenticated,API::NugetProjectPackages,PUT,"[""ep_9c20bed8bbf98f5b9867eed6"",""ep_7df41a2f3d087592601c605e""]",2
PUT,/api/v4/projects/:id/packages/nuget/v2,ce ee,unauthenticated,API::NugetProjectPackages,PUT,"[""ep_07d28e7a68fbdd9b3d194cb6"",""ep_60682bcb20aeb7937fa82809""]",2
PUT,/api/v4/projects/:id/releases/:tag_name/assets/links/:link_id,ce ee,conditional_anonymous,API::Release::Links,PUT,"[""ep_f3633bfdec74adcb9dad159a"",""ep_8c199a5c8a475748b1bb8e39""]",2
PUT,/api/v4/projects/:id/repository/files/:file_path/authorize,ce ee,unauthenticated,API::Files,PUT,"[""ep_2d909eeb54efb0d084af1355"",""ep_7f64180546b273f8203c6be3""]",2
PUT,/o/:organization_path/*namespace_id/:project_id,ce ee,conditional_anonymous,ApplicationController,route_not_found,"[""ep_4f5b5fd66bcbb5fab266f694"",""ep_87849281fd8b7e7031246d82""]",2
PUT,/o/:organization_path/*namespace_id/:project_id/*all,ce ee,conditional_anonymous,ApplicationController,route_not_found,"[""ep_84e2cda858d6ddbe9521207e"",""ep_c51e65981dbf3951293cf0f8""]",2
PUT,/o/:organization_path/*namespace_id/:project_id/-/issues/:id,ce ee,conditional_anonymous,Projects::IssuesController,update,"[""ep_f5c3bc174749d7dbdceadaea"",""ep_f46be2537aee821af78c68fc""]",2
PUT,/o/:organization_path/*namespace_id/:project_id/-/issues/:id/reorder,ce ee,conditional_anonymous,Projects::IssuesController,reorder,"[""ep_1eb82533a0e3217b81c3d325"",""ep_461565cfb83e5aaa0c2bce0a""]",2
PUT,/o/:organization_path/*namespace_id/:project_id/-/merge_requests/:id,ce ee,conditional_anonymous,Projects::MergeRequestsController,update,"[""ep_c81c755900d62f2594ce1578"",""ep_bdf9801e64a8bb399e09df04""]",2
PUT,/o/:organization_path/*repository_path/gitlab-lfs/objects/*oid/*size,ce ee,conditional_anonymous,Repositories::LfsStorageController,upload_finalize,"[""ep_cf709ba95efea65d464651ca"",""ep_2f82a40c2faefc492d737c53""]",2
PUT,/o/:organization_path/*repository_path/gitlab-lfs/objects/*oid/*size/authorize,ce ee,conditional_anonymous,Repositories::LfsStorageController,upload_authorize,"[""ep_7a339fcdbd1f2a82ae0c4f8c"",""ep_e927a2d63280a56f6c853746""]",2
PUT,/o/:organization_path/-/from_secondary/:geo_node_id/*repository_path/gitlab-lfs/objects/*oid/*size,ee,conditional_anonymous,Repositories::LfsStorageController,upload_finalize,"[""ep_d1593484c6b195364d2fecb1""]",1
PUT,/o/:organization_path/-/from_secondary/:geo_node_id/*repository_path/gitlab-lfs/objects/*oid/*size/authorize,ee,conditional_anonymous,Repositories::LfsStorageController,upload_authorize,"[""ep_f6dfd673844c97694dd54a3d""]",1
PUT,/o/:organization_path/-/jira_connect/installations/update,ce ee,conditional_anonymous,JiraConnect::InstallationsController,update,"[""ep_4a02aebaf6c482996173ac3f"",""ep_f8448cd31c5c7511e62168c9""]",2
PUT,/o/:organization_path/-/profile/notifications,ce ee,conditional_anonymous,Profiles::NotificationsController,update,"[""ep_664ff8b03f16f45f238467bf"",""ep_e2d586e99d3374000372d8c5""]",2
PUT,/o/:organization_path/-/profile/preferences,ce ee,conditional_anonymous,Profiles::PreferencesController,update,"[""ep_908909d02b904e8eabc9c711"",""ep_bdf612fffb99bab0918ccd7a""]",2
PUT,/o/:organization_path/-/profile/reset_feed_token,ce ee,conditional_anonymous,ProfilesController,reset_feed_token,"[""ep_9110ceba475a80ab9faf2ff8"",""ep_73845713e035849ad6cdf9cc""]",2
PUT,/o/:organization_path/-/profile/reset_incoming_email_token,ce ee,conditional_anonymous,ProfilesController,reset_incoming_email_token,"[""ep_31b5bdfd5de35f330222dc31"",""ep_a6bdf4126e3ff42004f7a54f""]",2
PUT,/o/:organization_path/-/profile/reset_static_object_token,ce ee,conditional_anonymous,ProfilesController,reset_static_object_token,"[""ep_dbcd4f7d97972b599388c7de"",""ep_a1c9a4386bba5648e8b55cca""]",2
PUT,/o/:organization_path/-/profile/update_username,ce ee,conditional_anonymous,ProfilesController,update_username,"[""ep_ad9860f294e01de229d8305c"",""ep_3182c283c84340221872c109""]",2
PUT,/o/:organization_path/-/user_settings/password,ce ee,conditional_anonymous,UserSettings::PasswordsController,update,"[""ep_742934ff395cce636401a0ca"",""ep_45028e540e6c2c12bf4a1ad7""]",2
PUT,/o/:organization_path/-/user_settings/personal_access_tokens/toggle_dpop,ce,conditional_anonymous,UserSettings::PersonalAccessTokensController,toggle_dpop,"[""ep_0869b711fb01898cd1bb56e0""]",1
PUT,/o/:organization_path/users/password,ce ee,conditional_anonymous,PasswordsController,update,"[""ep_e4d79fa5db412841306cd211"",""ep_00f8ab78f3be19b24ef8ad02"",""ep_d41d9cf78f5a21acc207deb9""]",3
PUT,/users/password,ce ee,conditional_anonymous unauthenticated,PasswordsController,update,"[""ep_78fd15ed51ba719c465649e1"",""ep_0bfc9f08da456ae10b7125b0"",""ep_11ff3fe394da3a15aec56bb0""]",3
