baseline_id,handler,action,baseline_auth,saved_targeted_review_auth,saved_targeted_registration_status,newer_handler_action_saved_auth,newer_handler_action_record_ids_json,comparison_limit,original_routes_json,original_file,original_line,gitlab_revision,source_artifact
rails_action:Groups::AutocompleteSourcesController:epics:ee/config/routes/group.rb:149,Groups::AutocompleteSourcesController,epics,unauthenticated,not in targeted 191-record review,not in targeted review,unknown,"[""ep_a16a387069c048e8d7990bf4"",""ep_712679c3143c5aac2c5a0a28""]",handler/action lookup only; no inferred route equivalence or authentication reclassification,"[{""controller"":""groups/autocomplete_sources"",""action"":""epics"",""verb"":""GET"",""path"":""/groups/*group_id/-/autocomplete_sources/epics"",""path_status"":""local DSL template; draw/scopes/concerns may add prefixes"",""source"":{""file"":""ee/config/routes/group.rb"",""line"":149,""end_line"":149},""auth_context"":[{""file"":""ee/config/routes/group.rb"",""line"":3,""end_line"":322,""name"":""constraints"",""expression"":""constraints(::Namespaces::GroupUrlConstraint.new) do"",""conditional"":false}]}]",ee/config/routes/group.rb,149,d75e5afaa21d45bc04139d4a538ea5954be1ef4f,frontend_gem_api_map/entrypoints.csv
rails_action:Groups::AutocompleteSourcesController:iterations:ee/config/routes/group.rb:150,Groups::AutocompleteSourcesController,iterations,unauthenticated,not in targeted 191-record review,not in targeted review,unknown,"[""ep_ad0a78cdd7568b677e6082a5"",""ep_832e7526e26b64e3b26d21fb""]",handler/action lookup only; no inferred route equivalence or authentication reclassification,"[{""controller"":""groups/autocomplete_sources"",""action"":""iterations"",""verb"":""GET"",""path"":""/groups/*group_id/-/autocomplete_sources/iterations"",""path_status"":""local DSL template; draw/scopes/concerns may add prefixes"",""source"":{""file"":""ee/config/routes/group.rb"",""line"":150,""end_line"":150},""auth_context"":[{""file"":""ee/config/routes/group.rb"",""line"":3,""end_line"":322,""name"":""constraints"",""expression"":""constraints(::Namespaces::GroupUrlConstraint.new) do"",""conditional"":false}]}]",ee/config/routes/group.rb,150,d75e5afaa21d45bc04139d4a538ea5954be1ef4f,frontend_gem_api_map/entrypoints.csv
rails_action:Groups::AutocompleteSourcesController:vulnerabilities:ee/config/routes/group.rb:151,Groups::AutocompleteSourcesController,vulnerabilities,unauthenticated,not in targeted 191-record review,not in targeted review,unknown,"[""ep_5f037f87b0f246e6caeaa85c"",""ep_10c0ed4acf2b5b38554fce1a""]",handler/action lookup only; no inferred route equivalence or authentication reclassification,"[{""controller"":""groups/autocomplete_sources"",""action"":""vulnerabilities"",""verb"":""GET"",""path"":""/groups/*group_id/-/autocomplete_sources/vulnerabilities"",""path_status"":""local DSL template; draw/scopes/concerns may add prefixes"",""source"":{""file"":""ee/config/routes/group.rb"",""line"":151,""end_line"":151},""auth_context"":[{""file"":""ee/config/routes/group.rb"",""line"":3,""end_line"":322,""name"":""constraints"",""expression"":""constraints(::Namespaces::GroupUrlConstraint.new) do"",""conditional"":false}]}]",ee/config/routes/group.rb,151,d75e5afaa21d45bc04139d4a538ea5954be1ef4f,frontend_gem_api_map/entrypoints.csv
rails_action:Groups::AutocompleteSourcesController:wikis:ee/config/routes/group.rb:152,Groups::AutocompleteSourcesController,wikis,unauthenticated,not in targeted 191-record review,not in targeted review,unknown,"[""ep_830f7d6a76bff00ef30f1fff"",""ep_9b4fd784b145da9b5154c314""]",handler/action lookup only; no inferred route equivalence or authentication reclassification,"[{""controller"":""groups/autocomplete_sources"",""action"":""wikis"",""verb"":""GET"",""path"":""/groups/*group_id/-/autocomplete_sources/wikis"",""path_status"":""local DSL template; draw/scopes/concerns may add prefixes"",""source"":{""file"":""ee/config/routes/group.rb"",""line"":152,""end_line"":152},""auth_context"":[{""file"":""ee/config/routes/group.rb"",""line"":3,""end_line"":322,""name"":""constraints"",""expression"":""constraints(::Namespaces::GroupUrlConstraint.new) do"",""conditional"":false}]}]",ee/config/routes/group.rb,152,d75e5afaa21d45bc04139d4a538ea5954be1ef4f,frontend_gem_api_map/entrypoints.csv
rails_action:Groups::CommentTemplatesController:index:ee/config/routes/group.rb:167,Groups::CommentTemplatesController,index,unauthenticated,not in targeted 191-record review,not in targeted review,unknown,"[""ep_a112ae0e305e70582bfdcad7"",""ep_99932e47db4f1595ca6887d4""]",handler/action lookup only; no inferred route equivalence or authentication reclassification,"[{""controller"":""groups/comment_templates"",""action"":""index"",""verb"":""GET"",""path"":""/groups/*group_id/-/comment_templates"",""path_status"":""static REST expansion; draw/scopes/concerns may add prefixes"",""source"":{""file"":""ee/config/routes/group.rb"",""line"":167,""end_line"":167},""auth_context"":[{""file"":""ee/config/routes/group.rb"",""line"":3,""end_line"":322,""name"":""constraints"",""expression"":""constraints(::Namespaces::GroupUrlConstraint.new) do"",""conditional"":false}]}]",ee/config/routes/group.rb,167,d75e5afaa21d45bc04139d4a538ea5954be1ef4f,frontend_gem_api_map/entrypoints.csv
rails_action:Groups::CommentTemplatesController:show:ee/config/routes/group.rb:167,Groups::CommentTemplatesController,show,unauthenticated,not in targeted 191-record review,not in targeted review,unknown,"[""ep_40a34d24217bfe24e0a3f948"",""ep_6842c6254d7cdd9588009800""]",handler/action lookup only; no inferred route equivalence or authentication reclassification,"[{""controller"":""groups/comment_templates"",""action"":""show"",""verb"":""GET"",""path"":""/groups/*group_id/-/comment_templates/:id"",""path_status"":""static REST expansion; draw/scopes/concerns may add prefixes"",""source"":{""file"":""ee/config/routes/group.rb"",""line"":167,""end_line"":167},""auth_context"":[{""file"":""ee/config/routes/group.rb"",""line"":3,""end_line"":322,""name"":""constraints"",""expression"":""constraints(::Namespaces::GroupUrlConstraint.new) do"",""conditional"":false}]}]",ee/config/routes/group.rb,167,d75e5afaa21d45bc04139d4a538ea5954be1ef4f,frontend_gem_api_map/entrypoints.csv
rails_action:Groups::CustomEmojiController:index:config/routes/group.rb:106,Groups::CustomEmojiController,index,unauthenticated,not in targeted 191-record review,not in targeted review,unknown,"[""ep_3b0b3ae86463aba3a1df9943"",""ep_6f95a2083755ade6d39968fd"",""ep_a209675f141950505c49cf59"",""ep_69f6736f4df102cb1e8bf7e9""]",handler/action lookup only; no inferred route equivalence or authentication reclassification,"[{""controller"":""groups/custom_emoji"",""action"":""index"",""verb"":""GET"",""path"":""/groups/*group_id/-/custom_emoji"",""path_status"":""static REST expansion; draw/scopes/concerns may add prefixes"",""source"":{""file"":""config/routes/group.rb"",""line"":106,""end_line"":106},""auth_context"":[{""file"":""config/routes/group.rb"",""line"":3,""end_line"":232,""name"":""constraints"",""expression"":""constraints(Namespaces::GroupUrlConstraint.new) do"",""conditional"":false}]}]",config/routes/group.rb,106,d75e5afaa21d45bc04139d4a538ea5954be1ef4f,frontend_gem_api_map/entrypoints.csv
rails_action:Groups::CustomEmojiController:new:config/routes/group.rb:106,Groups::CustomEmojiController,new,unauthenticated,not in targeted 191-record review,not in targeted review,unknown,"[""ep_35cc7148d87cd37db5e6b88e"",""ep_4dbd5ad70eecfa5a396ac8a8"",""ep_8826b447839cd9afd8b89627"",""ep_e955a7b2e7e3a1a798402b65""]",handler/action lookup only; no inferred route equivalence or authentication reclassification,"[{""controller"":""groups/custom_emoji"",""action"":""new"",""verb"":""GET"",""path"":""/groups/*group_id/-/custom_emoji/new"",""path_status"":""static REST expansion; draw/scopes/concerns may add prefixes"",""source"":{""file"":""config/routes/group.rb"",""line"":106,""end_line"":106},""auth_context"":[{""file"":""config/routes/group.rb"",""line"":3,""end_line"":232,""name"":""constraints"",""expression"":""constraints(Namespaces::GroupUrlConstraint.new) do"",""conditional"":false}]}]",config/routes/group.rb,106,d75e5afaa21d45bc04139d4a538ea5954be1ef4f,frontend_gem_api_map/entrypoints.csv
rails_action:Groups::Epics::NotesController:index:ee/config/routes/group.rb:179,Groups::Epics::NotesController,index,unauthenticated,unknown,registered_action,unknown,"[""ep_716addba05f2b79a1e36a9be"",""ep_f7c6a82a31bd588764b7adef""]",handler/action lookup only; no inferred route equivalence or authentication reclassification,"[{""controller"":""groups/epics/notes"",""action"":""index"",""verb"":""GET"",""path"":""/groups/*group_id/-/epics/notes"",""path_status"":""static REST expansion; draw/scopes/concerns may add prefixes"",""source"":{""file"":""ee/config/routes/group.rb"",""line"":179,""end_line"":179},""auth_context"":[{""file"":""ee/config/routes/group.rb"",""line"":3,""end_line"":322,""name"":""constraints"",""expression"":""constraints(::Namespaces::GroupUrlConstraint.new) do"",""conditional"":false}]}]",ee/config/routes/group.rb,179,d75e5afaa21d45bc04139d4a538ea5954be1ef4f,frontend_gem_api_map/entrypoints.csv
rails_action:Groups::EpicsController:description_diff:ee/config/routes/group.rb:171,Groups::EpicsController,description_diff,unauthenticated,unknown,registered_action,unknown,"[""ep_c8224eb012a7e2312ed72756"",""ep_58296719a13e8c9effa8f6b4""]",handler/action lookup only; no inferred route equivalence or authentication reclassification,"[{""controller"":""groups/epics"",""action"":""description_diff"",""verb"":""GET"",""path"":""/groups/*group_id/-/epics//descriptions/:version_id/diff"",""path_status"":""local DSL template; draw/scopes/concerns may add prefixes"",""source"":{""file"":""ee/config/routes/group.rb"",""line"":171,""end_line"":171},""auth_context"":[{""file"":""ee/config/routes/group.rb"",""line"":3,""end_line"":322,""name"":""constraints"",""expression"":""constraints(::Namespaces::GroupUrlConstraint.new) do"",""conditional"":false}]}]",ee/config/routes/group.rb,171,d75e5afaa21d45bc04139d4a538ea5954be1ef4f,frontend_gem_api_map/entrypoints.csv
rails_action:Groups::EpicsController:discussions:ee/config/routes/group.rb:173,Groups::EpicsController,discussions,unauthenticated,unknown,registered_action,unknown,"[""ep_54f7342f356b355e4e642ebf"",""ep_4e7690c0d95cf74fbdbf75dc""]",handler/action lookup only; no inferred route equivalence or authentication reclassification,"[{""controller"":""groups/epics"",""action"":""discussions"",""verb"":""GET"",""path"":""/groups/*group_id/-/epics/discussions"",""path_status"":""local DSL template; draw/scopes/concerns may add prefixes"",""source"":{""file"":""ee/config/routes/group.rb"",""line"":173,""end_line"":173},""auth_context"":[{""file"":""ee/config/routes/group.rb"",""line"":3,""end_line"":322,""name"":""constraints"",""expression"":""constraints(::Namespaces::GroupUrlConstraint.new) do"",""conditional"":false}]}]",ee/config/routes/group.rb,173,d75e5afaa21d45bc04139d4a538ea5954be1ef4f,frontend_gem_api_map/entrypoints.csv
rails_action:Groups::EpicsController:edit:ee/config/routes/group.rb:169,Groups::EpicsController,edit,unauthenticated,not in targeted 191-record review,not in targeted review,unknown,"[""ep_e23199dd8f5e429f6dd151f3"",""ep_7d83920ddbc80f2485cc7231""]",handler/action lookup only; no inferred route equivalence or authentication reclassification,"[{""controller"":""groups/epics"",""action"":""edit"",""verb"":""GET"",""path"":""/groups/*group_id/-/epics/:id/edit"",""path_status"":""static REST expansion; draw/scopes/concerns may add prefixes"",""source"":{""file"":""ee/config/routes/group.rb"",""line"":169,""end_line"":185},""auth_context"":[{""file"":""ee/config/routes/group.rb"",""line"":3,""end_line"":322,""name"":""constraints"",""expression"":""constraints(::Namespaces::GroupUrlConstraint.new) do"",""conditional"":false}]}]",ee/config/routes/group.rb,169,d75e5afaa21d45bc04139d4a538ea5954be1ef4f,frontend_gem_api_map/entrypoints.csv
rails_action:Groups::EpicsController:realtime_changes:ee/config/routes/group.rb:174,Groups::EpicsController,realtime_changes,unauthenticated,unknown,registered_action,unknown,"[""ep_11870b2a98d4b66f36368658"",""ep_72713956733d18a9b0ef8343""]",handler/action lookup only; no inferred route equivalence or authentication reclassification,"[{""controller"":""groups/epics"",""action"":""realtime_changes"",""verb"":""GET"",""path"":""/groups/*group_id/-/epics/realtime_changes"",""path_status"":""local DSL template; draw/scopes/concerns may add prefixes"",""source"":{""file"":""ee/config/routes/group.rb"",""line"":174,""end_line"":174},""auth_context"":[{""file"":""ee/config/routes/group.rb"",""line"":3,""end_line"":322,""name"":""constraints"",""expression"":""constraints(::Namespaces::GroupUrlConstraint.new) do"",""conditional"":false}]}]",ee/config/routes/group.rb,174,d75e5afaa21d45bc04139d4a538ea5954be1ef4f,frontend_gem_api_map/entrypoints.csv
rails_action:Groups::EpicsController:toggle_subscription:ee/config/routes/group.rb:175,Groups::EpicsController,toggle_subscription,unauthenticated,not in targeted 191-record review,not in targeted review,unknown,"[""ep_6f32818ebe22d1a86c8a7b8d"",""ep_024931a0284d788bfe910939""]",handler/action lookup only; no inferred route equivalence or authentication reclassification,"[{""controller"":""groups/epics"",""action"":""toggle_subscription"",""verb"":""POST"",""path"":""/groups/*group_id/-/epics/toggle_subscription"",""path_status"":""local DSL template; draw/scopes/concerns may add prefixes"",""source"":{""file"":""ee/config/routes/group.rb"",""line"":175,""end_line"":175},""auth_context"":[{""file"":""ee/config/routes/group.rb"",""line"":3,""end_line"":322,""name"":""constraints"",""expression"":""constraints(::Namespaces::GroupUrlConstraint.new) do"",""conditional"":false}]}]",ee/config/routes/group.rb,175,d75e5afaa21d45bc04139d4a538ea5954be1ef4f,frontend_gem_api_map/entrypoints.csv
rails_action:Groups::InfrastructureRegistryController:index:config/routes/group.rb:110,Groups::InfrastructureRegistryController,index,unauthenticated,not in targeted 191-record review,not in targeted review,unknown,"[""ep_b6fb68c0a580d96aca124c98"",""ep_ac99eb41eb75d40587c3a406"",""ep_9bd131bd959125bbb5c10e31"",""ep_c3fbb07234ac03fd810fd744""]",handler/action lookup only; no inferred route equivalence or authentication reclassification,"[{""controller"":""groups/infrastructure_registry"",""action"":""index"",""verb"":""GET"",""path"":""/groups/*group_id/-/terraform_module_registry"",""path_status"":""static REST expansion; draw/scopes/concerns may add prefixes"",""source"":{""file"":""config/routes/group.rb"",""line"":110,""end_line"":110},""auth_context"":[{""file"":""config/routes/group.rb"",""line"":3,""end_line"":232,""name"":""constraints"",""expression"":""constraints(Namespaces::GroupUrlConstraint.new) do"",""conditional"":false}]}]",config/routes/group.rb,110,d75e5afaa21d45bc04139d4a538ea5954be1ef4f,frontend_gem_api_map/entrypoints.csv
rails_action:Groups::IterationCadencesController:create:ee/config/routes/group.rb:189,Groups::IterationCadencesController,create,unauthenticated,not in targeted 191-record review,not in targeted review,unknown,"[""ep_af3147dbdb6d15dcef843cfe"",""ep_5dbee0a4c39474ce8343d0d6""]",handler/action lookup only; no inferred route equivalence or authentication reclassification,"[{""controller"":""groups/iteration_cadences"",""action"":""create"",""verb"":""POST"",""path"":""/groups/*group_id/-/cadences(/*vueroute)"",""path_status"":""static REST expansion; draw/scopes/concerns may add prefixes"",""source"":{""file"":""ee/config/routes/group.rb"",""line"":189,""end_line"":191},""auth_context"":[{""file"":""ee/config/routes/group.rb"",""line"":3,""end_line"":322,""name"":""constraints"",""expression"":""constraints(::Namespaces::GroupUrlConstraint.new) do"",""conditional"":false}]}]",ee/config/routes/group.rb,189,d75e5afaa21d45bc04139d4a538ea5954be1ef4f,frontend_gem_api_map/entrypoints.csv
rails_action:Groups::IterationCadencesController:destroy:ee/config/routes/group.rb:189,Groups::IterationCadencesController,destroy,unauthenticated,not in targeted 191-record review,not in targeted review,unknown,"[""ep_d835cee444d9c15869857951"",""ep_cd02f62d50809f751402c6c0""]",handler/action lookup only; no inferred route equivalence or authentication reclassification,"[{""controller"":""groups/iteration_cadences"",""action"":""destroy"",""verb"":""DELETE"",""path"":""/groups/*group_id/-/cadences(/*vueroute)/:id"",""path_status"":""static REST expansion; draw/scopes/concerns may add prefixes"",""source"":{""file"":""ee/config/routes/group.rb"",""line"":189,""end_line"":191},""auth_context"":[{""file"":""ee/config/routes/group.rb"",""line"":3,""end_line"":322,""name"":""constraints"",""expression"":""constraints(::Namespaces::GroupUrlConstraint.new) do"",""conditional"":false}]}]",ee/config/routes/group.rb,189,d75e5afaa21d45bc04139d4a538ea5954be1ef4f,frontend_gem_api_map/entrypoints.csv
rails_action:Groups::IterationCadencesController:edit:ee/config/routes/group.rb:189,Groups::IterationCadencesController,edit,unauthenticated,not in targeted 191-record review,not in targeted review,unknown,"[""ep_02ba2a7011580658c5db5c33"",""ep_cc676ac8c6ae1ecdbdaa2e5b"",""ep_b9a182c5e4fbb6facdaa1bc6"",""ep_1f7272b019d2198088bd17a8""]",handler/action lookup only; no inferred route equivalence or authentication reclassification,"[{""controller"":""groups/iteration_cadences"",""action"":""edit"",""verb"":""GET"",""path"":""/groups/*group_id/-/cadences(/*vueroute)/:id/edit"",""path_status"":""static REST expansion; draw/scopes/concerns may add prefixes"",""source"":{""file"":""ee/config/routes/group.rb"",""line"":189,""end_line"":191},""auth_context"":[{""file"":""ee/config/routes/group.rb"",""line"":3,""end_line"":322,""name"":""constraints"",""expression"":""constraints(::Namespaces::GroupUrlConstraint.new) do"",""conditional"":false}]},{""controller"":""groups/iteration_cadences"",""action"":""edit"",""verb"":""GET"",""path"":""/groups/*group_id/-/cadences(/*vueroute)/iterations/:id/edit"",""path_status"":""static REST expansion; draw/scopes/concerns may add prefixes"",""source"":{""file"":""ee/config/routes/group.rb"",""line"":190,""end_line"":190},""auth_context"":[{""file"":""ee/config/routes/group.rb"",""line"":3,""end_line"":322,""name"":""constraints"",""expression"":""constraints(::Namespaces::GroupUrlConstraint.new) do"",""conditional"":false}]}]",ee/config/routes/group.rb,189,d75e5afaa21d45bc04139d4a538ea5954be1ef4f,frontend_gem_api_map/entrypoints.csv
rails_action:Groups::IterationCadencesController:new:ee/config/routes/group.rb:189,Groups::IterationCadencesController,new,unauthenticated,not in targeted 191-record review,not in targeted review,unknown,"[""ep_59bc645d75b1f1ee1e5d203c"",""ep_e54ca10e272e4686b0fef8f9"",""ep_362f2009aad7b9303d5c6ade"",""ep_5d492a8d208367f9300ea569""]",handler/action lookup only; no inferred route equivalence or authentication reclassification,"[{""controller"":""groups/iteration_cadences"",""action"":""new"",""verb"":""GET"",""path"":""/groups/*group_id/-/cadences(/*vueroute)/new"",""path_status"":""static REST expansion; draw/scopes/concerns may add prefixes"",""source"":{""file"":""ee/config/routes/group.rb"",""line"":189,""end_line"":191},""auth_context"":[{""file"":""ee/config/routes/group.rb"",""line"":3,""end_line"":322,""name"":""constraints"",""expression"":""constraints(::Namespaces::GroupUrlConstraint.new) do"",""conditional"":false}]},{""controller"":""groups/iteration_cadences"",""action"":""new"",""verb"":""GET"",""path"":""/groups/*group_id/-/cadences(/*vueroute)/iterations/new"",""path_status"":""static REST expansion; draw/scopes/concerns may add prefixes"",""source"":{""file"":""ee/config/routes/group.rb"",""line"":190,""end_line"":190},""auth_context"":[{""file"":""ee/config/routes/group.rb"",""line"":3,""end_line"":322,""name"":""constraints"",""expression"":""constraints(::Namespaces::GroupUrlConstraint.new) do"",""conditional"":false}]}]",ee/config/routes/group.rb,189,d75e5afaa21d45bc04139d4a538ea5954be1ef4f,frontend_gem_api_map/entrypoints.csv
rails_action:Groups::IterationCadencesController:show:ee/config/routes/group.rb:189,Groups::IterationCadencesController,show,unauthenticated,not in targeted 191-record review,not in targeted review,unknown,"[""ep_61ecb0447f424a0b689d0cd6"",""ep_5e64f604ce84f7e3ce1fa3b0"",""ep_16c76eb9d1e6e42a22b93c25"",""ep_4d84421c8112676243d5a766""]",handler/action lookup only; no inferred route equivalence or authentication reclassification,"[{""controller"":""groups/iteration_cadences"",""action"":""show"",""verb"":""GET"",""path"":""/groups/*group_id/-/cadences(/*vueroute)/:id"",""path_status"":""static REST expansion; draw/scopes/concerns may add prefixes"",""source"":{""file"":""ee/config/routes/group.rb"",""line"":189,""end_line"":191},""auth_context"":[{""file"":""ee/config/routes/group.rb"",""line"":3,""end_line"":322,""name"":""constraints"",""expression"":""constraints(::Namespaces::GroupUrlConstraint.new) do"",""conditional"":false}]},{""controller"":""groups/iteration_cadences"",""action"":""show"",""verb"":""GET"",""path"":""/groups/*group_id/-/cadences(/*vueroute)/iterations/:id"",""path_status"":""static REST expansion; draw/scopes/concerns may add prefixes"",""source"":{""file"":""ee/config/routes/group.rb"",""line"":190,""end_line"":190},""auth_context"":[{""file"":""ee/config/routes/group.rb"",""line"":3,""end_line"":322,""name"":""constraints"",""expression"":""constraints(::Namespaces::GroupUrlConstraint.new) do"",""conditional"":false}]}]",ee/config/routes/group.rb,189,d75e5afaa21d45bc04139d4a538ea5954be1ef4f,frontend_gem_api_map/entrypoints.csv
rails_action:Groups::IterationCadencesController:update:ee/config/routes/group.rb:189,Groups::IterationCadencesController,update,unauthenticated,not in targeted 191-record review,not in targeted review,unknown,"[""ep_c5a6c1c231eb9b44871694b4"",""ep_4d454dc95e5fc837d5628b73""]",handler/action lookup only; no inferred route equivalence or authentication reclassification,"[{""controller"":""groups/iteration_cadences"",""action"":""update"",""verb"":""PATCH/PUT"",""path"":""/groups/*group_id/-/cadences(/*vueroute)/:id"",""path_status"":""static REST expansion; draw/scopes/concerns may add prefixes"",""source"":{""file"":""ee/config/routes/group.rb"",""line"":189,""end_line"":191},""auth_context"":[{""file"":""ee/config/routes/group.rb"",""line"":3,""end_line"":322,""name"":""constraints"",""expression"":""constraints(::Namespaces::GroupUrlConstraint.new) do"",""conditional"":false}]}]",ee/config/routes/group.rb,189,d75e5afaa21d45bc04139d4a538ea5954be1ef4f,frontend_gem_api_map/entrypoints.csv
rails_action:Groups::LabelsController:toggle_subscription:config/routes/group.rb:103,Groups::LabelsController,toggle_subscription,unauthenticated,not in targeted 191-record review,not in targeted review,unknown,"[""ep_6464d8350c76acfc9eba0d8d"",""ep_46a2c64559d95ef59ebf7e4c"",""ep_e716869d59e763a6a871dc4f"",""ep_3f5eefb3786e1d9550e3877e""]",handler/action lookup only; no inferred route equivalence or authentication reclassification,"[{""controller"":""groups/labels"",""action"":""toggle_subscription"",""verb"":""POST"",""path"":""/groups/*group_id/-/labels/toggle_subscription"",""path_status"":""local DSL template; draw/scopes/concerns may add prefixes"",""source"":{""file"":""config/routes/group.rb"",""line"":103,""end_line"":103},""auth_context"":[{""file"":""config/routes/group.rb"",""line"":3,""end_line"":232,""name"":""constraints"",""expression"":""constraints(Namespaces::GroupUrlConstraint.new) do"",""conditional"":false}]}]",config/routes/group.rb,103,d75e5afaa21d45bc04139d4a538ea5954be1ef4f,frontend_gem_api_map/entrypoints.csv
rails_action:Groups::MilestonesController:issues:config/routes/group.rb:115,Groups::MilestonesController,issues,unauthenticated,unknown,registered_action,unknown,"[""ep_dcfd06ff9f27523537844d47"",""ep_45a2e58bacd2f4c4e867dbef"",""ep_3e663cd079130e8e9fc716c3"",""ep_4dc969291810fd5044179072""]",handler/action lookup only; no inferred route equivalence or authentication reclassification,"[{""controller"":""groups/milestones"",""action"":""issues"",""verb"":""GET"",""path"":""/groups/*group_id/-/milestones/issues"",""path_status"":""local DSL template; draw/scopes/concerns may add prefixes"",""source"":{""file"":""config/routes/group.rb"",""line"":115,""end_line"":115},""auth_context"":[{""file"":""config/routes/group.rb"",""line"":3,""end_line"":232,""name"":""constraints"",""expression"":""constraints(Namespaces::GroupUrlConstraint.new) do"",""conditional"":false}]}]",config/routes/group.rb,115,d75e5afaa21d45bc04139d4a538ea5954be1ef4f,frontend_gem_api_map/entrypoints.csv
rails_action:Groups::MilestonesController:labels:config/routes/group.rb:118,Groups::MilestonesController,labels,unauthenticated,unknown,registered_action,unknown,"[""ep_6c04986ab4a8e5010db463cb"",""ep_867b0e0d7dbe2193bacd4012"",""ep_e2c6ba5dd0cf6dc2f69f34c4"",""ep_b602eaa7c0bfc5792e699f13""]",handler/action lookup only; no inferred route equivalence or authentication reclassification,"[{""controller"":""groups/milestones"",""action"":""labels"",""verb"":""GET"",""path"":""/groups/*group_id/-/milestones/labels"",""path_status"":""local DSL template; draw/scopes/concerns may add prefixes"",""source"":{""file"":""config/routes/group.rb"",""line"":118,""end_line"":118},""auth_context"":[{""file"":""config/routes/group.rb"",""line"":3,""end_line"":232,""name"":""constraints"",""expression"":""constraints(Namespaces::GroupUrlConstraint.new) do"",""conditional"":false}]}]",config/routes/group.rb,118,d75e5afaa21d45bc04139d4a538ea5954be1ef4f,frontend_gem_api_map/entrypoints.csv
rails_action:Groups::MilestonesController:merge_requests:config/routes/group.rb:116,Groups::MilestonesController,merge_requests,unauthenticated,unknown,registered_action,unknown,"[""ep_08c0b9e88e37a691c2962911"",""ep_ea8b6b9582d046e080516c0c"",""ep_8c15659482eb9fb4ba0e4c30"",""ep_15bef4206011ca82f5aee63b""]",handler/action lookup only; no inferred route equivalence or authentication reclassification,"[{""controller"":""groups/milestones"",""action"":""merge_requests"",""verb"":""GET"",""path"":""/groups/*group_id/-/milestones/merge_requests"",""path_status"":""local DSL template; draw/scopes/concerns may add prefixes"",""source"":{""file"":""config/routes/group.rb"",""line"":116,""end_line"":116},""auth_context"":[{""file"":""config/routes/group.rb"",""line"":3,""end_line"":232,""name"":""constraints"",""expression"":""constraints(Namespaces::GroupUrlConstraint.new) do"",""conditional"":false}]}]",config/routes/group.rb,116,d75e5afaa21d45bc04139d4a538ea5954be1ef4f,frontend_gem_api_map/entrypoints.csv
rails_action:Groups::MilestonesController:participants:config/routes/group.rb:117,Groups::MilestonesController,participants,unauthenticated,unknown,registered_action,unknown,"[""ep_38fa981cf0fb6d7b45e1873a"",""ep_598547ac2914b66563554f2d"",""ep_050de6bdffc3281083b318a1"",""ep_ccf998157d56b637689df7fe""]",handler/action lookup only; no inferred route equivalence or authentication reclassification,"[{""controller"":""groups/milestones"",""action"":""participants"",""verb"":""GET"",""path"":""/groups/*group_id/-/milestones/participants"",""path_status"":""local DSL template; draw/scopes/concerns may add prefixes"",""source"":{""file"":""config/routes/group.rb"",""line"":117,""end_line"":117},""auth_context"":[{""file"":""config/routes/group.rb"",""line"":3,""end_line"":232,""name"":""constraints"",""expression"":""constraints(Namespaces::GroupUrlConstraint.new) do"",""conditional"":false}]}]",config/routes/group.rb,117,d75e5afaa21d45bc04139d4a538ea5954be1ef4f,frontend_gem_api_map/entrypoints.csv
rails_action:Groups::RunnersController:dashboard:ee/config/routes/group.rb:305,Groups::RunnersController,dashboard,unauthenticated,not in targeted 191-record review,not in targeted review,unknown,"[""ep_4a3b1940bc15be01cc54bf43"",""ep_c97fe99daa2b89c8b76965dd""]",handler/action lookup only; no inferred route equivalence or authentication reclassification,"[{""controller"":""groups/runners"",""action"":""dashboard"",""verb"":""GET"",""path"":""/groups/*group_id/-/runners/dashboard"",""path_status"":""local DSL template; draw/scopes/concerns may add prefixes"",""source"":{""file"":""ee/config/routes/group.rb"",""line"":305,""end_line"":305},""auth_context"":[{""file"":""ee/config/routes/group.rb"",""line"":3,""end_line"":322,""name"":""constraints"",""expression"":""constraints(::Namespaces::GroupUrlConstraint.new) do"",""conditional"":false}]}]",ee/config/routes/group.rb,305,d75e5afaa21d45bc04139d4a538ea5954be1ef4f,frontend_gem_api_map/entrypoints.csv
rails_action:Groups::RunnersController:destroy:config/routes/group.rb:160,Groups::RunnersController,destroy,unauthenticated,not in targeted 191-record review,not in targeted review,unknown,"[""ep_2a524595feb8625250003a2a"",""ep_55b39e1fa6d95ff711dfa9d1"",""ep_2a05725e1ae030af9957ae22"",""ep_38d85af66a4fd8c8ea02026c""]",handler/action lookup only; no inferred route equivalence or authentication reclassification,"[{""controller"":""groups/runners"",""action"":""destroy"",""verb"":""DELETE"",""path"":""/groups/*group_id/-/runners/:id"",""path_status"":""static REST expansion; draw/scopes/concerns may add prefixes"",""source"":{""file"":""config/routes/group.rb"",""line"":160,""end_line"":166},""auth_context"":[{""file"":""config/routes/group.rb"",""line"":3,""end_line"":232,""name"":""constraints"",""expression"":""constraints(Namespaces::GroupUrlConstraint.new) do"",""conditional"":false}]}]",config/routes/group.rb,160,d75e5afaa21d45bc04139d4a538ea5954be1ef4f,frontend_gem_api_map/entrypoints.csv
rails_action:Groups::RunnersController:pause:config/routes/group.rb:164,Groups::RunnersController,pause,unauthenticated,not in targeted 191-record review,not in targeted review,unknown,"[""ep_2829b664106dcc9161ff8d87"",""ep_d85354bad5ddf494001d18e2"",""ep_4b4804f7393f65d537b9f7e5"",""ep_b29cdb7e8ac5b08a0c2a961c""]",handler/action lookup only; no inferred route equivalence or authentication reclassification,"[{""controller"":""groups/runners"",""action"":""pause"",""verb"":""POST"",""path"":""/groups/*group_id/-/runners/pause"",""path_status"":""local DSL template; draw/scopes/concerns may add prefixes"",""source"":{""file"":""config/routes/group.rb"",""line"":164,""end_line"":164},""auth_context"":[{""file"":""config/routes/group.rb"",""line"":3,""end_line"":232,""name"":""constraints"",""expression"":""constraints(Namespaces::GroupUrlConstraint.new) do"",""conditional"":false}]}]",config/routes/group.rb,164,d75e5afaa21d45bc04139d4a538ea5954be1ef4f,frontend_gem_api_map/entrypoints.csv
rails_action:Groups::RunnersController:resume:config/routes/group.rb:163,Groups::RunnersController,resume,unauthenticated,not in targeted 191-record review,not in targeted review,unknown,"[""ep_edf71efd2f0edda17c6d0c15"",""ep_62dda30a6546b9db81cc9127"",""ep_fcac35e48e51f43ef294f1fa"",""ep_380f790c73ab577fb41e7ba1""]",handler/action lookup only; no inferred route equivalence or authentication reclassification,"[{""controller"":""groups/runners"",""action"":""resume"",""verb"":""POST"",""path"":""/groups/*group_id/-/runners/resume"",""path_status"":""local DSL template; draw/scopes/concerns may add prefixes"",""source"":{""file"":""config/routes/group.rb"",""line"":163,""end_line"":163},""auth_context"":[{""file"":""config/routes/group.rb"",""line"":3,""end_line"":232,""name"":""constraints"",""expression"":""constraints(Namespaces::GroupUrlConstraint.new) do"",""conditional"":false}]}]",config/routes/group.rb,163,d75e5afaa21d45bc04139d4a538ea5954be1ef4f,frontend_gem_api_map/entrypoints.csv
rails_action:Groups::Security::CredentialsController:destroy:ee/config/routes/group.rb:237,Groups::Security::CredentialsController,destroy,unauthenticated,unknown,registered_action,unknown,"[""ep_f81e9a373dd9c9b13949f86a"",""ep_f21736cbe5faaa165e64d9c5""]",handler/action lookup only; no inferred route equivalence or authentication reclassification,"[{""controller"":""groups/security/credentials"",""action"":""destroy"",""verb"":""DELETE"",""path"":""/groups/*group_id/-/security/credentials/:id"",""path_status"":""static REST expansion; draw/scopes/concerns may add prefixes"",""source"":{""file"":""ee/config/routes/group.rb"",""line"":237,""end_line"":244},""auth_context"":[{""file"":""ee/config/routes/group.rb"",""line"":3,""end_line"":322,""name"":""constraints"",""expression"":""constraints(::Namespaces::GroupUrlConstraint.new) do"",""conditional"":false}]}]",ee/config/routes/group.rb,237,d75e5afaa21d45bc04139d4a538ea5954be1ef4f,frontend_gem_api_map/entrypoints.csv
rails_action:Groups::Security::CredentialsController:index:ee/config/routes/group.rb:237,Groups::Security::CredentialsController,index,unauthenticated,unknown,registered_action,unknown,"[""ep_082119a8f05f984bf28bf3ba"",""ep_9dd6e3d2005e62873e25f78e""]",handler/action lookup only; no inferred route equivalence or authentication reclassification,"[{""controller"":""groups/security/credentials"",""action"":""index"",""verb"":""GET"",""path"":""/groups/*group_id/-/security/credentials"",""path_status"":""static REST expansion; draw/scopes/concerns may add prefixes"",""source"":{""file"":""ee/config/routes/group.rb"",""line"":237,""end_line"":244},""auth_context"":[{""file"":""ee/config/routes/group.rb"",""line"":3,""end_line"":322,""name"":""constraints"",""expression"":""constraints(::Namespaces::GroupUrlConstraint.new) do"",""conditional"":false}]}]",ee/config/routes/group.rb,237,d75e5afaa21d45bc04139d4a538ea5954be1ef4f,frontend_gem_api_map/entrypoints.csv
rails_action:Groups::Security::CredentialsController:revoke:ee/config/routes/group.rb:242,Groups::Security::CredentialsController,revoke,unauthenticated,unknown,registered_action,unknown,"[""ep_12dd516d40008bb87fc04ac5"",""ep_315f0443a61ff7586789f932"",""ep_88bb0a9da21739b9f0b2a423"",""ep_2a895a492e042b88e4ed5550""]",handler/action lookup only; no inferred route equivalence or authentication reclassification,"[{""controller"":""groups/security/credentials"",""action"":""revoke"",""verb"":""PUT"",""path"":""/groups/*group_id/-/security/credentials/revoke"",""path_status"":""local DSL template; draw/scopes/concerns may add prefixes"",""source"":{""file"":""ee/config/routes/group.rb"",""line"":242,""end_line"":242},""auth_context"":[{""file"":""ee/config/routes/group.rb"",""line"":3,""end_line"":322,""name"":""constraints"",""expression"":""constraints(::Namespaces::GroupUrlConstraint.new) do"",""conditional"":false}]}]",ee/config/routes/group.rb,242,d75e5afaa21d45bc04139d4a538ea5954be1ef4f,frontend_gem_api_map/entrypoints.csv
rails_action:Groups::Settings::AccessTokensController:create:config/routes/group.rb:65,Groups::Settings::AccessTokensController,create,unauthenticated,unknown,registered_action,unknown,"[""ep_6a19e439a31d10672ed8d07c"",""ep_7ec2b9a4c7925e1fd8d86058"",""ep_d5af0832d7f628af869600bf"",""ep_0c67fa932a80563f1d3604cb""]",handler/action lookup only; no inferred route equivalence or authentication reclassification,"[{""controller"":""groups/settings/access_tokens"",""action"":""create"",""verb"":""POST"",""path"":""/groups/*group_id/-/settings/access_tokens"",""path_status"":""static REST expansion; draw/scopes/concerns may add prefixes"",""source"":{""file"":""config/routes/group.rb"",""line"":65,""end_line"":74},""auth_context"":[{""file"":""config/routes/group.rb"",""line"":3,""end_line"":232,""name"":""constraints"",""expression"":""constraints(Namespaces::GroupUrlConstraint.new) do"",""conditional"":false}]}]",config/routes/group.rb,65,d75e5afaa21d45bc04139d4a538ea5954be1ef4f,frontend_gem_api_map/entrypoints.csv
rails_action:Groups::Settings::AccessTokensController:inactive:config/routes/group.rb:72,Groups::Settings::AccessTokensController,inactive,unauthenticated,unknown,registered_action,unknown,"[""ep_4613f7460ad812b6459957b1"",""ep_29f6e71338a009d3a2f13856"",""ep_39bea8de37f2325923799df7"",""ep_0e9f37ce6642586cb3bb711d""]",handler/action lookup only; no inferred route equivalence or authentication reclassification,"[{""controller"":""groups/settings/access_tokens"",""action"":""inactive"",""verb"":""GET"",""path"":""/groups/*group_id/-/settings/access_tokens/inactive"",""path_status"":""local DSL template; draw/scopes/concerns may add prefixes"",""source"":{""file"":""config/routes/group.rb"",""line"":72,""end_line"":72},""auth_context"":[{""file"":""config/routes/group.rb"",""line"":3,""end_line"":232,""name"":""constraints"",""expression"":""constraints(Namespaces::GroupUrlConstraint.new) do"",""conditional"":false}]}]",config/routes/group.rb,72,d75e5afaa21d45bc04139d4a538ea5954be1ef4f,frontend_gem_api_map/entrypoints.csv
rails_action:Groups::Settings::AccessTokensController:index:config/routes/group.rb:65,Groups::Settings::AccessTokensController,index,unauthenticated,unknown,registered_action,unknown,"[""ep_12a1b1314133cd4b483bb6d1"",""ep_e993911c3cd987ac589356a6"",""ep_b2cbe368dcc674d54627ed4c"",""ep_ca45ad7cabfec2385b598d8d""]",handler/action lookup only; no inferred route equivalence or authentication reclassification,"[{""controller"":""groups/settings/access_tokens"",""action"":""index"",""verb"":""GET"",""path"":""/groups/*group_id/-/settings/access_tokens"",""path_status"":""static REST expansion; draw/scopes/concerns may add prefixes"",""source"":{""file"":""config/routes/group.rb"",""line"":65,""end_line"":74},""auth_context"":[{""file"":""config/routes/group.rb"",""line"":3,""end_line"":232,""name"":""constraints"",""expression"":""constraints(Namespaces::GroupUrlConstraint.new) do"",""conditional"":false}]}]",config/routes/group.rb,65,d75e5afaa21d45bc04139d4a538ea5954be1ef4f,frontend_gem_api_map/entrypoints.csv
rails_action:Groups::Settings::AccessTokensController:revoke:config/routes/group.rb:67,Groups::Settings::AccessTokensController,revoke,unauthenticated,unknown,registered_action,unknown,"[""ep_14bb501145e44cac692d34c7"",""ep_5658e6dd346f5bfaf2ce01c4"",""ep_31dedd24d652ec3d46f45367"",""ep_8dce68016c40273e58962489""]",handler/action lookup only; no inferred route equivalence or authentication reclassification,"[{""controller"":""groups/settings/access_tokens"",""action"":""revoke"",""verb"":""PUT"",""path"":""/groups/*group_id/-/settings/access_tokens/revoke"",""path_status"":""local DSL template; draw/scopes/concerns may add prefixes"",""source"":{""file"":""config/routes/group.rb"",""line"":67,""end_line"":67},""auth_context"":[{""file"":""config/routes/group.rb"",""line"":3,""end_line"":232,""name"":""constraints"",""expression"":""constraints(Namespaces::GroupUrlConstraint.new) do"",""conditional"":false}]}]",config/routes/group.rb,67,d75e5afaa21d45bc04139d4a538ea5954be1ef4f,frontend_gem_api_map/entrypoints.csv
rails_action:Groups::Settings::AccessTokensController:rotate:config/routes/group.rb:68,Groups::Settings::AccessTokensController,rotate,unauthenticated,unknown,registered_action,unknown,"[""ep_7c6217f6fbc4553656952942"",""ep_33ccdff1c8134ecc5a7ca1ac"",""ep_0fd9c7835d16690863f0d286"",""ep_1bb18d47474c30798206596e""]",handler/action lookup only; no inferred route equivalence or authentication reclassification,"[{""controller"":""groups/settings/access_tokens"",""action"":""rotate"",""verb"":""PUT"",""path"":""/groups/*group_id/-/settings/access_tokens/rotate"",""path_status"":""local DSL template; draw/scopes/concerns may add prefixes"",""source"":{""file"":""config/routes/group.rb"",""line"":68,""end_line"":68},""auth_context"":[{""file"":""config/routes/group.rb"",""line"":3,""end_line"":232,""name"":""constraints"",""expression"":""constraints(Namespaces::GroupUrlConstraint.new) do"",""conditional"":false}]}]",config/routes/group.rb,68,d75e5afaa21d45bc04139d4a538ea5954be1ef4f,frontend_gem_api_map/entrypoints.csv
rails_action:Groups::Settings::WorkItemsController:create:ee/config/routes/group.rb:48,Groups::Settings::WorkItemsController,create,unauthenticated,not in targeted 191-record review,not in targeted review,unknown,"[""ep_02767be781bb6fb02b9da2d6"",""ep_fbe7dadaf0e1ce1d71a49bc6""]",handler/action lookup only; no inferred route equivalence or authentication reclassification,"[{""controller"":""groups/settings/work_items"",""action"":""create"",""verb"":""POST"",""path"":""/groups/*group_id/-/settings/work_items"",""path_status"":""static REST expansion; draw/scopes/concerns may add prefixes"",""source"":{""file"":""ee/config/routes/group.rb"",""line"":48,""end_line"":50},""auth_context"":[{""file"":""ee/config/routes/group.rb"",""line"":3,""end_line"":322,""name"":""constraints"",""expression"":""constraints(::Namespaces::GroupUrlConstraint.new) do"",""conditional"":false}]}]",ee/config/routes/group.rb,48,d75e5afaa21d45bc04139d4a538ea5954be1ef4f,frontend_gem_api_map/entrypoints.csv
rails_action:Groups::Settings::WorkItemsController:destroy:ee/config/routes/group.rb:48,Groups::Settings::WorkItemsController,destroy,unauthenticated,not in targeted 191-record review,not in targeted review,unknown,"[""ep_e28705b45b560cc61099ce41"",""ep_21285fb3330e0e5f584bac9f""]",handler/action lookup only; no inferred route equivalence or authentication reclassification,"[{""controller"":""groups/settings/work_items"",""action"":""destroy"",""verb"":""DELETE"",""path"":""/groups/*group_id/-/settings/work_items"",""path_status"":""static REST expansion; draw/scopes/concerns may add prefixes"",""source"":{""file"":""ee/config/routes/group.rb"",""line"":48,""end_line"":50},""auth_context"":[{""file"":""ee/config/routes/group.rb"",""line"":3,""end_line"":322,""name"":""constraints"",""expression"":""constraints(::Namespaces::GroupUrlConstraint.new) do"",""conditional"":false}]}]",ee/config/routes/group.rb,48,d75e5afaa21d45bc04139d4a538ea5954be1ef4f,frontend_gem_api_map/entrypoints.csv
rails_action:Groups::Settings::WorkItemsController:edit:ee/config/routes/group.rb:48,Groups::Settings::WorkItemsController,edit,unauthenticated,not in targeted 191-record review,not in targeted review,unknown,"[""ep_d0c6d579f476853e85d27064"",""ep_215ee1fb56df3afb6feaffdd""]",handler/action lookup only; no inferred route equivalence or authentication reclassification,"[{""controller"":""groups/settings/work_items"",""action"":""edit"",""verb"":""GET"",""path"":""/groups/*group_id/-/settings/work_items/edit"",""path_status"":""static REST expansion; draw/scopes/concerns may add prefixes"",""source"":{""file"":""ee/config/routes/group.rb"",""line"":48,""end_line"":50},""auth_context"":[{""file"":""ee/config/routes/group.rb"",""line"":3,""end_line"":322,""name"":""constraints"",""expression"":""constraints(::Namespaces::GroupUrlConstraint.new) do"",""conditional"":false}]}]",ee/config/routes/group.rb,48,d75e5afaa21d45bc04139d4a538ea5954be1ef4f,frontend_gem_api_map/entrypoints.csv
rails_action:Groups::Settings::WorkItemsController:new:ee/config/routes/group.rb:48,Groups::Settings::WorkItemsController,new,unauthenticated,not in targeted 191-record review,not in targeted review,unknown,"[""ep_33a253fde871b1dca9303491"",""ep_d987dc02f2c6a1459dca2163""]",handler/action lookup only; no inferred route equivalence or authentication reclassification,"[{""controller"":""groups/settings/work_items"",""action"":""new"",""verb"":""GET"",""path"":""/groups/*group_id/-/settings/work_items/new"",""path_status"":""static REST expansion; draw/scopes/concerns may add prefixes"",""source"":{""file"":""ee/config/routes/group.rb"",""line"":48,""end_line"":50},""auth_context"":[{""file"":""ee/config/routes/group.rb"",""line"":3,""end_line"":322,""name"":""constraints"",""expression"":""constraints(::Namespaces::GroupUrlConstraint.new) do"",""conditional"":false}]}]",ee/config/routes/group.rb,48,d75e5afaa21d45bc04139d4a538ea5954be1ef4f,frontend_gem_api_map/entrypoints.csv
rails_action:Groups::Settings::WorkItemsController:update:ee/config/routes/group.rb:48,Groups::Settings::WorkItemsController,update,unauthenticated,not in targeted 191-record review,not in targeted review,unknown,"[""ep_4deec4e7b2e27ca073d549cb"",""ep_4348df1b706210b4fb7fb7a3""]",handler/action lookup only; no inferred route equivalence or authentication reclassification,"[{""controller"":""groups/settings/work_items"",""action"":""update"",""verb"":""PATCH/PUT"",""path"":""/groups/*group_id/-/settings/work_items"",""path_status"":""static REST expansion; draw/scopes/concerns may add prefixes"",""source"":{""file"":""ee/config/routes/group.rb"",""line"":48,""end_line"":50},""auth_context"":[{""file"":""ee/config/routes/group.rb"",""line"":3,""end_line"":322,""name"":""constraints"",""expression"":""constraints(::Namespaces::GroupUrlConstraint.new) do"",""conditional"":false}]}]",ee/config/routes/group.rb,48,d75e5afaa21d45bc04139d4a538ea5954be1ef4f,frontend_gem_api_map/entrypoints.csv
rails_action:Groups::UploadsController:show:config/routes/group.rb:153,Groups::UploadsController,show,unauthenticated,unknown,registered_action,unknown,"[""ep_8caaee2d103271cc5325869e"",""ep_457e3c301c52ae05c59ddff1"",""ep_8d6863ba1694aa1638546759"",""ep_966d006f89714b97c35ced02""]",handler/action lookup only; no inferred route equivalence or authentication reclassification,"[{""controller"":""groups/uploads"",""action"":""show"",""verb"":""GET"",""path"":""/groups/*group_id/-/uploads/:secret/:filename"",""path_status"":""local DSL template; draw/scopes/concerns may add prefixes"",""source"":{""file"":""config/routes/group.rb"",""line"":153,""end_line"":153},""auth_context"":[{""file"":""config/routes/group.rb"",""line"":3,""end_line"":232,""name"":""constraints"",""expression"":""constraints(Namespaces::GroupUrlConstraint.new) do"",""conditional"":false}]}]",config/routes/group.rb,153,d75e5afaa21d45bc04139d4a538ea5954be1ef4f,frontend_gem_api_map/entrypoints.csv
rails_action:Groups::WorkItemsController:delete_description_version:ee/config/routes/group.rb:297,Groups::WorkItemsController,delete_description_version,unauthenticated,not in targeted 191-record review,not in targeted review,unknown,"[""ep_fd8d833c2a046c2e137ba315"",""ep_c2cbdfc33abcef0a58e22402""]",handler/action lookup only; no inferred route equivalence or authentication reclassification,"[{""controller"":""groups/work_items"",""action"":""delete_description_version"",""verb"":""DELETE"",""path"":""/groups/*group_id/-/work_items//descriptions/:version_id"",""path_status"":""local DSL template; draw/scopes/concerns may add prefixes"",""source"":{""file"":""ee/config/routes/group.rb"",""line"":297,""end_line"":297},""auth_context"":[{""file"":""ee/config/routes/group.rb"",""line"":3,""end_line"":322,""name"":""constraints"",""expression"":""constraints(::Namespaces::GroupUrlConstraint.new) do"",""conditional"":false}]}]",ee/config/routes/group.rb,297,d75e5afaa21d45bc04139d4a538ea5954be1ef4f,frontend_gem_api_map/entrypoints.csv
rails_action:Groups::WorkItemsController:description_diff:ee/config/routes/group.rb:296,Groups::WorkItemsController,description_diff,unauthenticated,not in targeted 191-record review,not in targeted review,unknown,"[""ep_0c186762a51387d24187fc18"",""ep_31b1edcbac222b9e20ae0f05""]",handler/action lookup only; no inferred route equivalence or authentication reclassification,"[{""controller"":""groups/work_items"",""action"":""description_diff"",""verb"":""GET"",""path"":""/groups/*group_id/-/work_items//descriptions/:version_id/diff"",""path_status"":""local DSL template; draw/scopes/concerns may add prefixes"",""source"":{""file"":""ee/config/routes/group.rb"",""line"":296,""end_line"":296},""auth_context"":[{""file"":""ee/config/routes/group.rb"",""line"":3,""end_line"":322,""name"":""constraints"",""expression"":""constraints(::Namespaces::GroupUrlConstraint.new) do"",""conditional"":false}]}]",ee/config/routes/group.rb,296,d75e5afaa21d45bc04139d4a538ea5954be1ef4f,frontend_gem_api_map/entrypoints.csv
rails_action:JiraConnect::SubscriptionsController:delete:config/routes.rb:95,JiraConnect::SubscriptionsController,delete,unauthenticated,not in targeted 191-record review,not in targeted review,unknown,"[""ep_a2a3e4b78a04846671aa2139"",""ep_39ef90cddad9be4dfd29b0d8"",""ep_2603d0375231855cad38d803"",""ep_aa9866b572bcdd61f34477a2""]",handler/action lookup only; no inferred route equivalence or authentication reclassification,"[{""controller"":""jira_connect/subscriptions"",""action"":""delete"",""verb"":""MATCH"",""path"":""//-/jira_connect/subscriptions/:id"",""path_status"":""local DSL template; draw/scopes/concerns may add prefixes"",""source"":{""file"":""config/routes.rb"",""line"":95,""end_line"":95},""auth_context"":[]}]",config/routes.rb,95,d75e5afaa21d45bc04139d4a538ea5954be1ef4f,frontend_gem_api_map/entrypoints.csv
rails_action:Projects::AutocompleteSourcesController:epics:ee/config/routes/project.rb:53,Projects::AutocompleteSourcesController,epics,unauthenticated,not in targeted 191-record review,not in targeted review,conditional_anonymous,"[""ep_8efb2ca2aa7d749733e15d8c"",""ep_f29d933fa56173bf8c496622""]",handler/action lookup only; no inferred route equivalence or authentication reclassification,"[{""controller"":""projects/autocomplete_sources"",""action"":""epics"",""verb"":""GET"",""path"":""/*namespace_id/:project_id/-/autocomplete_sources/epics"",""path_status"":""local DSL template; draw/scopes/concerns may add prefixes"",""source"":{""file"":""ee/config/routes/project.rb"",""line"":53,""end_line"":53},""auth_context"":[{""file"":""ee/config/routes/project.rb"",""line"":3,""end_line"":220,""name"":""constraints"",""expression"":""constraints(::Projects::ProjectUrlConstraint.new) do"",""conditional"":false}]}]",ee/config/routes/project.rb,53,d75e5afaa21d45bc04139d4a538ea5954be1ef4f,frontend_gem_api_map/entrypoints.csv
rails_action:Projects::AutocompleteSourcesController:iterations:ee/config/routes/project.rb:54,Projects::AutocompleteSourcesController,iterations,unauthenticated,not in targeted 191-record review,not in targeted review,conditional_anonymous,"[""ep_a5a3e698fe81884f40b574a0"",""ep_9d91a9f93b8a6940c2950707""]",handler/action lookup only; no inferred route equivalence or authentication reclassification,"[{""controller"":""projects/autocomplete_sources"",""action"":""iterations"",""verb"":""GET"",""path"":""/*namespace_id/:project_id/-/autocomplete_sources/iterations"",""path_status"":""local DSL template; draw/scopes/concerns may add prefixes"",""source"":{""file"":""ee/config/routes/project.rb"",""line"":54,""end_line"":54},""auth_context"":[{""file"":""ee/config/routes/project.rb"",""line"":3,""end_line"":220,""name"":""constraints"",""expression"":""constraints(::Projects::ProjectUrlConstraint.new) do"",""conditional"":false}]}]",ee/config/routes/project.rb,54,d75e5afaa21d45bc04139d4a538ea5954be1ef4f,frontend_gem_api_map/entrypoints.csv
rails_action:Projects::AutocompleteSourcesController:vulnerabilities:ee/config/routes/project.rb:55,Projects::AutocompleteSourcesController,vulnerabilities,unauthenticated,not in targeted 191-record review,not in targeted review,conditional_anonymous,"[""ep_2200e22581869820ab833a5e"",""ep_707e502b38ed3dcbc744d5f2""]",handler/action lookup only; no inferred route equivalence or authentication reclassification,"[{""controller"":""projects/autocomplete_sources"",""action"":""vulnerabilities"",""verb"":""GET"",""path"":""/*namespace_id/:project_id/-/autocomplete_sources/vulnerabilities"",""path_status"":""local DSL template; draw/scopes/concerns may add prefixes"",""source"":{""file"":""ee/config/routes/project.rb"",""line"":55,""end_line"":55},""auth_context"":[{""file"":""ee/config/routes/project.rb"",""line"":3,""end_line"":220,""name"":""constraints"",""expression"":""constraints(::Projects::ProjectUrlConstraint.new) do"",""conditional"":false}]}]",ee/config/routes/project.rb,55,d75e5afaa21d45bc04139d4a538ea5954be1ef4f,frontend_gem_api_map/entrypoints.csv
rails_action:Projects::CommentTemplatesController:index:ee/config/routes/project.rb:61,Projects::CommentTemplatesController,index,unauthenticated,not in targeted 191-record review,not in targeted review,unknown,"[""ep_4db063f5cb012d754c370b0c"",""ep_abc31354a259d5c04139f1a8""]",handler/action lookup only; no inferred route equivalence or authentication reclassification,"[{""controller"":""projects/comment_templates"",""action"":""index"",""verb"":""GET"",""path"":""/*namespace_id/:project_id/-/comment_templates"",""path_status"":""static REST expansion; draw/scopes/concerns may add prefixes"",""source"":{""file"":""ee/config/routes/project.rb"",""line"":61,""end_line"":61},""auth_context"":[{""file"":""ee/config/routes/project.rb"",""line"":3,""end_line"":220,""name"":""constraints"",""expression"":""constraints(::Projects::ProjectUrlConstraint.new) do"",""conditional"":false}]}]",ee/config/routes/project.rb,61,d75e5afaa21d45bc04139d4a538ea5954be1ef4f,frontend_gem_api_map/entrypoints.csv
rails_action:Projects::CommentTemplatesController:show:ee/config/routes/project.rb:61,Projects::CommentTemplatesController,show,unauthenticated,not in targeted 191-record review,not in targeted review,unknown,"[""ep_de2b8e46d238d588e43fc3ff"",""ep_f91e7cbc6bccc6c323d429da""]",handler/action lookup only; no inferred route equivalence or authentication reclassification,"[{""controller"":""projects/comment_templates"",""action"":""show"",""verb"":""GET"",""path"":""/*namespace_id/:project_id/-/comment_templates/:id"",""path_status"":""static REST expansion; draw/scopes/concerns may add prefixes"",""source"":{""file"":""ee/config/routes/project.rb"",""line"":61,""end_line"":61},""auth_context"":[{""file"":""ee/config/routes/project.rb"",""line"":3,""end_line"":220,""name"":""constraints"",""expression"":""constraints(::Projects::ProjectUrlConstraint.new) do"",""conditional"":false}]}]",ee/config/routes/project.rb,61,d75e5afaa21d45bc04139d4a538ea5954be1ef4f,frontend_gem_api_map/entrypoints.csv
rails_action:Projects::IterationCadencesController:create:ee/config/routes/project.rb:169,Projects::IterationCadencesController,create,unauthenticated,not in targeted 191-record review,not in targeted review,unknown,"[""ep_ff60201fcb9258a9c60d1c60"",""ep_29e0227821b9b2f8d953bc3a""]",handler/action lookup only; no inferred route equivalence or authentication reclassification,"[{""controller"":""projects/iteration_cadences"",""action"":""create"",""verb"":""POST"",""path"":""/*namespace_id/:project_id/-/cadences(/*vueroute)"",""path_status"":""static REST expansion; draw/scopes/concerns may add prefixes"",""source"":{""file"":""ee/config/routes/project.rb"",""line"":169,""end_line"":171},""auth_context"":[{""file"":""ee/config/routes/project.rb"",""line"":3,""end_line"":220,""name"":""constraints"",""expression"":""constraints(::Projects::ProjectUrlConstraint.new) do"",""conditional"":false}]}]",ee/config/routes/project.rb,169,d75e5afaa21d45bc04139d4a538ea5954be1ef4f,frontend_gem_api_map/entrypoints.csv
rails_action:Projects::IterationCadencesController:destroy:ee/config/routes/project.rb:169,Projects::IterationCadencesController,destroy,unauthenticated,not in targeted 191-record review,not in targeted review,unknown,"[""ep_ce80ac161513c6469eb6117e"",""ep_a041b9e02804661e735a4f3f""]",handler/action lookup only; no inferred route equivalence or authentication reclassification,"[{""controller"":""projects/iteration_cadences"",""action"":""destroy"",""verb"":""DELETE"",""path"":""/*namespace_id/:project_id/-/cadences(/*vueroute)/:id"",""path_status"":""static REST expansion; draw/scopes/concerns may add prefixes"",""source"":{""file"":""ee/config/routes/project.rb"",""line"":169,""end_line"":171},""auth_context"":[{""file"":""ee/config/routes/project.rb"",""line"":3,""end_line"":220,""name"":""constraints"",""expression"":""constraints(::Projects::ProjectUrlConstraint.new) do"",""conditional"":false}]}]",ee/config/routes/project.rb,169,d75e5afaa21d45bc04139d4a538ea5954be1ef4f,frontend_gem_api_map/entrypoints.csv
rails_action:Projects::IterationCadencesController:edit:ee/config/routes/project.rb:169,Projects::IterationCadencesController,edit,unauthenticated,not in targeted 191-record review,not in targeted review,unknown,"[""ep_16739dac02d5a364993a1277"",""ep_e918f8934486494ec25582f1""]",handler/action lookup only; no inferred route equivalence or authentication reclassification,"[{""controller"":""projects/iteration_cadences"",""action"":""edit"",""verb"":""GET"",""path"":""/*namespace_id/:project_id/-/cadences(/*vueroute)/:id/edit"",""path_status"":""static REST expansion; draw/scopes/concerns may add prefixes"",""source"":{""file"":""ee/config/routes/project.rb"",""line"":169,""end_line"":171},""auth_context"":[{""file"":""ee/config/routes/project.rb"",""line"":3,""end_line"":220,""name"":""constraints"",""expression"":""constraints(::Projects::ProjectUrlConstraint.new) do"",""conditional"":false}]}]",ee/config/routes/project.rb,169,d75e5afaa21d45bc04139d4a538ea5954be1ef4f,frontend_gem_api_map/entrypoints.csv
rails_action:Projects::IterationCadencesController:new:ee/config/routes/project.rb:169,Projects::IterationCadencesController,new,unauthenticated,not in targeted 191-record review,not in targeted review,unknown,"[""ep_8340e06c4731d28fe4d8438f"",""ep_6428111f79eee0fe87441d2b""]",handler/action lookup only; no inferred route equivalence or authentication reclassification,"[{""controller"":""projects/iteration_cadences"",""action"":""new"",""verb"":""GET"",""path"":""/*namespace_id/:project_id/-/cadences(/*vueroute)/new"",""path_status"":""static REST expansion; draw/scopes/concerns may add prefixes"",""source"":{""file"":""ee/config/routes/project.rb"",""line"":169,""end_line"":171},""auth_context"":[{""file"":""ee/config/routes/project.rb"",""line"":3,""end_line"":220,""name"":""constraints"",""expression"":""constraints(::Projects::ProjectUrlConstraint.new) do"",""conditional"":false}]}]",ee/config/routes/project.rb,169,d75e5afaa21d45bc04139d4a538ea5954be1ef4f,frontend_gem_api_map/entrypoints.csv
rails_action:Projects::IterationCadencesController:show:ee/config/routes/project.rb:169,Projects::IterationCadencesController,show,unauthenticated,not in targeted 191-record review,not in targeted review,unknown,"[""ep_57b40b342339cb5583f4f461"",""ep_b3e64a665aef426e9321a30d"",""ep_246fb9a9fbcb34b7ebf5f9a9"",""ep_8fe5c5245fc89a22477eeb2c""]",handler/action lookup only; no inferred route equivalence or authentication reclassification,"[{""controller"":""projects/iteration_cadences"",""action"":""show"",""verb"":""GET"",""path"":""/*namespace_id/:project_id/-/cadences(/*vueroute)/:id"",""path_status"":""static REST expansion; draw/scopes/concerns may add prefixes"",""source"":{""file"":""ee/config/routes/project.rb"",""line"":169,""end_line"":171},""auth_context"":[{""file"":""ee/config/routes/project.rb"",""line"":3,""end_line"":220,""name"":""constraints"",""expression"":""constraints(::Projects::ProjectUrlConstraint.new) do"",""conditional"":false}]},{""controller"":""projects/iteration_cadences"",""action"":""show"",""verb"":""GET"",""path"":""/*namespace_id/:project_id/-/cadences(/*vueroute)/iterations/:id"",""path_status"":""static REST expansion; draw/scopes/concerns may add prefixes"",""source"":{""file"":""ee/config/routes/project.rb"",""line"":170,""end_line"":170},""auth_context"":[{""file"":""ee/config/routes/project.rb"",""line"":3,""end_line"":220,""name"":""constraints"",""expression"":""constraints(::Projects::ProjectUrlConstraint.new) do"",""conditional"":false}]}]",ee/config/routes/project.rb,169,d75e5afaa21d45bc04139d4a538ea5954be1ef4f,frontend_gem_api_map/entrypoints.csv
rails_action:Projects::IterationCadencesController:update:ee/config/routes/project.rb:169,Projects::IterationCadencesController,update,unauthenticated,not in targeted 191-record review,not in targeted review,unknown,"[""ep_90ef14989939b511d5690ffa"",""ep_0778bdb51cb6d2dcc52baf4d""]",handler/action lookup only; no inferred route equivalence or authentication reclassification,"[{""controller"":""projects/iteration_cadences"",""action"":""update"",""verb"":""PATCH/PUT"",""path"":""/*namespace_id/:project_id/-/cadences(/*vueroute)/:id"",""path_status"":""static REST expansion; draw/scopes/concerns may add prefixes"",""source"":{""file"":""ee/config/routes/project.rb"",""line"":169,""end_line"":171},""auth_context"":[{""file"":""ee/config/routes/project.rb"",""line"":3,""end_line"":220,""name"":""constraints"",""expression"":""constraints(::Projects::ProjectUrlConstraint.new) do"",""conditional"":false}]}]",ee/config/routes/project.rb,169,d75e5afaa21d45bc04139d4a538ea5954be1ef4f,frontend_gem_api_map/entrypoints.csv
rails_action:Projects::Packages::InfrastructureRegistryController:index:config/routes/project.rb:50,Projects::Packages::InfrastructureRegistryController,index,unauthenticated,not in targeted 191-record review,not in targeted review,unknown,"[""ep_72d4dda6c87687c6215a60f4"",""ep_995659045742f0dfae227ba1"",""ep_164f38b76eac0ed2cbe8e021"",""ep_dff1727dada615a15d89eda7""]",handler/action lookup only; no inferred route equivalence or authentication reclassification,"[{""controller"":""projects/packages/infrastructure_registry"",""action"":""index"",""verb"":""GET"",""path"":""/*namespace_id/:project_id/-/terraform_module_registry"",""path_status"":""static REST expansion; draw/scopes/concerns may add prefixes"",""source"":{""file"":""config/routes/project.rb"",""line"":50,""end_line"":50},""auth_context"":[{""file"":""config/routes/project.rb"",""line"":3,""end_line"":718,""name"":""constraints"",""expression"":""constraints(Projects::ProjectUrlConstraint.new) do"",""conditional"":false}]}]",config/routes/project.rb,50,d75e5afaa21d45bc04139d4a538ea5954be1ef4f,frontend_gem_api_map/entrypoints.csv
rails_action:Projects::Packages::PackagesController:destroy:config/routes/project.rb:43,Projects::Packages::PackagesController,destroy,unauthenticated,not in targeted 191-record review,not in targeted review,unknown,"[""ep_b5b8328bbb8ef274277177ca"",""ep_198f4bfd21ced9db3c3769da"",""ep_7b729432afcf7a4a43acea40"",""ep_1590e14430b075653278adfb""]",handler/action lookup only; no inferred route equivalence or authentication reclassification,"[{""controller"":""projects/packages/packages"",""action"":""destroy"",""verb"":""DELETE"",""path"":""/*namespace_id/:project_id/-/packages/:id"",""path_status"":""static REST expansion; draw/scopes/concerns may add prefixes"",""source"":{""file"":""config/routes/project.rb"",""line"":43,""end_line"":43},""auth_context"":[{""file"":""config/routes/project.rb"",""line"":3,""end_line"":718,""name"":""constraints"",""expression"":""constraints(Projects::ProjectUrlConstraint.new) do"",""conditional"":false}]}]",config/routes/project.rb,43,d75e5afaa21d45bc04139d4a538ea5954be1ef4f,frontend_gem_api_map/entrypoints.csv
rails_action:Projects::ProjectMembersController:leave:config/routes/project.rb:192,Projects::ProjectMembersController,leave,unauthenticated,unknown,registered_action,unknown,"[""ep_82e76d0ea603d7cb568093ca"",""ep_e35832cd24211a830c1dcd3e"",""ep_761915ccc49c62868a84b0d4"",""ep_681753339b2082ac5e6b94b4""]",handler/action lookup only; no inferred route equivalence or authentication reclassification,"[{""controller"":""projects/project_members"",""action"":""leave"",""verb"":""DELETE"",""path"":""/*namespace_id/:project_id/-/project_members/leave"",""path_status"":""local DSL template; draw/scopes/concerns may add prefixes"",""source"":{""file"":""config/routes/project.rb"",""line"":192,""end_line"":192},""auth_context"":[{""file"":""config/routes/project.rb"",""line"":3,""end_line"":718,""name"":""constraints"",""expression"":""constraints(Projects::ProjectUrlConstraint.new) do"",""conditional"":false}]}]",config/routes/project.rb,192,d75e5afaa21d45bc04139d4a538ea5954be1ef4f,frontend_gem_api_map/entrypoints.csv
rails_action:Projects::Settings::AccessTokensController:create:config/routes/project.rb:157,Projects::Settings::AccessTokensController,create,unauthenticated,unknown,registered_action,unknown,"[""ep_a5da2ad9f59185e7ecabd8ed"",""ep_5a12a39ceab8ebf9a9c2bc63"",""ep_8f7babf9e503453a4c5a8528"",""ep_2e49980e8162d3d6a5666d1e""]",handler/action lookup only; no inferred route equivalence or authentication reclassification,"[{""controller"":""projects/settings/access_tokens"",""action"":""create"",""verb"":""POST"",""path"":""/*namespace_id/:project_id/-/settings/access_tokens"",""path_status"":""static REST expansion; draw/scopes/concerns may add prefixes"",""source"":{""file"":""config/routes/project.rb"",""line"":157,""end_line"":166},""auth_context"":[{""file"":""config/routes/project.rb"",""line"":3,""end_line"":718,""name"":""constraints"",""expression"":""constraints(Projects::ProjectUrlConstraint.new) do"",""conditional"":false}]}]",config/routes/project.rb,157,d75e5afaa21d45bc04139d4a538ea5954be1ef4f,frontend_gem_api_map/entrypoints.csv
rails_action:Projects::Settings::AccessTokensController:inactive:config/routes/project.rb:164,Projects::Settings::AccessTokensController,inactive,unauthenticated,unknown,registered_action,unknown,"[""ep_12ebdfb02c56967f5955bbb8"",""ep_1f1c26a57f579171bdd0bfde"",""ep_a4bb135c014bd8904c3984c1"",""ep_c5e82ae63642891c6386269d""]",handler/action lookup only; no inferred route equivalence or authentication reclassification,"[{""controller"":""projects/settings/access_tokens"",""action"":""inactive"",""verb"":""GET"",""path"":""/*namespace_id/:project_id/-/settings/access_tokens/inactive"",""path_status"":""local DSL template; draw/scopes/concerns may add prefixes"",""source"":{""file"":""config/routes/project.rb"",""line"":164,""end_line"":164},""auth_context"":[{""file"":""config/routes/project.rb"",""line"":3,""end_line"":718,""name"":""constraints"",""expression"":""constraints(Projects::ProjectUrlConstraint.new) do"",""conditional"":false}]}]",config/routes/project.rb,164,d75e5afaa21d45bc04139d4a538ea5954be1ef4f,frontend_gem_api_map/entrypoints.csv
rails_action:Projects::Settings::AccessTokensController:index:config/routes/project.rb:157,Projects::Settings::AccessTokensController,index,unauthenticated,unknown,registered_action,unknown,"[""ep_6d16269752b2b721212d9fb2"",""ep_eafa3b6e610c0f28f24d5515"",""ep_1297f730f424d055e7fd6a51"",""ep_f84934df46ae771aa3a261c7""]",handler/action lookup only; no inferred route equivalence or authentication reclassification,"[{""controller"":""projects/settings/access_tokens"",""action"":""index"",""verb"":""GET"",""path"":""/*namespace_id/:project_id/-/settings/access_tokens"",""path_status"":""static REST expansion; draw/scopes/concerns may add prefixes"",""source"":{""file"":""config/routes/project.rb"",""line"":157,""end_line"":166},""auth_context"":[{""file"":""config/routes/project.rb"",""line"":3,""end_line"":718,""name"":""constraints"",""expression"":""constraints(Projects::ProjectUrlConstraint.new) do"",""conditional"":false}]}]",config/routes/project.rb,157,d75e5afaa21d45bc04139d4a538ea5954be1ef4f,frontend_gem_api_map/entrypoints.csv
rails_action:Projects::Settings::AccessTokensController:revoke:config/routes/project.rb:159,Projects::Settings::AccessTokensController,revoke,unauthenticated,unknown,registered_action,unknown,"[""ep_380a704787f0703af219d3e6"",""ep_bd0bfd0c70526484744d14ee"",""ep_e9a0ef5ea4639f9c909a018e"",""ep_3ac310b84afd213e60913cc7""]",handler/action lookup only; no inferred route equivalence or authentication reclassification,"[{""controller"":""projects/settings/access_tokens"",""action"":""revoke"",""verb"":""PUT"",""path"":""/*namespace_id/:project_id/-/settings/access_tokens/revoke"",""path_status"":""local DSL template; draw/scopes/concerns may add prefixes"",""source"":{""file"":""config/routes/project.rb"",""line"":159,""end_line"":159},""auth_context"":[{""file"":""config/routes/project.rb"",""line"":3,""end_line"":718,""name"":""constraints"",""expression"":""constraints(Projects::ProjectUrlConstraint.new) do"",""conditional"":false}]}]",config/routes/project.rb,159,d75e5afaa21d45bc04139d4a538ea5954be1ef4f,frontend_gem_api_map/entrypoints.csv
rails_action:Projects::Settings::AccessTokensController:rotate:config/routes/project.rb:160,Projects::Settings::AccessTokensController,rotate,unauthenticated,unknown,registered_action,unknown,"[""ep_729e1c28dce8ba3b5f762624"",""ep_2bc18eccdee60604c9fcf342"",""ep_0b696273c741d2d805187609"",""ep_2418a0f6961c3f40ab2ee950""]",handler/action lookup only; no inferred route equivalence or authentication reclassification,"[{""controller"":""projects/settings/access_tokens"",""action"":""rotate"",""verb"":""PUT"",""path"":""/*namespace_id/:project_id/-/settings/access_tokens/rotate"",""path_status"":""local DSL template; draw/scopes/concerns may add prefixes"",""source"":{""file"":""config/routes/project.rb"",""line"":160,""end_line"":160},""auth_context"":[{""file"":""config/routes/project.rb"",""line"":3,""end_line"":718,""name"":""constraints"",""expression"":""constraints(Projects::ProjectUrlConstraint.new) do"",""conditional"":false}]}]",config/routes/project.rb,160,d75e5afaa21d45bc04139d4a538ea5954be1ef4f,frontend_gem_api_map/entrypoints.csv
rails_action:Projects::UploadsController:show:config/routes/project.rb:622,Projects::UploadsController,show,unauthenticated,unknown,registered_action,conditional_anonymous,"[""ep_04f25bded0cd558c4fe50df9"",""ep_da87829b729f9bc05841fe79"",""ep_dc9b6ea7afcbabc3f06b5752"",""ep_912ccebfde17852f3d2ee635""]",handler/action lookup only; no inferred route equivalence or authentication reclassification,"[{""controller"":""projects/uploads"",""action"":""show"",""verb"":""GET"",""path"":""/*namespace_id/:project_id/uploads/:secret/:filename"",""path_status"":""local DSL template; draw/scopes/concerns may add prefixes"",""source"":{""file"":""config/routes/project.rb"",""line"":622,""end_line"":622},""auth_context"":[{""file"":""config/routes/project.rb"",""line"":3,""end_line"":718,""name"":""constraints"",""expression"":""constraints(Projects::ProjectUrlConstraint.new) do"",""conditional"":false}]}]",config/routes/project.rb,622,d75e5afaa21d45bc04139d4a538ea5954be1ef4f,frontend_gem_api_map/entrypoints.csv
rails_action:Users::RegistrationsIdentityVerificationController:restricted:ee/config/routes/identity_verification.rb:16,Users::RegistrationsIdentityVerificationController,restricted,unauthenticated,not in targeted 191-record review,not in targeted review,unknown,"[""ep_2bbde5b2000790400ded6efd"",""ep_3600405f1a4fd3e30957d99c""]",handler/action lookup only; no inferred route equivalence or authentication reclassification,"[{""controller"":""users/registrations_identity_verification"",""action"":""restricted"",""verb"":""GET"",""path"":""/users/identity_verification/restricted"",""path_status"":""local DSL template; draw/scopes/concerns may add prefixes"",""source"":{""file"":""ee/config/routes/identity_verification.rb"",""line"":16,""end_line"":16},""auth_context"":[]}]",ee/config/routes/identity_verification.rb,16,d75e5afaa21d45bc04139d4a538ea5954be1ef4f,frontend_gem_api_map/entrypoints.csv
rails_action:Users::RegistrationsIdentityVerificationController:send_phone_verification_code:ee/config/routes/identity_verification.rb:8,Users::RegistrationsIdentityVerificationController,send_phone_verification_code,unauthenticated,unknown,registered_action,conditional_anonymous | unauthenticated,"[""ep_69a98be4f0056b7aaf6e44b5"",""ep_df6fa82a9e98d0233f645a1a""]",handler/action lookup only; no inferred route equivalence or authentication reclassification,"[{""controller"":""users/registrations_identity_verification"",""action"":""send_phone_verification_code"",""verb"":""POST"",""path"":""/users/identity_verification/send_phone_verification_code"",""path_status"":""local DSL template; draw/scopes/concerns may add prefixes"",""source"":{""file"":""ee/config/routes/identity_verification.rb"",""line"":8,""end_line"":8},""auth_context"":[]}]",ee/config/routes/identity_verification.rb,8,d75e5afaa21d45bc04139d4a538ea5954be1ef4f,frontend_gem_api_map/entrypoints.csv
rails_action:Users::RegistrationsIdentityVerificationController:toggle_phone_exemption:ee/config/routes/identity_verification.rb:11,Users::RegistrationsIdentityVerificationController,toggle_phone_exemption,unauthenticated,unknown,registered_action,conditional_anonymous | unauthenticated,"[""ep_b702ecd38ee2b508653bffca"",""ep_849ed9c29ca4626adec61680""]",handler/action lookup only; no inferred route equivalence or authentication reclassification,"[{""controller"":""users/registrations_identity_verification"",""action"":""toggle_phone_exemption"",""verb"":""PATCH"",""path"":""/users/identity_verification/toggle_phone_exemption"",""path_status"":""local DSL template; draw/scopes/concerns may add prefixes"",""source"":{""file"":""ee/config/routes/identity_verification.rb"",""line"":11,""end_line"":11},""auth_context"":[]}]",ee/config/routes/identity_verification.rb,11,d75e5afaa21d45bc04139d4a538ea5954be1ef4f,frontend_gem_api_map/entrypoints.csv
rails_action:Users::RegistrationsIdentityVerificationController:verification_state:ee/config/routes/identity_verification.rb:5,Users::RegistrationsIdentityVerificationController,verification_state,unauthenticated,unknown,registered_action,conditional_anonymous | unauthenticated,"[""ep_65d37172848f09e50e8aeec0"",""ep_6ec2c9012aaa7941d5533258""]",handler/action lookup only; no inferred route equivalence or authentication reclassification,"[{""controller"":""users/registrations_identity_verification"",""action"":""verification_state"",""verb"":""GET"",""path"":""/users/identity_verification/verification_state"",""path_status"":""local DSL template; draw/scopes/concerns may add prefixes"",""source"":{""file"":""ee/config/routes/identity_verification.rb"",""line"":5,""end_line"":5},""auth_context"":[]}]",ee/config/routes/identity_verification.rb,5,d75e5afaa21d45bc04139d4a538ea5954be1ef4f,frontend_gem_api_map/entrypoints.csv
rails_action:Users::RegistrationsIdentityVerificationController:verify_credit_card:ee/config/routes/identity_verification.rb:13,Users::RegistrationsIdentityVerificationController,verify_credit_card,unauthenticated,unknown,registered_action,conditional_anonymous | unauthenticated,"[""ep_f7553049aecb267f20890f59"",""ep_38a2d8db024ce799316ce304""]",handler/action lookup only; no inferred route equivalence or authentication reclassification,"[{""controller"":""users/registrations_identity_verification"",""action"":""verify_credit_card"",""verb"":""GET"",""path"":""/users/identity_verification/verify_credit_card"",""path_status"":""local DSL template; draw/scopes/concerns may add prefixes"",""source"":{""file"":""ee/config/routes/identity_verification.rb"",""line"":13,""end_line"":13},""auth_context"":[]}]",ee/config/routes/identity_verification.rb,13,d75e5afaa21d45bc04139d4a538ea5954be1ef4f,frontend_gem_api_map/entrypoints.csv
rails_action:Users::RegistrationsIdentityVerificationController:verify_credit_card_captcha:ee/config/routes/identity_verification.rb:14,Users::RegistrationsIdentityVerificationController,verify_credit_card_captcha,unauthenticated,unknown,registered_action,conditional_anonymous | unauthenticated,"[""ep_e70c31a0a30b68d44226a0fb"",""ep_31d1e4fbe7d1a52f80de3122""]",handler/action lookup only; no inferred route equivalence or authentication reclassification,"[{""controller"":""users/registrations_identity_verification"",""action"":""verify_credit_card_captcha"",""verb"":""POST"",""path"":""/users/identity_verification/verify_credit_card_captcha"",""path_status"":""local DSL template; draw/scopes/concerns may add prefixes"",""source"":{""file"":""ee/config/routes/identity_verification.rb"",""line"":14,""end_line"":14},""auth_context"":[]}]",ee/config/routes/identity_verification.rb,14,d75e5afaa21d45bc04139d4a538ea5954be1ef4f,frontend_gem_api_map/entrypoints.csv
rails_action:Users::RegistrationsIdentityVerificationController:verify_phone_verification_code:ee/config/routes/identity_verification.rb:9,Users::RegistrationsIdentityVerificationController,verify_phone_verification_code,unauthenticated,unknown,registered_action,conditional_anonymous | unauthenticated,"[""ep_8771800ea7efdfa00699a19d"",""ep_56d6edc9af48cf78fb0d21d6""]",handler/action lookup only; no inferred route equivalence or authentication reclassification,"[{""controller"":""users/registrations_identity_verification"",""action"":""verify_phone_verification_code"",""verb"":""POST"",""path"":""/users/identity_verification/verify_phone_verification_code"",""path_status"":""local DSL template; draw/scopes/concerns may add prefixes"",""source"":{""file"":""ee/config/routes/identity_verification.rb"",""line"":9,""end_line"":9},""auth_context"":[]}]",ee/config/routes/identity_verification.rb,9,d75e5afaa21d45bc04139d4a538ea5954be1ef4f,frontend_gem_api_map/entrypoints.csv
rails_action:app/controllers/achievements/awarded_achievements_controller.rb:12:5:accept,Achievements::AwardedAchievementsController,accept,unauthenticated,unauthenticated,registered_action,conditional_anonymous,"[""ep_1492a27b0a3391458077c329"",""ep_5b79b7753d70ee153bec1aff"",""ep_8155be1d0895b5f4d86a791d"",""ep_8d9a7bd48d22d0c74c47694f"",""ep_60fdc3a0da20e4dc4ab79281"",""ep_beccf153953db023c978228b"",""ep_3083bf763189f08c701fa786"",""ep_70fa4bf87273cb3b44b8b6b9""]",handler/action lookup only; no inferred route equivalence or authentication reclassification,"[{""controller"":""achievements/awarded_achievements"",""action"":""accept"",""verb"":""GET"",""path"":""/-/awarded_achievements/accept"",""path_status"":""local DSL template; draw/scopes/concerns may add prefixes"",""source"":{""file"":""config/routes.rb"",""line"":247,""end_line"":247},""auth_context"":[]},{""controller"":""achievements/awarded_achievements"",""action"":""accept"",""verb"":""POST"",""path"":""/-/awarded_achievements/accept"",""path_status"":""local DSL template; draw/scopes/concerns may add prefixes"",""source"":{""file"":""config/routes.rb"",""line"":248,""end_line"":248},""auth_context"":[]}]",app/controllers/achievements/awarded_achievements_controller.rb,12,d75e5afaa21d45bc04139d4a538ea5954be1ef4f,frontend_gem_api_map/entrypoints.csv
rails_action:app/controllers/activity_pub/application_controller.rb:13:5:can?,ActivityPub::ApplicationController,can?,unauthenticated,unauthenticated,public_method_registration_unresolved,no corresponding handler/action record,[],handler/action lookup only; no inferred route equivalence or authentication reclassification,[],app/controllers/activity_pub/application_controller.rb,13,d75e5afaa21d45bc04139d4a538ea5954be1ef4f,frontend_gem_api_map/entrypoints.csv
rails_action:app/controllers/activity_pub/application_controller.rb:17:5:route_not_found,ActivityPub::ApplicationController,route_not_found,unauthenticated,not in targeted 191-record review,not in targeted review,no corresponding handler/action record,[],handler/action lookup only; no inferred route equivalence or authentication reclassification,[],app/controllers/activity_pub/application_controller.rb,17,d75e5afaa21d45bc04139d4a538ea5954be1ef4f,frontend_gem_api_map/entrypoints.csv
rails_action:app/controllers/activity_pub/application_controller.rb:21:5:set_content_type,ActivityPub::ApplicationController,set_content_type,unauthenticated,not in targeted 191-record review,not in targeted review,no corresponding handler/action record,[],handler/action lookup only; no inferred route equivalence or authentication reclassification,[],app/controllers/activity_pub/application_controller.rb,21,d75e5afaa21d45bc04139d4a538ea5954be1ef4f,frontend_gem_api_map/entrypoints.csv
rails_action:app/controllers/activity_pub/application_controller.rb:25:5:ensure_feature_flag,ActivityPub::ApplicationController,ensure_feature_flag,unauthenticated,unauthenticated,public_method_registration_unresolved,no corresponding handler/action record,[],handler/action lookup only; no inferred route equivalence or authentication reclassification,[],app/controllers/activity_pub/application_controller.rb,25,d75e5afaa21d45bc04139d4a538ea5954be1ef4f,frontend_gem_api_map/entrypoints.csv
rails_action:app/controllers/activity_pub/projects/releases_controller.rb:10:7:index,ActivityPub::Projects::ReleasesController,index,unauthenticated,unauthenticated,registered_action,conditional_anonymous,"[""ep_086a429978d64d46105aa4fa"",""ep_95d4b08e13109f0a32085134"",""ep_e9d94c24f337041ffefeb8e0"",""ep_92a7265c88b5e8a2c8e1e7ae""]",handler/action lookup only; no inferred route equivalence or authentication reclassification,"[{""controller"":""activity_pub/projects/releases"",""action"":""index"",""verb"":""GET"",""path"":""/*namespace_id/:project_id/-/releases"",""path_status"":""static REST expansion; draw/scopes/concerns may add prefixes"",""source"":{""file"":""config/routes/activity_pub.rb"",""line"":21,""end_line"":26},""auth_context"":[{""file"":""config/routes/activity_pub.rb"",""line"":5,""end_line"":30,""name"":""constraints"",""expression"":""constraints(Projects::ProjectUrlConstraint.new) do"",""conditional"":false},{""file"":""config/routes/activity_pub.rb"",""line"":3,""end_line"":32,""name"":""constraints"",""expression"":""constraints(Integrations::ActivityPubConstraint.new) do"",""conditional"":false}]}]",app/controllers/activity_pub/projects/releases_controller.rb,10,d75e5afaa21d45bc04139d4a538ea5954be1ef4f,frontend_gem_api_map/entrypoints.csv
rails_action:app/controllers/activity_pub/projects/releases_controller.rb:19:7:inbox,ActivityPub::Projects::ReleasesController,inbox,unauthenticated,unauthenticated,registered_action,conditional_anonymous,"[""ep_32155565e845f50e80f22869"",""ep_55699105f06db39dbea5ba6f"",""ep_df0d59b84b22c8f8f769e8ee"",""ep_1289c49cb752233b8784158a""]",handler/action lookup only; no inferred route equivalence or authentication reclassification,"[{""controller"":""activity_pub/projects/releases"",""action"":""inbox"",""verb"":""POST"",""path"":""/*namespace_id/:project_id/-/releases/inbox"",""path_status"":""local DSL template; draw/scopes/concerns may add prefixes"",""source"":{""file"":""config/routes/activity_pub.rb"",""line"":24,""end_line"":24},""auth_context"":[{""file"":""config/routes/activity_pub.rb"",""line"":5,""end_line"":30,""name"":""constraints"",""expression"":""constraints(Projects::ProjectUrlConstraint.new) do"",""conditional"":false},{""file"":""config/routes/activity_pub.rb"",""line"":3,""end_line"":32,""name"":""constraints"",""expression"":""constraints(Integrations::ActivityPubConstraint.new) do"",""conditional"":false}]}]",app/controllers/activity_pub/projects/releases_controller.rb,19,d75e5afaa21d45bc04139d4a538ea5954be1ef4f,frontend_gem_api_map/entrypoints.csv
rails_action:app/controllers/activity_pub/projects/releases_controller.rb:29:7:outbox,ActivityPub::Projects::ReleasesController,outbox,unauthenticated,unauthenticated,registered_action,conditional_anonymous,"[""ep_edea1832bf5b8a44982e09a3"",""ep_9d863c58b6117b72c29b5aea"",""ep_afc4c2fe57798229ffbcd7b3"",""ep_193f1210960c71e7a7edc710""]",handler/action lookup only; no inferred route equivalence or authentication reclassification,"[{""controller"":""activity_pub/projects/releases"",""action"":""outbox"",""verb"":""GET"",""path"":""/*namespace_id/:project_id/-/releases/outbox"",""path_status"":""local DSL template; draw/scopes/concerns may add prefixes"",""source"":{""file"":""config/routes/activity_pub.rb"",""line"":23,""end_line"":23},""auth_context"":[{""file"":""config/routes/activity_pub.rb"",""line"":5,""end_line"":30,""name"":""constraints"",""expression"":""constraints(Projects::ProjectUrlConstraint.new) do"",""conditional"":false},{""file"":""config/routes/activity_pub.rb"",""line"":3,""end_line"":32,""name"":""constraints"",""expression"":""constraints(Integrations::ActivityPubConstraint.new) do"",""conditional"":false}]}]",app/controllers/activity_pub/projects/releases_controller.rb,29,d75e5afaa21d45bc04139d4a538ea5954be1ef4f,frontend_gem_api_map/entrypoints.csv
rails_action:app/controllers/admin/initial_setup_controller.rb:16:5:new,Admin::InitialSetupController,new,unauthenticated,not in targeted 191-record review,not in targeted review,unknown,"[""ep_74b5533907318b3983dc46c5"",""ep_6bc9f1875503c9b9e9ac57c8""]",handler/action lookup only; no inferred route equivalence or authentication reclassification,"[{""controller"":""admin/initial_setup"",""action"":""new"",""verb"":""GET"",""path"":""/admin/initial_setup/new"",""path_status"":""static REST expansion; draw/scopes/concerns may add prefixes"",""source"":{""file"":""config/routes/instance_admin.rb"",""line"":48,""end_line"":48},""auth_context"":[]}]",app/controllers/admin/initial_setup_controller.rb,16,d75e5afaa21d45bc04139d4a538ea5954be1ef4f,frontend_gem_api_map/entrypoints.csv
rails_action:app/controllers/admin/initial_setup_controller.rb:18:5:update,Admin::InitialSetupController,update,unauthenticated,unknown,registered_action,unauthenticated,"[""ep_b3b9845da0e562b7ccdbc356"",""ep_d9e99dee143c2a09a35fc7ec""]",handler/action lookup only; no inferred route equivalence or authentication reclassification,"[{""controller"":""admin/initial_setup"",""action"":""update"",""verb"":""PATCH/PUT"",""path"":""/admin/initial_setup"",""path_status"":""static REST expansion; draw/scopes/concerns may add prefixes"",""source"":{""file"":""config/routes/instance_admin.rb"",""line"":48,""end_line"":48},""auth_context"":[]}]",app/controllers/admin/initial_setup_controller.rb,18,d75e5afaa21d45bc04139d4a538ea5954be1ef4f,frontend_gem_api_map/entrypoints.csv
rails_action:app/controllers/autocomplete_controller.rb:22:3:users,AutocompleteController,users,unauthenticated,unauthenticated,public_method_registration_unresolved,conditional_anonymous | unauthenticated,"[""ep_21e3f3505bd94010e8cdf443"",""ep_b9ad050670b2d5980593e7fd"",""ep_c3f862b7d235ebc442cd97ef"",""ep_5e4b1c93da7a901b4a22a37a""]",handler/action lookup only; no inferred route equivalence or authentication reclassification,[],app/controllers/autocomplete_controller.rb,22,d75e5afaa21d45bc04139d4a538ea5954be1ef4f,frontend_gem_api_map/entrypoints.csv
rails_action:app/controllers/autocomplete_controller.rb:63:3:award_emojis,AutocompleteController,award_emojis,unauthenticated,unauthenticated,public_method_registration_unresolved,conditional_anonymous | unauthenticated,"[""ep_9371aa403a904b778121641b"",""ep_c9581e3895b8e92ee75ef36e"",""ep_bd8067fecb49cb73fdb66816"",""ep_00b89194420370c985ccaec1""]",handler/action lookup only; no inferred route equivalence or authentication reclassification,[],app/controllers/autocomplete_controller.rb,63,d75e5afaa21d45bc04139d4a538ea5954be1ef4f,frontend_gem_api_map/entrypoints.csv
rails_action:app/controllers/autocomplete_controller.rb:67:3:merge_request_target_branches,AutocompleteController,merge_request_target_branches,unauthenticated,unauthenticated,public_method_registration_unresolved,conditional_anonymous | unauthenticated,"[""ep_a03d458698e9bfced716aa1b"",""ep_21fe5a22c5f93d615b654e8d"",""ep_216361924bbe6c54c47465ec"",""ep_798ed6cd6e829f4d934744d1""]",handler/action lookup only; no inferred route equivalence or authentication reclassification,[],app/controllers/autocomplete_controller.rb,67,d75e5afaa21d45bc04139d4a538ea5954be1ef4f,frontend_gem_api_map/entrypoints.csv
rails_action:app/controllers/autocomplete_controller.rb:71:3:merge_request_source_branches,AutocompleteController,merge_request_source_branches,unauthenticated,unauthenticated,public_method_registration_unresolved,conditional_anonymous | unauthenticated,"[""ep_5eeca9a0601d1e4a03414c57"",""ep_3f7fb728ec740f265c6c5d40"",""ep_05df8b8bdda030b4404297cc"",""ep_f0badf511d4cce68aa2e855f""]",handler/action lookup only; no inferred route equivalence or authentication reclassification,[],app/controllers/autocomplete_controller.rb,71,d75e5afaa21d45bc04139d4a538ea5954be1ef4f,frontend_gem_api_map/entrypoints.csv
rails_action:app/controllers/banzai/diagram_proxy_controller.rb:19:5:proxy,Banzai::DiagramProxyController,proxy,unauthenticated,unknown,registered_action,conditional_anonymous | unauthenticated,"[""ep_c00f06e735048e3c160e0d0b"",""ep_91aa757966c8df3374a5699c"",""ep_4b522692e0beb821f11c98fb"",""ep_f51d346efce152f987c6f03c""]",handler/action lookup only; no inferred route equivalence or authentication reclassification,"[{""controller"":""banzai/diagram_proxy"",""action"":""proxy"",""verb"":""GET"",""path"":""/-//diagram-proxy/:key"",""path_status"":""local DSL template; draw/scopes/concerns may add prefixes"",""source"":{""file"":""config/routes.rb"",""line"":134,""end_line"":134},""auth_context"":[]}]",app/controllers/banzai/diagram_proxy_controller.rb,19,d75e5afaa21d45bc04139d4a538ea5954be1ef4f,frontend_gem_api_map/entrypoints.csv
rails_action:app/controllers/external_redirect/external_redirect_controller.rb:9:5:index,ExternalRedirect::ExternalRedirectController,index,unauthenticated,unauthenticated,registered_action,conditional_anonymous | unauthenticated,"[""ep_2099369ef659f6e8619c5a59"",""ep_3d9c518feae152dd63da99d1"",""ep_52c172d52721abfb5056f132"",""ep_a2938b375379fdc22f40309c""]",handler/action lookup only; no inferred route equivalence or authentication reclassification,"[{""controller"":""external_redirect/external_redirect"",""action"":""index"",""verb"":""GET"",""path"":""/-//external_redirect"",""path_status"":""local DSL template; draw/scopes/concerns may add prefixes"",""source"":{""file"":""config/routes.rb"",""line"":284,""end_line"":284},""auth_context"":[]}]",app/controllers/external_redirect/external_redirect_controller.rb,9,d75e5afaa21d45bc04139d4a538ea5954be1ef4f,frontend_gem_api_map/entrypoints.csv
rails_action:app/controllers/groups/autocomplete_sources_controller.rb:12:3:members,Groups::AutocompleteSourcesController,members,unauthenticated,unknown,registered_action,unknown,"[""ep_c41b944eeb8934c4481fda93"",""ep_61044be0cd4e15bd62a3f44a"",""ep_3a5c70b5cce3bc0cfa82be43"",""ep_0c0bdf39ab465bf3377f6dc3""]",handler/action lookup only; no inferred route equivalence or authentication reclassification,"[{""controller"":""groups/autocomplete_sources"",""action"":""members"",""verb"":""GET"",""path"":""/groups/*group_id/-/autocomplete_sources/members"",""path_status"":""local DSL template; draw/scopes/concerns may add prefixes"",""source"":{""file"":""config/routes/group.rb"",""line"":181,""end_line"":181},""auth_context"":[{""file"":""config/routes/group.rb"",""line"":3,""end_line"":232,""name"":""constraints"",""expression"":""constraints(Namespaces::GroupUrlConstraint.new) do"",""conditional"":false}]}]",app/controllers/groups/autocomplete_sources_controller.rb,12,d75e5afaa21d45bc04139d4a538ea5954be1ef4f,frontend_gem_api_map/entrypoints.csv
rails_action:app/controllers/groups/autocomplete_sources_controller.rb:16:3:issues,Groups::AutocompleteSourcesController,issues,unauthenticated,unknown,registered_action,unknown,"[""ep_d48f26c4fb9562ccd8ad8024"",""ep_e09f36ab95f54d4faf9e5e74"",""ep_e26e169ece1b61629b508eac"",""ep_cb8870ea7f143bcf5c9a55ba""]",handler/action lookup only; no inferred route equivalence or authentication reclassification,"[{""controller"":""groups/autocomplete_sources"",""action"":""issues"",""verb"":""GET"",""path"":""/groups/*group_id/-/autocomplete_sources/issues"",""path_status"":""local DSL template; draw/scopes/concerns may add prefixes"",""source"":{""file"":""config/routes/group.rb"",""line"":182,""end_line"":182},""auth_context"":[{""file"":""config/routes/group.rb"",""line"":3,""end_line"":232,""name"":""constraints"",""expression"":""constraints(Namespaces::GroupUrlConstraint.new) do"",""conditional"":false}]}]",app/controllers/groups/autocomplete_sources_controller.rb,16,d75e5afaa21d45bc04139d4a538ea5954be1ef4f,frontend_gem_api_map/entrypoints.csv
rails_action:app/controllers/groups/autocomplete_sources_controller.rb:26:3:merge_requests,Groups::AutocompleteSourcesController,merge_requests,unauthenticated,unknown,registered_action,unknown,"[""ep_4f91c87055c46eac082f647c"",""ep_9ca91b62ba0936cbf1ddf88f"",""ep_762045c8235be2d5e9aefaed"",""ep_4ba7e8f397746490225fbb16""]",handler/action lookup only; no inferred route equivalence or authentication reclassification,"[{""controller"":""groups/autocomplete_sources"",""action"":""merge_requests"",""verb"":""GET"",""path"":""/groups/*group_id/-/autocomplete_sources/merge_requests"",""path_status"":""local DSL template; draw/scopes/concerns may add prefixes"",""source"":{""file"":""config/routes/group.rb"",""line"":183,""end_line"":183},""auth_context"":[{""file"":""config/routes/group.rb"",""line"":3,""end_line"":232,""name"":""constraints"",""expression"":""constraints(Namespaces::GroupUrlConstraint.new) do"",""conditional"":false}]}]",app/controllers/groups/autocomplete_sources_controller.rb,26,d75e5afaa21d45bc04139d4a538ea5954be1ef4f,frontend_gem_api_map/entrypoints.csv
rails_action:app/controllers/groups/autocomplete_sources_controller.rb:30:3:labels,Groups::AutocompleteSourcesController,labels,unauthenticated,unknown,registered_action,unknown,"[""ep_30d019825b3d56ecb83d564d"",""ep_7933f9f51dcaf43295435136"",""ep_dfb7fbee68bcd46f3f279a69"",""ep_952ae92dc57bd71d695ed646""]",handler/action lookup only; no inferred route equivalence or authentication reclassification,"[{""controller"":""groups/autocomplete_sources"",""action"":""labels"",""verb"":""GET"",""path"":""/groups/*group_id/-/autocomplete_sources/labels"",""path_status"":""local DSL template; draw/scopes/concerns may add prefixes"",""source"":{""file"":""config/routes/group.rb"",""line"":184,""end_line"":184},""auth_context"":[{""file"":""config/routes/group.rb"",""line"":3,""end_line"":232,""name"":""constraints"",""expression"":""constraints(Namespaces::GroupUrlConstraint.new) do"",""conditional"":false}]}]",app/controllers/groups/autocomplete_sources_controller.rb,30,d75e5afaa21d45bc04139d4a538ea5954be1ef4f,frontend_gem_api_map/entrypoints.csv
rails_action:app/controllers/groups/autocomplete_sources_controller.rb:34:3:commands,Groups::AutocompleteSourcesController,commands,unauthenticated,unknown,registered_action,unknown,"[""ep_bfa96a49d04eae859632807e"",""ep_895af9fbac9ebb05660e412e"",""ep_126a263cafae9143bc700b55"",""ep_27eee435e1ee1b509a6089b4""]",handler/action lookup only; no inferred route equivalence or authentication reclassification,"[{""controller"":""groups/autocomplete_sources"",""action"":""commands"",""verb"":""GET"",""path"":""/groups/*group_id/-/autocomplete_sources/commands"",""path_status"":""local DSL template; draw/scopes/concerns may add prefixes"",""source"":{""file"":""config/routes/group.rb"",""line"":185,""end_line"":185},""auth_context"":[{""file"":""config/routes/group.rb"",""line"":3,""end_line"":232,""name"":""constraints"",""expression"":""constraints(Namespaces::GroupUrlConstraint.new) do"",""conditional"":false}]}]",app/controllers/groups/autocomplete_sources_controller.rb,34,d75e5afaa21d45bc04139d4a538ea5954be1ef4f,frontend_gem_api_map/entrypoints.csv
rails_action:app/controllers/groups/autocomplete_sources_controller.rb:38:3:milestones,Groups::AutocompleteSourcesController,milestones,unauthenticated,unknown,registered_action,unknown,"[""ep_0e25bb79c6c28dee2613d57b"",""ep_6df2392caddf9c559c22ae0c"",""ep_a34bc6c20ee7f3639b036244"",""ep_bf6e02c2385e874f35c8c1c6""]",handler/action lookup only; no inferred route equivalence or authentication reclassification,"[{""controller"":""groups/autocomplete_sources"",""action"":""milestones"",""verb"":""GET"",""path"":""/groups/*group_id/-/autocomplete_sources/milestones"",""path_status"":""local DSL template; draw/scopes/concerns may add prefixes"",""source"":{""file"":""config/routes/group.rb"",""line"":186,""end_line"":186},""auth_context"":[{""file"":""config/routes/group.rb"",""line"":3,""end_line"":232,""name"":""constraints"",""expression"":""constraints(Namespaces::GroupUrlConstraint.new) do"",""conditional"":false}]}]",app/controllers/groups/autocomplete_sources_controller.rb,38,d75e5afaa21d45bc04139d4a538ea5954be1ef4f,frontend_gem_api_map/entrypoints.csv
rails_action:app/controllers/groups/boards_controller.rb:8:3:@before_action,Groups::BoardsController,@before_action,unauthenticated,not in targeted 191-record review,not in targeted review,no corresponding handler/action record,[],handler/action lookup only; no inferred route equivalence or authentication reclassification,[],app/controllers/groups/boards_controller.rb,8,d75e5afaa21d45bc04139d4a538ea5954be1ef4f,frontend_gem_api_map/entrypoints.csv
rails_action:app/controllers/groups/children_controller.rb:17:5:index,Groups::ChildrenController,index,unauthenticated,unknown,registered_action,unknown,"[""ep_172cc0ab6eb7a1562e60211a"",""ep_9b9faedf6c61d57255fb579a"",""ep_290462be98687a7a7d53b175"",""ep_a71914a4e75f2b98f62d5f0d""]",handler/action lookup only; no inferred route equivalence or authentication reclassification,"[{""controller"":""groups/children"",""action"":""index"",""verb"":""GET"",""path"":""/groups/*group_id/-/children"",""path_status"":""static REST expansion; draw/scopes/concerns may add prefixes"",""source"":{""file"":""config/routes/group.rb"",""line"":100,""end_line"":100},""auth_context"":[{""file"":""config/routes/group.rb"",""line"":3,""end_line"":232,""name"":""constraints"",""expression"":""constraints(Namespaces::GroupUrlConstraint.new) do"",""conditional"":false}]}]",app/controllers/groups/children_controller.rb,17,d75e5afaa21d45bc04139d4a538ea5954be1ef4f,frontend_gem_api_map/entrypoints.csv
rails_action:app/controllers/groups/imports_controller.rb:11:3:show,Groups::ImportsController,show,unauthenticated,not in targeted 191-record review,not in targeted review,unknown,"[""ep_3ff9f5ae8a86bfca4c10458a"",""ep_3337c89a0895181b055bcdde"",""ep_4f204b3ba1af0405dd225a5a"",""ep_936ac0f130ab19b0add18456""]",handler/action lookup only; no inferred route equivalence or authentication reclassification,"[{""controller"":""groups/imports"",""action"":""show"",""verb"":""GET"",""path"":""/groups/*group_id/-/import"",""path_status"":""static REST expansion; draw/scopes/concerns may add prefixes"",""source"":{""file"":""config/routes/group.rb"",""line"":131,""end_line"":131},""auth_context"":[{""file"":""config/routes/group.rb"",""line"":3,""end_line"":232,""name"":""constraints"",""expression"":""constraints(Namespaces::GroupUrlConstraint.new) do"",""conditional"":false}]}]",app/controllers/groups/imports_controller.rb,11,d75e5afaa21d45bc04139d4a538ea5954be1ef4f,frontend_gem_api_map/entrypoints.csv
rails_action:app/controllers/groups/labels_controller.rb:17:3:index,Groups::LabelsController,index,unauthenticated,unknown,registered_action,unknown,"[""ep_2dadceadfee84d396b8f5363"",""ep_57124d27545dc7db7118516b"",""ep_73fdd941841a8f3f413e9f3c"",""ep_81f97ed469ad567f54a5f1d8""]",handler/action lookup only; no inferred route equivalence or authentication reclassification,"[{""controller"":""groups/labels"",""action"":""index"",""verb"":""GET"",""path"":""/groups/*group_id/-/labels"",""path_status"":""static REST expansion; draw/scopes/concerns may add prefixes"",""source"":{""file"":""config/routes/group.rb"",""line"":102,""end_line"":104},""auth_context"":[{""file"":""config/routes/group.rb"",""line"":3,""end_line"":232,""name"":""constraints"",""expression"":""constraints(Namespaces::GroupUrlConstraint.new) do"",""conditional"":false}]}]",app/controllers/groups/labels_controller.rb,17,d75e5afaa21d45bc04139d4a538ea5954be1ef4f,frontend_gem_api_map/entrypoints.csv
rails_action:app/controllers/groups/milestones_controller.rb:12:3:index,Groups::MilestonesController,index,unauthenticated,unknown,registered_action,unknown,"[""ep_5700271155b2363cd57166d5"",""ep_bacbc5fde9735ab7ca71da17"",""ep_87f1e88b32038f09d210a0c6"",""ep_9863dbfff5ee66a317a86367""]",handler/action lookup only; no inferred route equivalence or authentication reclassification,"[{""controller"":""groups/milestones"",""action"":""index"",""verb"":""GET"",""path"":""/groups/*group_id/-/milestones"",""path_status"":""static REST expansion; draw/scopes/concerns may add prefixes"",""source"":{""file"":""config/routes/group.rb"",""line"":113,""end_line"":120},""auth_context"":[{""file"":""config/routes/group.rb"",""line"":3,""end_line"":232,""name"":""constraints"",""expression"":""constraints(Namespaces::GroupUrlConstraint.new) do"",""conditional"":false}]}]",app/controllers/groups/milestones_controller.rb,12,d75e5afaa21d45bc04139d4a538ea5954be1ef4f,frontend_gem_api_map/entrypoints.csv
rails_action:app/controllers/groups/milestones_controller.rb:38:3:show,Groups::MilestonesController,show,unauthenticated,not in targeted 191-record review,not in targeted review,unknown,"[""ep_84616371817fb58cbcb8ad6f"",""ep_0a54ab36624a3f5bf0bbafa3"",""ep_5650280211ade7ab776d3261"",""ep_eccba678ae89109f5a1a03cb""]",handler/action lookup only; no inferred route equivalence or authentication reclassification,"[{""controller"":""groups/milestones"",""action"":""show"",""verb"":""GET"",""path"":""/groups/*group_id/-/milestones/:id"",""path_status"":""static REST expansion; draw/scopes/concerns may add prefixes"",""source"":{""file"":""config/routes/group.rb"",""line"":113,""end_line"":120},""auth_context"":[{""file"":""config/routes/group.rb"",""line"":3,""end_line"":232,""name"":""constraints"",""expression"":""constraints(Namespaces::GroupUrlConstraint.new) do"",""conditional"":false}]}]",app/controllers/groups/milestones_controller.rb,38,d75e5afaa21d45bc04139d4a538ea5954be1ef4f,frontend_gem_api_map/entrypoints.csv
rails_action:app/controllers/groups/packages_controller.rb:10:5:index,Groups::PackagesController,index,unauthenticated,not in targeted 191-record review,not in targeted review,unknown,"[""ep_8ce83926e5a5734e3a4544c1"",""ep_5d9204ff3b35ccb615efaee0"",""ep_2d601f2c7da70c0a35466143"",""ep_a8f4c45767cf945054f6aafb""]",handler/action lookup only; no inferred route equivalence or authentication reclassification,"[{""controller"":""groups/packages"",""action"":""index"",""verb"":""GET"",""path"":""/groups/*group_id/-/packages"",""path_status"":""static REST expansion; draw/scopes/concerns may add prefixes"",""source"":{""file"":""config/routes/group.rb"",""line"":108,""end_line"":108},""auth_context"":[{""file"":""config/routes/group.rb"",""line"":3,""end_line"":232,""name"":""constraints"",""expression"":""constraints(Namespaces::GroupUrlConstraint.new) do"",""conditional"":false}]}]",app/controllers/groups/packages_controller.rb,10,d75e5afaa21d45bc04139d4a538ea5954be1ef4f,frontend_gem_api_map/entrypoints.csv
rails_action:app/controllers/groups/packages_controller.rb:13:5:show,Groups::PackagesController,show,unauthenticated,unknown,registered_action,unknown,"[""ep_c25ffbedbf09914bd68d5145"",""ep_9aa6d0cb4924d23055e3089d"",""ep_2dca9dfe60057857afaaf5a8"",""ep_249f6163b6f224bfeb9c1629""]",handler/action lookup only; no inferred route equivalence or authentication reclassification,"[{""controller"":""groups/packages"",""action"":""show"",""verb"":""GET"",""path"":""/groups/*group_id/-/packages/:id"",""path_status"":""static REST expansion; draw/scopes/concerns may add prefixes"",""source"":{""file"":""config/routes/group.rb"",""line"":108,""end_line"":108},""auth_context"":[{""file"":""config/routes/group.rb"",""line"":3,""end_line"":232,""name"":""constraints"",""expression"":""constraints(Namespaces::GroupUrlConstraint.new) do"",""conditional"":false}]}]",app/controllers/groups/packages_controller.rb,13,d75e5afaa21d45bc04139d4a538ea5954be1ef4f,frontend_gem_api_map/entrypoints.csv
rails_action:app/controllers/groups/redirect_controller.rb:9:5:redirect_from_id,Groups::RedirectController,redirect_from_id,unauthenticated,not in targeted 191-record review,not in targeted review,unknown,"[""ep_9300c4a1e926aacd6a42e789"",""ep_acf4e333cd16ce6451115050"",""ep_ee94e8ae187b16b28aeea3b1"",""ep_cf1886436bc942d5e717bbdc""]",handler/action lookup only; no inferred route equivalence or authentication reclassification,"[{""controller"":""groups/redirect"",""action"":""redirect_from_id"",""verb"":""GET"",""path"":""//-/g/:id"",""path_status"":""local DSL template; draw/scopes/concerns may add prefixes"",""source"":{""file"":""config/routes.rb"",""line"":327,""end_line"":327},""auth_context"":[]}]",app/controllers/groups/redirect_controller.rb,9,d75e5afaa21d45bc04139d4a538ea5954be1ef4f,frontend_gem_api_map/entrypoints.csv
rails_action:app/controllers/groups/releases_controller.rb:8:5:index,Groups::ReleasesController,index,unauthenticated,unknown,registered_action,unknown,"[""ep_50baa34b49ac7e61da0d8a1e"",""ep_5919c128dbf7caa42c8d4b83"",""ep_37b11bdd189af7f28992c4af"",""ep_24e4319dc0119ff30a2a1232""]",handler/action lookup only; no inferred route equivalence or authentication reclassification,"[{""controller"":""groups/releases"",""action"":""index"",""verb"":""GET"",""path"":""/groups/*group_id/-/releases"",""path_status"":""static REST expansion; draw/scopes/concerns may add prefixes"",""source"":{""file"":""config/routes/group.rb"",""line"":122,""end_line"":122},""auth_context"":[{""file"":""config/routes/group.rb"",""line"":3,""end_line"":232,""name"":""constraints"",""expression"":""constraints(Namespaces::GroupUrlConstraint.new) do"",""conditional"":false}]}]",app/controllers/groups/releases_controller.rb,8,d75e5afaa21d45bc04139d4a538ea5954be1ef4f,frontend_gem_api_map/entrypoints.csv
rails_action:app/controllers/groups/runners_controller.rb:17:3:index,Groups::RunnersController,index,unauthenticated,unknown,registered_action,unknown,"[""ep_6d15298d892e118ac80cfc4f"",""ep_0857ff3801852f0752403a52"",""ep_feade9103c6c5457d306804c"",""ep_78e97848d085bffb3ac31307""]",handler/action lookup only; no inferred route equivalence or authentication reclassification,"[{""controller"":""groups/runners"",""action"":""index"",""verb"":""GET"",""path"":""/groups/*group_id/-/runners"",""path_status"":""static REST expansion; draw/scopes/concerns may add prefixes"",""source"":{""file"":""config/routes/group.rb"",""line"":160,""end_line"":166},""auth_context"":[{""file"":""config/routes/group.rb"",""line"":3,""end_line"":232,""name"":""constraints"",""expression"":""constraints(Namespaces::GroupUrlConstraint.new) do"",""conditional"":false}]}]",app/controllers/groups/runners_controller.rb,17,d75e5afaa21d45bc04139d4a538ea5954be1ef4f,frontend_gem_api_map/entrypoints.csv
rails_action:app/controllers/groups/runners_controller.rb:26:3:show,Groups::RunnersController,show,unauthenticated,not in targeted 191-record review,not in targeted review,unknown,"[""ep_0bbc8084554eca4635ca9873"",""ep_05aa4af8f7eafb428e9a8d3b"",""ep_553a682a70efd16beb55b962"",""ep_5a30ded4e9ac85db5418ec7b""]",handler/action lookup only; no inferred route equivalence or authentication reclassification,"[{""controller"":""groups/runners"",""action"":""show"",""verb"":""GET"",""path"":""/groups/*group_id/-/runners/:id"",""path_status"":""static REST expansion; draw/scopes/concerns may add prefixes"",""source"":{""file"":""config/routes/group.rb"",""line"":160,""end_line"":166},""auth_context"":[{""file"":""config/routes/group.rb"",""line"":3,""end_line"":232,""name"":""constraints"",""expression"":""constraints(Namespaces::GroupUrlConstraint.new) do"",""conditional"":false}]}]",app/controllers/groups/runners_controller.rb,26,d75e5afaa21d45bc04139d4a538ea5954be1ef4f,frontend_gem_api_map/entrypoints.csv
rails_action:app/controllers/groups/settings/access_tokens_controller.rb:14:7:resource_access_tokens_path,Groups::Settings::AccessTokensController,resource_access_tokens_path,unauthenticated,not in targeted 191-record review,not in targeted review,no corresponding handler/action record,[],handler/action lookup only; no inferred route equivalence or authentication reclassification,[],app/controllers/groups/settings/access_tokens_controller.rb,14,d75e5afaa21d45bc04139d4a538ea5954be1ef4f,frontend_gem_api_map/entrypoints.csv
rails_action:app/controllers/groups/settings/repository_controller.rb:12:7:@before_action,Groups::Settings::RepositoryController,@before_action,unauthenticated,not in targeted 191-record review,not in targeted review,no corresponding handler/action record,[],handler/action lookup only; no inferred route equivalence or authentication reclassification,[],app/controllers/groups/settings/repository_controller.rb,12,d75e5afaa21d45bc04139d4a538ea5954be1ef4f,frontend_gem_api_map/entrypoints.csv
rails_action:app/controllers/groups/step_up_auths_controller.rb:12:5:new,Groups::StepUpAuthsController,new,unauthenticated,unknown,registered_action,unknown,"[""ep_28b0d1b5ff203a6a2b024b65"",""ep_fcd510aa2c6a648ce17ffad9"",""ep_b67d1cf3b3fbfe5c987a74fe"",""ep_43d811652f3eaece14ecc5eb""]",handler/action lookup only; no inferred route equivalence or authentication reclassification,"[{""controller"":""groups/step_up_auths"",""action"":""new"",""verb"":""GET"",""path"":""/groups/*group_id/-/step_up_auths/new"",""path_status"":""static REST expansion; draw/scopes/concerns may add prefixes"",""source"":{""file"":""config/routes/group.rb"",""line"":214,""end_line"":214},""auth_context"":[{""file"":""config/routes/group.rb"",""line"":3,""end_line"":232,""name"":""constraints"",""expression"":""constraints(Namespaces::GroupUrlConstraint.new) do"",""conditional"":false}]}]",app/controllers/groups/step_up_auths_controller.rb,12,d75e5afaa21d45bc04139d4a538ea5954be1ef4f,frontend_gem_api_map/entrypoints.csv
rails_action:app/controllers/groups/work_items_controller.rb:13:5:@before_action,Groups::WorkItemsController,@before_action,unauthenticated,unknown,callback_block,no corresponding handler/action record,[],handler/action lookup only; no inferred route equivalence or authentication reclassification,[],app/controllers/groups/work_items_controller.rb,13,d75e5afaa21d45bc04139d4a538ea5954be1ef4f,frontend_gem_api_map/entrypoints.csv
rails_action:app/controllers/groups/work_items_controller.rb:29:5:@prepend_before_action,Groups::WorkItemsController,@prepend_before_action,unauthenticated,not in targeted 191-record review,not in targeted review,no corresponding handler/action record,[],handler/action lookup only; no inferred route equivalence or authentication reclassification,[],app/controllers/groups/work_items_controller.rb,29,d75e5afaa21d45bc04139d4a538ea5954be1ef4f,frontend_gem_api_map/entrypoints.csv
rails_action:app/controllers/groups/work_items_controller.rb:30:5:@prepend_before_action,Groups::WorkItemsController,@prepend_before_action,unauthenticated,not in targeted 191-record review,not in targeted review,no corresponding handler/action record,[],handler/action lookup only; no inferred route equivalence or authentication reclassification,[],app/controllers/groups/work_items_controller.rb,30,d75e5afaa21d45bc04139d4a538ea5954be1ef4f,frontend_gem_api_map/entrypoints.csv
rails_action:app/controllers/groups/work_items_controller.rb:32:5:index,Groups::WorkItemsController,index,unauthenticated,not in targeted 191-record review,not in targeted review,unknown,"[""ep_7a3f4a05e2980913804f0444"",""ep_9cb3e4b49ba3459d7bc10db9"",""ep_b238e058dc2858f4172c6c70"",""ep_b213cfedb9a4312f2c7e2291""]",handler/action lookup only; no inferred route equivalence or authentication reclassification,"[{""controller"":""groups/work_items"",""action"":""index"",""verb"":""GET"",""path"":""/groups/*group_id/-/work_items"",""path_status"":""static REST expansion; draw/scopes/concerns may add prefixes"",""source"":{""file"":""config/routes/group.rb"",""line"":197,""end_line"":197},""auth_context"":[{""file"":""config/routes/group.rb"",""line"":3,""end_line"":232,""name"":""constraints"",""expression"":""constraints(Namespaces::GroupUrlConstraint.new) do"",""conditional"":false}]}]",app/controllers/groups/work_items_controller.rb,32,d75e5afaa21d45bc04139d4a538ea5954be1ef4f,frontend_gem_api_map/entrypoints.csv
rails_action:app/controllers/groups/work_items_controller.rb:34:5:show,Groups::WorkItemsController,show,unauthenticated,unknown,registered_action,authenticated,"[""ep_35a1a67b6de5503e386c3c56"",""ep_a887bffbcb2d81d220512df9"",""ep_bc5f539ab46b515d64c842a0"",""ep_38b494b87d90a0bcbf0f4559"",""ep_0cf11848ed549d0c04628a53"",""ep_c781d0b88571316f782478b3"",""ep_3124c950fa631533e86ba433"",""ep_5b404f87df58454873bb8d53""]",handler/action lookup only; no inferred route equivalence or authentication reclassification,"[{""controller"":""groups/work_items"",""action"":""show"",""verb"":""GET"",""path"":""/groups/*group_id/-/work_items/:id"",""path_status"":""static REST expansion; draw/scopes/concerns may add prefixes"",""source"":{""file"":""config/routes/group.rb"",""line"":197,""end_line"":197},""auth_context"":[{""file"":""config/routes/group.rb"",""line"":3,""end_line"":232,""name"":""constraints"",""expression"":""constraints(Namespaces::GroupUrlConstraint.new) do"",""conditional"":false}]},{""controller"":""groups/work_items"",""action"":""show"",""verb"":""GET"",""path"":""/groups/*group_id/-/work_items/new"",""path_status"":""local DSL template; draw/scopes/concerns may add prefixes"",""source"":{""file"":""config/routes/group.rb"",""line"":198,""end_line"":198},""auth_context"":[{""file"":""config/routes/group.rb"",""line"":3,""end_line"":232,""name"":""constraints"",""expression"":""constraints(Namespaces::GroupUrlConstraint.new) do"",""conditional"":false}]}]",app/controllers/groups/work_items_controller.rb,34,d75e5afaa21d45bc04139d4a538ea5954be1ef4f,frontend_gem_api_map/entrypoints.csv
rails_action:app/controllers/groups/work_items_controller.rb:41:5:rss,Groups::WorkItemsController,rss,unauthenticated,unknown,registered_action,unknown,"[""ep_c08924b56d38d53f966af126"",""ep_aa2b44c025fb6c91c3ad6ccc"",""ep_d1a33e58f2cefc08e51e3d3b"",""ep_07d19bcce345dc3afe515954""]",handler/action lookup only; no inferred route equivalence or authentication reclassification,"[{""controller"":""groups/work_items"",""action"":""rss"",""verb"":""GET"",""path"":""/groups/*group_id/-/work_items"",""path_status"":""local DSL template; draw/scopes/concerns may add prefixes"",""source"":{""file"":""config/routes/group.rb"",""line"":40,""end_line"":40},""auth_context"":[{""file"":""config/routes/group.rb"",""line"":3,""end_line"":232,""name"":""constraints"",""expression"":""constraints(Namespaces::GroupUrlConstraint.new) do"",""conditional"":false}]}]",app/controllers/groups/work_items_controller.rb,41,d75e5afaa21d45bc04139d4a538ea5954be1ef4f,frontend_gem_api_map/entrypoints.csv
rails_action:app/controllers/groups/work_items_controller.rb:51:5:calendar,Groups::WorkItemsController,calendar,unauthenticated,not in targeted 191-record review,not in targeted review,unknown,"[""ep_c513b49e0cd9db4914abbc5c"",""ep_627c9aa8aabc5a646931687f"",""ep_cbe0c2d2d3e61fcbf23ce62a"",""ep_387c0bbb3ceb9465f2956b41""]",handler/action lookup only; no inferred route equivalence or authentication reclassification,"[{""controller"":""groups/work_items"",""action"":""calendar"",""verb"":""GET"",""path"":""/groups/*group_id/-/work_items"",""path_status"":""local DSL template; draw/scopes/concerns may add prefixes"",""source"":{""file"":""config/routes/group.rb"",""line"":41,""end_line"":41},""auth_context"":[{""file"":""config/routes/group.rb"",""line"":3,""end_line"":232,""name"":""constraints"",""expression"":""constraints(Namespaces::GroupUrlConstraint.new) do"",""conditional"":false}]}]",app/controllers/groups/work_items_controller.rb,51,d75e5afaa21d45bc04139d4a538ea5954be1ef4f,frontend_gem_api_map/entrypoints.csv
rails_action:app/controllers/groups_controller.rb:118:3:show,GroupsController,show,unauthenticated,unknown,public_method_registration_unresolved,unknown,"[""ep_0111a56d7c9a5a1bb22d1749"",""ep_99034d357b61c629257c593c"",""ep_d8b014aab31b191193e2f4cb"",""ep_36fa57bba297d61de16178b3"",""ep_1db8f0e8711af764ac3f5561"",""ep_43708f655aefb5de4afc1f04"",""ep_09d92b859aad32898cbe83c6"",""ep_95258c283c38f7f7ab1063df"",""ep_d9c8d7d3b8ec3d8733f19014"",""ep_a8dd498a985b60e56ae47896"",""ep_eb8c050f353dd556d4bb9b5e"",""ep_ad209cb1369a01b28b6a196a"",""ep_f636735acefb1350a676bafa"",""ep_099623135b23194869933f77"",""ep_3950217f42b4274ece5f4add"",""ep_2a3f2e3d2b5f5553aed93dc9"",""ep_66d1f66b126ba2b61d9d3f77"",""ep_2b5eb7de8b62f46c8a73f5b6"",""ep_8197ae5b69d54cd083c09e33"",""ep_169cdc1b816e0b96ac8bb144""]",handler/action lookup only; no inferred route equivalence or authentication reclassification,[],app/controllers/groups_controller.rb,118,d75e5afaa21d45bc04139d4a538ea5954be1ef4f,frontend_gem_api_map/entrypoints.csv
rails_action:app/controllers/groups_controller.rb:134:3:details,GroupsController,details,unauthenticated,unknown,public_method_registration_unresolved,unknown,"[""ep_d9577dfb07b513c636325ba0"",""ep_d8f51678fa6e47eb1cab1936"",""ep_3ea1f23747c424b035f9689c"",""ep_7fa4e0b31fda4bf12d71e30a""]",handler/action lookup only; no inferred route equivalence or authentication reclassification,[],app/controllers/groups_controller.rb,134,d75e5afaa21d45bc04139d4a538ea5954be1ef4f,frontend_gem_api_map/entrypoints.csv
rails_action:app/controllers/groups_controller.rb:138:3:activity,GroupsController,activity,unauthenticated,unknown,public_method_registration_unresolved,unknown,"[""ep_6f8c654eaa3de3c91694703b"",""ep_c3563c64e224b590067af0e2"",""ep_f758bf26b55e3fd7da61f052"",""ep_e6688e9509df22014d68281f""]",handler/action lookup only; no inferred route equivalence or authentication reclassification,[],app/controllers/groups_controller.rb,138,d75e5afaa21d45bc04139d4a538ea5954be1ef4f,frontend_gem_api_map/entrypoints.csv
rails_action:app/controllers/groups_controller.rb:16:3:@prepend_before_action,GroupsController,@prepend_before_action,unauthenticated,not in targeted 191-record review,not in targeted review,no corresponding handler/action record,[],handler/action lookup only; no inferred route equivalence or authentication reclassification,[],app/controllers/groups_controller.rb,16,d75e5afaa21d45bc04139d4a538ea5954be1ef4f,frontend_gem_api_map/entrypoints.csv
rails_action:app/controllers/groups_controller.rb:17:3:@prepend_before_action,GroupsController,@prepend_before_action,unauthenticated,not in targeted 191-record review,not in targeted review,no corresponding handler/action record,[],handler/action lookup only; no inferred route equivalence or authentication reclassification,[],app/controllers/groups_controller.rb,17,d75e5afaa21d45bc04139d4a538ea5954be1ef4f,frontend_gem_api_map/entrypoints.csv
rails_action:app/controllers/groups_controller.rb:183:3:edit_group_origin_location,GroupsController,edit_group_origin_location,unauthenticated,not in targeted 191-record review,not in targeted review,no corresponding handler/action record,[],handler/action lookup only; no inferred route equivalence or authentication reclassification,[],app/controllers/groups_controller.rb,183,d75e5afaa21d45bc04139d4a538ea5954be1ef4f,frontend_gem_api_map/entrypoints.csv
rails_action:app/controllers/groups_controller.rb:18:3:@prepend_before_action,GroupsController,@prepend_before_action,unauthenticated,not in targeted 191-record review,not in targeted review,no corresponding handler/action record,[],handler/action lookup only; no inferred route equivalence or authentication reclassification,[],app/controllers/groups_controller.rb,18,d75e5afaa21d45bc04139d4a538ea5954be1ef4f,frontend_gem_api_map/entrypoints.csv
rails_action:app/controllers/groups_controller.rb:21:3:@prepend_before_action,GroupsController,@prepend_before_action,unauthenticated,not in targeted 191-record review,not in targeted review,no corresponding handler/action record,[],handler/action lookup only; no inferred route equivalence or authentication reclassification,[],app/controllers/groups_controller.rb,21,d75e5afaa21d45bc04139d4a538ea5954be1ef4f,frontend_gem_api_map/entrypoints.csv
rails_action:app/controllers/groups_controller.rb:286:3:unfoldered_environment_names,GroupsController,unfoldered_environment_names,unauthenticated,unknown,public_method_registration_unresolved,unknown,"[""ep_0fe91a550c668718755f009e"",""ep_7423149311df8c9cef61c292"",""ep_7fa2ae59575c178b4f972108"",""ep_92316290fef0037e9d1b640f""]",handler/action lookup only; no inferred route equivalence or authentication reclassification,[],app/controllers/groups_controller.rb,286,d75e5afaa21d45bc04139d4a538ea5954be1ef4f,frontend_gem_api_map/entrypoints.csv
rails_action:app/controllers/groups_controller.rb:294:3:issues,GroupsController,issues,unauthenticated,unknown,public_method_registration_unresolved,unknown,"[""ep_cc302635647574e007f6810a"",""ep_5d00f86bc574f18f91585f32"",""ep_ae93e84e6463f9ba981a96b7"",""ep_6b7f16380ca360376349d328""]",handler/action lookup only; no inferred route equivalence or authentication reclassification,[],app/controllers/groups_controller.rb,294,d75e5afaa21d45bc04139d4a538ea5954be1ef4f,frontend_gem_api_map/entrypoints.csv
rails_action:app/controllers/groups_controller.rb:80:3:index,GroupsController,index,unauthenticated,not in targeted 191-record review,not in targeted review,unknown,"[""ep_b0a4c9504b8814b3fbbf9fca"",""ep_819752f63aae129330a5f5d2"",""ep_77da6e96f41b1fd5b246c2b4"",""ep_34e92a2695d4ca1cbe218534""]",handler/action lookup only; no inferred route equivalence or authentication reclassification,"[{""controller"":""groups"",""action"":""index"",""verb"":""GET"",""path"":""/groups"",""path_status"":""static REST expansion; draw/scopes/concerns may add prefixes"",""source"":{""file"":""config/routes.rb"",""line"":325,""end_line"":325},""auth_context"":[]}]",app/controllers/groups_controller.rb,80,d75e5afaa21d45bc04139d4a538ea5954be1ef4f,frontend_gem_api_map/entrypoints.csv
rails_action:app/controllers/invites_controller.rb:40:3:decline,InvitesController,decline,unauthenticated,unknown,registered_action,conditional_anonymous,"[""ep_5925fb1877a4f4fd59b34358"",""ep_af384db84c14ace894add4c2"",""ep_39966a8faef1da3ecef4b292"",""ep_f992172f5f2d1fb8063a3118""]",handler/action lookup only; no inferred route equivalence or authentication reclassification,"[{""controller"":""invites"",""action"":""decline"",""verb"":""MATCH"",""path"":""/-/invites/decline"",""path_status"":""local DSL template; draw/scopes/concerns may add prefixes"",""source"":{""file"":""config/routes.rb"",""line"":235,""end_line"":235},""auth_context"":[]}]",app/controllers/invites_controller.rb,40,d75e5afaa21d45bc04139d4a538ea5954be1ef4f,frontend_gem_api_map/entrypoints.csv
rails_action:app/controllers/jira_connect/app_descriptor_controller.rb:13:3:show,JiraConnect::AppDescriptorController,show,unauthenticated,unauthenticated,registered_action,conditional_anonymous | unauthenticated,"[""ep_1d9aa8848864271f2869f2e7"",""ep_65e6b89e005dc7b1b09cd5c4"",""ep_db3ab337838eaef0d25399a7"",""ep_af734d3179f5b6cf4e61914a""]",handler/action lookup only; no inferred route equivalence or authentication reclassification,"[{""controller"":""jira_connect/app_descriptor"",""action"":""show"",""verb"":""GET"",""path"":""/jira_connect/app_descriptor"",""path_status"":""local DSL template; draw/scopes/concerns may add prefixes"",""source"":{""file"":""config/routes/jira_connect.rb"",""line"":7,""end_line"":7},""auth_context"":[]}]",app/controllers/jira_connect/app_descriptor_controller.rb,13,d75e5afaa21d45bc04139d4a538ea5954be1ef4f,frontend_gem_api_map/entrypoints.csv
rails_action:app/controllers/jira_connect/branches_controller.rb:13:3:route,JiraConnect::BranchesController,route,unauthenticated,not in targeted 191-record review,not in targeted review,conditional_anonymous | unauthenticated,"[""ep_3911e1f87774cb76cc8ff1fe"",""ep_3dff1ed1624355db5e589651"",""ep_7c3d6cf747103d99996ec41b"",""ep_a6832978b2545729c6989bff""]",handler/action lookup only; no inferred route equivalence or authentication reclassification,"[{""controller"":""jira_connect/branches"",""action"":""route"",""verb"":""GET"",""path"":""/jira_connect/branches/route"",""path_status"":""local DSL template; draw/scopes/concerns may add prefixes"",""source"":{""file"":""config/routes/jira_connect.rb"",""line"":17,""end_line"":17},""auth_context"":[]}]",app/controllers/jira_connect/branches_controller.rb,13,d75e5afaa21d45bc04139d4a538ea5954be1ef4f,frontend_gem_api_map/entrypoints.csv
rails_action:app/controllers/jira_connect/events_controller.rb:19:3:uninstalled,JiraConnect::EventsController,uninstalled,unauthenticated,unknown,public_method_registration_unresolved,no corresponding handler/action record,[],handler/action lookup only; no inferred route equivalence or authentication reclassification,[],app/controllers/jira_connect/events_controller.rb,19,d75e5afaa21d45bc04139d4a538ea5954be1ef4f,frontend_gem_api_map/entrypoints.csv
rails_action:app/controllers/jira_connect/events_controller.rb:9:3:installed,JiraConnect::EventsController,installed,unauthenticated,unknown,public_method_registration_unresolved,no corresponding handler/action record,[],handler/action lookup only; no inferred route equivalence or authentication reclassification,[],app/controllers/jira_connect/events_controller.rb,9,d75e5afaa21d45bc04139d4a538ea5954be1ef4f,frontend_gem_api_map/entrypoints.csv
rails_action:app/controllers/jira_connect/installations_controller.rb:4:3:index,JiraConnect::InstallationsController,index,unauthenticated,unknown,registered_action,conditional_anonymous | unauthenticated,"[""ep_511e41794d8d894eff842d7e"",""ep_5701f8d238c4e78ff2bd64e5"",""ep_ee6ac9998c343b6f8ecd29bb"",""ep_0e40d6d0011e2a9cd6d225f1""]",handler/action lookup only; no inferred route equivalence or authentication reclassification,"[{""controller"":""jira_connect/installations"",""action"":""index"",""verb"":""GET"",""path"":""/jira_connect/installations"",""path_status"":""static REST expansion; draw/scopes/concerns may add prefixes"",""source"":{""file"":""config/routes/jira_connect.rb"",""line"":34,""end_line"":38},""auth_context"":[]}]",app/controllers/jira_connect/installations_controller.rb,4,d75e5afaa21d45bc04139d4a538ea5954be1ef4f,frontend_gem_api_map/entrypoints.csv
rails_action:app/controllers/jira_connect/installations_controller.rb:8:3:update,JiraConnect::InstallationsController,update,unauthenticated,unknown,registered_action,conditional_anonymous | unauthenticated,"[""ep_e3be58bb0fe802eeb2e6a108"",""ep_4a02aebaf6c482996173ac3f"",""ep_2fa9765ed56f358651e0257e"",""ep_f8448cd31c5c7511e62168c9""]",handler/action lookup only; no inferred route equivalence or authentication reclassification,"[{""controller"":""jira_connect/installations"",""action"":""update"",""verb"":""PUT"",""path"":""/jira_connect/installations/update"",""path_status"":""local DSL template; draw/scopes/concerns may add prefixes"",""source"":{""file"":""config/routes/jira_connect.rb"",""line"":36,""end_line"":36},""auth_context"":[]}]",app/controllers/jira_connect/installations_controller.rb,8,d75e5afaa21d45bc04139d4a538ea5954be1ef4f,frontend_gem_api_map/entrypoints.csv
rails_action:app/controllers/jira_connect/oauth_application_ids_controller.rb:9:5:show,JiraConnect::OauthApplicationIdsController,show,unauthenticated,unauthenticated,registered_action,conditional_anonymous | unauthenticated,"[""ep_1b0a5b48940cac5e1d154798"",""ep_f87b59152e5469f8d6426856"",""ep_3a4a979885734333ad5423a0"",""ep_ee50d60232f707d468417b5d"",""ep_04efe01d19feb72e19bcf844"",""ep_733add3c7e00e257660da822"",""ep_910760e5b0bfd07eca4ecec2"",""ep_e7279784751c5dd328b7aa22""]",handler/action lookup only; no inferred route equivalence or authentication reclassification,"[{""controller"":""jira_connect/oauth_application_ids"",""action"":""show"",""verb"":""MATCH"",""path"":""//-/jira_connect/oauth_application_id"",""path_status"":""local DSL template; draw/scopes/concerns may add prefixes"",""source"":{""file"":""config/routes.rb"",""line"":93,""end_line"":93},""auth_context"":[]},{""controller"":""jira_connect/oauth_application_ids"",""action"":""show"",""verb"":""GET"",""path"":""/jira_connect/oauth_application_id"",""path_status"":""static REST expansion; draw/scopes/concerns may add prefixes"",""source"":{""file"":""config/routes/jira_connect.rb"",""line"":41,""end_line"":41},""auth_context"":[]}]",app/controllers/jira_connect/oauth_application_ids_controller.rb,9,d75e5afaa21d45bc04139d4a538ea5954be1ef4f,frontend_gem_api_map/entrypoints.csv
rails_action:app/controllers/jira_connect/oauth_callbacks_controller.rb:12:3:index,JiraConnect::OauthCallbacksController,index,unauthenticated,not in targeted 191-record review,not in targeted review,unknown,"[""ep_bfedb8a7df20b5b164ab1b5d"",""ep_48c27f3eb499eb83d167bd0b"",""ep_84b4bcdac82fcb48756f2d26"",""ep_55eb4cfc056ba623bb4d5e33""]",handler/action lookup only; no inferred route equivalence or authentication reclassification,"[{""controller"":""jira_connect/oauth_callbacks"",""action"":""index"",""verb"":""GET"",""path"":""/jira_connect/oauth_callbacks"",""path_status"":""static REST expansion; draw/scopes/concerns may add prefixes"",""source"":{""file"":""config/routes/jira_connect.rb"",""line"":40,""end_line"":40},""auth_context"":[]}]",app/controllers/jira_connect/oauth_callbacks_controller.rb,12,d75e5afaa21d45bc04139d4a538ea5954be1ef4f,frontend_gem_api_map/entrypoints.csv
rails_action:app/controllers/jira_connect/public_keys_controller.rb:12:5:show,JiraConnect::PublicKeysController,show,unauthenticated,unknown,registered_action,conditional_anonymous | unauthenticated,"[""ep_31af3af2228386deaa888826"",""ep_7c6b5d8d55a25e9003e4967e"",""ep_7b757ad45233b236b481e90f"",""ep_d74ac4d29dbb23da2b157d69""]",handler/action lookup only; no inferred route equivalence or authentication reclassification,"[{""controller"":""jira_connect/public_keys"",""action"":""show"",""verb"":""GET"",""path"":""/jira_connect/public_keys/:id"",""path_status"":""static REST expansion; draw/scopes/concerns may add prefixes"",""source"":{""file"":""config/routes/jira_connect.rb"",""line"":20,""end_line"":20},""auth_context"":[]}]",app/controllers/jira_connect/public_keys_controller.rb,12,d75e5afaa21d45bc04139d4a538ea5954be1ef4f,frontend_gem_api_map/entrypoints.csv
rails_action:app/controllers/jira_connect/repositories_controller.rb:12:5:associate,JiraConnect::RepositoriesController,associate,unauthenticated,unknown,registered_action,conditional_anonymous | unauthenticated,"[""ep_4ebdd83cb41a8449e0184f44"",""ep_a94fd20e1b77378c84966499"",""ep_88842ed8e889d8562ba0ab0f"",""ep_420215333b71f6e4f8a2646b""]",handler/action lookup only; no inferred route equivalence or authentication reclassification,"[{""controller"":""jira_connect/repositories"",""action"":""associate"",""verb"":""POST"",""path"":""/jira_connect/repositories/associate"",""path_status"":""local DSL template; draw/scopes/concerns may add prefixes"",""source"":{""file"":""config/routes/jira_connect.rb"",""line"":30,""end_line"":30},""auth_context"":[]}]",app/controllers/jira_connect/repositories_controller.rb,12,d75e5afaa21d45bc04139d4a538ea5954be1ef4f,frontend_gem_api_map/entrypoints.csv
rails_action:app/controllers/jira_connect/repositories_controller.rb:7:5:search,JiraConnect::RepositoriesController,search,unauthenticated,unknown,registered_action,conditional_anonymous | unauthenticated,"[""ep_ce15d4ab3e85e995f6521cc7"",""ep_19fd0ef317375b35253c43cf"",""ep_c4d366fb68034188cfc81dff"",""ep_86c45a931072a309b57c0583""]",handler/action lookup only; no inferred route equivalence or authentication reclassification,"[{""controller"":""jira_connect/repositories"",""action"":""search"",""verb"":""GET"",""path"":""/jira_connect/repositories/search"",""path_status"":""local DSL template; draw/scopes/concerns may add prefixes"",""source"":{""file"":""config/routes/jira_connect.rb"",""line"":29,""end_line"":29},""auth_context"":[]}]",app/controllers/jira_connect/repositories_controller.rb,7,d75e5afaa21d45bc04139d4a538ea5954be1ef4f,frontend_gem_api_map/entrypoints.csv
rails_action:app/controllers/jira_connect/subscriptions_controller.rb:34:3:index,JiraConnect::SubscriptionsController,index,unauthenticated,unknown,registered_action,conditional_anonymous | unauthenticated,"[""ep_2f503c9726b51c129c767e3b"",""ep_bdcc26ca5d5ff01c01c2dbe0"",""ep_4950dbb908407dadb9654598"",""ep_0f0a98394e81fe587430f8a1"",""ep_d16d6bfe27be629b69b82ebc"",""ep_41342ab736cebab1b9015e93"",""ep_c02a7ebc65073450ea4a334b"",""ep_7893f15347b4136ad0609e6b""]",handler/action lookup only; no inferred route equivalence or authentication reclassification,"[{""controller"":""jira_connect/subscriptions"",""action"":""index"",""verb"":""MATCH"",""path"":""//-/jira_connect/subscriptions(.:format)"",""path_status"":""local DSL template; draw/scopes/concerns may add prefixes"",""source"":{""file"":""config/routes.rb"",""line"":94,""end_line"":94},""auth_context"":[]},{""controller"":""jira_connect/subscriptions"",""action"":""index"",""verb"":""GET"",""path"":""/jira_connect/subscriptions"",""path_status"":""static REST expansion; draw/scopes/concerns may add prefixes"",""source"":{""file"":""config/routes/jira_connect.rb"",""line"":14,""end_line"":14},""auth_context"":[]}]",app/controllers/jira_connect/subscriptions_controller.rb,34,d75e5afaa21d45bc04139d4a538ea5954be1ef4f,frontend_gem_api_map/entrypoints.csv
rails_action:app/controllers/jira_connect/subscriptions_controller.rb:45:3:destroy,JiraConnect::SubscriptionsController,destroy,unauthenticated,unknown,registered_action,conditional_anonymous | unauthenticated,"[""ep_09b1c439eeddca57b851c1a0"",""ep_bb283a914430c439cd3f38c9"",""ep_dfd9b85d4ba06b285cf57f09"",""ep_504a0a4a581d8de1bb7d3a2c""]",handler/action lookup only; no inferred route equivalence or authentication reclassification,"[{""controller"":""jira_connect/subscriptions"",""action"":""destroy"",""verb"":""DELETE"",""path"":""/jira_connect/subscriptions/:id"",""path_status"":""static REST expansion; draw/scopes/concerns may add prefixes"",""source"":{""file"":""config/routes/jira_connect.rb"",""line"":14,""end_line"":14},""auth_context"":[]}]",app/controllers/jira_connect/subscriptions_controller.rb,45,d75e5afaa21d45bc04139d4a538ea5954be1ef4f,frontend_gem_api_map/entrypoints.csv
rails_action:app/controllers/jira_connect/workspaces_controller.rb:7:5:search,JiraConnect::WorkspacesController,search,unauthenticated,unknown,registered_action,conditional_anonymous | unauthenticated,"[""ep_151bab92fd9ba9873f938293"",""ep_42f4b4985734588330fdc1f8"",""ep_49dcd08e088776c4aba41b9c"",""ep_5772caa4da4943a9341bb831""]",handler/action lookup only; no inferred route equivalence or authentication reclassification,"[{""controller"":""jira_connect/workspaces"",""action"":""search"",""verb"":""GET"",""path"":""/jira_connect/workspaces/search"",""path_status"":""local DSL template; draw/scopes/concerns may add prefixes"",""source"":{""file"":""config/routes/jira_connect.rb"",""line"":24,""end_line"":24},""auth_context"":[]}]",app/controllers/jira_connect/workspaces_controller.rb,7,d75e5afaa21d45bc04139d4a538ea5954be1ef4f,frontend_gem_api_map/entrypoints.csv
rails_action:app/controllers/oauth/dynamic_registrations_controller.rb:20:5:create,Oauth::DynamicRegistrationsController,create,unauthenticated,unauthenticated,registered_action,conditional_anonymous | unauthenticated,"[""ep_accc38fb30656fab21adc9dc"",""ep_6bf4168171b2236971b7391b"",""ep_6d24f360d7abe2dd1c8d1933"",""ep_58f8a2c6aca5e7892197a1a4""]",handler/action lookup only; no inferred route equivalence or authentication reclassification,"[{""controller"":""oauth/dynamic_registrations"",""action"":""create"",""verb"":""POST"",""path"":""//oauth/register(.:format)"",""path_status"":""local DSL template; draw/scopes/concerns may add prefixes"",""source"":{""file"":""config/routes.rb"",""line"":49,""end_line"":49},""auth_context"":[]}]",app/controllers/oauth/dynamic_registrations_controller.rb,20,d75e5afaa21d45bc04139d4a538ea5954be1ef4f,frontend_gem_api_map/entrypoints.csv
rails_action:app/controllers/oauth/protected_resource_metadata_controller.rb:12:5:show,Oauth::ProtectedResourceMetadataController,show,unauthenticated,unauthenticated,registered_action,conditional_anonymous | unauthenticated,"[""ep_8180e299d6ebbbfc2b191a19"",""ep_0f60b578cd456ee70d42a491"",""ep_3cc84bf85f0a72200529633d"",""ep_0179f905a476351e51bb0030"",""ep_030d82e8dfbb43f06ecc4911"",""ep_569a5cf27288894384b19c34"",""ep_b894c81de0debf55437967cd"",""ep_bd1804960b986ef31fdaa3cb"",""ep_258bb6315a88a3be7e3f6385"",""ep_30e96afc1507c162ebe8f04f"",""ep_02840f3c3191e7e2dc0ebc36"",""ep_9dfd1474ef4b376d89e57bc3"",""ep_e955fdb8fb9692c51842c88f"",""ep_db0d0879e13f11857ace258b"",""ep_e4dac782b049dabd9d97cddd"",""ep_0189e4737b225a85ee24f6a3"",""ep_3e743b1bcc91585ab32e65c8"",""ep_c4dfc9002108084a0db03724"",""ep_61bf583824371e5939c318c4"",""ep_7e9bd4bbbe4241a9dffcf56f""]",handler/action lookup only; no inferred route equivalence or authentication reclassification,"[{""controller"":""oauth/protected_resource_metadata"",""action"":""show"",""verb"":""GET"",""path"":""//.well-known/oauth-protected-resource"",""path_status"":""local DSL template; draw/scopes/concerns may add prefixes"",""source"":{""file"":""config/routes.rb"",""line"":48,""end_line"":48},""auth_context"":[]},{""controller"":""oauth/protected_resource_metadata"",""action"":""show"",""verb"":""GET"",""path"":""//.well-known/oauth-protected-resource/api/v4/mcp"",""path_status"":""local DSL template; draw/scopes/concerns may add prefixes"",""source"":{""file"":""config/routes.rb"",""line"":68,""end_line"":68},""auth_context"":[]},{""controller"":""oauth/protected_resource_metadata"",""action"":""show"",""verb"":""GET"",""path"":""//.well-known/oauth-protected-resource/api/v4/orbit/mcp"",""path_status"":""local DSL template; draw/scopes/concerns may add prefixes"",""source"":{""file"":""config/routes.rb"",""line"":71,""end_line"":71},""auth_context"":[]},{""controller"":""oauth/protected_resource_metadata"",""action"":""show"",""verb"":""MATCH"",""path"":""//.well-known/oauth-protected-resource/api/v4/mcp"",""path_status"":""local DSL template; draw/scopes/concerns may add prefixes"",""source"":{""file"":""config/routes.rb"",""line"":85,""end_line"":85},""auth_context"":[]},{""controller"":""oauth/protected_resource_metadata"",""action"":""show"",""verb"":""MATCH"",""path"":""//.well-known/oauth-protected-resource/api/v4/orbit/mcp"",""path_status"":""local DSL template; draw/scopes/concerns may add prefixes"",""source"":{""file"":""config/routes.rb"",""line"":88,""end_line"":88},""auth_context"":[]}]",app/controllers/oauth/protected_resource_metadata_controller.rb,12,d75e5afaa21d45bc04139d4a538ea5954be1ef4f,frontend_gem_api_map/entrypoints.csv
rails_action:app/controllers/profiles/slacks_controller.rb:13:5:edit,Profiles::SlacksController,edit,unauthenticated,not in targeted 191-record review,not in targeted review,conditional_anonymous | unauthenticated,"[""ep_77e931c1a2fde87ac138a6b3"",""ep_062ac57ebe44785d6698a497"",""ep_c5c2c094d70ea728b21b2faa"",""ep_24b07e2b41e3e5c98ee28c1b""]",handler/action lookup only; no inferred route equivalence or authentication reclassification,"[{""controller"":""profiles/slacks"",""action"":""edit"",""verb"":""GET"",""path"":""/profile/slack/edit"",""path_status"":""static REST expansion; draw/scopes/concerns may add prefixes"",""source"":{""file"":""config/routes/profile.rb"",""line"":38,""end_line"":42},""auth_context"":[]}]",app/controllers/profiles/slacks_controller.rb,13,d75e5afaa21d45bc04139d4a538ea5954be1ef4f,frontend_gem_api_map/entrypoints.csv
rails_action:app/controllers/profiles/slacks_controller.rb:17:5:slack_link,Profiles::SlacksController,slack_link,unauthenticated,unauthenticated,registered_action,conditional_anonymous | unauthenticated,"[""ep_3e8b69ea789cfb32362c516e"",""ep_23b0caa61958b0f26fa0b12c"",""ep_6821b07d60545b3f5bf1e438"",""ep_9144064dd89709c53844b78f""]",handler/action lookup only; no inferred route equivalence or authentication reclassification,"[{""controller"":""profiles/slacks"",""action"":""slack_link"",""verb"":""GET"",""path"":""/profile/slack/slack_link"",""path_status"":""local DSL template; draw/scopes/concerns may add prefixes"",""source"":{""file"":""config/routes/profile.rb"",""line"":40,""end_line"":40},""auth_context"":[]}]",app/controllers/profiles/slacks_controller.rb,17,d75e5afaa21d45bc04139d4a538ea5954be1ef4f,frontend_gem_api_map/entrypoints.csv
rails_action:app/controllers/projects/alerting/notifications_controller.rb:20:7:create,Projects::Alerting::NotificationsController,create,unauthenticated,unknown,registered_action,conditional_anonymous,"[""ep_4c346daaaad4ab460aa34fcf"",""ep_73d675f7bdbe0702c5778f56"",""ep_fc7af524562309fd74354caf"",""ep_e3675b012f6db2ac5a27135c"",""ep_5ded043550368e3564900783"",""ep_cf868861863a8602e9f08f27"",""ep_8937035e1f1de837204612c5"",""ep_15c429dc79c5ea8816ac8019"",""ep_4fbf8464fa82db290d2a939f"",""ep_e20865bacf9137274d2fd836"",""ep_1f191615a99617c798c6736a"",""ep_9e7b7c7f66d93d0b0d0f3906""]",handler/action lookup only; no inferred route equivalence or authentication reclassification,"[{""controller"":""projects/alerting/notifications"",""action"":""create"",""verb"":""POST"",""path"":""/*namespace_id/:project_id/prometheus/alerts/notify"",""path_status"":""local DSL template; draw/scopes/concerns may add prefixes"",""source"":{""file"":""config/routes/project.rb"",""line"":577,""end_line"":577},""auth_context"":[{""file"":""config/routes/project.rb"",""line"":3,""end_line"":718,""name"":""constraints"",""expression"":""constraints(Projects::ProjectUrlConstraint.new) do"",""conditional"":false}]},{""controller"":""projects/alerting/notifications"",""action"":""create"",""verb"":""POST"",""path"":""/*namespace_id/:project_id/alerts/notify"",""path_status"":""local DSL template; draw/scopes/concerns may add prefixes"",""source"":{""file"":""config/routes/project.rb"",""line"":581,""end_line"":581},""auth_context"":[{""file"":""config/routes/project.rb"",""line"":3,""end_line"":718,""name"":""constraints"",""expression"":""constraints(Projects::ProjectUrlConstraint.new) do"",""conditional"":false}]},{""controller"":""projects/alerting/notifications"",""action"":""create"",""verb"":""POST"",""path"":""/*namespace_id/:project_id/alerts/notify/:name/:endpoint_identifier"",""path_status"":""local DSL template; draw/scopes/concerns may add prefixes"",""source"":{""file"":""config/routes/project.rb"",""line"":582,""end_line"":585},""auth_context"":[{""file"":""config/routes/project.rb"",""line"":3,""end_line"":718,""name"":""constraints"",""expression"":""constraints(Projects::ProjectUrlConstraint.new) do"",""conditional"":false}]}]",app/controllers/projects/alerting/notifications_controller.rb,20,d75e5afaa21d45bc04139d4a538ea5954be1ef4f,frontend_gem_api_map/entrypoints.csv
rails_action:app/controllers/projects/autocomplete_sources_controller.rb:18:3:members,Projects::AutocompleteSourcesController,members,unauthenticated,unknown,registered_action,conditional_anonymous,"[""ep_feabcd8e08234d94944d248e"",""ep_9c12337b37737f4a07bcabbd"",""ep_504039b8dd0bdbea6362b377"",""ep_e928336dc8d43b737ac6ce7c""]",handler/action lookup only; no inferred route equivalence or authentication reclassification,"[{""controller"":""projects/autocomplete_sources"",""action"":""members"",""verb"":""GET"",""path"":""/*namespace_id/:project_id/-/autocomplete_sources/members"",""path_status"":""local DSL template; draw/scopes/concerns may add prefixes"",""source"":{""file"":""config/routes/project.rb"",""line"":178,""end_line"":178},""auth_context"":[{""file"":""config/routes/project.rb"",""line"":3,""end_line"":718,""name"":""constraints"",""expression"":""constraints(Projects::ProjectUrlConstraint.new) do"",""conditional"":false}]}]",app/controllers/projects/autocomplete_sources_controller.rb,18,d75e5afaa21d45bc04139d4a538ea5954be1ef4f,frontend_gem_api_map/entrypoints.csv
rails_action:app/controllers/projects/autocomplete_sources_controller.rb:22:3:issues,Projects::AutocompleteSourcesController,issues,unauthenticated,unknown,registered_action,conditional_anonymous,"[""ep_7dda53d9d61d8f7125f6042f"",""ep_91be877ac6de0641600d82e5"",""ep_ebf42e34612a03af5a9a73dc"",""ep_086e510ba79be6e27924e652""]",handler/action lookup only; no inferred route equivalence or authentication reclassification,"[{""controller"":""projects/autocomplete_sources"",""action"":""issues"",""verb"":""GET"",""path"":""/*namespace_id/:project_id/-/autocomplete_sources/issues"",""path_status"":""local DSL template; draw/scopes/concerns may add prefixes"",""source"":{""file"":""config/routes/project.rb"",""line"":179,""end_line"":179},""auth_context"":[{""file"":""config/routes/project.rb"",""line"":3,""end_line"":718,""name"":""constraints"",""expression"":""constraints(Projects::ProjectUrlConstraint.new) do"",""conditional"":false}]}]",app/controllers/projects/autocomplete_sources_controller.rb,22,d75e5afaa21d45bc04139d4a538ea5954be1ef4f,frontend_gem_api_map/entrypoints.csv
rails_action:app/controllers/projects/autocomplete_sources_controller.rb:26:3:merge_requests,Projects::AutocompleteSourcesController,merge_requests,unauthenticated,unknown,registered_action,conditional_anonymous,"[""ep_5b5c266e710844c4a8821380"",""ep_05d81b574bb36f2190786857"",""ep_25f33ed527961d07d7e1fccc"",""ep_755a133f85cab31c3923c412""]",handler/action lookup only; no inferred route equivalence or authentication reclassification,"[{""controller"":""projects/autocomplete_sources"",""action"":""merge_requests"",""verb"":""GET"",""path"":""/*namespace_id/:project_id/-/autocomplete_sources/merge_requests"",""path_status"":""local DSL template; draw/scopes/concerns may add prefixes"",""source"":{""file"":""config/routes/project.rb"",""line"":180,""end_line"":180},""auth_context"":[{""file"":""config/routes/project.rb"",""line"":3,""end_line"":718,""name"":""constraints"",""expression"":""constraints(Projects::ProjectUrlConstraint.new) do"",""conditional"":false}]}]",app/controllers/projects/autocomplete_sources_controller.rb,26,d75e5afaa21d45bc04139d4a538ea5954be1ef4f,frontend_gem_api_map/entrypoints.csv
rails_action:app/controllers/projects/autocomplete_sources_controller.rb:30:3:labels,Projects::AutocompleteSourcesController,labels,unauthenticated,unknown,registered_action,conditional_anonymous,"[""ep_64bd01f98347d3d4904a9d11"",""ep_48e38ce9bd473624051714e0"",""ep_332f162bd8afd89d77af99a3"",""ep_6c1eb1c347ad04385fdc1277""]",handler/action lookup only; no inferred route equivalence or authentication reclassification,"[{""controller"":""projects/autocomplete_sources"",""action"":""labels"",""verb"":""GET"",""path"":""/*namespace_id/:project_id/-/autocomplete_sources/labels"",""path_status"":""local DSL template; draw/scopes/concerns may add prefixes"",""source"":{""file"":""config/routes/project.rb"",""line"":181,""end_line"":181},""auth_context"":[{""file"":""config/routes/project.rb"",""line"":3,""end_line"":718,""name"":""constraints"",""expression"":""constraints(Projects::ProjectUrlConstraint.new) do"",""conditional"":false}]}]",app/controllers/projects/autocomplete_sources_controller.rb,30,d75e5afaa21d45bc04139d4a538ea5954be1ef4f,frontend_gem_api_map/entrypoints.csv
rails_action:app/controllers/projects/autocomplete_sources_controller.rb:38:3:commands,Projects::AutocompleteSourcesController,commands,unauthenticated,unknown,registered_action,conditional_anonymous,"[""ep_9b4283d5646ec59816a37320"",""ep_cd034fd595a7c46083dd295e"",""ep_29cd7624c7aff125050879fe"",""ep_071f1be0e44e07065f3b2d49""]",handler/action lookup only; no inferred route equivalence or authentication reclassification,"[{""controller"":""projects/autocomplete_sources"",""action"":""commands"",""verb"":""GET"",""path"":""/*namespace_id/:project_id/-/autocomplete_sources/commands"",""path_status"":""local DSL template; draw/scopes/concerns may add prefixes"",""source"":{""file"":""config/routes/project.rb"",""line"":183,""end_line"":183},""auth_context"":[{""file"":""config/routes/project.rb"",""line"":3,""end_line"":718,""name"":""constraints"",""expression"":""constraints(Projects::ProjectUrlConstraint.new) do"",""conditional"":false}]}]",app/controllers/projects/autocomplete_sources_controller.rb,38,d75e5afaa21d45bc04139d4a538ea5954be1ef4f,frontend_gem_api_map/entrypoints.csv
rails_action:app/controllers/projects/autocomplete_sources_controller.rb:42:3:snippets,Projects::AutocompleteSourcesController,snippets,unauthenticated,unknown,registered_action,conditional_anonymous,"[""ep_db400457c0582a69d9219a29"",""ep_520af253c16a8b361b963ede"",""ep_0265f6966b803847df6010f7"",""ep_8e38b267c9d0a1758cee7d0a""]",handler/action lookup only; no inferred route equivalence or authentication reclassification,"[{""controller"":""projects/autocomplete_sources"",""action"":""snippets"",""verb"":""GET"",""path"":""/*namespace_id/:project_id/-/autocomplete_sources/snippets"",""path_status"":""local DSL template; draw/scopes/concerns may add prefixes"",""source"":{""file"":""config/routes/project.rb"",""line"":184,""end_line"":184},""auth_context"":[{""file"":""config/routes/project.rb"",""line"":3,""end_line"":718,""name"":""constraints"",""expression"":""constraints(Projects::ProjectUrlConstraint.new) do"",""conditional"":false}]}]",app/controllers/projects/autocomplete_sources_controller.rb,42,d75e5afaa21d45bc04139d4a538ea5954be1ef4f,frontend_gem_api_map/entrypoints.csv
rails_action:app/controllers/projects/autocomplete_sources_controller.rb:50:3:wikis,Projects::AutocompleteSourcesController,wikis,unauthenticated,unknown,registered_action,conditional_anonymous,"[""ep_a5a7469f64fb708053786d42"",""ep_bfbaeb9f3c016c6caa24dadd"",""ep_fd3a181daa6dd7d9c58b0893"",""ep_dfec0dc45a561d6a7356abbf""]",handler/action lookup only; no inferred route equivalence or authentication reclassification,"[{""controller"":""projects/autocomplete_sources"",""action"":""wikis"",""verb"":""GET"",""path"":""/*namespace_id/:project_id/-/autocomplete_sources/wikis"",""path_status"":""local DSL template; draw/scopes/concerns may add prefixes"",""source"":{""file"":""config/routes/project.rb"",""line"":186,""end_line"":186},""auth_context"":[{""file"":""config/routes/project.rb"",""line"":3,""end_line"":718,""name"":""constraints"",""expression"":""constraints(Projects::ProjectUrlConstraint.new) do"",""conditional"":false}]}]",app/controllers/projects/autocomplete_sources_controller.rb,50,d75e5afaa21d45bc04139d4a538ea5954be1ef4f,frontend_gem_api_map/entrypoints.csv
rails_action:app/controllers/projects/avatars_controller.rb:13:3:show,Projects::AvatarsController,show,unauthenticated,unknown,registered_action,conditional_anonymous,"[""ep_e36eed38ef3ebbb1d918c5e5"",""ep_14a2938fd327ca563b437819"",""ep_d5b2cef35bd9bcd52a4ed085"",""ep_6fb4f2ef5509caead9b9b79c""]",handler/action lookup only; no inferred route equivalence or authentication reclassification,"[{""controller"":""projects/avatars"",""action"":""show"",""verb"":""GET"",""path"":""/*namespace_id/:project_id/-/avatar"",""path_status"":""static REST expansion; draw/scopes/concerns may add prefixes"",""source"":{""file"":""config/routes/project.rb"",""line"":262,""end_line"":262},""auth_context"":[{""file"":""config/routes/project.rb"",""line"":3,""end_line"":718,""name"":""constraints"",""expression"":""constraints(Projects::ProjectUrlConstraint.new) do"",""conditional"":false}]}]",app/controllers/projects/avatars_controller.rb,13,d75e5afaa21d45bc04139d4a538ea5954be1ef4f,frontend_gem_api_map/entrypoints.csv
rails_action:app/controllers/projects/aws/base_controller.rb:12:7:admin_project_aws!,Projects::Aws::BaseController,admin_project_aws!,unauthenticated,unknown,public_method_registration_unresolved,no corresponding handler/action record,[],handler/action lookup only; no inferred route equivalence or authentication reclassification,[],app/controllers/projects/aws/base_controller.rb,12,d75e5afaa21d45bc04139d4a538ea5954be1ef4f,frontend_gem_api_map/entrypoints.csv
rails_action:app/controllers/projects/aws/base_controller.rb:19:7:feature_flag_enabled!,Projects::Aws::BaseController,feature_flag_enabled!,unauthenticated,unknown,public_method_registration_unresolved,no corresponding handler/action record,[],handler/action lookup only; no inferred route equivalence or authentication reclassification,[],app/controllers/projects/aws/base_controller.rb,19,d75e5afaa21d45bc04139d4a538ea5954be1ef4f,frontend_gem_api_map/entrypoints.csv
rails_action:app/controllers/projects/aws/base_controller.rb:28:7:track_event,Projects::Aws::BaseController,track_event,unauthenticated,unknown,public_method_registration_unresolved,no corresponding handler/action record,[],handler/action lookup only; no inferred route equivalence or authentication reclassification,[],app/controllers/projects/aws/base_controller.rb,28,d75e5afaa21d45bc04139d4a538ea5954be1ef4f,frontend_gem_api_map/entrypoints.csv
rails_action:app/controllers/projects/aws/configuration_controller.rb:6:7:index,Projects::Aws::ConfigurationController,index,unauthenticated,unknown,registered_action,authenticated,"[""ep_5a35726c2ecbc035d27fc867"",""ep_c497118724680a51636a0216"",""ep_a55cefceb09f54d63030863a"",""ep_01cfe50d5ed0f984d85930fe""]",handler/action lookup only; no inferred route equivalence or authentication reclassification,"[{""controller"":""projects/aws/configuration"",""action"":""index"",""verb"":""GET"",""path"":""/*namespace_id/:project_id/-/aws//configuration"",""path_status"":""local DSL template; draw/scopes/concerns may add prefixes"",""source"":{""file"":""config/routes/project.rb"",""line"":331,""end_line"":331},""auth_context"":[{""file"":""config/routes/project.rb"",""line"":3,""end_line"":718,""name"":""constraints"",""expression"":""constraints(Projects::ProjectUrlConstraint.new) do"",""conditional"":false}]}]",app/controllers/projects/aws/configuration_controller.rb,6,d75e5afaa21d45bc04139d4a538ea5954be1ef4f,frontend_gem_api_map/entrypoints.csv
rails_action:app/controllers/projects/badges_controller.rb:37:3:release,Projects::BadgesController,release,unauthenticated,unknown,registered_action,conditional_anonymous,"[""ep_dc95e94a72c8e533b2e6565f"",""ep_2263670fe7a7a1fa26085d30"",""ep_37dfd3f9f2e73357c5b68061"",""ep_66b65ce655eb8319fe927a61""]",handler/action lookup only; no inferred route equivalence or authentication reclassification,"[{""controller"":""projects/badges"",""action"":""release"",""verb"":""GET"",""path"":""/*namespace_id/:project_id/-/badges/release"",""path_status"":""local DSL template; draw/scopes/concerns may add prefixes"",""source"":{""file"":""config/routes/project.rb"",""line"":475,""end_line"":475},""auth_context"":[{""file"":""config/routes/project.rb"",""line"":473,""end_line"":476,""name"":""constraints"",""expression"":""constraints format: /svg/ do"",""conditional"":false},{""file"":""config/routes/project.rb"",""line"":3,""end_line"":718,""name"":""constraints"",""expression"":""constraints(Projects::ProjectUrlConstraint.new) do"",""conditional"":false}]}]",app/controllers/projects/badges_controller.rb,37,d75e5afaa21d45bc04139d4a538ea5954be1ef4f,frontend_gem_api_map/entrypoints.csv
rails_action:app/controllers/projects/badges_controller.rb:49:3:custom,Projects::BadgesController,custom,unauthenticated,unknown,registered_action,conditional_anonymous,"[""ep_d736e0a803a5af39ec51886f"",""ep_c41d9713ba4fc6888552f4be"",""ep_46b4cf38a1f6abef4bb74aa2"",""ep_3455ffb16367ac2dc39387c4""]",handler/action lookup only; no inferred route equivalence or authentication reclassification,"[{""controller"":""projects/badges"",""action"":""custom"",""verb"":""GET"",""path"":""/*namespace_id/:project_id/-/badges/custom"",""path_status"":""local DSL template; draw/scopes/concerns may add prefixes"",""source"":{""file"":""config/routes/project.rb"",""line"":474,""end_line"":474},""auth_context"":[{""file"":""config/routes/project.rb"",""line"":473,""end_line"":476,""name"":""constraints"",""expression"":""constraints format: /svg/ do"",""conditional"":false},{""file"":""config/routes/project.rb"",""line"":3,""end_line"":718,""name"":""constraints"",""expression"":""constraints(Projects::ProjectUrlConstraint.new) do"",""conditional"":false}]}]",app/controllers/projects/badges_controller.rb,49,d75e5afaa21d45bc04139d4a538ea5954be1ef4f,frontend_gem_api_map/entrypoints.csv
rails_action:app/controllers/projects/boards_controller.rb:8:3:@before_action,Projects::BoardsController,@before_action,unauthenticated,not in targeted 191-record review,not in targeted review,no corresponding handler/action record,[],handler/action lookup only; no inferred route equivalence or authentication reclassification,[],app/controllers/projects/boards_controller.rb,8,d75e5afaa21d45bc04139d4a538ea5954be1ef4f,frontend_gem_api_map/entrypoints.csv
rails_action:app/controllers/projects/ci/pipeline_editor_controller.rb:13:3:show,Projects::Ci::PipelineEditorController,show,unauthenticated,not in targeted 191-record review,not in targeted review,unknown,"[""ep_84ea29e3afb9949ed90b9748"",""ep_91875013378bdd33d642c375"",""ep_f429fb2cb6bc7e6f1ba15102"",""ep_49d426727fbad8cf2d42773f""]",handler/action lookup only; no inferred route equivalence or authentication reclassification,"[{""controller"":""projects/ci/pipeline_editor"",""action"":""show"",""verb"":""GET"",""path"":""/*namespace_id/:project_id/-/ci/editor"",""path_status"":""static REST expansion; draw/scopes/concerns may add prefixes"",""source"":{""file"":""config/routes/project.rb"",""line"":95,""end_line"":95},""auth_context"":[{""file"":""config/routes/project.rb"",""line"":3,""end_line"":718,""name"":""constraints"",""expression"":""constraints(Projects::ProjectUrlConstraint.new) do"",""conditional"":false}]}]",app/controllers/projects/ci/pipeline_editor_controller.rb,13,d75e5afaa21d45bc04139d4a538ea5954be1ef4f,frontend_gem_api_map/entrypoints.csv
rails_action:app/controllers/projects/ci/pipeline_editor_controller.rb:5:3:@before_action,Projects::Ci::PipelineEditorController,@before_action,unauthenticated,not in targeted 191-record review,not in targeted review,no corresponding handler/action record,[],handler/action lookup only; no inferred route equivalence or authentication reclassification,[],app/controllers/projects/ci/pipeline_editor_controller.rb,5,d75e5afaa21d45bc04139d4a538ea5954be1ef4f,frontend_gem_api_map/entrypoints.csv
rails_action:app/controllers/projects/ci/prometheus_metrics/histograms_controller.rb:11:9:create,Projects::Ci::PrometheusMetrics::HistogramsController,create,unauthenticated,unknown,registered_action,conditional_anonymous,"[""ep_2d118f67d5a3bcd729d78a66"",""ep_5ae50b5914ad04e31daad5b8"",""ep_64bdbe89664d2f9429014090"",""ep_7efa0cadc6e0bfe724611569""]",handler/action lookup only; no inferred route equivalence or authentication reclassification,"[{""controller"":""projects/ci/prometheus_metrics/histograms"",""action"":""create"",""verb"":""POST"",""path"":""/*namespace_id/:project_id/-/ci/prometheus_metrics/histograms"",""path_status"":""static REST expansion; draw/scopes/concerns may add prefixes"",""source"":{""file"":""config/routes/project.rb"",""line"":98,""end_line"":98},""auth_context"":[{""file"":""config/routes/project.rb"",""line"":3,""end_line"":718,""name"":""constraints"",""expression"":""constraints(Projects::ProjectUrlConstraint.new) do"",""conditional"":false}]}]",app/controllers/projects/ci/prometheus_metrics/histograms_controller.rb,11,d75e5afaa21d45bc04139d4a538ea5954be1ef4f,frontend_gem_api_map/entrypoints.csv
rails_action:app/controllers/projects/confluences_controller.rb:8:3:show,Projects::ConfluencesController,show,unauthenticated,not in targeted 191-record review,not in targeted review,unknown,"[""ep_80a5dcb7ff1cda5a3bcbf56b"",""ep_8b1469ce393fd182ecd753e2"",""ep_2d5d670914d306778beae797"",""ep_11f88a83880941e401dbb3be""]",handler/action lookup only; no inferred route equivalence or authentication reclassification,[],app/controllers/projects/confluences_controller.rb,8,d75e5afaa21d45bc04139d4a538ea5954be1ef4f,frontend_gem_api_map/entrypoints.csv
rails_action:app/controllers/projects/discussions_controller.rb:27:3:show,Projects::DiscussionsController,show,unauthenticated,unknown,registered_action,conditional_anonymous,"[""ep_472d1db403d3fa8d04e37164"",""ep_76b2f1bda293c26d38b05fec"",""ep_1d06de6e82b544dd549c8a6c"",""ep_3700dee4c51e214491ec93ce""]",handler/action lookup only; no inferred route equivalence or authentication reclassification,"[{""controller"":""projects/discussions"",""action"":""show"",""verb"":""GET"",""path"":""/*namespace_id/:project_id/-/:noteable_type/:noteable_id/discussions/:id"",""path_status"":""static REST expansion; draw/scopes/concerns may add prefixes"",""source"":{""file"":""config/routes/project.rb"",""line"":507,""end_line"":512},""auth_context"":[{""file"":""config/routes/project.rb"",""line"":3,""end_line"":718,""name"":""constraints"",""expression"":""constraints(Projects::ProjectUrlConstraint.new) do"",""conditional"":false}]}]",app/controllers/projects/discussions_controller.rb,27,d75e5afaa21d45bc04139d4a538ea5954be1ef4f,frontend_gem_api_map/entrypoints.csv
rails_action:app/controllers/projects/error_tracking/base_controller.rb:9:3:set_polling_interval,Projects::ErrorTracking::BaseController,set_polling_interval,unauthenticated,unknown,public_method_registration_unresolved,no corresponding handler/action record,[],handler/action lookup only; no inferred route equivalence or authentication reclassification,[],app/controllers/projects/error_tracking/base_controller.rb,9,d75e5afaa21d45bc04139d4a538ea5954be1ef4f,frontend_gem_api_map/entrypoints.csv
rails_action:app/controllers/projects/google_cloud/configuration_controller.rb:6:7:index,Projects::GoogleCloud::ConfigurationController,index,unauthenticated,unknown,registered_action,unknown,"[""ep_444a4dd940ffe31dd67a950a"",""ep_7688a615a7a56d55458febab"",""ep_fc0f389520c2ffc18a8d20f1"",""ep_9d4505702c391006724344bc""]",handler/action lookup only; no inferred route equivalence or authentication reclassification,"[{""controller"":""projects/google_cloud/configuration"",""action"":""index"",""verb"":""GET"",""path"":""/*namespace_id/:project_id/-/google_cloud//configuration"",""path_status"":""local DSL template; draw/scopes/concerns may add prefixes"",""source"":{""file"":""config/routes/project.rb"",""line"":315,""end_line"":315},""auth_context"":[{""file"":""config/routes/project.rb"",""line"":3,""end_line"":718,""name"":""constraints"",""expression"":""constraints(Projects::ProjectUrlConstraint.new) do"",""conditional"":false}]}]",app/controllers/projects/google_cloud/configuration_controller.rb,6,d75e5afaa21d45bc04139d4a538ea5954be1ef4f,frontend_gem_api_map/entrypoints.csv
rails_action:app/controllers/projects/google_cloud/databases_controller.rb:27:7:new,Projects::GoogleCloud::DatabasesController,new,unauthenticated,unknown,registered_action,unknown,"[""ep_89633846c1949b8da294d217"",""ep_73ab67b58a3eeca6ecbc15eb"",""ep_7d85900cbd3ae3fef6065945"",""ep_37ccf604c3fad3b6a7698e7a""]",handler/action lookup only; no inferred route equivalence or authentication reclassification,"[{""controller"":""projects/google_cloud/databases"",""action"":""new"",""verb"":""GET"",""path"":""/*namespace_id/:project_id/-/google_cloud/databases/new"",""path_status"":""static REST expansion; draw/scopes/concerns may add prefixes"",""source"":{""file"":""config/routes/project.rb"",""line"":325,""end_line"":325},""auth_context"":[{""file"":""config/routes/project.rb"",""line"":3,""end_line"":718,""name"":""constraints"",""expression"":""constraints(Projects::ProjectUrlConstraint.new) do"",""conditional"":false}]}]",app/controllers/projects/google_cloud/databases_controller.rb,27,d75e5afaa21d45bc04139d4a538ea5954be1ef4f,frontend_gem_api_map/entrypoints.csv
rails_action:app/controllers/projects/google_cloud/databases_controller.rb:48:7:create,Projects::GoogleCloud::DatabasesController,create,unauthenticated,unknown,registered_action,unknown,"[""ep_fe05002103e4a2e875a2d973"",""ep_53f02ba299d6d26956706dd2"",""ep_604f6edb1525f335c4554f83"",""ep_9b659ecc172ba6ec8fb2e661""]",handler/action lookup only; no inferred route equivalence or authentication reclassification,"[{""controller"":""projects/google_cloud/databases"",""action"":""create"",""verb"":""POST"",""path"":""/*namespace_id/:project_id/-/google_cloud/databases"",""path_status"":""static REST expansion; draw/scopes/concerns may add prefixes"",""source"":{""file"":""config/routes/project.rb"",""line"":325,""end_line"":325},""auth_context"":[{""file"":""config/routes/project.rb"",""line"":3,""end_line"":718,""name"":""constraints"",""expression"":""constraints(Projects::ProjectUrlConstraint.new) do"",""conditional"":false}]}]",app/controllers/projects/google_cloud/databases_controller.rb,48,d75e5afaa21d45bc04139d4a538ea5954be1ef4f,frontend_gem_api_map/entrypoints.csv
rails_action:app/controllers/projects/google_cloud/databases_controller.rb:9:7:index,Projects::GoogleCloud::DatabasesController,index,unauthenticated,unknown,registered_action,unknown,"[""ep_442770a4fa972fb5fd771a28"",""ep_a794c9981940bc127591847a"",""ep_f7e71ef87997da512f197c1d"",""ep_1bcabf152d2da2545b33a7ec""]",handler/action lookup only; no inferred route equivalence or authentication reclassification,"[{""controller"":""projects/google_cloud/databases"",""action"":""index"",""verb"":""GET"",""path"":""/*namespace_id/:project_id/-/google_cloud/databases"",""path_status"":""static REST expansion; draw/scopes/concerns may add prefixes"",""source"":{""file"":""config/routes/project.rb"",""line"":325,""end_line"":325},""auth_context"":[{""file"":""config/routes/project.rb"",""line"":3,""end_line"":718,""name"":""constraints"",""expression"":""constraints(Projects::ProjectUrlConstraint.new) do"",""conditional"":false}]}]",app/controllers/projects/google_cloud/databases_controller.rb,9,d75e5afaa21d45bc04139d4a538ea5954be1ef4f,frontend_gem_api_map/entrypoints.csv
rails_action:app/controllers/projects/google_cloud/deployments_controller.rb:18:3:cloud_run,Projects::GoogleCloud::DeploymentsController,cloud_run,unauthenticated,unknown,registered_action,unknown,"[""ep_8029d5cad6e1e1f6614e72ce"",""ep_fc07af08cb91ccaed584e46c"",""ep_63a7d680ee2c7342929b5c83"",""ep_0433c279b76e6f40207446ab""]",handler/action lookup only; no inferred route equivalence or authentication reclassification,"[{""controller"":""projects/google_cloud/deployments"",""action"":""cloud_run"",""verb"":""GET"",""path"":""/*namespace_id/:project_id/-/google_cloud//deployments/cloud_run"",""path_status"":""local DSL template; draw/scopes/concerns may add prefixes"",""source"":{""file"":""config/routes/project.rb"",""line"":322,""end_line"":322},""auth_context"":[{""file"":""config/routes/project.rb"",""line"":3,""end_line"":718,""name"":""constraints"",""expression"":""constraints(Projects::ProjectUrlConstraint.new) do"",""conditional"":false}]}]",app/controllers/projects/google_cloud/deployments_controller.rb,18,d75e5afaa21d45bc04139d4a538ea5954be1ef4f,frontend_gem_api_map/entrypoints.csv
rails_action:app/controllers/projects/google_cloud/deployments_controller.rb:48:3:cloud_storage,Projects::GoogleCloud::DeploymentsController,cloud_storage,unauthenticated,unknown,registered_action,unknown,"[""ep_ad60879bf0c88ff497ff0758"",""ep_946aa4aa84caed1213055a03"",""ep_913f6a5634201bb8103595dc"",""ep_650551b0f0496f672d6a48a3""]",handler/action lookup only; no inferred route equivalence or authentication reclassification,"[{""controller"":""projects/google_cloud/deployments"",""action"":""cloud_storage"",""verb"":""GET"",""path"":""/*namespace_id/:project_id/-/google_cloud//deployments/cloud_storage"",""path_status"":""local DSL template; draw/scopes/concerns may add prefixes"",""source"":{""file"":""config/routes/project.rb"",""line"":323,""end_line"":323},""auth_context"":[{""file"":""config/routes/project.rb"",""line"":3,""end_line"":718,""name"":""constraints"",""expression"":""constraints(Projects::ProjectUrlConstraint.new) do"",""conditional"":false}]}]",app/controllers/projects/google_cloud/deployments_controller.rb,48,d75e5afaa21d45bc04139d4a538ea5954be1ef4f,frontend_gem_api_map/entrypoints.csv
rails_action:app/controllers/projects/google_cloud/deployments_controller.rb:6:3:index,Projects::GoogleCloud::DeploymentsController,index,unauthenticated,unknown,registered_action,unknown,"[""ep_35ea9b17b0fae0902a40184e"",""ep_4bbd269170e65986bcda9789"",""ep_34cde18dd73cd0c3cb77dacf"",""ep_17431f610fe527f5770a85c3""]",handler/action lookup only; no inferred route equivalence or authentication reclassification,"[{""controller"":""projects/google_cloud/deployments"",""action"":""index"",""verb"":""GET"",""path"":""/*namespace_id/:project_id/-/google_cloud//deployments"",""path_status"":""local DSL template; draw/scopes/concerns may add prefixes"",""source"":{""file"":""config/routes/project.rb"",""line"":321,""end_line"":321},""auth_context"":[{""file"":""config/routes/project.rb"",""line"":3,""end_line"":718,""name"":""constraints"",""expression"":""constraints(Projects::ProjectUrlConstraint.new) do"",""conditional"":false}]}]",app/controllers/projects/google_cloud/deployments_controller.rb,6,d75e5afaa21d45bc04139d4a538ea5954be1ef4f,frontend_gem_api_map/entrypoints.csv
rails_action:app/controllers/projects/google_cloud/gcp_regions_controller.rb:22:3:index,Projects::GoogleCloud::GcpRegionsController,index,unauthenticated,unknown,registered_action,unknown,"[""ep_e3a0461cd91a03850e9227c6"",""ep_1d7c987771b19023e997b27a"",""ep_c8e698fb74c60e5d92a9e029"",""ep_576cb80a053ea86f157faeb1""]",handler/action lookup only; no inferred route equivalence or authentication reclassification,"[{""controller"":""projects/google_cloud/gcp_regions"",""action"":""index"",""verb"":""GET"",""path"":""/*namespace_id/:project_id/-/google_cloud/gcp_regions"",""path_status"":""static REST expansion; draw/scopes/concerns may add prefixes"",""source"":{""file"":""config/routes/project.rb"",""line"":319,""end_line"":319},""auth_context"":[{""file"":""config/routes/project.rb"",""line"":3,""end_line"":718,""name"":""constraints"",""expression"":""constraints(Projects::ProjectUrlConstraint.new) do"",""conditional"":false}]}]",app/controllers/projects/google_cloud/gcp_regions_controller.rb,22,d75e5afaa21d45bc04139d4a538ea5954be1ef4f,frontend_gem_api_map/entrypoints.csv
rails_action:app/controllers/projects/google_cloud/gcp_regions_controller.rb:32:3:create,Projects::GoogleCloud::GcpRegionsController,create,unauthenticated,unknown,registered_action,unknown,"[""ep_e5268855755b51f7fda36655"",""ep_f192bb25e75a3468c0f1cc30"",""ep_c1fa50a2df31a5fc9bf72e0b"",""ep_a2bc1681e6c5a0df0c4fafcf""]",handler/action lookup only; no inferred route equivalence or authentication reclassification,"[{""controller"":""projects/google_cloud/gcp_regions"",""action"":""create"",""verb"":""POST"",""path"":""/*namespace_id/:project_id/-/google_cloud/gcp_regions"",""path_status"":""static REST expansion; draw/scopes/concerns may add prefixes"",""source"":{""file"":""config/routes/project.rb"",""line"":319,""end_line"":319},""auth_context"":[{""file"":""config/routes/project.rb"",""line"":3,""end_line"":718,""name"":""constraints"",""expression"":""constraints(Projects::ProjectUrlConstraint.new) do"",""conditional"":false}]}]",app/controllers/projects/google_cloud/gcp_regions_controller.rb,32,d75e5afaa21d45bc04139d4a538ea5954be1ef4f,frontend_gem_api_map/entrypoints.csv
rails_action:app/controllers/projects/google_cloud/revoke_oauth_controller.rb:6:3:create,Projects::GoogleCloud::RevokeOauthController,create,unauthenticated,unknown,registered_action,unknown,"[""ep_334f0d596e0dced15098f21d"",""ep_4e6ed80a444c39ca15a5f8ae"",""ep_e7baca0fa471987023c3d270"",""ep_17b75b702aec4bd666294c48""]",handler/action lookup only; no inferred route equivalence or authentication reclassification,"[{""controller"":""projects/google_cloud/revoke_oauth"",""action"":""create"",""verb"":""POST"",""path"":""/*namespace_id/:project_id/-/google_cloud/revoke_oauth"",""path_status"":""static REST expansion; draw/scopes/concerns may add prefixes"",""source"":{""file"":""config/routes/project.rb"",""line"":317,""end_line"":317},""auth_context"":[{""file"":""config/routes/project.rb"",""line"":3,""end_line"":718,""name"":""constraints"",""expression"":""constraints(Projects::ProjectUrlConstraint.new) do"",""conditional"":false}]}]",app/controllers/projects/google_cloud/revoke_oauth_controller.rb,6,d75e5afaa21d45bc04139d4a538ea5954be1ef4f,frontend_gem_api_map/entrypoints.csv
rails_action:app/controllers/projects/google_cloud/service_accounts_controller.rb:27:3:create,Projects::GoogleCloud::ServiceAccountsController,create,unauthenticated,unknown,registered_action,unknown,"[""ep_802d5664ecbf1258df67b21f"",""ep_b6a8113770ea565ac5028f2a"",""ep_3f204740129ed50176afe676"",""ep_4c4b91c13c50cdd020f5dfda""]",handler/action lookup only; no inferred route equivalence or authentication reclassification,"[{""controller"":""projects/google_cloud/service_accounts"",""action"":""create"",""verb"":""POST"",""path"":""/*namespace_id/:project_id/-/google_cloud/service_accounts"",""path_status"":""static REST expansion; draw/scopes/concerns may add prefixes"",""source"":{""file"":""config/routes/project.rb"",""line"":318,""end_line"":318},""auth_context"":[{""file"":""config/routes/project.rb"",""line"":3,""end_line"":718,""name"":""constraints"",""expression"":""constraints(Projects::ProjectUrlConstraint.new) do"",""conditional"":false}]}]",app/controllers/projects/google_cloud/service_accounts_controller.rb,27,d75e5afaa21d45bc04139d4a538ea5954be1ef4f,frontend_gem_api_map/entrypoints.csv
rails_action:app/controllers/projects/google_cloud/service_accounts_controller.rb:6:3:index,Projects::GoogleCloud::ServiceAccountsController,index,unauthenticated,unknown,registered_action,unknown,"[""ep_a53660190b8db05d1b7f3017"",""ep_2e660a7f30179dbc7c444776"",""ep_8bd0ef63a702a49ec28c803b"",""ep_e0489168a9243190a9fdb4c3""]",handler/action lookup only; no inferred route equivalence or authentication reclassification,"[{""controller"":""projects/google_cloud/service_accounts"",""action"":""index"",""verb"":""GET"",""path"":""/*namespace_id/:project_id/-/google_cloud/service_accounts"",""path_status"":""static REST expansion; draw/scopes/concerns may add prefixes"",""source"":{""file"":""config/routes/project.rb"",""line"":318,""end_line"":318},""auth_context"":[{""file"":""config/routes/project.rb"",""line"":3,""end_line"":718,""name"":""constraints"",""expression"":""constraints(Projects::ProjectUrlConstraint.new) do"",""conditional"":false}]}]",app/controllers/projects/google_cloud/service_accounts_controller.rb,6,d75e5afaa21d45bc04139d4a538ea5954be1ef4f,frontend_gem_api_map/entrypoints.csv
rails_action:app/controllers/projects/group_links_controller.rb:27:3:destroy,Projects::GroupLinksController,destroy,unauthenticated,unknown,registered_action,unknown,"[""ep_c42cc1e390d73610635a271c"",""ep_2a483972d789d59a4be83d76"",""ep_88e73abd91d694ceb706084e"",""ep_ef624e483dfc54bb872a02dd""]",handler/action lookup only; no inferred route equivalence or authentication reclassification,"[{""controller"":""projects/group_links"",""action"":""destroy"",""verb"":""DELETE"",""path"":""/*namespace_id/:project_id/-/group_links/:id"",""path_status"":""static REST expansion; draw/scopes/concerns may add prefixes"",""source"":{""file"":""config/routes/project.rb"",""line"":259,""end_line"":259},""auth_context"":[{""file"":""config/routes/project.rb"",""line"":3,""end_line"":718,""name"":""constraints"",""expression"":""constraints(Projects::ProjectUrlConstraint.new) do"",""conditional"":false}]}]",app/controllers/projects/group_links_controller.rb,27,d75e5afaa21d45bc04139d4a538ea5954be1ef4f,frontend_gem_api_map/entrypoints.csv
rails_action:app/controllers/projects/imports_controller.rb:29:3:show,Projects::ImportsController,show,unauthenticated,not in targeted 191-record review,not in targeted review,unknown,"[""ep_f0fc713b61c3e8143c2f6dcf"",""ep_39eec54b5263936c58030bf0"",""ep_d7ff571943a7339adb0a2aaf"",""ep_fae20a1247804c4dc1e71188""]",handler/action lookup only; no inferred route equivalence or authentication reclassification,"[{""controller"":""projects/imports"",""action"":""show"",""verb"":""GET"",""path"":""/*namespace_id/:project_id/-/import"",""path_status"":""static REST expansion; draw/scopes/concerns may add prefixes"",""source"":{""file"":""config/routes/project.rb"",""line"":261,""end_line"":261},""auth_context"":[{""file"":""config/routes/project.rb"",""line"":3,""end_line"":718,""name"":""constraints"",""expression"":""constraints(Projects::ProjectUrlConstraint.new) do"",""conditional"":false}]}]",app/controllers/projects/imports_controller.rb,29,d75e5afaa21d45bc04139d4a538ea5954be1ef4f,frontend_gem_api_map/entrypoints.csv
rails_action:app/controllers/projects/incident_management/pager_duty_incidents_controller.rb:16:7:create,Projects::IncidentManagement::PagerDutyIncidentsController,create,unauthenticated,not in targeted 191-record review,not in targeted review,conditional_anonymous,"[""ep_00fdb5771e0f4c80ecc9bd2a"",""ep_63ffd2e33b5effacaad7c7c6"",""ep_ea6bd27b34b5a311ae7caa70"",""ep_c48f0d1fbbaece7a4032788f""]",handler/action lookup only; no inferred route equivalence or authentication reclassification,"[{""controller"":""projects/incident_management/pager_duty_incidents"",""action"":""create"",""verb"":""POST"",""path"":""/*namespace_id/:project_id/-/incidents/integrations/pagerduty"",""path_status"":""local DSL template; draw/scopes/concerns may add prefixes"",""source"":{""file"":""config/routes/project.rb"",""line"":379,""end_line"":379},""auth_context"":[{""file"":""config/routes/project.rb"",""line"":3,""end_line"":718,""name"":""constraints"",""expression"":""constraints(Projects::ProjectUrlConstraint.new) do"",""conditional"":false}]}]",app/controllers/projects/incident_management/pager_duty_incidents_controller.rb,16,d75e5afaa21d45bc04139d4a538ea5954be1ef4f,frontend_gem_api_map/entrypoints.csv
rails_action:app/controllers/projects/issues_controller.rb:114:3:calendar,Projects::IssuesController,calendar,unauthenticated,not in targeted 191-record review,not in targeted review,conditional_anonymous,"[""ep_798e38dbd882cf1bd479e574"",""ep_2d2acacd110099acba920535"",""ep_06f46452ed518035e17920a8"",""ep_71ca5b097f0b9d1f6c9b6d24""]",handler/action lookup only; no inferred route equivalence or authentication reclassification,[],app/controllers/projects/issues_controller.rb,114,d75e5afaa21d45bc04139d4a538ea5954be1ef4f,frontend_gem_api_map/entrypoints.csv
rails_action:app/controllers/projects/issues_controller.rb:125:3:show,Projects::IssuesController,show,unauthenticated,unknown,public_method_registration_unresolved,unknown,"[""ep_35d2a9215870fc5e9867dc9b"",""ep_b9fff6176255ca7d761883f1"",""ep_3385bf68835a8b2c96812ce5"",""ep_e0aa8f451feaee11daba9dcb"",""ep_e9efb96ccf099df98caa8b1e"",""ep_86c722eed0e5c7173182e875"",""ep_ae3de7f0899a84203181083d"",""ep_95a38f30d305ad1321d7617e""]",handler/action lookup only; no inferred route equivalence or authentication reclassification,[],app/controllers/projects/issues_controller.rb,125,d75e5afaa21d45bc04139d4a538ea5954be1ef4f,frontend_gem_api_map/entrypoints.csv
rails_action:app/controllers/projects/issues_controller.rb:141:3:edit,Projects::IssuesController,edit,unauthenticated,unknown,public_method_registration_unresolved,unknown,"[""ep_a4fedcff894b7367e74e0dc7"",""ep_2e881dccc5e0ffb3656999c4"",""ep_816ef1696b6647023632ecf8"",""ep_4128852234c7361aa5b5d1a0""]",handler/action lookup only; no inferred route equivalence or authentication reclassification,[],app/controllers/projects/issues_controller.rb,141,d75e5afaa21d45bc04139d4a538ea5954be1ef4f,frontend_gem_api_map/entrypoints.csv
rails_action:app/controllers/projects/issues_controller.rb:231:3:can_create_branch,Projects::IssuesController,can_create_branch,unauthenticated,unknown,public_method_registration_unresolved,conditional_anonymous,"[""ep_7be223e27a69e6d50da28192"",""ep_616cd4cddbd5f39f9dae5885"",""ep_179c49a94a167011b35fedb2"",""ep_34d9b712ff8937d9f871b9fc""]",handler/action lookup only; no inferred route equivalence or authentication reclassification,[],app/controllers/projects/issues_controller.rb,231,d75e5afaa21d45bc04139d4a538ea5954be1ef4f,frontend_gem_api_map/entrypoints.csv
rails_action:app/controllers/projects/issues_controller.rb:280:3:service_desk,Projects::IssuesController,service_desk,unauthenticated,not in targeted 191-record review,not in targeted review,conditional_anonymous,"[""ep_bf864e8f29af34147e07ceec"",""ep_f82c606640c6654c79ec9521"",""ep_5dc30447ad55d719217527d1"",""ep_bb157a997ee96180ce876f45""]",handler/action lookup only; no inferred route equivalence or authentication reclassification,[],app/controllers/projects/issues_controller.rb,280,d75e5afaa21d45bc04139d4a538ea5954be1ef4f,frontend_gem_api_map/entrypoints.csv
rails_action:app/controllers/projects/issues_controller.rb:284:3:discussions,Projects::IssuesController,discussions,unauthenticated,unknown,public_method_registration_unresolved,conditional_anonymous,"[""ep_b7a535f1f36df11c56ff97e7"",""ep_ca335cd1b801f21e91fbf83c"",""ep_92254b106d350ea8489edfcb"",""ep_fc28069ee9a4118edf913903""]",handler/action lookup only; no inferred route equivalence or authentication reclassification,[],app/controllers/projects/issues_controller.rb,284,d75e5afaa21d45bc04139d4a538ea5954be1ef4f,frontend_gem_api_map/entrypoints.csv
rails_action:app/controllers/projects/issues_controller.rb:29:3:@prepend_before_action,Projects::IssuesController,@prepend_before_action,unauthenticated,not in targeted 191-record review,not in targeted review,no corresponding handler/action record,[],handler/action lookup only; no inferred route equivalence or authentication reclassification,[],app/controllers/projects/issues_controller.rb,29,d75e5afaa21d45bc04139d4a538ea5954be1ef4f,frontend_gem_api_map/entrypoints.csv
rails_action:app/controllers/projects/issues_controller.rb:30:3:@prepend_before_action,Projects::IssuesController,@prepend_before_action,unauthenticated,not in targeted 191-record review,not in targeted review,no corresponding handler/action record,[],handler/action lookup only; no inferred route equivalence or authentication reclassification,[],app/controllers/projects/issues_controller.rb,30,d75e5afaa21d45bc04139d4a538ea5954be1ef4f,frontend_gem_api_map/entrypoints.csv
rails_action:app/controllers/projects/issues_controller.rb:65:3:@before_action,Projects::IssuesController,@before_action,unauthenticated,unknown,callback_block,no corresponding handler/action record,[],handler/action lookup only; no inferred route equivalence or authentication reclassification,[],app/controllers/projects/issues_controller.rb,65,d75e5afaa21d45bc04139d4a538ea5954be1ef4f,frontend_gem_api_map/entrypoints.csv
rails_action:app/controllers/projects/issues_controller.rb:99:3:index,Projects::IssuesController,index,unauthenticated,unknown,public_method_registration_unresolved,conditional_anonymous,"[""ep_3ce26d0811044225d435869a"",""ep_c614d4cca9f37f88efcc7eb2"",""ep_9d7d3eada5cbffc3b5daf697"",""ep_b8336dea60c63801f22fb17a""]",handler/action lookup only; no inferred route equivalence or authentication reclassification,[],app/controllers/projects/issues_controller.rb,99,d75e5afaa21d45bc04139d4a538ea5954be1ef4f,frontend_gem_api_map/entrypoints.csv
rails_action:app/controllers/projects/legacy_archive_controller.rb:19:5:show,Projects::LegacyArchiveController,show,unauthenticated,not in targeted 191-record review,not in targeted review,conditional_anonymous,"[""ep_26d41f8335e6b397e2983a80"",""ep_0dd5d7885b53a8b0573a3113"",""ep_15bedf450823423a8aae704f"",""ep_b23402c8bb565cd7e1692c57""]",handler/action lookup only; no inferred route equivalence or authentication reclassification,"[{""controller"":""projects/legacy_archive"",""action"":""show"",""verb"":""GET"",""path"":""/*namespace_id/:project_id/repository/archive"",""path_status"":""local DSL template; draw/scopes/concerns may add prefixes"",""source"":{""file"":""config/routes/project.rb"",""line"":673,""end_line"":676},""auth_context"":[{""file"":""config/routes/project.rb"",""line"":3,""end_line"":718,""name"":""constraints"",""expression"":""constraints(Projects::ProjectUrlConstraint.new) do"",""conditional"":false}]}]",app/controllers/projects/legacy_archive_controller.rb,19,d75e5afaa21d45bc04139d4a538ea5954be1ef4f,frontend_gem_api_map/entrypoints.csv
rails_action:app/controllers/projects/ml/candidates_controller.rb:12:7:show,Projects::Ml::CandidatesController,show,unauthenticated,not in targeted 191-record review,not in targeted review,unknown,"[""ep_77fb00ee32de6258633427ce"",""ep_f2d8a8f16caef954d138a227"",""ep_f1a13bb70c58f3ed9140dbab"",""ep_ec7e02a9ef1b9c19517779a8""]",handler/action lookup only; no inferred route equivalence or authentication reclassification,"[{""controller"":""projects/ml/candidates"",""action"":""show"",""verb"":""GET"",""path"":""/*namespace_id/:project_id/-/ml/candidates/:id"",""path_status"":""static REST expansion; draw/scopes/concerns may add prefixes"",""source"":{""file"":""config/routes/project.rb"",""line"":490,""end_line"":494},""auth_context"":[{""file"":""config/routes/project.rb"",""line"":3,""end_line"":718,""name"":""constraints"",""expression"":""constraints(Projects::ProjectUrlConstraint.new) do"",""conditional"":false}]}]",app/controllers/projects/ml/candidates_controller.rb,12,d75e5afaa21d45bc04139d4a538ea5954be1ef4f,frontend_gem_api_map/entrypoints.csv
rails_action:app/controllers/projects/ml/candidates_controller.rb:14:7:promote,Projects::Ml::CandidatesController,promote,unauthenticated,not in targeted 191-record review,not in targeted review,unknown,"[""ep_71a77d838aae5fdcdb8b336e"",""ep_0eb74577860fc2922a6cbad5"",""ep_3ee8a136e076e7a09ad25a7d"",""ep_e32f2954068cceabbd948812""]",handler/action lookup only; no inferred route equivalence or authentication reclassification,"[{""controller"":""projects/ml/candidates"",""action"":""promote"",""verb"":""GET"",""path"":""/*namespace_id/:project_id/-/ml/candidates/promote"",""path_status"":""local DSL template; draw/scopes/concerns may add prefixes"",""source"":{""file"":""config/routes/project.rb"",""line"":492,""end_line"":492},""auth_context"":[{""file"":""config/routes/project.rb"",""line"":3,""end_line"":718,""name"":""constraints"",""expression"":""constraints(Projects::ProjectUrlConstraint.new) do"",""conditional"":false}]}]",app/controllers/projects/ml/candidates_controller.rb,14,d75e5afaa21d45bc04139d4a538ea5954be1ef4f,frontend_gem_api_map/entrypoints.csv
rails_action:app/controllers/projects/ml/candidates_controller.rb:16:7:destroy,Projects::Ml::CandidatesController,destroy,unauthenticated,not in targeted 191-record review,not in targeted review,unknown,"[""ep_c1dc55dd4abc20135f165c5e"",""ep_8df4305953daf1da011245ae"",""ep_d012c3976b92a2d4fd5e721f"",""ep_a5d6475f73a25d0bfb0aaccc""]",handler/action lookup only; no inferred route equivalence or authentication reclassification,"[{""controller"":""projects/ml/candidates"",""action"":""destroy"",""verb"":""DELETE"",""path"":""/*namespace_id/:project_id/-/ml/candidates/:id"",""path_status"":""static REST expansion; draw/scopes/concerns may add prefixes"",""source"":{""file"":""config/routes/project.rb"",""line"":490,""end_line"":494},""auth_context"":[{""file"":""config/routes/project.rb"",""line"":3,""end_line"":718,""name"":""constraints"",""expression"":""constraints(Projects::ProjectUrlConstraint.new) do"",""conditional"":false}]}]",app/controllers/projects/ml/candidates_controller.rb,16,d75e5afaa21d45bc04139d4a538ea5954be1ef4f,frontend_gem_api_map/entrypoints.csv
rails_action:app/controllers/projects/ml/experiments_controller.rb:16:7:index,Projects::Ml::ExperimentsController,index,unauthenticated,not in targeted 191-record review,not in targeted review,unknown,"[""ep_0b01245babef51e26df9747e"",""ep_b280990322859a9543e92a59"",""ep_94ee0ec0b545af0210b0b0ee"",""ep_b0a39d5476e16b96a4326399""]",handler/action lookup only; no inferred route equivalence or authentication reclassification,"[{""controller"":""projects/ml/experiments"",""action"":""index"",""verb"":""GET"",""path"":""/*namespace_id/:project_id/-/ml/experiments"",""path_status"":""static REST expansion; draw/scopes/concerns may add prefixes"",""source"":{""file"":""config/routes/project.rb"",""line"":489,""end_line"":489},""auth_context"":[{""file"":""config/routes/project.rb"",""line"":3,""end_line"":718,""name"":""constraints"",""expression"":""constraints(Projects::ProjectUrlConstraint.new) do"",""conditional"":false}]}]",app/controllers/projects/ml/experiments_controller.rb,16,d75e5afaa21d45bc04139d4a538ea5954be1ef4f,frontend_gem_api_map/entrypoints.csv
rails_action:app/controllers/projects/ml/experiments_controller.rb:18:7:show,Projects::Ml::ExperimentsController,show,unauthenticated,unknown,registered_action,unknown,"[""ep_e7a2d92bfa7c4d313f433f83"",""ep_e8c2ec0578acfa57f9e34318"",""ep_809462815c04226da36e209b"",""ep_ea14cb5d77771c24b3be85a6""]",handler/action lookup only; no inferred route equivalence or authentication reclassification,"[{""controller"":""projects/ml/experiments"",""action"":""show"",""verb"":""GET"",""path"":""/*namespace_id/:project_id/-/ml/experiments/:id"",""path_status"":""static REST expansion; draw/scopes/concerns may add prefixes"",""source"":{""file"":""config/routes/project.rb"",""line"":489,""end_line"":489},""auth_context"":[{""file"":""config/routes/project.rb"",""line"":3,""end_line"":718,""name"":""constraints"",""expression"":""constraints(Projects::ProjectUrlConstraint.new) do"",""conditional"":false}]}]",app/controllers/projects/ml/experiments_controller.rb,18,d75e5afaa21d45bc04139d4a538ea5954be1ef4f,frontend_gem_api_map/entrypoints.csv
rails_action:app/controllers/projects/ml/experiments_controller.rb:42:7:destroy,Projects::Ml::ExperimentsController,destroy,unauthenticated,not in targeted 191-record review,not in targeted review,unknown,"[""ep_35640089c7f8b78cb140fc66"",""ep_8e934a3e67bfb1f87f774c3f"",""ep_adbc96410afdb31da78209f2"",""ep_eb57a9fd92403d785464b150""]",handler/action lookup only; no inferred route equivalence or authentication reclassification,"[{""controller"":""projects/ml/experiments"",""action"":""destroy"",""verb"":""DELETE"",""path"":""/*namespace_id/:project_id/-/ml/experiments/:id"",""path_status"":""static REST expansion; draw/scopes/concerns may add prefixes"",""source"":{""file"":""config/routes/project.rb"",""line"":489,""end_line"":489},""auth_context"":[{""file"":""config/routes/project.rb"",""line"":3,""end_line"":718,""name"":""constraints"",""expression"":""constraints(Projects::ProjectUrlConstraint.new) do"",""conditional"":false}]}]",app/controllers/projects/ml/experiments_controller.rb,42,d75e5afaa21d45bc04139d4a538ea5954be1ef4f,frontend_gem_api_map/entrypoints.csv
rails_action:app/controllers/projects/packages/infrastructure_registry_controller.rb:11:7:show,Projects::Packages::InfrastructureRegistryController,show,unauthenticated,not in targeted 191-record review,not in targeted review,unknown,"[""ep_9118a5af260ecb6e35dbadaa"",""ep_4d666b2632352f92152bb3da"",""ep_1a5a42005dda9e5bfb672d94"",""ep_8ac4576c88896b0fc53d84ba""]",handler/action lookup only; no inferred route equivalence or authentication reclassification,"[{""controller"":""projects/packages/infrastructure_registry"",""action"":""show"",""verb"":""GET"",""path"":""/*namespace_id/:project_id/-/terraform_module_registry/:id"",""path_status"":""static REST expansion; draw/scopes/concerns may add prefixes"",""source"":{""file"":""config/routes/project.rb"",""line"":50,""end_line"":50},""auth_context"":[{""file"":""config/routes/project.rb"",""line"":3,""end_line"":718,""name"":""constraints"",""expression"":""constraints(Projects::ProjectUrlConstraint.new) do"",""conditional"":false}]}]",app/controllers/projects/packages/infrastructure_registry_controller.rb,11,d75e5afaa21d45bc04139d4a538ea5954be1ef4f,frontend_gem_api_map/entrypoints.csv
rails_action:app/controllers/projects/packages/package_files_controller.rb:11:7:download,Projects::Packages::PackageFilesController,download,unauthenticated,unknown,registered_action,unknown,"[""ep_202843f1d9e4276f699a22c2"",""ep_24704246fa4f60c8d3c2b473"",""ep_12e665000378a68de6750661"",""ep_7fa20c923004db7efb406e1c""]",handler/action lookup only; no inferred route equivalence or authentication reclassification,"[{""controller"":""projects/packages/package_files"",""action"":""download"",""verb"":""GET"",""path"":""/*namespace_id/:project_id/-/package_files/download"",""path_status"":""local DSL template; draw/scopes/concerns may add prefixes"",""source"":{""file"":""config/routes/project.rb"",""line"":46,""end_line"":46},""auth_context"":[{""file"":""config/routes/project.rb"",""line"":3,""end_line"":718,""name"":""constraints"",""expression"":""constraints(Projects::ProjectUrlConstraint.new) do"",""conditional"":false}]}]",app/controllers/projects/packages/package_files_controller.rb,11,d75e5afaa21d45bc04139d4a538ea5954be1ef4f,frontend_gem_api_map/entrypoints.csv
rails_action:app/controllers/projects/packages/packages_controller.rb:11:7:index,Projects::Packages::PackagesController,index,unauthenticated,not in targeted 191-record review,not in targeted review,unknown,"[""ep_33b7cd5739c714e9cc26a383"",""ep_d8045389d6518fa9bf49681f"",""ep_ce636711c22db6744eaf297e"",""ep_0d27e319900d157788bf999a""]",handler/action lookup only; no inferred route equivalence or authentication reclassification,"[{""controller"":""projects/packages/packages"",""action"":""index"",""verb"":""GET"",""path"":""/*namespace_id/:project_id/-/packages"",""path_status"":""static REST expansion; draw/scopes/concerns may add prefixes"",""source"":{""file"":""config/routes/project.rb"",""line"":43,""end_line"":43},""auth_context"":[{""file"":""config/routes/project.rb"",""line"":3,""end_line"":718,""name"":""constraints"",""expression"":""constraints(Projects::ProjectUrlConstraint.new) do"",""conditional"":false}]}]",app/controllers/projects/packages/packages_controller.rb,11,d75e5afaa21d45bc04139d4a538ea5954be1ef4f,frontend_gem_api_map/entrypoints.csv
rails_action:app/controllers/projects/packages/packages_controller.rb:14:7:show,Projects::Packages::PackagesController,show,unauthenticated,unknown,registered_action,unknown,"[""ep_146eacca39875b8b32a4ac76"",""ep_d2f2a4326b296673d9ac80b3"",""ep_2f63644a6df32ab0337d8588"",""ep_e85fdf4edffb941868082589""]",handler/action lookup only; no inferred route equivalence or authentication reclassification,"[{""controller"":""projects/packages/packages"",""action"":""show"",""verb"":""GET"",""path"":""/*namespace_id/:project_id/-/packages/:id"",""path_status"":""static REST expansion; draw/scopes/concerns may add prefixes"",""source"":{""file"":""config/routes/project.rb"",""line"":43,""end_line"":43},""auth_context"":[{""file"":""config/routes/project.rb"",""line"":3,""end_line"":718,""name"":""constraints"",""expression"":""constraints(Projects::ProjectUrlConstraint.new) do"",""conditional"":false}]}]",app/controllers/projects/packages/packages_controller.rb,14,d75e5afaa21d45bc04139d4a538ea5954be1ef4f,frontend_gem_api_map/entrypoints.csv
rails_action:app/controllers/projects/project_members_controller.rb:15:3:index,Projects::ProjectMembersController,index,unauthenticated,unknown,registered_action,conditional_anonymous,"[""ep_b72cc644f15533f6cd740d49"",""ep_60937053404d4d7d3075604a"",""ep_b8b25f46a06f58918534ecaf"",""ep_06320b008fddb01d9f472042""]",handler/action lookup only; no inferred route equivalence or authentication reclassification,"[{""controller"":""projects/project_members"",""action"":""index"",""verb"":""GET"",""path"":""/*namespace_id/:project_id/-/project_members"",""path_status"":""static REST expansion; draw/scopes/concerns may add prefixes"",""source"":{""file"":""config/routes/project.rb"",""line"":190,""end_line"":200},""auth_context"":[{""file"":""config/routes/project.rb"",""line"":3,""end_line"":718,""name"":""constraints"",""expression"":""constraints(Projects::ProjectUrlConstraint.new) do"",""conditional"":false}]}]",app/controllers/projects/project_members_controller.rb,15,d75e5afaa21d45bc04139d4a538ea5954be1ef4f,frontend_gem_api_map/entrypoints.csv
rails_action:app/controllers/projects/redirect_controller.rb:11:3:redirect_from_id,Projects::RedirectController,redirect_from_id,unauthenticated,not in targeted 191-record review,not in targeted review,conditional_anonymous,"[""ep_cb846ad10170aa9e05e66947"",""ep_6934eaa7fe378e3043ef4cc4"",""ep_74f840948ab65260582332bf"",""ep_65b5f930ff1c911551b61931"",""ep_022aba79ad7fb9baff5061cd"",""ep_27406d418c7f887faa5065af"",""ep_6cf4be1b19944db718a8c8e6"",""ep_21348c124fd2d36b78ab78ae""]",handler/action lookup only; no inferred route equivalence or authentication reclassification,"[{""controller"":""projects/redirect"",""action"":""redirect_from_id"",""verb"":""GET"",""path"":""//projects/:id"",""path_status"":""local DSL template; draw/scopes/concerns may add prefixes"",""source"":{""file"":""config/routes.rb"",""line"":333,""end_line"":333},""auth_context"":[]},{""controller"":""projects/redirect"",""action"":""redirect_from_id"",""verb"":""GET"",""path"":""//-/p/:id"",""path_status"":""local DSL template; draw/scopes/concerns may add prefixes"",""source"":{""file"":""config/routes.rb"",""line"":334,""end_line"":334},""auth_context"":[]}]",app/controllers/projects/redirect_controller.rb,11,d75e5afaa21d45bc04139d4a538ea5954be1ef4f,frontend_gem_api_map/entrypoints.csv
rails_action:app/controllers/projects/security/configuration_controller.rb:11:7:show,Projects::Security::ConfigurationController,show,unauthenticated,unknown,registered_action,unknown,"[""ep_4cccf6e4969bcf5b22982eee"",""ep_ef24ed26fb795dde2be24aa7"",""ep_939f2cead52ac1a97d54efc1"",""ep_5c9cb60765403d372023a41f""]",handler/action lookup only; no inferred route equivalence or authentication reclassification,"[{""controller"":""projects/security/configuration"",""action"":""show"",""verb"":""GET"",""path"":""/*namespace_id/:project_id/-/security/configuration"",""path_status"":""static REST expansion; draw/scopes/concerns may add prefixes"",""source"":{""file"":""config/routes/project.rb"",""line"":36,""end_line"":38},""auth_context"":[{""file"":""config/routes/project.rb"",""line"":3,""end_line"":718,""name"":""constraints"",""expression"":""constraints(Projects::ProjectUrlConstraint.new) do"",""conditional"":false}]}]",app/controllers/projects/security/configuration_controller.rb,11,d75e5afaa21d45bc04139d4a538ea5954be1ef4f,frontend_gem_api_map/entrypoints.csv
rails_action:app/controllers/projects/settings/access_tokens_controller.rb:14:7:resource_access_tokens_path,Projects::Settings::AccessTokensController,resource_access_tokens_path,unauthenticated,not in targeted 191-record review,not in targeted review,no corresponding handler/action record,[],handler/action lookup only; no inferred route equivalence or authentication reclassification,[],app/controllers/projects/settings/access_tokens_controller.rb,14,d75e5afaa21d45bc04139d4a538ea5954be1ef4f,frontend_gem_api_map/entrypoints.csv
rails_action:app/controllers/projects/snippets_controller.rb:19:3:index,Projects::SnippetsController,index,unauthenticated,unknown,registered_action,conditional_anonymous,"[""ep_7c88a48809e4c5252ce3fb33"",""ep_054947fca58f2cb53831a78b"",""ep_93095c254502d9a76745b737"",""ep_0c8c85362bc8e232035e3df8""]",handler/action lookup only; no inferred route equivalence or authentication reclassification,"[{""controller"":""projects/snippets"",""action"":""index"",""verb"":""GET"",""path"":""/*namespace_id/:project_id/-/snippets"",""path_status"":""static REST expansion; draw/scopes/concerns may add prefixes"",""source"":{""file"":""config/routes/project.rb"",""line"":435,""end_line"":440},""auth_context"":[{""file"":""config/routes/project.rb"",""line"":3,""end_line"":718,""name"":""constraints"",""expression"":""constraints(Projects::ProjectUrlConstraint.new) do"",""conditional"":false}]}]",app/controllers/projects/snippets_controller.rb,19,d75e5afaa21d45bc04139d4a538ea5954be1ef4f,frontend_gem_api_map/entrypoints.csv
rails_action:app/controllers/projects/starrers_controller.rb:10:3:index,Projects::StarrersController,index,unauthenticated,unknown,registered_action,conditional_anonymous,"[""ep_0c19f22d97032be6b7ded1ea"",""ep_98dd99ba69dd6a842f89541f"",""ep_9a91b32a7ad1ae46adeb4c60"",""ep_65fdcf6b7bb94e23d695f1e2""]",handler/action lookup only; no inferred route equivalence or authentication reclassification,"[{""controller"":""projects/starrers"",""action"":""index"",""verb"":""GET"",""path"":""/*namespace_id/:project_id/-/starrers"",""path_status"":""static REST expansion; draw/scopes/concerns may add prefixes"",""source"":{""file"":""config/routes/project.rb"",""line"":257,""end_line"":257},""auth_context"":[{""file"":""config/routes/project.rb"",""line"":3,""end_line"":718,""name"":""constraints"",""expression"":""constraints(Projects::ProjectUrlConstraint.new) do"",""conditional"":false}]}]",app/controllers/projects/starrers_controller.rb,10,d75e5afaa21d45bc04139d4a538ea5954be1ef4f,frontend_gem_api_map/entrypoints.csv
rails_action:app/controllers/projects/work_items_controller.rb:103:5:rss,Projects::WorkItemsController,rss,unauthenticated,unknown,registered_action,conditional_anonymous,"[""ep_bc7820240754a0737e35a39b"",""ep_58d289eb1524fe07a18e8410"",""ep_1bcab34e2af6b1f4e61a6714"",""ep_73c62574dd9ec9cd44cb6117""]",handler/action lookup only; no inferred route equivalence or authentication reclassification,"[{""controller"":""projects/work_items"",""action"":""rss"",""verb"":""GET"",""path"":""/*namespace_id/:project_id/-/work_items"",""path_status"":""local DSL template; draw/scopes/concerns may add prefixes"",""source"":{""file"":""config/routes/project.rb"",""line"":364,""end_line"":364},""auth_context"":[{""file"":""config/routes/project.rb"",""line"":3,""end_line"":718,""name"":""constraints"",""expression"":""constraints(Projects::ProjectUrlConstraint.new) do"",""conditional"":false}]}]",app/controllers/projects/work_items_controller.rb,103,d75e5afaa21d45bc04139d4a538ea5954be1ef4f,frontend_gem_api_map/entrypoints.csv
rails_action:app/controllers/projects/work_items_controller.rb:13:5:@before_action,Projects::WorkItemsController,@before_action,unauthenticated,unknown,callback_block,no corresponding handler/action record,[],handler/action lookup only; no inferred route equivalence or authentication reclassification,[],app/controllers/projects/work_items_controller.rb,13,d75e5afaa21d45bc04139d4a538ea5954be1ef4f,frontend_gem_api_map/entrypoints.csv
rails_action:app/controllers/projects/work_items_controller.rb:28:5:@prepend_before_action,Projects::WorkItemsController,@prepend_before_action,unauthenticated,not in targeted 191-record review,not in targeted review,no corresponding handler/action record,[],handler/action lookup only; no inferred route equivalence or authentication reclassification,[],app/controllers/projects/work_items_controller.rb,28,d75e5afaa21d45bc04139d4a538ea5954be1ef4f,frontend_gem_api_map/entrypoints.csv
rails_action:app/controllers/projects/work_items_controller.rb:29:5:@prepend_before_action,Projects::WorkItemsController,@prepend_before_action,unauthenticated,not in targeted 191-record review,not in targeted review,no corresponding handler/action record,[],handler/action lookup only; no inferred route equivalence or authentication reclassification,[],app/controllers/projects/work_items_controller.rb,29,d75e5afaa21d45bc04139d4a538ea5954be1ef4f,frontend_gem_api_map/entrypoints.csv
rails_action:app/controllers/projects/work_items_controller.rb:51:5:index,Projects::WorkItemsController,index,unauthenticated,not in targeted 191-record review,not in targeted review,unknown,"[""ep_5b3da612f5c8cb32f7604319"",""ep_621ef4cf68c315e89d237d7e"",""ep_87902655d8b7c9cf48d30653"",""ep_1a1129b0160de8c9be431c49""]",handler/action lookup only; no inferred route equivalence or authentication reclassification,"[{""controller"":""projects/work_items"",""action"":""index"",""verb"":""GET"",""path"":""/*namespace_id/:project_id/-/work_items"",""path_status"":""static REST expansion; draw/scopes/concerns may add prefixes"",""source"":{""file"":""config/routes/project.rb"",""line"":368,""end_line"":377},""auth_context"":[{""file"":""config/routes/project.rb"",""line"":3,""end_line"":718,""name"":""constraints"",""expression"":""constraints(Projects::ProjectUrlConstraint.new) do"",""conditional"":false}]}]",app/controllers/projects/work_items_controller.rb,51,d75e5afaa21d45bc04139d4a538ea5954be1ef4f,frontend_gem_api_map/entrypoints.csv
rails_action:app/controllers/projects/work_items_controller.rb:73:5:show,Projects::WorkItemsController,show,unauthenticated,not in targeted 191-record review,not in targeted review,conditional_anonymous | unknown,"[""ep_60174dabdf0847fbb6838c87"",""ep_98766a13b57a426c2f7e0dff"",""ep_37386b8d6a012b5355792a18"",""ep_8cb989f433e64b02c769df73"",""ep_127d6bf1e42461266be73990"",""ep_21afa67662fde6d7903d04d9"",""ep_a4ad1da86b2dcc9c072d2c81"",""ep_5c17a66015af0be949cb4297""]",handler/action lookup only; no inferred route equivalence or authentication reclassification,"[{""controller"":""projects/work_items"",""action"":""show"",""verb"":""GET"",""path"":""/*namespace_id/:project_id/-/work_items/:id"",""path_status"":""static REST expansion; draw/scopes/concerns may add prefixes"",""source"":{""file"":""config/routes/project.rb"",""line"":368,""end_line"":377},""auth_context"":[{""file"":""config/routes/project.rb"",""line"":3,""end_line"":718,""name"":""constraints"",""expression"":""constraints(Projects::ProjectUrlConstraint.new) do"",""conditional"":false}]},{""controller"":""projects/work_items"",""action"":""show"",""verb"":""GET"",""path"":""/*namespace_id/:project_id/-/work_items//designs(/*vueroute)"",""path_status"":""local DSL template; draw/scopes/concerns may add prefixes"",""source"":{""file"":""config/routes/project.rb"",""line"":375,""end_line"":375},""auth_context"":[{""file"":""config/routes/project.rb"",""line"":3,""end_line"":718,""name"":""constraints"",""expression"":""constraints(Projects::ProjectUrlConstraint.new) do"",""conditional"":false}]}]",app/controllers/projects/work_items_controller.rb,73,d75e5afaa21d45bc04139d4a538ea5954be1ef4f,frontend_gem_api_map/entrypoints.csv
rails_action:app/controllers/projects/work_items_controller.rb:79:5:edit,Projects::WorkItemsController,edit,unauthenticated,not in targeted 191-record review,not in targeted review,unknown,"[""ep_aad5cc94b38d201d37ccbba3"",""ep_0e5054d6e1985a111aaa8f90"",""ep_06bfb36d66ccf26d33c7b694"",""ep_b573902d249fc3f37ea67924""]",handler/action lookup only; no inferred route equivalence or authentication reclassification,"[{""controller"":""projects/work_items"",""action"":""edit"",""verb"":""GET"",""path"":""/*namespace_id/:project_id/-/work_items/:id/edit"",""path_status"":""static REST expansion; draw/scopes/concerns may add prefixes"",""source"":{""file"":""config/routes/project.rb"",""line"":368,""end_line"":377},""auth_context"":[{""file"":""config/routes/project.rb"",""line"":3,""end_line"":718,""name"":""constraints"",""expression"":""constraints(Projects::ProjectUrlConstraint.new) do"",""conditional"":false}]}]",app/controllers/projects/work_items_controller.rb,79,d75e5afaa21d45bc04139d4a538ea5954be1ef4f,frontend_gem_api_map/entrypoints.csv
rails_action:app/controllers/projects/work_items_controller.rb:93:5:calendar,Projects::WorkItemsController,calendar,unauthenticated,not in targeted 191-record review,not in targeted review,conditional_anonymous,"[""ep_5e18d6f5e57a73dcf37cba7d"",""ep_c930914063582be5a31e7d7c"",""ep_2da4220f6a37c740d4fdbb7d"",""ep_d804f33c22851e3c2e6be7f3""]",handler/action lookup only; no inferred route equivalence or authentication reclassification,"[{""controller"":""projects/work_items"",""action"":""calendar"",""verb"":""GET"",""path"":""/*namespace_id/:project_id/-/work_items"",""path_status"":""local DSL template; draw/scopes/concerns may add prefixes"",""source"":{""file"":""config/routes/project.rb"",""line"":363,""end_line"":363},""auth_context"":[{""file"":""config/routes/project.rb"",""line"":3,""end_line"":718,""name"":""constraints"",""expression"":""constraints(Projects::ProjectUrlConstraint.new) do"",""conditional"":false}]}]",app/controllers/projects/work_items_controller.rb,93,d75e5afaa21d45bc04139d4a538ea5954be1ef4f,frontend_gem_api_map/entrypoints.csv
rails_action:app/controllers/projects_controller.rb:165:3:activity,ProjectsController,activity,unauthenticated,unknown,registered_action,conditional_anonymous,"[""ep_a572fd4ecfc2b085d9010912"",""ep_8c8ace831dfa8f8417406a98"",""ep_9b9268ed81a85cd8e9eca3c1"",""ep_e3ab8ac252943f8693bdfabb""]",handler/action lookup only; no inferred route equivalence or authentication reclassification,"[{""controller"":""projects"",""action"":""activity"",""verb"":""GET"",""path"":""/*namespace_id///activity"",""path_status"":""local DSL template; draw/scopes/concerns may add prefixes"",""source"":{""file"":""config/routes/project.rb"",""line"":710,""end_line"":710},""auth_context"":[{""file"":""config/routes/project.rb"",""line"":3,""end_line"":718,""name"":""constraints"",""expression"":""constraints(Projects::ProjectUrlConstraint.new) do"",""conditional"":false}]}]",app/controllers/projects_controller.rb,165,d75e5afaa21d45bc04139d4a538ea5954be1ef4f,frontend_gem_api_map/entrypoints.csv
rails_action:app/controllers/projects_controller.rb:175:3:show,ProjectsController,show,unauthenticated,unknown,registered_action,conditional_anonymous,"[""ep_87dc5349ff84bd27dee53bf0"",""ep_c6e368cc21c230cfed4d6a92"",""ep_7f055cd4c20b7bda1f5d9160"",""ep_00b86a0bfaebf752cf2cc092""]",handler/action lookup only; no inferred route equivalence or authentication reclassification,"[{""controller"":""projects"",""action"":""show"",""verb"":""GET"",""path"":""/*namespace_id///:id"",""path_status"":""static REST expansion; draw/scopes/concerns may add prefixes"",""source"":{""file"":""config/routes/project.rb"",""line"":693,""end_line"":715},""auth_context"":[{""file"":""config/routes/project.rb"",""line"":3,""end_line"":718,""name"":""constraints"",""expression"":""constraints(Projects::ProjectUrlConstraint.new) do"",""conditional"":false}]}]",app/controllers/projects_controller.rb,175,d75e5afaa21d45bc04139d4a538ea5954be1ef4f,frontend_gem_api_map/entrypoints.csv
rails_action:app/controllers/projects_controller.rb:413:3:unfoldered_environment_names,ProjectsController,unfoldered_environment_names,unauthenticated,unknown,registered_action,conditional_anonymous,"[""ep_aa0d14b6c898df0555cc60d6"",""ep_97c1bce6fc03597b0f048ac5"",""ep_757fcae56f8aa2882e937224"",""ep_d0c84ea37e6d13a3e11a7922""]",handler/action lookup only; no inferred route equivalence or authentication reclassification,"[{""controller"":""projects"",""action"":""unfoldered_environment_names"",""verb"":""GET"",""path"":""/*namespace_id///unfoldered_environment_names"",""path_status"":""local DSL template; draw/scopes/concerns may add prefixes"",""source"":{""file"":""config/routes/project.rb"",""line"":713,""end_line"":713},""auth_context"":[{""file"":""config/routes/project.rb"",""line"":3,""end_line"":718,""name"":""constraints"",""expression"":""constraints(Projects::ProjectUrlConstraint.new) do"",""conditional"":false}]}]",app/controllers/projects_controller.rb,413,d75e5afaa21d45bc04139d4a538ea5954be1ef4f,frontend_gem_api_map/entrypoints.csv
rails_action:app/controllers/projects_controller.rb:84:3:index,ProjectsController,index,unauthenticated,not in targeted 191-record review,not in targeted review,conditional_anonymous,"[""ep_4c843ef40771bc1427504f03"",""ep_8133754d27f5be947666dc4a"",""ep_3cbe8f98ed85cdc01b9c706d"",""ep_89d544c43f7515b7a4dd385b""]",handler/action lookup only; no inferred route equivalence or authentication reclassification,"[{""controller"":""projects"",""action"":""index"",""verb"":""GET"",""path"":""/projects"",""path_status"":""static REST expansion; draw/scopes/concerns may add prefixes"",""source"":{""file"":""config/routes.rb"",""line"":331,""end_line"":331},""auth_context"":[]}]",app/controllers/projects_controller.rb,84,d75e5afaa21d45bc04139d4a538ea5954be1ef4f,frontend_gem_api_map/entrypoints.csv
rails_action:app/controllers/pwa_controller.rb:11:3:manifest,PwaController,manifest,unauthenticated,not in targeted 191-record review,not in targeted review,unknown,"[""ep_d82b85048437f03c46454c97"",""ep_81727a91e5ca0a4a0143fe3d"",""ep_fc9b3053955ba26e5f2d6004"",""ep_91634bad0ebe28ede87d1be7""]",handler/action lookup only; no inferred route equivalence or authentication reclassification,"[{""controller"":""pwa"",""action"":""manifest"",""verb"":""GET"",""path"":""/-/manifest"",""path_status"":""local DSL template; draw/scopes/concerns may add prefixes"",""source"":{""file"":""config/routes.rb"",""line"":140,""end_line"":140},""auth_context"":[]}]",app/controllers/pwa_controller.rb,11,d75e5afaa21d45bc04139d4a538ea5954be1ef4f,frontend_gem_api_map/entrypoints.csv
rails_action:app/controllers/pwa_controller.rb:13:3:offline,PwaController,offline,unauthenticated,not in targeted 191-record review,not in targeted review,unknown,"[""ep_52b9faa646205676da5c5ff5"",""ep_367fffa6f00c6e8b2129b6ef"",""ep_116c43ace724696cf2826d18"",""ep_524bad89229488765f5666d3""]",handler/action lookup only; no inferred route equivalence or authentication reclassification,"[{""controller"":""pwa"",""action"":""offline"",""verb"":""GET"",""path"":""/-/offline"",""path_status"":""local DSL template; draw/scopes/concerns may add prefixes"",""source"":{""file"":""config/routes.rb"",""line"":139,""end_line"":139},""auth_context"":[]}]",app/controllers/pwa_controller.rb,13,d75e5afaa21d45bc04139d4a538ea5954be1ef4f,frontend_gem_api_map/entrypoints.csv
rails_action:app/controllers/root_controller.rb:45:3:index,RootController,index,unauthenticated,unknown,public_method_registration_unresolved,unknown,"[""ep_90a9a7f5bf614731a2a6ea3a"",""ep_7dac5ba19f988b7cdab8e511"",""ep_737650d10431dcfc6bce995c"",""ep_6fb8010e49cb414552c192b5""]",handler/action lookup only; no inferred route equivalence or authentication reclassification,[],app/controllers/root_controller.rb,45,d75e5afaa21d45bc04139d4a538ea5954be1ef4f,frontend_gem_api_map/entrypoints.csv
rails_action:app/controllers/sandbox_controller.rb:14:3:mermaid_v11,SandboxController,mermaid_v11,unauthenticated,unauthenticated,registered_action,conditional_anonymous | unauthenticated,"[""ep_d60f5413e2dcd6dab3ff2e07"",""ep_ff8f0488f03ee3aa929b6a61"",""ep_2f0b8c2af272f1c16f51a48b"",""ep_cf1e83b097f8ce5b055a8a38""]",handler/action lookup only; no inferred route equivalence or authentication reclassification,"[{""controller"":""sandbox"",""action"":""mermaid_v11"",""verb"":""GET"",""path"":""/-//sandbox/mermaid_v11"",""path_status"":""local DSL template; draw/scopes/concerns may add prefixes"",""source"":{""file"":""config/routes.rb"",""line"":124,""end_line"":124},""auth_context"":[]}]",app/controllers/sandbox_controller.rb,14,d75e5afaa21d45bc04139d4a538ea5954be1ef4f,frontend_gem_api_map/entrypoints.csv
rails_action:app/controllers/sandbox_controller.rb:18:3:swagger,SandboxController,swagger,unauthenticated,unauthenticated,registered_action,conditional_anonymous | unauthenticated,"[""ep_81fa96709c8e7b09e2ebc5d9"",""ep_f81ba9935264b2cb46b1713f"",""ep_710ce1a00a2c265bbacc8730"",""ep_1a0c441caa153e5b176fc424""]",handler/action lookup only; no inferred route equivalence or authentication reclassification,"[{""controller"":""sandbox"",""action"":""swagger"",""verb"":""GET"",""path"":""/-//sandbox/swagger"",""path_status"":""local DSL template; draw/scopes/concerns may add prefixes"",""source"":{""file"":""config/routes.rb"",""line"":125,""end_line"":125},""auth_context"":[]}]",app/controllers/sandbox_controller.rb,18,d75e5afaa21d45bc04139d4a538ea5954be1ef4f,frontend_gem_api_map/entrypoints.csv
rails_action:app/controllers/sent_notifications_controller.rb:16:3:unsubscribe,SentNotificationsController,unsubscribe,unauthenticated,unauthenticated,registered_action,conditional_anonymous,"[""ep_ae671a4a34b4764b5789f6b7"",""ep_4e4632a90f1d05f24c864eb7"",""ep_2e320344cabc8451bf9c542f"",""ep_1815bd46ad8cbdc09567ab63"",""ep_d8876af73ed45f05f6be94f5"",""ep_38aca1c681841f6ed33ba521""]",handler/action lookup only; no inferred route equivalence or authentication reclassification,"[{""controller"":""sent_notifications"",""action"":""unsubscribe"",""verb"":""MATCH"",""path"":""/-/sent_notifications/unsubscribe"",""path_status"":""local DSL template; draw/scopes/concerns may add prefixes"",""source"":{""file"":""config/routes.rb"",""line"":241,""end_line"":241},""auth_context"":[]},{""controller"":""sent_notifications"",""action"":""unsubscribe"",""verb"":""MATCH"",""path"":""/-/namespace/:namespace_id/sent_notifications/unsubscribe"",""path_status"":""local DSL template; draw/scopes/concerns may add prefixes"",""source"":{""file"":""config/routes.rb"",""line"":426,""end_line"":426},""auth_context"":[]}]",app/controllers/sent_notifications_controller.rb,16,d75e5afaa21d45bc04139d4a538ea5954be1ef4f,frontend_gem_api_map/entrypoints.csv
rails_action:app/controllers/snippets_controller.rb:19:3:index,SnippetsController,index,unauthenticated,not in targeted 191-record review,not in targeted review,conditional_anonymous,"[""ep_3879175f668e01d9e6e1ef75"",""ep_ceefba4ac4b0bd14ad50fe85"",""ep_4da84d0b313479e643b101b3"",""ep_8864894fca59f510fdd8846c""]",handler/action lookup only; no inferred route equivalence or authentication reclassification,"[{""controller"":""snippets"",""action"":""index"",""verb"":""GET"",""path"":""/snippets"",""path_status"":""static REST expansion; draw/scopes/concerns may add prefixes"",""source"":{""file"":""config/routes/snippets.rb"",""line"":3,""end_line"":16},""auth_context"":[]}]",app/controllers/snippets_controller.rb,19,d75e5afaa21d45bc04139d4a538ea5954be1ef4f,frontend_gem_api_map/entrypoints.csv
rails_action:app/controllers/terraform/services_controller.rb:8:3:index,Terraform::ServicesController,index,unauthenticated,unauthenticated,registered_action,conditional_anonymous | unauthenticated,"[""ep_5858e79d5022185e25fe18a5"",""ep_7d8f36aa3652257ffb969407"",""ep_fce46c87574df105136e72e2"",""ep_285c2e8f358c6bf508d179ef""]",handler/action lookup only; no inferred route equivalence or authentication reclassification,"[{""controller"":""terraform/services"",""action"":""index"",""verb"":""GET"",""path"":""/.well-known/terraform.json"",""path_status"":""local DSL template; draw/scopes/concerns may add prefixes"",""source"":{""file"":""config/routes.rb"",""line"":116,""end_line"":116},""auth_context"":[]}]",app/controllers/terraform/services_controller.rb,8,d75e5afaa21d45bc04139d4a538ea5954be1ef4f,frontend_gem_api_map/entrypoints.csv
rails_action:app/controllers/uploads_controller.rb:104:3:cache_settings,UploadsController,cache_settings,unauthenticated,not in targeted 191-record review,not in targeted review,no corresponding handler/action record,[],handler/action lookup only; no inferred route equivalence or authentication reclassification,[],app/controllers/uploads_controller.rb,104,d75e5afaa21d45bc04139d4a538ea5954be1ef4f,frontend_gem_api_map/entrypoints.csv
rails_action:app/controllers/uploads_controller.rb:113:3:secret?,UploadsController,secret?,unauthenticated,not in targeted 191-record review,not in targeted review,no corresponding handler/action record,[],handler/action lookup only; no inferred route equivalence or authentication reclassification,[],app/controllers/uploads_controller.rb,113,d75e5afaa21d45bc04139d4a538ea5954be1ef4f,frontend_gem_api_map/entrypoints.csv
rails_action:app/controllers/uploads_controller.rb:117:3:upload_model_class,UploadsController,upload_model_class,unauthenticated,not in targeted 191-record review,not in targeted review,no corresponding handler/action record,[],handler/action lookup only; no inferred route equivalence or authentication reclassification,[],app/controllers/uploads_controller.rb,117,d75e5afaa21d45bc04139d4a538ea5954be1ef4f,frontend_gem_api_map/entrypoints.csv
rails_action:app/controllers/uploads_controller.rb:121:3:upload_model_class_has_mounts?,UploadsController,upload_model_class_has_mounts?,unauthenticated,not in targeted 191-record review,not in targeted review,no corresponding handler/action record,[],handler/action lookup only; no inferred route equivalence or authentication reclassification,[],app/controllers/uploads_controller.rb,121,d75e5afaa21d45bc04139d4a538ea5954be1ef4f,frontend_gem_api_map/entrypoints.csv
rails_action:app/controllers/uploads_controller.rb:125:3:upload_mount_satisfied?,UploadsController,upload_mount_satisfied?,unauthenticated,unknown,public_method_registration_unresolved,no corresponding handler/action record,[],handler/action lookup only; no inferred route equivalence or authentication reclassification,[],app/controllers/uploads_controller.rb,125,d75e5afaa21d45bc04139d4a538ea5954be1ef4f,frontend_gem_api_map/entrypoints.csv
rails_action:app/controllers/uploads_controller.rb:39:3:uploader_class,UploadsController,uploader_class,unauthenticated,not in targeted 191-record review,not in targeted review,no corresponding handler/action record,[],handler/action lookup only; no inferred route equivalence or authentication reclassification,[],app/controllers/uploads_controller.rb,39,d75e5afaa21d45bc04139d4a538ea5954be1ef4f,frontend_gem_api_map/entrypoints.csv
rails_action:app/controllers/uploads_controller.rb:43:3:permitted_params,UploadsController,permitted_params,unauthenticated,not in targeted 191-record review,not in targeted review,no corresponding handler/action record,[],handler/action lookup only; no inferred route equivalence or authentication reclassification,[],app/controllers/uploads_controller.rb,43,d75e5afaa21d45bc04139d4a538ea5954be1ef4f,frontend_gem_api_map/entrypoints.csv
rails_action:app/controllers/uploads_controller.rb:47:3:find_model,UploadsController,find_model,unauthenticated,not in targeted 191-record review,not in targeted review,no corresponding handler/action record,[],handler/action lookup only; no inferred route equivalence or authentication reclassification,[],app/controllers/uploads_controller.rb,47,d75e5afaa21d45bc04139d4a538ea5954be1ef4f,frontend_gem_api_map/entrypoints.csv
rails_action:app/controllers/uploads_controller.rb:51:3:authorized?,UploadsController,authorized?,unauthenticated,unknown,public_method_registration_unresolved,no corresponding handler/action record,[],handler/action lookup only; no inferred route equivalence or authentication reclassification,[],app/controllers/uploads_controller.rb,51,d75e5afaa21d45bc04139d4a538ea5954be1ef4f,frontend_gem_api_map/entrypoints.csv
rails_action:app/controllers/uploads_controller.rb:80:3:authorize_access!,UploadsController,authorize_access!,unauthenticated,unknown,public_method_registration_unresolved,no corresponding handler/action record,[],handler/action lookup only; no inferred route equivalence or authentication reclassification,[],app/controllers/uploads_controller.rb,80,d75e5afaa21d45bc04139d4a538ea5954be1ef4f,frontend_gem_api_map/entrypoints.csv
rails_action:app/controllers/uploads_controller.rb:84:3:authorize_create_access!,UploadsController,authorize_create_access!,unauthenticated,unknown,public_method_registration_unresolved,no corresponding handler/action record,[],handler/action lookup only; no inferred route equivalence or authentication reclassification,[],app/controllers/uploads_controller.rb,84,d75e5afaa21d45bc04139d4a538ea5954be1ef4f,frontend_gem_api_map/entrypoints.csv
rails_action:app/controllers/uploads_controller.rb:96:3:render_unauthorized,UploadsController,render_unauthorized,unauthenticated,unknown,public_method_registration_unresolved,no corresponding handler/action record,[],handler/action lookup only; no inferred route equivalence or authentication reclassification,[],app/controllers/uploads_controller.rb,96,d75e5afaa21d45bc04139d4a538ea5954be1ef4f,frontend_gem_api_map/entrypoints.csv
rails_action:app/controllers/users/redirect_controller.rb:9:5:redirect_from_id,Users::RedirectController,redirect_from_id,unauthenticated,unauthenticated,registered_action,conditional_anonymous | unauthenticated,"[""ep_82e134457e64258e79df2ece"",""ep_7c58d6fc73ce6aba46dbff92"",""ep_1ffded28718f3f7f6d609dcb"",""ep_3fce8d6b9da7704a2131d03f""]",handler/action lookup only; no inferred route equivalence or authentication reclassification,"[{""controller"":""users/redirect"",""action"":""redirect_from_id"",""verb"":""GET"",""path"":""//-/u/:id"",""path_status"":""local DSL template; draw/scopes/concerns may add prefixes"",""source"":{""file"":""config/routes.rb"",""line"":381,""end_line"":381},""auth_context"":[]}]",app/controllers/users/redirect_controller.rb,9,d75e5afaa21d45bc04139d4a538ea5954be1ef4f,frontend_gem_api_map/entrypoints.csv
rails_action:app/controllers/users/terms_controller.rb:20:5:index,Users::TermsController,index,unauthenticated,not in targeted 191-record review,not in targeted review,conditional_anonymous | unauthenticated,"[""ep_70e0f7abb9e08a86fde3684b"",""ep_feccd3854d70e3602414ea6d"",""ep_54f2982dab05038036df40ac"",""ep_1270cf506cd0f69a5c163ee9""]",handler/action lookup only; no inferred route equivalence or authentication reclassification,"[{""controller"":""users/terms"",""action"":""index"",""verb"":""GET"",""path"":""/-/users/terms"",""path_status"":""static REST expansion; draw/scopes/concerns may add prefixes"",""source"":{""file"":""config/routes/user.rb"",""line"":82,""end_line"":85},""auth_context"":[]}]",app/controllers/users/terms_controller.rb,20,d75e5afaa21d45bc04139d4a538ea5954be1ef4f,frontend_gem_api_map/entrypoints.csv
rails_action:app/controllers/users/unsubscribes_controller.rb:13:5:create,Users::UnsubscribesController,create,unauthenticated,not in targeted 191-record review,not in targeted review,conditional_anonymous | unauthenticated,"[""ep_ed55030923004790f96d0082"",""ep_e630631eb99166c8bb25f086"",""ep_224220f9f1f5f3bd9baaca75"",""ep_370378a00f2a8af1bfd5dde6""]",handler/action lookup only; no inferred route equivalence or authentication reclassification,"[{""controller"":""users/unsubscribes"",""action"":""create"",""verb"":""POST"",""path"":""/unsubscribes/:email"",""path_status"":""local DSL template; draw/scopes/concerns may add prefixes"",""source"":{""file"":""config/routes/user.rb"",""line"":4,""end_line"":4},""auth_context"":[]}]",app/controllers/users/unsubscribes_controller.rb,13,d75e5afaa21d45bc04139d4a538ea5954be1ef4f,frontend_gem_api_map/entrypoints.csv
rails_action:app/controllers/users/unsubscribes_controller.rb:9:5:show,Users::UnsubscribesController,show,unauthenticated,not in targeted 191-record review,not in targeted review,conditional_anonymous | unauthenticated,"[""ep_137748726d4a6b7122de4b57"",""ep_60c7f330d521fb17008cd1be"",""ep_f0a8f34b40a3b71b1a2872bc"",""ep_260f470a34aa7a4516adecc8""]",handler/action lookup only; no inferred route equivalence or authentication reclassification,"[{""controller"":""users/unsubscribes"",""action"":""show"",""verb"":""GET"",""path"":""/unsubscribes/:email"",""path_status"":""local DSL template; draw/scopes/concerns may add prefixes"",""source"":{""file"":""config/routes/user.rb"",""line"":3,""end_line"":3},""auth_context"":[]}]",app/controllers/users/unsubscribes_controller.rb,9,d75e5afaa21d45bc04139d4a538ea5954be1ef4f,frontend_gem_api_map/entrypoints.csv
rails_action:app/controllers/users_controller.rb:100:3:gpg_keys,UsersController,gpg_keys,unauthenticated,unknown,registered_action,unknown,"[""ep_970777c244a0bcfd7154d3a5"",""ep_b7517d1013c7795e33733594"",""ep_01930cd5fe6dbd04559bab20"",""ep_3a740a6f2db215f4752df813""]",handler/action lookup only; no inferred route equivalence or authentication reclassification,"[{""controller"":""users"",""action"":""gpg_keys"",""verb"":""GET"",""path"":""/:username.gpg"",""path_status"":""local DSL template; draw/scopes/concerns may add prefixes"",""source"":{""file"":""config/routes/user.rb"",""line"":121,""end_line"":121},""auth_context"":[{""file"":""config/routes/user.rb"",""line"":116,""end_line"":131,""name"":""constraints"",""expression"":""constraints(Users::UserUrlConstraint.new) do"",""conditional"":false}]}]",app/controllers/users_controller.rb,100,d75e5afaa21d45bc04139d4a538ea5954be1ef4f,frontend_gem_api_map/entrypoints.csv
rails_action:app/controllers/users_controller.rb:149:3:present_projects,UsersController,present_projects,unauthenticated,unknown,public_method_registration_unresolved,no corresponding handler/action record,[],handler/action lookup only; no inferred route equivalence or authentication reclassification,[],app/controllers/users_controller.rb,149,d75e5afaa21d45bc04139d4a538ea5954be1ef4f,frontend_gem_api_map/entrypoints.csv
rails_action:app/controllers/users_controller.rb:229:3:exists,UsersController,exists,unauthenticated,unknown,public_method_registration_unresolved,unknown,"[""ep_45e3a279f76ea552c6b926a2"",""ep_31ca063a6f70f8a253845d93"",""ep_5c2cb11ab5f59b9603895942"",""ep_3a98c6565821eaa8eaa2e7fa""]",handler/action lookup only; no inferred route equivalence or authentication reclassification,[],app/controllers/users_controller.rb,229,d75e5afaa21d45bc04139d4a538ea5954be1ef4f,frontend_gem_api_map/entrypoints.csv
rails_action:app/controllers/users_controller.rb:237:3:follow,UsersController,follow,unauthenticated,unknown,public_method_registration_unresolved,unknown,"[""ep_43a8bbe68d4b9f0d0ffd5e98"",""ep_3ffe9c5909b39a4da120dd1d"",""ep_9d8f6779c260e6766b6cd9c8"",""ep_026a06b8fb7d9cb23bc2c6ad""]",handler/action lookup only; no inferred route equivalence or authentication reclassification,[],app/controllers/users_controller.rb,237,d75e5afaa21d45bc04139d4a538ea5954be1ef4f,frontend_gem_api_map/entrypoints.csv
rails_action:app/controllers/users_controller.rb:251:3:unfollow,UsersController,unfollow,unauthenticated,unknown,public_method_registration_unresolved,unknown,"[""ep_0f7cfc2a23c9701b247d4293"",""ep_701873ecd8dc5861bdaade6d"",""ep_27baf2c92dff38ba57372035"",""ep_6a932895b1626dc7fef60ca4""]",handler/action lookup only; no inferred route equivalence or authentication reclassification,[],app/controllers/users_controller.rb,251,d75e5afaa21d45bc04139d4a538ea5954be1ef4f,frontend_gem_api_map/entrypoints.csv
rails_action:app/controllers/users_controller.rb:26:3:@prepend_before_action,UsersController,@prepend_before_action,unauthenticated,unknown,callback_block,no corresponding handler/action record,[],handler/action lookup only; no inferred route equivalence or authentication reclassification,[],app/controllers/users_controller.rb,26,d75e5afaa21d45bc04139d4a538ea5954be1ef4f,frontend_gem_api_map/entrypoints.csv
rails_action:app/controllers/users_controller.rb:32:3:@before_action,UsersController,@before_action,unauthenticated,unknown,callback_block,no corresponding handler/action record,[],handler/action lookup only; no inferred route equivalence or authentication reclassification,[],app/controllers/users_controller.rb,32,d75e5afaa21d45bc04139d4a538ea5954be1ef4f,frontend_gem_api_map/entrypoints.csv
rails_action:app/controllers/users_controller.rb:47:3:show,UsersController,show,unauthenticated,unknown,public_method_registration_unresolved,unknown,"[""ep_7f2a7f7e670aa60f6bb307b2"",""ep_549af9efa794ec12caef45a7"",""ep_818fec9f81ee896144474dc6"",""ep_0224c5c15a2825e40592c18b""]",handler/action lookup only; no inferred route equivalence or authentication reclassification,[],app/controllers/users_controller.rb,47,d75e5afaa21d45bc04139d4a538ea5954be1ef4f,frontend_gem_api_map/entrypoints.csv
rails_action:app/controllers/users_controller.rb:66:3:ssh_keys,UsersController,ssh_keys,unauthenticated,unknown,registered_action,unknown,"[""ep_efd5b2105e1276f0f5cde66d"",""ep_e8b70fce7f713fef063e4fed"",""ep_e431fea447009f2b45b1ded7"",""ep_df66945d2cc758fe5628e96c""]",handler/action lookup only; no inferred route equivalence or authentication reclassification,"[{""controller"":""users"",""action"":""ssh_keys"",""verb"":""GET"",""path"":""/:username.keys"",""path_status"":""local DSL template; draw/scopes/concerns may add prefixes"",""source"":{""file"":""config/routes/user.rb"",""line"":118,""end_line"":118},""auth_context"":[{""file"":""config/routes/user.rb"",""line"":116,""end_line"":131,""name"":""constraints"",""expression"":""constraints(Users::UserUrlConstraint.new) do"",""conditional"":false}]}]",app/controllers/users_controller.rb,66,d75e5afaa21d45bc04139d4a538ea5954be1ef4f,frontend_gem_api_map/entrypoints.csv
rails_action:app/controllers/users_controller.rb:72:3:activity,UsersController,activity,unauthenticated,unknown,public_method_registration_unresolved,unknown,"[""ep_629891d476dd310dc1cb1cf4"",""ep_f91065f146ae26b24b2c5ac0"",""ep_f3193aab54c1232541e6653a"",""ep_935381a0f4ddad56f0727366""]",handler/action lookup only; no inferred route equivalence or authentication reclassification,[],app/controllers/users_controller.rb,72,d75e5afaa21d45bc04139d4a538ea5954be1ef4f,frontend_gem_api_map/entrypoints.csv
rails_action:app/controllers/well_known_controller.rb:11:3:security_txt,WellKnownController,security_txt,unauthenticated,unauthenticated,registered_action,conditional_anonymous | unauthenticated,"[""ep_24b2c49e54783fbd92bbc29c"",""ep_008365d2fe01f456cd927614"",""ep_15ac7c715aeb52ac26758a90"",""ep_6813509d71eff01b908e75ff""]",handler/action lookup only; no inferred route equivalence or authentication reclassification,"[{""controller"":""well_known"",""action"":""security_txt"",""verb"":""GET"",""path"":""//.well-known/security.txt"",""path_status"":""local DSL template; draw/scopes/concerns may add prefixes"",""source"":{""file"":""config/routes/well_known.rb"",""line"":4,""end_line"":4},""auth_context"":[]}]",app/controllers/well_known_controller.rb,11,d75e5afaa21d45bc04139d4a538ea5954be1ef4f,frontend_gem_api_map/entrypoints.csv
rails_action:app/controllers/whats_new_controller.rb:14:3:index,WhatsNewController,index,unauthenticated,unauthenticated,registered_action,conditional_anonymous | unauthenticated,"[""ep_f21b2b133ee7d7a96c21329e"",""ep_e33ca92c371ce5c48c291045"",""ep_c550784457a319f8f7045324"",""ep_4186baf89e163b779ee31bf0""]",handler/action lookup only; no inferred route equivalence or authentication reclassification,"[{""controller"":""whats_new"",""action"":""index"",""verb"":""GET"",""path"":""/-//whats_new"",""path_status"":""local DSL template; draw/scopes/concerns may add prefixes"",""source"":{""file"":""config/routes.rb"",""line"":136,""end_line"":136},""auth_context"":[]}]",app/controllers/whats_new_controller.rb,14,d75e5afaa21d45bc04139d4a538ea5954be1ef4f,frontend_gem_api_map/entrypoints.csv
rails_action:ee/app/controllers/anti_abuse/arkose_controller.rb:12:5:data_exchange_payload,AntiAbuse::ArkoseController,data_exchange_payload,unauthenticated,unknown,public_method_registration_unresolved,conditional_anonymous | unauthenticated,"[""ep_95d9082777edb19717a1b813"",""ep_3e69fb0864a4dbc0fbdc92fb""]",handler/action lookup only; no inferred route equivalence or authentication reclassification,[],ee/app/controllers/anti_abuse/arkose_controller.rb,12,d75e5afaa21d45bc04139d4a538ea5954be1ef4f,frontend_gem_api_map/entrypoints.csv
rails_action:ee/app/controllers/customers_dot/proxy_controller.rb:11:5:graphql,CustomersDot::ProxyController,graphql,unauthenticated,unauthenticated,registered_action,conditional_anonymous | unauthenticated,"[""ep_86325696f39db34a174ce2a0"",""ep_4da8e304577fc0109560442c""]",handler/action lookup only; no inferred route equivalence or authentication reclassification,"[{""controller"":""customers_dot/proxy"",""action"":""graphql"",""verb"":""POST"",""path"":""/-/customers_dot/proxy/graphql"",""path_status"":""local DSL template; draw/scopes/concerns may add prefixes"",""source"":{""file"":""ee/config/routes/customers_dot.rb"",""line"":5,""end_line"":5},""auth_context"":[]}]",ee/app/controllers/customers_dot/proxy_controller.rb,11,d75e5afaa21d45bc04139d4a538ea5954be1ef4f,frontend_gem_api_map/entrypoints.csv
rails_action:ee/app/controllers/groups/audit_events_controller.rb:28:3:index,Groups::AuditEventsController,index,unauthenticated,unknown,registered_action,unknown,"[""ep_5216cb5d60d290b2b73302a8"",""ep_0a41216831c54ff66bd79979""]",handler/action lookup only; no inferred route equivalence or authentication reclassification,"[{""controller"":""groups/audit_events"",""action"":""index"",""verb"":""GET"",""path"":""/groups/*group_id/-/audit_events"",""path_status"":""static REST expansion; draw/scopes/concerns may add prefixes"",""source"":{""file"":""ee/config/routes/group.rb"",""line"":128,""end_line"":128},""auth_context"":[{""file"":""ee/config/routes/group.rb"",""line"":3,""end_line"":322,""name"":""constraints"",""expression"":""constraints(::Namespaces::GroupUrlConstraint.new) do"",""conditional"":false}]}]",ee/app/controllers/groups/audit_events_controller.rb,28,d75e5afaa21d45bc04139d4a538ea5954be1ef4f,frontend_gem_api_map/entrypoints.csv
rails_action:ee/app/controllers/groups/audit_events_controller.rb:36:3:additional_properties_for_tracking,Groups::AuditEventsController,additional_properties_for_tracking,unauthenticated,not in targeted 191-record review,not in targeted review,no corresponding handler/action record,[],handler/action lookup only; no inferred route equivalence or authentication reclassification,[],ee/app/controllers/groups/audit_events_controller.rb,36,d75e5afaa21d45bc04139d4a538ea5954be1ef4f,frontend_gem_api_map/entrypoints.csv
rails_action:ee/app/controllers/groups/billings_controller.rb:18:3:index,Groups::BillingsController,index,unauthenticated,unknown,registered_action,unknown,"[""ep_dc07608ee0f716759c1ac9f3"",""ep_ccc93d43ec2efb1dcd625b67""]",handler/action lookup only; no inferred route equivalence or authentication reclassification,"[{""controller"":""groups/billings"",""action"":""index"",""verb"":""GET"",""path"":""/groups/*group_id/-/billings"",""path_status"":""static REST expansion; draw/scopes/concerns may add prefixes"",""source"":{""file"":""ee/config/routes/group.rb"",""line"":156,""end_line"":160},""auth_context"":[{""file"":""ee/config/routes/group.rb"",""line"":3,""end_line"":322,""name"":""constraints"",""expression"":""constraints(::Namespaces::GroupUrlConstraint.new) do"",""conditional"":false}]}]",ee/app/controllers/groups/billings_controller.rb,18,d75e5afaa21d45bc04139d4a538ea5954be1ef4f,frontend_gem_api_map/entrypoints.csv
rails_action:ee/app/controllers/groups/billings_controller.rb:36:3:refresh_seats,Groups::BillingsController,refresh_seats,unauthenticated,unknown,registered_action,unknown,"[""ep_bb5957eaf4e638c69ebfff51"",""ep_c10431d61bb5e51c67264a62""]",handler/action lookup only; no inferred route equivalence or authentication reclassification,"[{""controller"":""groups/billings"",""action"":""refresh_seats"",""verb"":""POST"",""path"":""/groups/*group_id/-/billings/refresh_seats"",""path_status"":""local DSL template; draw/scopes/concerns may add prefixes"",""source"":{""file"":""ee/config/routes/group.rb"",""line"":158,""end_line"":158},""auth_context"":[{""file"":""ee/config/routes/group.rb"",""line"":3,""end_line"":322,""name"":""constraints"",""expression"":""constraints(::Namespaces::GroupUrlConstraint.new) do"",""conditional"":false}]}]",ee/app/controllers/groups/billings_controller.rb,36,d75e5afaa21d45bc04139d4a538ea5954be1ef4f,frontend_gem_api_map/entrypoints.csv
rails_action:ee/app/controllers/groups/billings_controller.rb:7:3:@before_action,Groups::BillingsController,@before_action,unauthenticated,not in targeted 191-record review,not in targeted review,no corresponding handler/action record,[],handler/action lookup only; no inferred route equivalence or authentication reclassification,[],ee/app/controllers/groups/billings_controller.rb,7,d75e5afaa21d45bc04139d4a538ea5954be1ef4f,frontend_gem_api_map/entrypoints.csv
rails_action:ee/app/controllers/groups/comment_templates_controller.rb:7:5:@before_action,Groups::CommentTemplatesController,@before_action,unauthenticated,unknown,callback_block,no corresponding handler/action record,[],handler/action lookup only; no inferred route equivalence or authentication reclassification,[],ee/app/controllers/groups/comment_templates_controller.rb,7,d75e5afaa21d45bc04139d4a538ea5954be1ef4f,frontend_gem_api_map/entrypoints.csv
rails_action:ee/app/controllers/groups/duo_agents_platform_controller.rb:24:5:show,Groups::DuoAgentsPlatformController,show,unauthenticated,not in targeted 191-record review,not in targeted review,unknown,"[""ep_c43585257ef73c987df6d734"",""ep_2670d3fc8b23ea855f7bf952"",""ep_fbe6dbc3981277b3e1c173b1"",""ep_e9f6b3bdf581e3189bd324d6"",""ep_378663666f68ca414ef3c63f"",""ep_0cd71cf2da81fd6432b9f71d"",""ep_9368fd2ce10f4b81384a2755"",""ep_9129a76676da8acc899de572"",""ep_cad45df36cf65d47f1b9a674"",""ep_0ea8b8e325aaa27300cb3d9d"",""ep_e7680c39c4d3498ba6d71090"",""ep_c1691de351d18d496a5e0277""]",handler/action lookup only; no inferred route equivalence or authentication reclassification,"[{""controller"":""groups/duo_agents_platform"",""action"":""show"",""verb"":""GET"",""path"":""/groups/*group_id/-/automate//(*vueroute)"",""path_status"":""local DSL template; draw/scopes/concerns may add prefixes"",""source"":{""file"":""ee/config/routes/group.rb"",""line"":310,""end_line"":310},""auth_context"":[{""file"":""ee/config/routes/group.rb"",""line"":3,""end_line"":322,""name"":""constraints"",""expression"":""constraints(::Namespaces::GroupUrlConstraint.new) do"",""conditional"":false}]},{""controller"":""groups/duo_agents_platform"",""action"":""show"",""verb"":""GET"",""path"":""/groups/*group_id/-/automate/agents"",""path_status"":""local DSL template; draw/scopes/concerns may add prefixes"",""source"":{""file"":""ee/config/routes/group.rb"",""line"":311,""end_line"":311},""auth_context"":[{""file"":""ee/config/routes/group.rb"",""line"":3,""end_line"":322,""name"":""constraints"",""expression"":""constraints(::Namespaces::GroupUrlConstraint.new) do"",""conditional"":false}]},{""controller"":""groups/duo_agents_platform"",""action"":""show"",""verb"":""GET"",""path"":""/groups/*group_id/-/automate/agents/:id"",""path_status"":""local DSL template; draw/scopes/concerns may add prefixes"",""source"":{""file"":""ee/config/routes/group.rb"",""line"":312,""end_line"":312},""auth_context"":[{""file"":""ee/config/routes/group.rb"",""line"":3,""end_line"":322,""name"":""constraints"",""expression"":""constraints(::Namespaces::GroupUrlConstraint.new) do"",""conditional"":false}]},{""controller"":""groups/duo_agents_platform"",""action"":""show"",""verb"":""GET"",""path"":""/groups/*group_id/-/automate/flows"",""path_status"":""local DSL template; draw/scopes/concerns may add prefixes"",""source"":{""file"":""ee/config/routes/group.rb"",""line"":313,""end_line"":313},""auth_context"":[{""file"":""ee/config/routes/group.rb"",""line"":3,""end_line"":322,""name"":""constraints"",""expression"":""constraints(::Namespaces::GroupUrlConstraint.new) do"",""conditional"":false}]},{""controller"":""groups/duo_agents_platform"",""action"":""show"",""verb"":""GET"",""path"":""/groups/*group_id/-/automate/flows/:id"",""path_status"":""local DSL template; draw/scopes/concerns may add prefixes"",""source"":{""file"":""ee/config/routes/group.rb"",""line"":314,""end_line"":314},""auth_context"":[{""file"":""ee/config/routes/group.rb"",""line"":3,""end_line"":322,""name"":""constraints"",""expression"":""constraints(::Namespaces::GroupUrlConstraint.new) do"",""conditional"":false}]},{""controller"":""groups/duo_agents_platform"",""action"":""show"",""verb"":""GET"",""path"":""/groups/*group_id/-/automate/mcp-servers"",""path_status"":""local DSL template; draw/scopes/concerns may add prefixes"",""source"":{""file"":""ee/config/routes/group.rb"",""line"":315,""end_line"":315},""auth_context"":[{""file"":""ee/config/routes/group.rb"",""line"":3,""end_line"":322,""name"":""constraints"",""expression"":""constraints(::Namespaces::GroupUrlConstraint.new) do"",""conditional"":false}]}]",ee/app/controllers/groups/duo_agents_platform_controller.rb,24,d75e5afaa21d45bc04139d4a538ea5954be1ef4f,frontend_gem_api_map/entrypoints.csv
rails_action:ee/app/controllers/groups/duo_agents_platform_controller.rb:9:5:@before_action,Groups::DuoAgentsPlatformController,@before_action,unauthenticated,not in targeted 191-record review,not in targeted review,no corresponding handler/action record,[],handler/action lookup only; no inferred route equivalence or authentication reclassification,[],ee/app/controllers/groups/duo_agents_platform_controller.rb,9,d75e5afaa21d45bc04139d4a538ea5954be1ef4f,frontend_gem_api_map/entrypoints.csv
rails_action:ee/app/controllers/groups/epics_controller.rb:19:3:@before_action,Groups::EpicsController,@before_action,unauthenticated,not in targeted 191-record review,not in targeted review,no corresponding handler/action record,[],handler/action lookup only; no inferred route equivalence or authentication reclassification,[],ee/app/controllers/groups/epics_controller.rb,19,d75e5afaa21d45bc04139d4a538ea5954be1ef4f,frontend_gem_api_map/entrypoints.csv
rails_action:ee/app/controllers/groups/epics_controller.rb:23:3:@before_action,Groups::EpicsController,@before_action,unauthenticated,not in targeted 191-record review,not in targeted review,no corresponding handler/action record,[],handler/action lookup only; no inferred route equivalence or authentication reclassification,[],ee/app/controllers/groups/epics_controller.rb,23,d75e5afaa21d45bc04139d4a538ea5954be1ef4f,frontend_gem_api_map/entrypoints.csv
rails_action:ee/app/controllers/groups/epics_controller.rb:30:3:show,Groups::EpicsController,show,unauthenticated,unknown,registered_action,unknown,"[""ep_e5dc770a2a06263d3bde20c0"",""ep_1bd78d50447fbcdf4212970e""]",handler/action lookup only; no inferred route equivalence or authentication reclassification,"[{""controller"":""groups/epics"",""action"":""show"",""verb"":""GET"",""path"":""/groups/*group_id/-/epics/:id"",""path_status"":""static REST expansion; draw/scopes/concerns may add prefixes"",""source"":{""file"":""ee/config/routes/group.rb"",""line"":169,""end_line"":185},""auth_context"":[{""file"":""ee/config/routes/group.rb"",""line"":3,""end_line"":322,""name"":""constraints"",""expression"":""constraints(::Namespaces::GroupUrlConstraint.new) do"",""conditional"":false}]}]",ee/app/controllers/groups/epics_controller.rb,30,d75e5afaa21d45bc04139d4a538ea5954be1ef4f,frontend_gem_api_map/entrypoints.csv
rails_action:ee/app/controllers/groups/epics_controller.rb:54:3:index,Groups::EpicsController,index,unauthenticated,unknown,registered_action,unknown,"[""ep_29ba8b903826e52d6ae1ee71"",""ep_4d0912c4172f452d19eb6a6b""]",handler/action lookup only; no inferred route equivalence or authentication reclassification,"[{""controller"":""groups/epics"",""action"":""index"",""verb"":""GET"",""path"":""/groups/*group_id/-/epics"",""path_status"":""static REST expansion; draw/scopes/concerns may add prefixes"",""source"":{""file"":""ee/config/routes/group.rb"",""line"":169,""end_line"":185},""auth_context"":[{""file"":""ee/config/routes/group.rb"",""line"":3,""end_line"":322,""name"":""constraints"",""expression"":""constraints(::Namespaces::GroupUrlConstraint.new) do"",""conditional"":false}]}]",ee/app/controllers/groups/epics_controller.rb,54,d75e5afaa21d45bc04139d4a538ea5954be1ef4f,frontend_gem_api_map/entrypoints.csv
rails_action:ee/app/controllers/groups/push_rules_controller.rb:16:3:update,Groups::PushRulesController,update,unauthenticated,unknown,registered_action,unknown,"[""ep_aa70bbcb2ca344a81305913b"",""ep_114668b4511fffbc9b5f32ba""]",handler/action lookup only; no inferred route equivalence or authentication reclassification,"[{""controller"":""groups/push_rules"",""action"":""update"",""verb"":""PATCH/PUT"",""path"":""/groups/*group_id/-/push_rules"",""path_status"":""static REST expansion; draw/scopes/concerns may add prefixes"",""source"":{""file"":""ee/config/routes/group.rb"",""line"":274,""end_line"":274},""auth_context"":[{""file"":""ee/config/routes/group.rb"",""line"":3,""end_line"":322,""name"":""constraints"",""expression"":""constraints(::Namespaces::GroupUrlConstraint.new) do"",""conditional"":false}]}]",ee/app/controllers/groups/push_rules_controller.rb,16,d75e5afaa21d45bc04139d4a538ea5954be1ef4f,frontend_gem_api_map/entrypoints.csv
rails_action:ee/app/controllers/groups/roadmap_controller.rb:15:5:show,Groups::RoadmapController,show,unauthenticated,not in targeted 191-record review,not in targeted review,unknown,"[""ep_5eb32f310c24e66f03e0d65b"",""ep_bdcd3f9402b95e83186df4b1""]",handler/action lookup only; no inferred route equivalence or authentication reclassification,"[{""controller"":""groups/roadmap"",""action"":""show"",""verb"":""GET"",""path"":""/groups/*group_id/-/roadmap"",""path_status"":""static REST expansion; draw/scopes/concerns may add prefixes"",""source"":{""file"":""ee/config/routes/group.rb"",""line"":292,""end_line"":292},""auth_context"":[{""file"":""ee/config/routes/group.rb"",""line"":3,""end_line"":322,""name"":""constraints"",""expression"":""constraints(::Namespaces::GroupUrlConstraint.new) do"",""conditional"":false}]}]",ee/app/controllers/groups/roadmap_controller.rb,15,d75e5afaa21d45bc04139d4a538ea5954be1ef4f,frontend_gem_api_map/entrypoints.csv
rails_action:ee/app/controllers/groups/security/compliance_standards_adherence_reports_controller.rb:14:7:index,Groups::Security::ComplianceStandardsAdherenceReportsController,index,unauthenticated,unknown,registered_action,unknown,"[""ep_05a89905cbe76d4dd724da87"",""ep_c3f1eacee2b626a73c00ee64""]",handler/action lookup only; no inferred route equivalence or authentication reclassification,"[{""controller"":""groups/security/compliance_standards_adherence_reports"",""action"":""index"",""verb"":""GET"",""path"":""/groups/*group_id/-/security/compliance_standards_adherence_reports"",""path_status"":""static REST expansion; draw/scopes/concerns may add prefixes"",""source"":{""file"":""ee/config/routes/group.rb"",""line"":258,""end_line"":258},""auth_context"":[{""file"":""ee/config/routes/group.rb"",""line"":3,""end_line"":322,""name"":""constraints"",""expression"":""constraints(::Namespaces::GroupUrlConstraint.new) do"",""conditional"":false}]}]",ee/app/controllers/groups/security/compliance_standards_adherence_reports_controller.rb,14,d75e5afaa21d45bc04139d4a538ea5954be1ef4f,frontend_gem_api_map/entrypoints.csv
rails_action:ee/app/controllers/groups/security/compliance_standards_adherence_reports_controller.rb:8:7:@before_action,Groups::Security::ComplianceStandardsAdherenceReportsController,@before_action,unauthenticated,not in targeted 191-record review,not in targeted review,no corresponding handler/action record,[],handler/action lookup only; no inferred route equivalence or authentication reclassification,[],ee/app/controllers/groups/security/compliance_standards_adherence_reports_controller.rb,8,d75e5afaa21d45bc04139d4a538ea5954be1ef4f,frontend_gem_api_map/entrypoints.csv
rails_action:ee/app/controllers/groups/security/compliance_violation_reports_controller.rb:14:7:index,Groups::Security::ComplianceViolationReportsController,index,unauthenticated,unknown,registered_action,unknown,"[""ep_0e086373ce95656293012137"",""ep_68aa24647a13a34fb6d7eee6""]",handler/action lookup only; no inferred route equivalence or authentication reclassification,"[{""controller"":""groups/security/compliance_violation_reports"",""action"":""index"",""verb"":""GET"",""path"":""/groups/*group_id/-/security/compliance_violation_reports"",""path_status"":""static REST expansion; draw/scopes/concerns may add prefixes"",""source"":{""file"":""ee/config/routes/group.rb"",""line"":257,""end_line"":257},""auth_context"":[{""file"":""ee/config/routes/group.rb"",""line"":3,""end_line"":322,""name"":""constraints"",""expression"":""constraints(::Namespaces::GroupUrlConstraint.new) do"",""conditional"":false}]}]",ee/app/controllers/groups/security/compliance_violation_reports_controller.rb,14,d75e5afaa21d45bc04139d4a538ea5954be1ef4f,frontend_gem_api_map/entrypoints.csv
rails_action:ee/app/controllers/groups/security/compliance_violation_reports_controller.rb:8:7:@before_action,Groups::Security::ComplianceViolationReportsController,@before_action,unauthenticated,not in targeted 191-record review,not in targeted review,no corresponding handler/action record,[],handler/action lookup only; no inferred route equivalence or authentication reclassification,[],ee/app/controllers/groups/security/compliance_violation_reports_controller.rb,8,d75e5afaa21d45bc04139d4a538ea5954be1ef4f,frontend_gem_api_map/entrypoints.csv
rails_action:ee/app/controllers/groups/security/discover_controller.rb:9:3:show,Groups::Security::DiscoverController,show,unauthenticated,not in targeted 191-record review,not in targeted review,unknown,"[""ep_0b5520d882d753f2521c71ef"",""ep_2fe3f155d518ea121586c281""]",handler/action lookup only; no inferred route equivalence or authentication reclassification,"[{""controller"":""groups/security/discover"",""action"":""show"",""verb"":""GET"",""path"":""/groups/*group_id/-/security/discover"",""path_status"":""static REST expansion; draw/scopes/concerns may add prefixes"",""source"":{""file"":""ee/config/routes/group.rb"",""line"":236,""end_line"":236},""auth_context"":[{""file"":""ee/config/routes/group.rb"",""line"":3,""end_line"":322,""name"":""constraints"",""expression"":""constraints(::Namespaces::GroupUrlConstraint.new) do"",""conditional"":false}]}]",ee/app/controllers/groups/security/discover_controller.rb,9,d75e5afaa21d45bc04139d4a538ea5954be1ef4f,frontend_gem_api_map/entrypoints.csv
rails_action:ee/app/controllers/groups/settings/gitlab_duo/governance_controller.rb:17:9:index,Groups::Settings::GitlabDuo::GovernanceController,index,unauthenticated,not in targeted 191-record review,not in targeted review,unknown,"[""ep_1b9bd21c6f78ef925a28f159"",""ep_71f528f3d8b2f65126cdb40f""]",handler/action lookup only; no inferred route equivalence or authentication reclassification,"[{""controller"":""groups/settings/gitlab_duo/governance"",""action"":""index"",""verb"":""GET"",""path"":""/groups/*group_id/-/settings/gitlab_duo/governance"",""path_status"":""static REST expansion; draw/scopes/concerns may add prefixes"",""source"":{""file"":""ee/config/routes/group.rb"",""line"":30,""end_line"":30},""auth_context"":[{""file"":""ee/config/routes/group.rb"",""line"":3,""end_line"":322,""name"":""constraints"",""expression"":""constraints(::Namespaces::GroupUrlConstraint.new) do"",""conditional"":false}]}]",ee/app/controllers/groups/settings/gitlab_duo/governance_controller.rb,17,d75e5afaa21d45bc04139d4a538ea5954be1ef4f,frontend_gem_api_map/entrypoints.csv
rails_action:ee/app/controllers/groups/settings/gitlab_duo/governance_controller.rb:9:9:@before_action,Groups::Settings::GitlabDuo::GovernanceController,@before_action,unauthenticated,not in targeted 191-record review,not in targeted review,no corresponding handler/action record,[],handler/action lookup only; no inferred route equivalence or authentication reclassification,[],ee/app/controllers/groups/settings/gitlab_duo/governance_controller.rb,9,d75e5afaa21d45bc04139d4a538ea5954be1ef4f,frontend_gem_api_map/entrypoints.csv
rails_action:ee/app/controllers/groups/settings/gitlab_duo/model_selection_controller.rb:10:9:@before_action,Groups::Settings::GitlabDuo::ModelSelectionController,@before_action,unauthenticated,not in targeted 191-record review,not in targeted review,no corresponding handler/action record,[],handler/action lookup only; no inferred route equivalence or authentication reclassification,[],ee/app/controllers/groups/settings/gitlab_duo/model_selection_controller.rb,10,d75e5afaa21d45bc04139d4a538ea5954be1ef4f,frontend_gem_api_map/entrypoints.csv
rails_action:ee/app/controllers/groups/settings/gitlab_duo/model_selection_controller.rb:15:9:index,Groups::Settings::GitlabDuo::ModelSelectionController,index,unauthenticated,not in targeted 191-record review,not in targeted review,unknown,"[""ep_a5750459db717439c4bcbb43"",""ep_7c774a3a9e6e298d44f1f1c2""]",handler/action lookup only; no inferred route equivalence or authentication reclassification,"[{""controller"":""groups/settings/gitlab_duo/model_selection"",""action"":""index"",""verb"":""GET"",""path"":""/groups/*group_id/-/settings/gitlab_duo/model_selection"",""path_status"":""static REST expansion; draw/scopes/concerns may add prefixes"",""source"":{""file"":""ee/config/routes/group.rb"",""line"":29,""end_line"":29},""auth_context"":[{""file"":""ee/config/routes/group.rb"",""line"":3,""end_line"":322,""name"":""constraints"",""expression"":""constraints(::Namespaces::GroupUrlConstraint.new) do"",""conditional"":false}]}]",ee/app/controllers/groups/settings/gitlab_duo/model_selection_controller.rb,15,d75e5afaa21d45bc04139d4a538ea5954be1ef4f,frontend_gem_api_map/entrypoints.csv
rails_action:ee/app/controllers/groups/settings/work_items_controller.rb:15:7:show,Groups::Settings::WorkItemsController,show,unauthenticated,unknown,registered_action,unknown,"[""ep_59f10332c761ff3078059a37"",""ep_d6c79b294055f40370dcb1ab"",""ep_ac45a92ad6d600c10056c845"",""ep_f455ddb02b92bc362cdcad67"",""ep_f3817af83a11b7ab8a330e0f"",""ep_e8ebeef35a4dbd52a35bc983"",""ep_042ab7761065ea6ea09d10b8"",""ep_082a34115f5920987c0da5d4"",""ep_f680f14b4fdc552539fefcca"",""ep_bf390d947ebe0fcab437dec7""]",handler/action lookup only; no inferred route equivalence or authentication reclassification,"[{""controller"":""groups/settings/work_items"",""action"":""show"",""verb"":""GET"",""path"":""/groups/*group_id/-/settings/issues/(/*vueroute)"",""path_status"":""local DSL template; draw/scopes/concerns may add prefixes"",""source"":{""file"":""config/routes/group.rb"",""line"":56,""end_line"":56},""auth_context"":[{""file"":""config/routes/group.rb"",""line"":3,""end_line"":232,""name"":""constraints"",""expression"":""constraints(Namespaces::GroupUrlConstraint.new) do"",""conditional"":false}]},{""controller"":""groups/settings/work_items"",""action"":""show"",""verb"":""GET"",""path"":""/groups/*group_id/-/settings/work_items"",""path_status"":""static REST expansion; draw/scopes/concerns may add prefixes"",""source"":{""file"":""ee/config/routes/group.rb"",""line"":48,""end_line"":50},""auth_context"":[{""file"":""ee/config/routes/group.rb"",""line"":3,""end_line"":322,""name"":""constraints"",""expression"":""constraints(::Namespaces::GroupUrlConstraint.new) do"",""conditional"":false}]},{""controller"":""groups/settings/work_items"",""action"":""show"",""verb"":""GET"",""path"":""/groups/*group_id/-/settings/work_items/(/*vueroute)"",""path_status"":""local DSL template; draw/scopes/concerns may add prefixes"",""source"":{""file"":""ee/config/routes/group.rb"",""line"":49,""end_line"":49},""auth_context"":[{""file"":""ee/config/routes/group.rb"",""line"":3,""end_line"":322,""name"":""constraints"",""expression"":""constraints(::Namespaces::GroupUrlConstraint.new) do"",""conditional"":false}]},{""controller"":""groups/settings/work_items"",""action"":""show"",""verb"":""GET"",""path"":""/groups/*group_id/-/settings/issues"",""path_status"":""static REST expansion; draw/scopes/concerns may add prefixes"",""source"":{""file"":""ee/config/routes/group.rb"",""line"":51,""end_line"":51},""auth_context"":[{""file"":""ee/config/routes/group.rb"",""line"":3,""end_line"":322,""name"":""constraints"",""expression"":""constraints(::Namespaces::GroupUrlConstraint.new) do"",""conditional"":false}]}]",ee/app/controllers/groups/settings/work_items_controller.rb,15,d75e5afaa21d45bc04139d4a538ea5954be1ef4f,frontend_gem_api_map/entrypoints.csv
rails_action:ee/app/controllers/groups/sso_controller.rb:30:3:saml,Groups::SsoController,saml,unauthenticated,unknown,registered_action,unknown,"[""ep_3d6983ed5ff598cde9b5210f"",""ep_aac8f51c5fccb0e895ca34f7""]",handler/action lookup only; no inferred route equivalence or authentication reclassification,"[{""controller"":""groups/sso"",""action"":""saml"",""verb"":""GET"",""path"":""/groups/*group_id/-/saml/sso"",""path_status"":""local DSL template; draw/scopes/concerns may add prefixes"",""source"":{""file"":""ee/config/routes/group.rb"",""line"":282,""end_line"":282},""auth_context"":[{""file"":""ee/config/routes/group.rb"",""line"":3,""end_line"":322,""name"":""constraints"",""expression"":""constraints(::Namespaces::GroupUrlConstraint.new) do"",""conditional"":false}]},{""controller"":""groups/sso"",""action"":""saml"",""verb"":""POST"",""path"":""/groups/*group_id/-/saml/sso"",""path_status"":""local DSL template; draw/scopes/concerns may add prefixes"",""source"":{""file"":""ee/config/routes/group.rb"",""line"":283,""end_line"":283},""auth_context"":[{""file"":""ee/config/routes/group.rb"",""line"":3,""end_line"":322,""name"":""constraints"",""expression"":""constraints(::Namespaces::GroupUrlConstraint.new) do"",""conditional"":false}]}]",ee/app/controllers/groups/sso_controller.rb,30,d75e5afaa21d45bc04139d4a538ea5954be1ef4f,frontend_gem_api_map/entrypoints.csv
rails_action:ee/app/controllers/groups/virtual_registries/container_controller.rb:12:7:index,Groups::VirtualRegistries::ContainerController,index,unauthenticated,not in targeted 191-record review,not in targeted review,no corresponding handler/action record,[],handler/action lookup only; no inferred route equivalence or authentication reclassification,[],ee/app/controllers/groups/virtual_registries/container_controller.rb,12,d75e5afaa21d45bc04139d4a538ea5954be1ef4f,frontend_gem_api_map/entrypoints.csv
rails_action:ee/app/controllers/groups/virtual_registries/maven/registries_and_upstreams_controller.rb:15:9:index,Groups::VirtualRegistries::Maven::RegistriesAndUpstreamsController,index,unauthenticated,not in targeted 191-record review,not in targeted review,unknown,"[""ep_21601ee5b0651819e4e75e7a"",""ep_54724bc9f272f8300fdd12dc""]",handler/action lookup only; no inferred route equivalence or authentication reclassification,[],ee/app/controllers/groups/virtual_registries/maven/registries_and_upstreams_controller.rb,15,d75e5afaa21d45bc04139d4a538ea5954be1ef4f,frontend_gem_api_map/entrypoints.csv
rails_action:ee/app/controllers/groups/virtual_registries/maven/registries_controller.rb:18:9:new,Groups::VirtualRegistries::Maven::RegistriesController,new,unauthenticated,unknown,public_method_registration_unresolved,unknown,"[""ep_978f48982836d1bc94d1eba5"",""ep_6f5e6d83675ebd6814f21a3f""]",handler/action lookup only; no inferred route equivalence or authentication reclassification,[],ee/app/controllers/groups/virtual_registries/maven/registries_controller.rb,18,d75e5afaa21d45bc04139d4a538ea5954be1ef4f,frontend_gem_api_map/entrypoints.csv
rails_action:ee/app/controllers/groups/virtual_registries/maven/registries_controller.rb:22:9:create,Groups::VirtualRegistries::Maven::RegistriesController,create,unauthenticated,unknown,public_method_registration_unresolved,unknown,"[""ep_7c686ac5bdca06acc8b2dc2b"",""ep_2375b6ce1cd55c4bad9bfc78""]",handler/action lookup only; no inferred route equivalence or authentication reclassification,[],ee/app/controllers/groups/virtual_registries/maven/registries_controller.rb,22,d75e5afaa21d45bc04139d4a538ea5954be1ef4f,frontend_gem_api_map/entrypoints.csv
rails_action:ee/app/controllers/groups/virtual_registries/maven/registries_controller.rb:35:9:show,Groups::VirtualRegistries::Maven::RegistriesController,show,unauthenticated,not in targeted 191-record review,not in targeted review,unknown,"[""ep_08926eae131d12de131efc5a"",""ep_11e2d42ff938e7383c4a326b""]",handler/action lookup only; no inferred route equivalence or authentication reclassification,[],ee/app/controllers/groups/virtual_registries/maven/registries_controller.rb,35,d75e5afaa21d45bc04139d4a538ea5954be1ef4f,frontend_gem_api_map/entrypoints.csv
rails_action:ee/app/controllers/groups/virtual_registries/maven/registries_controller.rb:37:9:edit,Groups::VirtualRegistries::Maven::RegistriesController,edit,unauthenticated,not in targeted 191-record review,not in targeted review,unknown,"[""ep_c318a4e67e7e1f0d5fdbf4f1"",""ep_3486e5fe9f8beab69e1f88bf""]",handler/action lookup only; no inferred route equivalence or authentication reclassification,[],ee/app/controllers/groups/virtual_registries/maven/registries_controller.rb,37,d75e5afaa21d45bc04139d4a538ea5954be1ef4f,frontend_gem_api_map/entrypoints.csv
rails_action:ee/app/controllers/groups/virtual_registries/maven/registries_controller.rb:39:9:update,Groups::VirtualRegistries::Maven::RegistriesController,update,unauthenticated,unknown,public_method_registration_unresolved,unknown,"[""ep_440f6dba138227a08198ba13"",""ep_919f01353437d573e23ecc28""]",handler/action lookup only; no inferred route equivalence or authentication reclassification,[],ee/app/controllers/groups/virtual_registries/maven/registries_controller.rb,39,d75e5afaa21d45bc04139d4a538ea5954be1ef4f,frontend_gem_api_map/entrypoints.csv
rails_action:ee/app/controllers/groups/virtual_registries/maven/registries_controller.rb:48:9:destroy,Groups::VirtualRegistries::Maven::RegistriesController,destroy,unauthenticated,unknown,public_method_registration_unresolved,unknown,"[""ep_a528d330d9551e28974c948b"",""ep_641b2c7f69d8ac42711714e8""]",handler/action lookup only; no inferred route equivalence or authentication reclassification,[],ee/app/controllers/groups/virtual_registries/maven/registries_controller.rb,48,d75e5afaa21d45bc04139d4a538ea5954be1ef4f,frontend_gem_api_map/entrypoints.csv
rails_action:ee/app/controllers/groups/virtual_registries/maven/upstreams_controller.rb:16:9:edit,Groups::VirtualRegistries::Maven::UpstreamsController,edit,unauthenticated,not in targeted 191-record review,not in targeted review,unknown,"[""ep_4d62b8c143795298130cbf81"",""ep_6301b206b5cfe50a93a62aef""]",handler/action lookup only; no inferred route equivalence or authentication reclassification,[],ee/app/controllers/groups/virtual_registries/maven/upstreams_controller.rb,16,d75e5afaa21d45bc04139d4a538ea5954be1ef4f,frontend_gem_api_map/entrypoints.csv
rails_action:ee/app/controllers/groups/virtual_registries/maven/upstreams_controller.rb:18:9:show,Groups::VirtualRegistries::Maven::UpstreamsController,show,unauthenticated,not in targeted 191-record review,not in targeted review,unknown,"[""ep_f1708f476b6b28629704aa48"",""ep_8831ae81076100b37d7d3bad""]",handler/action lookup only; no inferred route equivalence or authentication reclassification,[],ee/app/controllers/groups/virtual_registries/maven/upstreams_controller.rb,18,d75e5afaa21d45bc04139d4a538ea5954be1ef4f,frontend_gem_api_map/entrypoints.csv
rails_action:ee/app/controllers/groups/virtual_registries_controller.rb:11:5:index,Groups::VirtualRegistriesController,index,unauthenticated,not in targeted 191-record review,not in targeted review,unknown,"[""ep_9b5a6b038ddbce744d9183c3"",""ep_70bb1d94139b8da4d485dd3f""]",handler/action lookup only; no inferred route equivalence or authentication reclassification,[],ee/app/controllers/groups/virtual_registries_controller.rb,11,d75e5afaa21d45bc04139d4a538ea5954be1ef4f,frontend_gem_api_map/entrypoints.csv
rails_action:ee/app/controllers/omniauth_kerberos_controller.rb:10:3:negotiate,OmniauthKerberosController,negotiate,unauthenticated,unauthenticated,registered_action,conditional_anonymous | unauthenticated,"[""ep_8be5df646e6dc63aa37c34d7"",""ep_910779192817a3fe00b74c03""]",handler/action lookup only; no inferred route equivalence or authentication reclassification,"[{""controller"":""omniauth_kerberos"",""action"":""negotiate"",""verb"":""GET"",""path"":""//users/auth/kerberos/negotiate"",""path_status"":""local DSL template; draw/scopes/concerns may add prefixes"",""source"":{""file"":""ee/config/routes/user.rb"",""line"":4,""end_line"":4},""auth_context"":[]}]",ee/app/controllers/omniauth_kerberos_controller.rb,10,d75e5afaa21d45bc04139d4a538ea5954be1ef4f,frontend_gem_api_map/entrypoints.csv
rails_action:ee/app/controllers/phone_verification/telesign_callbacks_controller.rb:14:5:notify,PhoneVerification::TelesignCallbacksController,notify,unauthenticated,unauthenticated,registered_action,conditional_anonymous | unauthenticated,"[""ep_b00fa2ce8e56e78614175786"",""ep_c4f6252fa16eaeb97857b9e4""]",handler/action lookup only; no inferred route equivalence or authentication reclassification,"[{""controller"":""phone_verification/telesign_callbacks"",""action"":""notify"",""verb"":""POST"",""path"":""/phone_verification/telesign_callback"",""path_status"":""local DSL template; draw/scopes/concerns may add prefixes"",""source"":{""file"":""ee/config/routes/phone_verification.rb"",""line"":4,""end_line"":4},""auth_context"":[]}]",ee/app/controllers/phone_verification/telesign_callbacks_controller.rb,14,d75e5afaa21d45bc04139d4a538ea5954be1ef4f,frontend_gem_api_map/entrypoints.csv
rails_action:ee/app/controllers/projects/audit_events_controller.rb:21:3:index,Projects::AuditEventsController,index,unauthenticated,unknown,registered_action,unknown,"[""ep_51193811da0ce0c27694d668"",""ep_5cab0b69aaa369ed31102051""]",handler/action lookup only; no inferred route equivalence or authentication reclassification,"[{""controller"":""projects/audit_events"",""action"":""index"",""verb"":""GET"",""path"":""/*namespace_id/:project_id/-/audit_events"",""path_status"":""static REST expansion; draw/scopes/concerns may add prefixes"",""source"":{""file"":""ee/config/routes/project.rb"",""line"":81,""end_line"":81},""auth_context"":[{""file"":""ee/config/routes/project.rb"",""line"":3,""end_line"":220,""name"":""constraints"",""expression"":""constraints(::Projects::ProjectUrlConstraint.new) do"",""conditional"":false}]}]",ee/app/controllers/projects/audit_events_controller.rb,21,d75e5afaa21d45bc04139d4a538ea5954be1ef4f,frontend_gem_api_map/entrypoints.csv
rails_action:ee/app/controllers/projects/audit_events_controller.rb:28:3:additional_properties_for_tracking,Projects::AuditEventsController,additional_properties_for_tracking,unauthenticated,not in targeted 191-record review,not in targeted review,no corresponding handler/action record,[],handler/action lookup only; no inferred route equivalence or authentication reclassification,[],ee/app/controllers/projects/audit_events_controller.rb,28,d75e5afaa21d45bc04139d4a538ea5954be1ef4f,frontend_gem_api_map/entrypoints.csv
rails_action:ee/app/controllers/projects/comment_templates_controller.rb:7:5:@before_action,Projects::CommentTemplatesController,@before_action,unauthenticated,unknown,callback_block,no corresponding handler/action record,[],handler/action lookup only; no inferred route equivalence or authentication reclassification,[],ee/app/controllers/projects/comment_templates_controller.rb,7,d75e5afaa21d45bc04139d4a538ea5954be1ef4f,frontend_gem_api_map/entrypoints.csv
rails_action:ee/app/controllers/projects/duo_agents_platform_controller.rb:12:5:@before_action,Projects::DuoAgentsPlatformController,@before_action,unauthenticated,not in targeted 191-record review,not in targeted review,no corresponding handler/action record,[],handler/action lookup only; no inferred route equivalence or authentication reclassification,[],ee/app/controllers/projects/duo_agents_platform_controller.rb,12,d75e5afaa21d45bc04139d4a538ea5954be1ef4f,frontend_gem_api_map/entrypoints.csv
rails_action:ee/app/controllers/projects/duo_agents_platform_controller.rb:35:5:show,Projects::DuoAgentsPlatformController,show,unauthenticated,not in targeted 191-record review,not in targeted review,unknown,"[""ep_a385b6c24c61f803d6753ab5"",""ep_0db52ad8f360f6f0daaf4edb"",""ep_edb4e43169fbc413f95e0ac5"",""ep_9dc91e05090af182e8965371"",""ep_8be004986dc86fbe9357adf6"",""ep_08af177f8118ba58b816c74e"",""ep_cea3343ca84e51545655e37b"",""ep_b4da130e7d697d5f6ae27259"",""ep_01393597c459a55c070be7c2"",""ep_31731e3e8a5c0e22c91aae73"",""ep_d9e24666fa1a759c18657fad"",""ep_d6c27a6e676a6d8a9f8376f9"",""ep_4c79f94ab7aadcbae23f7cd0"",""ep_2ddcf261046c15ecee28b8e3"",""ep_a43c123cfb98ff8600a3792b"",""ep_e8c30fd1f12bec8d28bd00bd"",""ep_ec231d16874084f22f5aafad"",""ep_112638b89b20947c846a5e57""]",handler/action lookup only; no inferred route equivalence or authentication reclassification,"[{""controller"":""projects/duo_agents_platform"",""action"":""show"",""verb"":""GET"",""path"":""/*namespace_id/:project_id/-/automate//(*vueroute)"",""path_status"":""local DSL template; draw/scopes/concerns may add prefixes"",""source"":{""file"":""ee/config/routes/project.rb"",""line"":31,""end_line"":31},""auth_context"":[{""file"":""ee/config/routes/project.rb"",""line"":3,""end_line"":220,""name"":""constraints"",""expression"":""constraints(::Projects::ProjectUrlConstraint.new) do"",""conditional"":false}]},{""controller"":""projects/duo_agents_platform"",""action"":""show"",""verb"":""GET"",""path"":""/*namespace_id/:project_id/-/automate/agent-sessions"",""path_status"":""local DSL template; draw/scopes/concerns may add prefixes"",""source"":{""file"":""ee/config/routes/project.rb"",""line"":35,""end_line"":35},""auth_context"":[{""file"":""ee/config/routes/project.rb"",""line"":3,""end_line"":220,""name"":""constraints"",""expression"":""constraints(::Projects::ProjectUrlConstraint.new) do"",""conditional"":false}]},{""controller"":""projects/duo_agents_platform"",""action"":""show"",""verb"":""GET"",""path"":""/*namespace_id/:project_id/-/automate/agent-sessions/:id"",""path_status"":""local DSL template; draw/scopes/concerns may add prefixes"",""source"":{""file"":""ee/config/routes/project.rb"",""line"":36,""end_line"":36},""auth_context"":[{""file"":""ee/config/routes/project.rb"",""line"":3,""end_line"":220,""name"":""constraints"",""expression"":""constraints(::Projects::ProjectUrlConstraint.new) do"",""conditional"":false}]},{""controller"":""projects/duo_agents_platform"",""action"":""show"",""verb"":""GET"",""path"":""/*namespace_id/:project_id/-/automate/agents"",""path_status"":""local DSL template; draw/scopes/concerns may add prefixes"",""source"":{""file"":""ee/config/routes/project.rb"",""line"":37,""end_line"":37},""auth_context"":[{""file"":""ee/config/routes/project.rb"",""line"":3,""end_line"":220,""name"":""constraints"",""expression"":""constraints(::Projects::ProjectUrlConstraint.new) do"",""conditional"":false}]},{""controller"":""projects/duo_agents_platform"",""action"":""show"",""verb"":""GET"",""path"":""/*namespace_id/:project_id/-/automate/agents/:id"",""path_status"":""local DSL template; draw/scopes/concerns may add prefixes"",""source"":{""file"":""ee/config/routes/project.rb"",""line"":38,""end_line"":38},""auth_context"":[{""file"":""ee/config/routes/project.rb"",""line"":3,""end_line"":220,""name"":""constraints"",""expression"":""constraints(::Projects::ProjectUrlConstraint.new) do"",""conditional"":false}]},{""controller"":""projects/duo_agents_platform"",""action"":""show"",""verb"":""GET"",""path"":""/*namespace_id/:project_id/-/automate/triggers"",""path_status"":""local DSL template; draw/scopes/concerns may add prefixes"",""source"":{""file"":""ee/config/routes/project.rb"",""line"":39,""end_line"":39},""auth_context"":[{""file"":""ee/config/routes/project.rb"",""line"":3,""end_line"":220,""name"":""constraints"",""expression"":""constraints(::Projects::ProjectUrlConstraint.new) do"",""conditional"":false}]},{""controller"":""projects/duo_agents_platform"",""action"":""show"",""verb"":""GET"",""path"":""/*namespace_id/:project_id/-/automate/flows"",""path_status"":""local DSL template; draw/scopes/concerns may add prefixes"",""source"":{""file"":""ee/config/routes/project.rb"",""line"":40,""end_line"":40},""auth_context"":[{""file"":""ee/config/routes/project.rb"",""line"":3,""end_line"":220,""name"":""constraints"",""expression"":""constraints(::Projects::ProjectUrlConstraint.new) do"",""conditional"":false}]},{""controller"":""projects/duo_agents_platform"",""action"":""show"",""verb"":""GET"",""path"":""/*namespace_id/:project_id/-/automate/flows/:id"",""path_status"":""local DSL template; draw/scopes/concerns may add prefixes"",""source"":{""file"":""ee/config/routes/project.rb"",""line"":41,""end_line"":41},""auth_context"":[{""file"":""ee/config/routes/project.rb"",""line"":3,""end_line"":220,""name"":""constraints"",""expression"":""constraints(::Projects::ProjectUrlConstraint.new) do"",""conditional"":false}]},{""controller"":""projects/duo_agents_platform"",""action"":""show"",""verb"":""GET"",""path"":""/*namespace_id/:project_id/-/automate/mcp-servers"",""path_status"":""local DSL template; draw/scopes/concerns may add prefixes"",""source"":{""file"":""ee/config/routes/project.rb"",""line"":42,""end_line"":42},""auth_context"":[{""file"":""ee/config/routes/project.rb"",""line"":3,""end_line"":220,""name"":""constraints"",""expression"":""constraints(::Projects::ProjectUrlConstraint.new) do"",""conditional"":false}]}]",ee/app/controllers/projects/duo_agents_platform_controller.rb,35,d75e5afaa21d45bc04139d4a538ea5954be1ef4f,frontend_gem_api_map/entrypoints.csv
rails_action:ee/app/controllers/projects/duo_agents_platform_controller.rb:38:5:feature_category,Projects::DuoAgentsPlatformController,feature_category,unauthenticated,unknown,public_method_registration_unresolved,no corresponding handler/action record,[],handler/action lookup only; no inferred route equivalence or authentication reclassification,[],ee/app/controllers/projects/duo_agents_platform_controller.rb,38,d75e5afaa21d45bc04139d4a538ea5954be1ef4f,frontend_gem_api_map/entrypoints.csv
rails_action:ee/app/controllers/projects/duo_otel_workflows_controller.rb:11:5:create,Projects::DuoOtelWorkflowsController,create,unauthenticated,unknown,registered_action,unknown,"[""ep_376e6ac49184c6aa882adb7a"",""ep_db5c9d8eba9c7700341ce191""]",handler/action lookup only; no inferred route equivalence or authentication reclassification,"[{""controller"":""projects/duo_otel_workflows"",""action"":""create"",""verb"":""POST"",""path"":""/*namespace_id/:project_id/-/duo_otel_workflows"",""path_status"":""static REST expansion; draw/scopes/concerns may add prefixes"",""source"":{""file"":""ee/config/routes/project.rb"",""line"":45,""end_line"":45},""auth_context"":[{""file"":""ee/config/routes/project.rb"",""line"":3,""end_line"":220,""name"":""constraints"",""expression"":""constraints(::Projects::ProjectUrlConstraint.new) do"",""conditional"":false}]}]",ee/app/controllers/projects/duo_otel_workflows_controller.rb,11,d75e5afaa21d45bc04139d4a538ea5954be1ef4f,frontend_gem_api_map/entrypoints.csv
rails_action:ee/app/controllers/projects/integrations/jira/issues_controller.rb:24:9:index,Projects::Integrations::Jira::IssuesController,index,unauthenticated,unknown,registered_action,conditional_anonymous,"[""ep_ece61ecadf675c72829de5c9"",""ep_a87c78f6a9f17425ec53d887""]",handler/action lookup only; no inferred route equivalence or authentication reclassification,"[{""controller"":""projects/integrations/jira/issues"",""action"":""index"",""verb"":""GET"",""path"":""/*namespace_id/:project_id/-/integrations/jira/issues"",""path_status"":""static REST expansion; draw/scopes/concerns may add prefixes"",""source"":{""file"":""ee/config/routes/project.rb"",""line"":159,""end_line"":159},""auth_context"":[{""file"":""ee/config/routes/project.rb"",""line"":3,""end_line"":220,""name"":""constraints"",""expression"":""constraints(::Projects::ProjectUrlConstraint.new) do"",""conditional"":false}]}]",ee/app/controllers/projects/integrations/jira/issues_controller.rb,24,d75e5afaa21d45bc04139d4a538ea5954be1ef4f,frontend_gem_api_map/entrypoints.csv
rails_action:ee/app/controllers/projects/integrations/jira/issues_controller.rb:33:9:show,Projects::Integrations::Jira::IssuesController,show,unauthenticated,unknown,registered_action,conditional_anonymous,"[""ep_e0cf636cab0d7fd2a6fe9681"",""ep_16449019b79814f40b3564a7""]",handler/action lookup only; no inferred route equivalence or authentication reclassification,"[{""controller"":""projects/integrations/jira/issues"",""action"":""show"",""verb"":""GET"",""path"":""/*namespace_id/:project_id/-/integrations/jira/issues/:id"",""path_status"":""static REST expansion; draw/scopes/concerns may add prefixes"",""source"":{""file"":""ee/config/routes/project.rb"",""line"":159,""end_line"":159},""auth_context"":[{""file"":""ee/config/routes/project.rb"",""line"":3,""end_line"":220,""name"":""constraints"",""expression"":""constraints(::Projects::ProjectUrlConstraint.new) do"",""conditional"":false}]}]",ee/app/controllers/projects/integrations/jira/issues_controller.rb,33,d75e5afaa21d45bc04139d4a538ea5954be1ef4f,frontend_gem_api_map/entrypoints.csv
rails_action:ee/app/controllers/projects/integrations/zentao/issues_controller.rb:15:9:index,Projects::Integrations::Zentao::IssuesController,index,unauthenticated,unknown,registered_action,conditional_anonymous,"[""ep_5bc13bcbde0f8370e2cf30ed"",""ep_a7f8ca0ada87512f99f5f670""]",handler/action lookup only; no inferred route equivalence or authentication reclassification,"[{""controller"":""projects/integrations/zentao/issues"",""action"":""index"",""verb"":""GET"",""path"":""/*namespace_id/:project_id/-/integrations/zentao/issues"",""path_status"":""static REST expansion; draw/scopes/concerns may add prefixes"",""source"":{""file"":""ee/config/routes/project.rb"",""line"":163,""end_line"":163},""auth_context"":[{""file"":""ee/config/routes/project.rb"",""line"":3,""end_line"":220,""name"":""constraints"",""expression"":""constraints(::Projects::ProjectUrlConstraint.new) do"",""conditional"":false}]}]",ee/app/controllers/projects/integrations/zentao/issues_controller.rb,15,d75e5afaa21d45bc04139d4a538ea5954be1ef4f,frontend_gem_api_map/entrypoints.csv
rails_action:ee/app/controllers/projects/integrations/zentao/issues_controller.rb:24:9:show,Projects::Integrations::Zentao::IssuesController,show,unauthenticated,unknown,registered_action,conditional_anonymous,"[""ep_710a1a4893d80ba524ee54fb"",""ep_859be9ca159000087d6b14e9""]",handler/action lookup only; no inferred route equivalence or authentication reclassification,"[{""controller"":""projects/integrations/zentao/issues"",""action"":""show"",""verb"":""GET"",""path"":""/*namespace_id/:project_id/-/integrations/zentao/issues/:id"",""path_status"":""static REST expansion; draw/scopes/concerns may add prefixes"",""source"":{""file"":""ee/config/routes/project.rb"",""line"":163,""end_line"":163},""auth_context"":[{""file"":""ee/config/routes/project.rb"",""line"":3,""end_line"":220,""name"":""constraints"",""expression"":""constraints(::Projects::ProjectUrlConstraint.new) do"",""conditional"":false}]}]",ee/app/controllers/projects/integrations/zentao/issues_controller.rb,24,d75e5afaa21d45bc04139d4a538ea5954be1ef4f,frontend_gem_api_map/entrypoints.csv
rails_action:ee/app/controllers/projects/merge_requests/saml_approvals_controller.rb:8:7:create,Projects::MergeRequests::SamlApprovalsController,create,unauthenticated,unknown,public_method_registration_unresolved,conditional_anonymous,"[""ep_2d2ab3f0f694ccf0847458c7"",""ep_ed35e75beb9ceb55c2e132ea""]",handler/action lookup only; no inferred route equivalence or authentication reclassification,[],ee/app/controllers/projects/merge_requests/saml_approvals_controller.rb,8,d75e5afaa21d45bc04139d4a538ea5954be1ef4f,frontend_gem_api_map/entrypoints.csv
rails_action:ee/app/controllers/projects/on_demand_scans_controller.rb:12:5:@before_action,Projects::OnDemandScansController,@before_action,unauthenticated,not in targeted 191-record review,not in targeted review,no corresponding handler/action record,[],handler/action lookup only; no inferred route equivalence or authentication reclassification,[],ee/app/controllers/projects/on_demand_scans_controller.rb,12,d75e5afaa21d45bc04139d4a538ea5954be1ef4f,frontend_gem_api_map/entrypoints.csv
rails_action:ee/app/controllers/projects/security/compliance_dashboards_controller.rb:10:7:@before_action,Projects::Security::ComplianceDashboardsController,@before_action,unauthenticated,not in targeted 191-record review,not in targeted review,no corresponding handler/action record,[],handler/action lookup only; no inferred route equivalence or authentication reclassification,[],ee/app/controllers/projects/security/compliance_dashboards_controller.rb,10,d75e5afaa21d45bc04139d4a538ea5954be1ef4f,frontend_gem_api_map/entrypoints.csv
rails_action:ee/app/controllers/projects/security/compliance_dashboards_controller.rb:14:7:show,Projects::Security::ComplianceDashboardsController,show,unauthenticated,not in targeted 191-record review,not in targeted review,unknown,"[""ep_0460e5b5cf6e38f9c706e348"",""ep_ae6cacd9f83dcf432ba1cc11""]",handler/action lookup only; no inferred route equivalence or authentication reclassification,"[{""controller"":""projects/security/compliance_dashboards"",""action"":""show"",""verb"":""GET"",""path"":""/*namespace_id/:project_id/-/security/compliance_dashboard(/*vueroute)"",""path_status"":""static REST expansion; draw/scopes/concerns may add prefixes"",""source"":{""file"":""ee/config/routes/project.rb"",""line"":86,""end_line"":86},""auth_context"":[{""file"":""ee/config/routes/project.rb"",""line"":3,""end_line"":220,""name"":""constraints"",""expression"":""constraints(::Projects::ProjectUrlConstraint.new) do"",""conditional"":false}]}]",ee/app/controllers/projects/security/compliance_dashboards_controller.rb,14,d75e5afaa21d45bc04139d4a538ea5954be1ef4f,frontend_gem_api_map/entrypoints.csv
rails_action:ee/app/controllers/projects/security/discover_controller.rb:11:7:show,Projects::Security::DiscoverController,show,unauthenticated,not in targeted 191-record review,not in targeted review,unknown,"[""ep_a15d729be1b9e7f2a27d4e0d"",""ep_f07e526ae342f2f8106442d7""]",handler/action lookup only; no inferred route equivalence or authentication reclassification,"[{""controller"":""projects/security/discover"",""action"":""show"",""verb"":""GET"",""path"":""/*namespace_id/:project_id/-/security/discover"",""path_status"":""static REST expansion; draw/scopes/concerns may add prefixes"",""source"":{""file"":""ee/config/routes/project.rb"",""line"":112,""end_line"":112},""auth_context"":[{""file"":""ee/config/routes/project.rb"",""line"":3,""end_line"":220,""name"":""constraints"",""expression"":""constraints(::Projects::ProjectUrlConstraint.new) do"",""conditional"":false}]}]",ee/app/controllers/projects/security/discover_controller.rb,11,d75e5afaa21d45bc04139d4a538ea5954be1ef4f,frontend_gem_api_map/entrypoints.csv
rails_action:ee/app/controllers/projects/target_branch_rules_controller.rb:12:5:index,Projects::TargetBranchRulesController,index,unauthenticated,unknown,registered_action,conditional_anonymous,"[""ep_6e528831480be7d3c6b663a8"",""ep_28bfc76a77a60b45c01f6185""]",handler/action lookup only; no inferred route equivalence or authentication reclassification,"[{""controller"":""projects/target_branch_rules"",""action"":""index"",""verb"":""GET"",""path"":""/*namespace_id/:project_id/-/target_branch_rules"",""path_status"":""static REST expansion; draw/scopes/concerns may add prefixes"",""source"":{""file"":""ee/config/routes/project.rb"",""line"":59,""end_line"":59},""auth_context"":[{""file"":""ee/config/routes/project.rb"",""line"":3,""end_line"":220,""name"":""constraints"",""expression"":""constraints(::Projects::ProjectUrlConstraint.new) do"",""conditional"":false}]}]",ee/app/controllers/projects/target_branch_rules_controller.rb,12,d75e5afaa21d45bc04139d4a538ea5954be1ef4f,frontend_gem_api_map/entrypoints.csv
rails_action:ee/app/controllers/projects/target_branch_rules_controller.rb:19:5:create,Projects::TargetBranchRulesController,create,unauthenticated,unknown,registered_action,unknown,"[""ep_f4e1f4e84d7cb0f400969ff0"",""ep_0ba57dfb1e0c27375e4f3443""]",handler/action lookup only; no inferred route equivalence or authentication reclassification,"[{""controller"":""projects/target_branch_rules"",""action"":""create"",""verb"":""POST"",""path"":""/*namespace_id/:project_id/-/target_branch_rules"",""path_status"":""static REST expansion; draw/scopes/concerns may add prefixes"",""source"":{""file"":""ee/config/routes/project.rb"",""line"":59,""end_line"":59},""auth_context"":[{""file"":""ee/config/routes/project.rb"",""line"":3,""end_line"":220,""name"":""constraints"",""expression"":""constraints(::Projects::ProjectUrlConstraint.new) do"",""conditional"":false}]}]",ee/app/controllers/projects/target_branch_rules_controller.rb,19,d75e5afaa21d45bc04139d4a538ea5954be1ef4f,frontend_gem_api_map/entrypoints.csv
rails_action:ee/app/controllers/projects/target_branch_rules_controller.rb:31:5:destroy,Projects::TargetBranchRulesController,destroy,unauthenticated,unknown,registered_action,unknown,"[""ep_c77491891771ced72997a6d1"",""ep_a06e4f6ff385a24ffd08b240""]",handler/action lookup only; no inferred route equivalence or authentication reclassification,"[{""controller"":""projects/target_branch_rules"",""action"":""destroy"",""verb"":""DELETE"",""path"":""/*namespace_id/:project_id/-/target_branch_rules/:id"",""path_status"":""static REST expansion; draw/scopes/concerns may add prefixes"",""source"":{""file"":""ee/config/routes/project.rb"",""line"":59,""end_line"":59},""auth_context"":[{""file"":""ee/config/routes/project.rb"",""line"":3,""end_line"":220,""name"":""constraints"",""expression"":""constraints(::Projects::ProjectUrlConstraint.new) do"",""conditional"":false}]}]",ee/app/controllers/projects/target_branch_rules_controller.rb,31,d75e5afaa21d45bc04139d4a538ea5954be1ef4f,frontend_gem_api_map/entrypoints.csv
rails_action:ee/app/controllers/projects/target_branch_rules_controller.rb:8:5:@before_action,Projects::TargetBranchRulesController,@before_action,unauthenticated,not in targeted 191-record review,not in targeted review,no corresponding handler/action record,[],handler/action lookup only; no inferred route equivalence or authentication reclassification,[],ee/app/controllers/projects/target_branch_rules_controller.rb,8,d75e5afaa21d45bc04139d4a538ea5954be1ef4f,frontend_gem_api_map/entrypoints.csv
rails_action:ee/app/controllers/projects/vulnerability_feedback_controller.rb:17:3:count,Projects::VulnerabilityFeedbackController,count,unauthenticated,unknown,public_method_registration_unresolved,no corresponding handler/action record,[],handler/action lookup only; no inferred route equivalence or authentication reclassification,[],ee/app/controllers/projects/vulnerability_feedback_controller.rb,17,d75e5afaa21d45bc04139d4a538ea5954be1ef4f,frontend_gem_api_map/entrypoints.csv
rails_action:ee/app/controllers/sitemap_controller.rb:8:3:show,SitemapController,show,unauthenticated,unauthenticated,registered_action,conditional_anonymous | unauthenticated,"[""ep_656562448a6be90f044673dc"",""ep_40c00ac1053b9d8477e68245""]",handler/action lookup only; no inferred route equivalence or authentication reclassification,"[{""controller"":""sitemap"",""action"":""show"",""verb"":""GET"",""path"":""//sitemap"",""path_status"":""local DSL template; draw/scopes/concerns may add prefixes"",""source"":{""file"":""config/routes.rb"",""line"":375,""end_line"":375},""auth_context"":[]}]",ee/app/controllers/sitemap_controller.rb,8,d75e5afaa21d45bc04139d4a538ea5954be1ef4f,frontend_gem_api_map/entrypoints.csv
rails_action:ee/app/controllers/smartcard_controller.rb:17:3:auth,SmartcardController,auth,unauthenticated,not in targeted 191-record review,not in targeted review,conditional_anonymous | unauthenticated,"[""ep_01d266cc13dbd37a25a8cc33"",""ep_5ae2eeedf2b62e234a011076""]",handler/action lookup only; no inferred route equivalence or authentication reclassification,"[{""controller"":""smartcard"",""action"":""auth"",""verb"":""POST"",""path"":""/smartcard/auth"",""path_status"":""local DSL template; draw/scopes/concerns may add prefixes"",""source"":{""file"":""ee/config/routes/smartcard.rb"",""line"":5,""end_line"":5},""auth_context"":[]}]",ee/app/controllers/smartcard_controller.rb,17,d75e5afaa21d45bc04139d4a538ea5954be1ef4f,frontend_gem_api_map/entrypoints.csv
rails_action:ee/app/controllers/smartcard_controller.rb:21:3:extract_certificate,SmartcardController,extract_certificate,unauthenticated,unknown,registered_action,unknown,"[""ep_bfa56503088defcd7e247c75"",""ep_8c1555c2efee651497c58ad3""]",handler/action lookup only; no inferred route equivalence or authentication reclassification,"[{""controller"":""smartcard"",""action"":""extract_certificate"",""verb"":""GET"",""path"":""/smartcard/extract_certificate"",""path_status"":""local DSL template; draw/scopes/concerns may add prefixes"",""source"":{""file"":""ee/config/routes/smartcard.rb"",""line"":6,""end_line"":6},""auth_context"":[]}]",ee/app/controllers/smartcard_controller.rb,21,d75e5afaa21d45bc04139d4a538ea5954be1ef4f,frontend_gem_api_map/entrypoints.csv
rails_action:ee/app/controllers/smartcard_controller.rb:25:3:verify_certificate,SmartcardController,verify_certificate,unauthenticated,unknown,registered_action,unknown,"[""ep_ad8a3f953f48b6841b2191d8"",""ep_ccb34373bd739442d5fe44f1""]",handler/action lookup only; no inferred route equivalence or authentication reclassification,"[{""controller"":""smartcard"",""action"":""verify_certificate"",""verb"":""GET"",""path"":""/smartcard/verify_certificate"",""path_status"":""local DSL template; draw/scopes/concerns may add prefixes"",""source"":{""file"":""ee/config/routes/smartcard.rb"",""line"":7,""end_line"":7},""auth_context"":[]}]",ee/app/controllers/smartcard_controller.rb,25,d75e5afaa21d45bc04139d4a538ea5954be1ef4f,frontend_gem_api_map/entrypoints.csv
rails_action:ee/app/controllers/users/registrations_identity_verification_controller.rb:20:5:show,Users::RegistrationsIdentityVerificationController,show,unauthenticated,not in targeted 191-record review,not in targeted review,unknown,"[""ep_31357e053eef59079ca36b65"",""ep_0e504796ac018ff914eb5273""]",handler/action lookup only; no inferred route equivalence or authentication reclassification,"[{""controller"":""users/registrations_identity_verification"",""action"":""show"",""verb"":""GET"",""path"":""/users/identity_verification"",""path_status"":""static REST expansion; draw/scopes/concerns may add prefixes"",""source"":{""file"":""ee/config/routes/identity_verification.rb"",""line"":4,""end_line"":17},""auth_context"":[]}]",ee/app/controllers/users/registrations_identity_verification_controller.rb,20,d75e5afaa21d45bc04139d4a538ea5954be1ef4f,frontend_gem_api_map/entrypoints.csv
rails_action:ee/app/controllers/users/registrations_identity_verification_controller.rb:22:5:arkose_labs_challenge,Users::RegistrationsIdentityVerificationController,arkose_labs_challenge,unauthenticated,not in targeted 191-record review,not in targeted review,unknown,"[""ep_0b9e230beb88eb85aedfe613"",""ep_4fbb5de921258d52b542fc0b""]",handler/action lookup only; no inferred route equivalence or authentication reclassification,"[{""controller"":""users/registrations_identity_verification"",""action"":""arkose_labs_challenge"",""verb"":""GET"",""path"":""/users/identity_verification/arkose_labs_challenge"",""path_status"":""local DSL template; draw/scopes/concerns may add prefixes"",""source"":{""file"":""ee/config/routes/identity_verification.rb"",""line"":12,""end_line"":12},""auth_context"":[]}]",ee/app/controllers/users/registrations_identity_verification_controller.rb,22,d75e5afaa21d45bc04139d4a538ea5954be1ef4f,frontend_gem_api_map/entrypoints.csv
rails_action:ee/app/controllers/users/registrations_identity_verification_controller.rb:24:5:verify_arkose_labs_session,Users::RegistrationsIdentityVerificationController,verify_arkose_labs_session,unauthenticated,unknown,registered_action,conditional_anonymous | unauthenticated,"[""ep_94e8e246ab99348a34f80511"",""ep_e25ab54902d6bd0aa05a7f9f""]",handler/action lookup only; no inferred route equivalence or authentication reclassification,"[{""controller"":""users/registrations_identity_verification"",""action"":""verify_arkose_labs_session"",""verb"":""POST"",""path"":""/users/identity_verification/verify_arkose_labs_session"",""path_status"":""local DSL template; draw/scopes/concerns may add prefixes"",""source"":{""file"":""ee/config/routes/identity_verification.rb"",""line"":10,""end_line"":10},""auth_context"":[]}]",ee/app/controllers/users/registrations_identity_verification_controller.rb,24,d75e5afaa21d45bc04139d4a538ea5954be1ef4f,frontend_gem_api_map/entrypoints.csv
rails_action:ee/app/controllers/users/registrations_identity_verification_controller.rb:37:5:verify_email_code,Users::RegistrationsIdentityVerificationController,verify_email_code,unauthenticated,unknown,registered_action,conditional_anonymous | unauthenticated,"[""ep_1157a9248ec022b79bd5662f"",""ep_fa16617c388b1f3dbf91585d""]",handler/action lookup only; no inferred route equivalence or authentication reclassification,"[{""controller"":""users/registrations_identity_verification"",""action"":""verify_email_code"",""verb"":""POST"",""path"":""/users/identity_verification/verify_email_code"",""path_status"":""local DSL template; draw/scopes/concerns may add prefixes"",""source"":{""file"":""ee/config/routes/identity_verification.rb"",""line"":6,""end_line"":6},""auth_context"":[]}]",ee/app/controllers/users/registrations_identity_verification_controller.rb,37,d75e5afaa21d45bc04139d4a538ea5954be1ef4f,frontend_gem_api_map/entrypoints.csv
rails_action:ee/app/controllers/users/registrations_identity_verification_controller.rb:51:5:resend_email_code,Users::RegistrationsIdentityVerificationController,resend_email_code,unauthenticated,unknown,registered_action,conditional_anonymous | unauthenticated,"[""ep_2fedf921818c2a2498124ac3"",""ep_8d8316525758669704e40a68""]",handler/action lookup only; no inferred route equivalence or authentication reclassification,"[{""controller"":""users/registrations_identity_verification"",""action"":""resend_email_code"",""verb"":""POST"",""path"":""/users/identity_verification/resend_email_code"",""path_status"":""local DSL template; draw/scopes/concerns may add prefixes"",""source"":{""file"":""ee/config/routes/identity_verification.rb"",""line"":7,""end_line"":7},""auth_context"":[]}]",ee/app/controllers/users/registrations_identity_verification_controller.rb,51,d75e5afaa21d45bc04139d4a538ea5954be1ef4f,frontend_gem_api_map/entrypoints.csv
rails_action:ee/app/controllers/users/registrations_identity_verification_controller.rb:61:5:success,Users::RegistrationsIdentityVerificationController,success,unauthenticated,unknown,registered_action,conditional_anonymous | unauthenticated,"[""ep_061f7662db59621cbc24104f"",""ep_caa3978ded2288ac66908948""]",handler/action lookup only; no inferred route equivalence or authentication reclassification,"[{""controller"":""users/registrations_identity_verification"",""action"":""success"",""verb"":""GET"",""path"":""/users/identity_verification/success"",""path_status"":""local DSL template; draw/scopes/concerns may add prefixes"",""source"":{""file"":""ee/config/routes/identity_verification.rb"",""line"":15,""end_line"":15},""auth_context"":[]}]",ee/app/controllers/users/registrations_identity_verification_controller.rb,61,d75e5afaa21d45bc04139d4a538ea5954be1ef4f,frontend_gem_api_map/entrypoints.csv
