entrypoint,auth,file,line,call_chain_depth,gem,ruby_method,argument_index,slot,expression,expression_kind,edition,entrypoint_type,entrypoint_path,anonymous_access,argument_table_line,call_chain,receiver,resolved_gem,receiver_resolution,call_source_column,input_row
ep_aad8d1549c4103133168b5fa,authenticated,app/helpers/safe_format_helper.rb,29,4,erb,html_escape,0,size,value,identifier,ce,grape_endpoint,/api/v4/groups/:id/-/work_items/:work_item_iid/current_user_todos,False,118,"[{""file"":""lib/api/work_items/current_user_todos.rb"",""line"":127,""method"":""API::WorkItems::CurrentUserTodos#<endpoint>""},{""file"":""lib/api/work_items/current_user_todos.rb"",""line"":19,""method"":""API::WorkItems::CurrentUserTodos#render_current_user_todos_for""},{""file"":""app/finders/todos_finder.rb"",""line"":47,""method"":""TodosFinder#execute""},{""file"":""app/finders/todos_finder.rb"",""line"":158,""method"":""TodosFinder#invalid_type_message""},{""file"":""app/helpers/safe_format_helper.rb"",""line"":23,""method"":""SafeFormatHelper#safe_format""}]",ERB::Util,erb,gem_namespace,39,13050
ep_a1ffec2d2ff1eab3a51694b7,authenticated,app/helpers/safe_format_helper.rb,29,4,erb,html_escape,0,size,value,identifier,ce,grape_endpoint,/api/v4/namespaces/:id/-/work_items/:work_item_iid/current_user_todos,False,118,"[{""file"":""lib/api/work_items/current_user_todos.rb"",""line"":63,""method"":""API::WorkItems::CurrentUserTodos#<endpoint>""},{""file"":""lib/api/work_items/current_user_todos.rb"",""line"":19,""method"":""API::WorkItems::CurrentUserTodos#render_current_user_todos_for""},{""file"":""app/finders/todos_finder.rb"",""line"":47,""method"":""TodosFinder#execute""},{""file"":""app/finders/todos_finder.rb"",""line"":158,""method"":""TodosFinder#invalid_type_message""},{""file"":""app/helpers/safe_format_helper.rb"",""line"":23,""method"":""SafeFormatHelper#safe_format""}]",ERB::Util,erb,gem_namespace,39,30986
ep_c4591051c09cf8cdb59ad694,authenticated,app/helpers/safe_format_helper.rb,29,4,erb,html_escape,0,size,value,identifier,ce,grape_endpoint,/api/v4/projects/:id/-/work_items/:work_item_iid/current_user_todos,False,118,"[{""file"":""lib/api/work_items/current_user_todos.rb"",""line"":95,""method"":""API::WorkItems::CurrentUserTodos#<endpoint>""},{""file"":""lib/api/work_items/current_user_todos.rb"",""line"":19,""method"":""API::WorkItems::CurrentUserTodos#render_current_user_todos_for""},{""file"":""app/finders/todos_finder.rb"",""line"":47,""method"":""TodosFinder#execute""},{""file"":""app/finders/todos_finder.rb"",""line"":158,""method"":""TodosFinder#invalid_type_message""},{""file"":""app/helpers/safe_format_helper.rb"",""line"":23,""method"":""SafeFormatHelper#safe_format""}]",ERB::Util,erb,gem_namespace,39,36955
ep_1434a297e942426292457d88,authenticated,app/helpers/safe_format_helper.rb,29,4,erb,html_escape,0,size,value,identifier,ce,grape_endpoint,/api/v4/todos/mark_as_done,False,118,"[{""file"":""lib/api/todos.rb"",""line"":147,""method"":""API::Todos#<endpoint>""},{""file"":""lib/api/todos.rb"",""line"":62,""method"":""API::Todos#find_todos""},{""file"":""app/finders/todos_finder.rb"",""line"":47,""method"":""TodosFinder#execute""},{""file"":""app/finders/todos_finder.rb"",""line"":158,""method"":""TodosFinder#invalid_type_message""},{""file"":""app/helpers/safe_format_helper.rb"",""line"":23,""method"":""SafeFormatHelper#safe_format""}]",ERB::Util,erb,gem_namespace,39,99469
ep_e888e374a5598bcce6d1acfa,authenticated,app/helpers/safe_format_helper.rb,29,3,erb,html_escape,0,size,value,identifier,ce,graphql_field,/api/graphql,False,118,"[{""file"":""app/graphql/resolvers/todos_resolver.rb"",""line"":49,""method"":""Resolvers::TodosResolver#resolve""},{""file"":""app/finders/todos_finder.rb"",""line"":47,""method"":""TodosFinder#execute""},{""file"":""app/finders/todos_finder.rb"",""line"":158,""method"":""TodosFinder#invalid_type_message""},{""file"":""app/helpers/safe_format_helper.rb"",""line"":23,""method"":""SafeFormatHelper#safe_format""}]",ERB::Util,erb,gem_namespace,39,109789
ep_5b0ca601956b8a428bcc1308,authenticated,app/helpers/safe_format_helper.rb,29,3,erb,html_escape,0,size,value,identifier,ce,graphql_field,/api/graphql,False,118,"[{""file"":""app/graphql/resolvers/todos_resolver.rb"",""line"":49,""method"":""Resolvers::TodosResolver#resolve""},{""file"":""app/finders/todos_finder.rb"",""line"":47,""method"":""TodosFinder#execute""},{""file"":""app/finders/todos_finder.rb"",""line"":158,""method"":""TodosFinder#invalid_type_message""},{""file"":""app/helpers/safe_format_helper.rb"",""line"":23,""method"":""SafeFormatHelper#safe_format""}]",ERB::Util,erb,gem_namespace,39,117679
ep_8f2f13316648163724d3e4b9,authenticated,app/helpers/safe_format_helper.rb,29,3,erb,html_escape,0,size,value,identifier,ce,graphql_field,/api/graphql,False,118,"[{""file"":""app/graphql/resolvers/todos_resolver.rb"",""line"":49,""method"":""Resolvers::TodosResolver#resolve""},{""file"":""app/finders/todos_finder.rb"",""line"":47,""method"":""TodosFinder#execute""},{""file"":""app/finders/todos_finder.rb"",""line"":158,""method"":""TodosFinder#invalid_type_message""},{""file"":""app/helpers/safe_format_helper.rb"",""line"":23,""method"":""SafeFormatHelper#safe_format""}]",ERB::Util,erb,gem_namespace,39,119666
ep_69146f5f40dbc25ea9bcd9ba,authenticated,app/helpers/safe_format_helper.rb,29,3,erb,html_escape,0,size,value,identifier,ce,graphql_field,/api/graphql,False,118,"[{""file"":""app/graphql/resolvers/todos_resolver.rb"",""line"":49,""method"":""Resolvers::TodosResolver#resolve""},{""file"":""app/finders/todos_finder.rb"",""line"":47,""method"":""TodosFinder#execute""},{""file"":""app/finders/todos_finder.rb"",""line"":158,""method"":""TodosFinder#invalid_type_message""},{""file"":""app/helpers/safe_format_helper.rb"",""line"":23,""method"":""SafeFormatHelper#safe_format""}]",ERB::Util,erb,gem_namespace,39,120765
ep_e8bdbf7a1c070bb8ecbe1bf9,authenticated,app/helpers/safe_format_helper.rb,29,3,erb,html_escape,0,size,value,identifier,ce,graphql_field,/api/graphql,False,118,"[{""file"":""app/graphql/resolvers/todos_resolver.rb"",""line"":49,""method"":""Resolvers::TodosResolver#resolve""},{""file"":""app/finders/todos_finder.rb"",""line"":47,""method"":""TodosFinder#execute""},{""file"":""app/finders/todos_finder.rb"",""line"":158,""method"":""TodosFinder#invalid_type_message""},{""file"":""app/helpers/safe_format_helper.rb"",""line"":23,""method"":""SafeFormatHelper#safe_format""}]",ERB::Util,erb,gem_namespace,39,121864
ep_f7a71ea4faedffde62b8edb8,authenticated,app/helpers/safe_format_helper.rb,29,3,erb,html_escape,0,size,value,identifier,ce,graphql_field,/api/graphql,False,118,"[{""file"":""app/graphql/resolvers/todos_resolver.rb"",""line"":49,""method"":""Resolvers::TodosResolver#resolve""},{""file"":""app/finders/todos_finder.rb"",""line"":47,""method"":""TodosFinder#execute""},{""file"":""app/finders/todos_finder.rb"",""line"":158,""method"":""TodosFinder#invalid_type_message""},{""file"":""app/helpers/safe_format_helper.rb"",""line"":23,""method"":""SafeFormatHelper#safe_format""}]",ERB::Util,erb,gem_namespace,39,124363
ep_227ebc9c07a2afc878c3f346,authenticated,app/helpers/safe_format_helper.rb,29,3,erb,html_escape,0,size,value,identifier,ce,graphql_field,/api/graphql,False,118,"[{""file"":""app/graphql/resolvers/todos_resolver.rb"",""line"":49,""method"":""Resolvers::TodosResolver#resolve""},{""file"":""app/finders/todos_finder.rb"",""line"":47,""method"":""TodosFinder#execute""},{""file"":""app/finders/todos_finder.rb"",""line"":158,""method"":""TodosFinder#invalid_type_message""},{""file"":""app/helpers/safe_format_helper.rb"",""line"":23,""method"":""SafeFormatHelper#safe_format""}]",ERB::Util,erb,gem_namespace,39,125494
ep_0ea1b9d66f4197faee9230a5,authenticated,app/helpers/safe_format_helper.rb,29,3,erb,html_escape,0,size,value,identifier,ce,graphql_field,/api/graphql,False,118,"[{""file"":""app/graphql/resolvers/todos_resolver.rb"",""line"":49,""method"":""Resolvers::TodosResolver#resolve""},{""file"":""app/finders/todos_finder.rb"",""line"":47,""method"":""TodosFinder#execute""},{""file"":""app/finders/todos_finder.rb"",""line"":158,""method"":""TodosFinder#invalid_type_message""},{""file"":""app/helpers/safe_format_helper.rb"",""line"":23,""method"":""SafeFormatHelper#safe_format""}]",ERB::Util,erb,gem_namespace,39,127423
ep_1a5ca6124f842815c41c1ee9,authenticated,app/helpers/safe_format_helper.rb,29,3,erb,html_escape,0,size,value,identifier,ce,graphql_field,/api/graphql,False,118,"[{""file"":""app/graphql/resolvers/todos_resolver.rb"",""line"":49,""method"":""Resolvers::TodosResolver#resolve""},{""file"":""app/finders/todos_finder.rb"",""line"":47,""method"":""TodosFinder#execute""},{""file"":""app/finders/todos_finder.rb"",""line"":158,""method"":""TodosFinder#invalid_type_message""},{""file"":""app/helpers/safe_format_helper.rb"",""line"":23,""method"":""SafeFormatHelper#safe_format""}]",ERB::Util,erb,gem_namespace,39,135591
ep_8773a19a10e5caf2c404e7b1,authenticated,app/helpers/safe_format_helper.rb,29,3,erb,html_escape,0,size,value,identifier,ce,graphql_field,/api/graphql,False,118,"[{""file"":""app/graphql/resolvers/todos_resolver.rb"",""line"":49,""method"":""Resolvers::TodosResolver#resolve""},{""file"":""app/finders/todos_finder.rb"",""line"":47,""method"":""TodosFinder#execute""},{""file"":""app/finders/todos_finder.rb"",""line"":158,""method"":""TodosFinder#invalid_type_message""},{""file"":""app/helpers/safe_format_helper.rb"",""line"":23,""method"":""SafeFormatHelper#safe_format""}]",ERB::Util,erb,gem_namespace,39,147474
ep_9917c3ab846ec306798240bc,unknown,app/helpers/safe_format_helper.rb,29,3,erb,html_escape,0,size,value,identifier,ce,graphql_field,/api/graphql,False,118,"[{""file"":""app/graphql/resolvers/todos_resolver.rb"",""line"":49,""method"":""Resolvers::TodosResolver#resolve""},{""file"":""app/finders/todos_finder.rb"",""line"":47,""method"":""TodosFinder#execute""},{""file"":""app/finders/todos_finder.rb"",""line"":158,""method"":""TodosFinder#invalid_type_message""},{""file"":""app/helpers/safe_format_helper.rb"",""line"":23,""method"":""SafeFormatHelper#safe_format""}]",ERB::Util,erb,gem_namespace,39,150984
ep_fa394fa3cbfa2ec4ddcd4d61,unknown,app/helpers/safe_format_helper.rb,29,3,erb,html_escape,0,size,value,identifier,ce,graphql_field,/api/graphql,False,118,"[{""file"":""app/graphql/resolvers/todos_resolver.rb"",""line"":49,""method"":""Resolvers::TodosResolver#resolve""},{""file"":""app/finders/todos_finder.rb"",""line"":47,""method"":""TodosFinder#execute""},{""file"":""app/finders/todos_finder.rb"",""line"":158,""method"":""TodosFinder#invalid_type_message""},{""file"":""app/helpers/safe_format_helper.rb"",""line"":23,""method"":""SafeFormatHelper#safe_format""}]",ERB::Util,erb,gem_namespace,39,155652
ep_7c89d3013d31ebd9cf751d9d,unknown,app/helpers/safe_format_helper.rb,29,3,erb,html_escape,0,size,value,identifier,ce,graphql_field,/api/graphql,False,118,"[{""file"":""app/graphql/resolvers/todos_resolver.rb"",""line"":49,""method"":""Resolvers::TodosResolver#resolve""},{""file"":""app/finders/todos_finder.rb"",""line"":47,""method"":""TodosFinder#execute""},{""file"":""app/finders/todos_finder.rb"",""line"":158,""method"":""TodosFinder#invalid_type_message""},{""file"":""app/helpers/safe_format_helper.rb"",""line"":23,""method"":""SafeFormatHelper#safe_format""}]",ERB::Util,erb,gem_namespace,39,158441
ep_abdef7e47d18fc9fc3b2e454,unknown,app/helpers/safe_format_helper.rb,29,3,erb,html_escape,0,size,value,identifier,ce,graphql_field,/api/graphql,False,118,"[{""file"":""app/graphql/resolvers/todos_resolver.rb"",""line"":49,""method"":""Resolvers::TodosResolver#resolve""},{""file"":""app/finders/todos_finder.rb"",""line"":47,""method"":""TodosFinder#execute""},{""file"":""app/finders/todos_finder.rb"",""line"":158,""method"":""TodosFinder#invalid_type_message""},{""file"":""app/helpers/safe_format_helper.rb"",""line"":23,""method"":""SafeFormatHelper#safe_format""}]",ERB::Util,erb,gem_namespace,39,159540
ep_4884080109aba745761f559a,unknown,app/helpers/safe_format_helper.rb,29,3,erb,html_escape,0,size,value,identifier,ce,graphql_field,/api/graphql,False,118,"[{""file"":""app/graphql/resolvers/todos_resolver.rb"",""line"":49,""method"":""Resolvers::TodosResolver#resolve""},{""file"":""app/finders/todos_finder.rb"",""line"":47,""method"":""TodosFinder#execute""},{""file"":""app/finders/todos_finder.rb"",""line"":158,""method"":""TodosFinder#invalid_type_message""},{""file"":""app/helpers/safe_format_helper.rb"",""line"":23,""method"":""SafeFormatHelper#safe_format""}]",ERB::Util,erb,gem_namespace,39,161741
ep_86f543e6ce3a6e046d2b428b,unknown,app/helpers/safe_format_helper.rb,29,3,erb,html_escape,0,size,value,identifier,ce,graphql_field,/api/graphql,False,118,"[{""file"":""app/graphql/resolvers/todos_resolver.rb"",""line"":49,""method"":""Resolvers::TodosResolver#resolve""},{""file"":""app/finders/todos_finder.rb"",""line"":47,""method"":""TodosFinder#execute""},{""file"":""app/finders/todos_finder.rb"",""line"":158,""method"":""TodosFinder#invalid_type_message""},{""file"":""app/helpers/safe_format_helper.rb"",""line"":23,""method"":""SafeFormatHelper#safe_format""}]",ERB::Util,erb,gem_namespace,39,162931
ep_cba127a622a69f028b29c297,unknown,app/helpers/safe_format_helper.rb,29,3,erb,html_escape,0,size,value,identifier,ce,graphql_field,/api/graphql,False,118,"[{""file"":""app/graphql/resolvers/todos_resolver.rb"",""line"":49,""method"":""Resolvers::TodosResolver#resolve""},{""file"":""app/finders/todos_finder.rb"",""line"":47,""method"":""TodosFinder#execute""},{""file"":""app/finders/todos_finder.rb"",""line"":158,""method"":""TodosFinder#invalid_type_message""},{""file"":""app/helpers/safe_format_helper.rb"",""line"":23,""method"":""SafeFormatHelper#safe_format""}]",ERB::Util,erb,gem_namespace,39,177646
ep_804f38226cb4e6e5fcba6527,unknown,app/helpers/safe_format_helper.rb,29,3,erb,html_escape,0,size,value,identifier,ce,graphql_field,/api/graphql,False,118,"[{""file"":""app/graphql/resolvers/todos_resolver.rb"",""line"":49,""method"":""Resolvers::TodosResolver#resolve""},{""file"":""app/finders/todos_finder.rb"",""line"":47,""method"":""TodosFinder#execute""},{""file"":""app/finders/todos_finder.rb"",""line"":158,""method"":""TodosFinder#invalid_type_message""},{""file"":""app/helpers/safe_format_helper.rb"",""line"":23,""method"":""SafeFormatHelper#safe_format""}]",ERB::Util,erb,gem_namespace,39,179276
ep_e2daa436aeb066a0d2f27783,unknown,app/helpers/safe_format_helper.rb,29,3,erb,html_escape,0,size,value,identifier,ce,graphql_field,/api/graphql,False,118,"[{""file"":""app/graphql/resolvers/todos_resolver.rb"",""line"":49,""method"":""Resolvers::TodosResolver#resolve""},{""file"":""app/finders/todos_finder.rb"",""line"":47,""method"":""TodosFinder#execute""},{""file"":""app/finders/todos_finder.rb"",""line"":158,""method"":""TodosFinder#invalid_type_message""},{""file"":""app/helpers/safe_format_helper.rb"",""line"":23,""method"":""SafeFormatHelper#safe_format""}]",ERB::Util,erb,gem_namespace,39,196362
ep_0f9d17528d5596091d61e516,unknown,app/helpers/safe_format_helper.rb,29,3,erb,html_escape,0,size,value,identifier,ce,graphql_field,/api/graphql,False,118,"[{""file"":""app/graphql/resolvers/todos_resolver.rb"",""line"":49,""method"":""Resolvers::TodosResolver#resolve""},{""file"":""app/finders/todos_finder.rb"",""line"":47,""method"":""TodosFinder#execute""},{""file"":""app/finders/todos_finder.rb"",""line"":158,""method"":""TodosFinder#invalid_type_message""},{""file"":""app/helpers/safe_format_helper.rb"",""line"":23,""method"":""SafeFormatHelper#safe_format""}]",ERB::Util,erb,gem_namespace,39,199142
ep_1d230fb026f2fa386df8dfd8,unknown,app/helpers/safe_format_helper.rb,29,3,erb,html_escape,0,size,value,identifier,ce,graphql_field,/api/graphql,False,118,"[{""file"":""app/graphql/resolvers/todos_resolver.rb"",""line"":49,""method"":""Resolvers::TodosResolver#resolve""},{""file"":""app/finders/todos_finder.rb"",""line"":47,""method"":""TodosFinder#execute""},{""file"":""app/finders/todos_finder.rb"",""line"":158,""method"":""TodosFinder#invalid_type_message""},{""file"":""app/helpers/safe_format_helper.rb"",""line"":23,""method"":""SafeFormatHelper#safe_format""}]",ERB::Util,erb,gem_namespace,39,200241
ep_4e29054a0cbf374d6b37537b,unknown,app/helpers/safe_format_helper.rb,29,3,erb,html_escape,0,size,value,identifier,ce,graphql_field,/api/graphql,False,118,"[{""file"":""app/graphql/resolvers/todos_resolver.rb"",""line"":49,""method"":""Resolvers::TodosResolver#resolve""},{""file"":""app/finders/todos_finder.rb"",""line"":47,""method"":""TodosFinder#execute""},{""file"":""app/finders/todos_finder.rb"",""line"":158,""method"":""TodosFinder#invalid_type_message""},{""file"":""app/helpers/safe_format_helper.rb"",""line"":23,""method"":""SafeFormatHelper#safe_format""}]",ERB::Util,erb,gem_namespace,39,202192
ep_238ef22492511b33b2cee5ca,unknown,app/helpers/safe_format_helper.rb,29,3,erb,html_escape,0,size,value,identifier,ce,graphql_field,/api/graphql,False,118,"[{""file"":""app/graphql/resolvers/todos_resolver.rb"",""line"":49,""method"":""Resolvers::TodosResolver#resolve""},{""file"":""app/finders/todos_finder.rb"",""line"":47,""method"":""TodosFinder#execute""},{""file"":""app/finders/todos_finder.rb"",""line"":158,""method"":""TodosFinder#invalid_type_message""},{""file"":""app/helpers/safe_format_helper.rb"",""line"":23,""method"":""SafeFormatHelper#safe_format""}]",ERB::Util,erb,gem_namespace,39,203382
ep_c45b35ebed15d6532ce094a6,authenticated,app/helpers/safe_format_helper.rb,29,3,erb,html_escape,0,size,value,identifier,ce,graphql_field,/api/graphql,False,118,"[{""file"":""app/graphql/resolvers/todos_resolver.rb"",""line"":49,""method"":""Resolvers::TodosResolver#resolve""},{""file"":""app/finders/todos_finder.rb"",""line"":47,""method"":""TodosFinder#execute""},{""file"":""app/finders/todos_finder.rb"",""line"":158,""method"":""TodosFinder#invalid_type_message""},{""file"":""app/helpers/safe_format_helper.rb"",""line"":23,""method"":""SafeFormatHelper#safe_format""}]",ERB::Util,erb,gem_namespace,39,204708
ep_e5f2ce676cc9e196bbc46d15,authenticated,app/helpers/safe_format_helper.rb,29,3,erb,html_escape,0,size,value,identifier,ce,graphql_field,/api/graphql,False,118,"[{""file"":""app/graphql/resolvers/todos_resolver.rb"",""line"":49,""method"":""Resolvers::TodosResolver#resolve""},{""file"":""app/finders/todos_finder.rb"",""line"":47,""method"":""TodosFinder#execute""},{""file"":""app/finders/todos_finder.rb"",""line"":158,""method"":""TodosFinder#invalid_type_message""},{""file"":""app/helpers/safe_format_helper.rb"",""line"":23,""method"":""SafeFormatHelper#safe_format""}]",ERB::Util,erb,gem_namespace,39,205807
ep_c26f0ba77a3332af1841f02d,authenticated,app/helpers/safe_format_helper.rb,29,3,erb,html_escape,0,size,value,identifier,ce,graphql_field,/api/graphql,False,118,"[{""file"":""app/graphql/resolvers/todos_resolver.rb"",""line"":49,""method"":""Resolvers::TodosResolver#resolve""},{""file"":""app/finders/todos_finder.rb"",""line"":47,""method"":""TodosFinder#execute""},{""file"":""app/finders/todos_finder.rb"",""line"":158,""method"":""TodosFinder#invalid_type_message""},{""file"":""app/helpers/safe_format_helper.rb"",""line"":23,""method"":""SafeFormatHelper#safe_format""}]",ERB::Util,erb,gem_namespace,39,207690
ep_1ee18ef67f39fe06f50242cc,authenticated,app/helpers/safe_format_helper.rb,29,3,erb,html_escape,0,size,value,identifier,ce,graphql_field,/api/graphql,False,118,"[{""file"":""app/graphql/resolvers/todos_resolver.rb"",""line"":49,""method"":""Resolvers::TodosResolver#resolve""},{""file"":""app/finders/todos_finder.rb"",""line"":47,""method"":""TodosFinder#execute""},{""file"":""app/finders/todos_finder.rb"",""line"":158,""method"":""TodosFinder#invalid_type_message""},{""file"":""app/helpers/safe_format_helper.rb"",""line"":23,""method"":""SafeFormatHelper#safe_format""}]",ERB::Util,erb,gem_namespace,39,208880
ep_5aa06bf18169c925bdb73b6c,unknown,app/helpers/safe_format_helper.rb,29,3,erb,html_escape,0,size,value,identifier,ce,graphql_field,/api/graphql,False,118,"[{""file"":""app/graphql/resolvers/todos_resolver.rb"",""line"":49,""method"":""Resolvers::TodosResolver#resolve""},{""file"":""app/finders/todos_finder.rb"",""line"":47,""method"":""TodosFinder#execute""},{""file"":""app/finders/todos_finder.rb"",""line"":158,""method"":""TodosFinder#invalid_type_message""},{""file"":""app/helpers/safe_format_helper.rb"",""line"":23,""method"":""SafeFormatHelper#safe_format""}]",ERB::Util,erb,gem_namespace,39,213457
ep_936d579ee9eba19f4732d1e0,authenticated,app/helpers/safe_format_helper.rb,29,3,erb,html_escape,0,size,value,identifier,ce,graphql_field,/api/graphql,False,118,"[{""file"":""app/graphql/resolvers/todos_resolver.rb"",""line"":49,""method"":""Resolvers::TodosResolver#resolve""},{""file"":""app/finders/todos_finder.rb"",""line"":47,""method"":""TodosFinder#execute""},{""file"":""app/finders/todos_finder.rb"",""line"":158,""method"":""TodosFinder#invalid_type_message""},{""file"":""app/helpers/safe_format_helper.rb"",""line"":23,""method"":""SafeFormatHelper#safe_format""}]",ERB::Util,erb,gem_namespace,39,219352
ep_5d27abd5be22531270a16782,unknown,app/helpers/safe_format_helper.rb,29,3,erb,html_escape,0,size,value,identifier,ce,graphql_field,/api/graphql,False,118,"[{""file"":""app/graphql/resolvers/todos_resolver.rb"",""line"":49,""method"":""Resolvers::TodosResolver#resolve""},{""file"":""app/finders/todos_finder.rb"",""line"":47,""method"":""TodosFinder#execute""},{""file"":""app/finders/todos_finder.rb"",""line"":158,""method"":""TodosFinder#invalid_type_message""},{""file"":""app/helpers/safe_format_helper.rb"",""line"":23,""method"":""SafeFormatHelper#safe_format""}]",ERB::Util,erb,gem_namespace,39,230091
ep_1986d7c3179920a97e048022,authenticated,app/helpers/safe_format_helper.rb,29,1,erb,html_escape,0,size,value,identifier,ce,graphql_mutation,/api/graphql,False,118,"[{""file"":""app/graphql/mutations/release_asset_links/create.rb"",""line"":29,""method"":""Mutations::ReleaseAssetLinks::Create#resolve""},{""file"":""app/helpers/safe_format_helper.rb"",""line"":23,""method"":""SafeFormatHelper#safe_format""}]",ERB::Util,erb,gem_namespace,39,270370
ep_9259bc99c82dded49affba79,authenticated,app/helpers/safe_format_helper.rb,29,4,erb,html_escape,0,size,value,identifier,ce,graphql_mutation,/api/graphql,False,118,"[{""file"":""app/graphql/mutations/todos/mark_all_done.rb"",""line"":43,""method"":""Mutations::Todos::MarkAllDone#resolve""},{""file"":""app/graphql/mutations/todos/mark_all_done.rb"",""line"":56,""method"":""Mutations::Todos::MarkAllDone#mark_all_todos_done""},{""file"":""app/finders/todos_finder.rb"",""line"":47,""method"":""TodosFinder#execute""},{""file"":""app/finders/todos_finder.rb"",""line"":158,""method"":""TodosFinder#invalid_type_message""},{""file"":""app/helpers/safe_format_helper.rb"",""line"":23,""method"":""SafeFormatHelper#safe_format""}]",ERB::Util,erb,gem_namespace,39,276773
ep_3371112fcff4ced1a3da2ac9,authenticated,app/helpers/safe_format_helper.rb,29,2,erb,html_escape,0,size,value,identifier,ce,rails_action,/*namespace_id/:id,False,118,"[{""file"":""app/controllers/projects_controller.rb"",""line"":205,""method"":""ProjectsController#destroy""},{""file"":""app/controllers/projects_controller.rb"",""line"":440,""method"":""ProjectsController#destroy_immediately""},{""file"":""app/helpers/safe_format_helper.rb"",""line"":23,""method"":""SafeFormatHelper#safe_format""}]",ERB::Util,erb,gem_namespace,39,295270
ep_87dc5349ff84bd27dee53bf0,conditional_anonymous,app/helpers/safe_format_helper.rb,29,1,erb,html_escape,0,size,value,identifier,ce,rails_action,/*namespace_id/:id,True,118,"[{""file"":""app/controllers/projects_controller.rb"",""line"":175,""method"":""ProjectsController#show""},{""file"":""app/helpers/safe_format_helper.rb"",""line"":23,""method"":""SafeFormatHelper#safe_format""}]",ERB::Util,erb,gem_namespace,39,295309
ep_745f0356126037d90dc591f4,conditional_anonymous,app/controllers/concerns/cycle_analytics_params.rb,59,4,date,parse,0,index,field,identifier,ce,rails_action,/*namespace_id/:project_id/-/analytics/value_stream_analytics/summary,True,72,"[{""file"":""app/controllers/projects/analytics/cycle_analytics/summary_controller.rb"",""line"":15,""method"":""Projects::Analytics::CycleAnalytics::SummaryController#show""},{""file"":""app/controllers/projects/analytics/cycle_analytics/summary_controller.rb"",""line"":25,""method"":""Projects::Analytics::CycleAnalytics::SummaryController#project_level""},{""file"":""app/controllers/concerns/cycle_analytics_params.rb"",""line"":14,""method"":""CycleAnalyticsParams#options""},{""file"":""app/controllers/concerns/cycle_analytics_params.rb"",""line"":51,""method"":""CycleAnalyticsParams#date_range""},{""file"":""app/controllers/concerns/cycle_analytics_params.rb"",""line"":58,""method"":""CycleAnalyticsParams#to_utc_time""}]",Date,date,gem_namespace,61,298564
ep_745f0356126037d90dc591f4,conditional_anonymous,app/controllers/concerns/cycle_analytics_params.rb,59,4,date,parse,0,index,field,identifier,ce,rails_action,/*namespace_id/:project_id/-/analytics/value_stream_analytics/summary,True,73,"[{""file"":""app/controllers/projects/analytics/cycle_analytics/summary_controller.rb"",""line"":15,""method"":""Projects::Analytics::CycleAnalytics::SummaryController#show""},{""file"":""app/controllers/projects/analytics/cycle_analytics/summary_controller.rb"",""line"":25,""method"":""Projects::Analytics::CycleAnalytics::SummaryController#project_level""},{""file"":""app/controllers/concerns/cycle_analytics_params.rb"",""line"":14,""method"":""CycleAnalyticsParams#options""},{""file"":""app/controllers/concerns/cycle_analytics_params.rb"",""line"":51,""method"":""CycleAnalyticsParams#date_range""},{""file"":""app/controllers/concerns/cycle_analytics_params.rb"",""line"":58,""method"":""CycleAnalyticsParams#to_utc_time""}]",Date,date,gem_namespace,61,298565
ep_0c6b904825cf009f902d1029,authenticated,app/helpers/safe_format_helper.rb,29,3,erb,html_escape,0,size,value,identifier,ce,rails_action,/*namespace_id/:project_id/-/blob/*id,False,118,"[{""file"":""app/controllers/projects/blob_controller.rb"",""line"":133,""method"":""Projects::BlobController#destroy""},{""file"":""app/controllers/concerns/creates_commit.rb"",""line"":20,""method"":""CreatesCommit#create_commit""},{""file"":""app/controllers/concerns/creates_commit.rb"",""line"":131,""method"":""CreatesCommit#update_flash_notice""},{""file"":""app/helpers/safe_format_helper.rb"",""line"":23,""method"":""SafeFormatHelper#safe_format""}]",ERB::Util,erb,gem_namespace,39,301123
ep_1895a2755a1ad07174a82784,authenticated,app/helpers/safe_format_helper.rb,29,3,erb,html_escape,0,size,value,identifier,ce,rails_action,/*namespace_id/:project_id/-/blob/*id,False,118,"[{""file"":""app/controllers/projects/blob_controller.rb"",""line"":60,""method"":""Projects::BlobController#create""},{""file"":""app/controllers/concerns/creates_commit.rb"",""line"":20,""method"":""CreatesCommit#create_commit""},{""file"":""app/controllers/concerns/creates_commit.rb"",""line"":131,""method"":""CreatesCommit#update_flash_notice""},{""file"":""app/helpers/safe_format_helper.rb"",""line"":23,""method"":""SafeFormatHelper#safe_format""}]",ERB::Util,erb,gem_namespace,39,301296
ep_c6215196415f88b1165e87eb,authenticated,app/helpers/safe_format_helper.rb,29,3,erb,html_escape,0,size,value,identifier,ce,rails_action,/*namespace_id/:project_id/-/blob/*id,False,118,"[{""file"":""app/controllers/projects/blob_controller.rb"",""line"":100,""method"":""Projects::BlobController#update""},{""file"":""app/controllers/concerns/creates_commit.rb"",""line"":20,""method"":""CreatesCommit#create_commit""},{""file"":""app/controllers/concerns/creates_commit.rb"",""line"":131,""method"":""CreatesCommit#update_flash_notice""},{""file"":""app/helpers/safe_format_helper.rb"",""line"":23,""method"":""SafeFormatHelper#safe_format""}]",ERB::Util,erb,gem_namespace,39,301676
ep_563409141e5d4d68e1c1e5a6,authenticated,app/helpers/safe_format_helper.rb,29,3,erb,html_escape,0,size,value,identifier,ce,rails_action,/*namespace_id/:project_id/-/commit/:id/cherry_pick,False,118,"[{""file"":""app/controllers/projects/commit_controller.rb"",""line"":170,""method"":""Projects::CommitController#cherry_pick""},{""file"":""app/controllers/concerns/creates_commit.rb"",""line"":20,""method"":""CreatesCommit#create_commit""},{""file"":""app/controllers/concerns/creates_commit.rb"",""line"":131,""method"":""CreatesCommit#update_flash_notice""},{""file"":""app/helpers/safe_format_helper.rb"",""line"":23,""method"":""SafeFormatHelper#safe_format""}]",ERB::Util,erb,gem_namespace,39,305761
ep_ef1076760d43b8f96c6358a3,authenticated,app/helpers/safe_format_helper.rb,29,3,erb,html_escape,0,size,value,identifier,ce,rails_action,/*namespace_id/:project_id/-/commit/:id/revert,False,118,"[{""file"":""app/controllers/projects/commit_controller.rb"",""line"":152,""method"":""Projects::CommitController#revert""},{""file"":""app/controllers/concerns/creates_commit.rb"",""line"":20,""method"":""CreatesCommit#create_commit""},{""file"":""app/controllers/concerns/creates_commit.rb"",""line"":131,""method"":""CreatesCommit#update_flash_notice""},{""file"":""app/helpers/safe_format_helper.rb"",""line"":23,""method"":""SafeFormatHelper#safe_format""}]",ERB::Util,erb,gem_namespace,39,307546
ep_68e5f8eff6d61d506f441452,authenticated,app/helpers/safe_format_helper.rb,29,3,erb,html_escape,0,size,value,identifier,ce,rails_action,/*namespace_id/:project_id/-/create/*id,False,118,"[{""file"":""app/controllers/projects/blob_controller.rb"",""line"":60,""method"":""Projects::BlobController#create""},{""file"":""app/controllers/concerns/creates_commit.rb"",""line"":20,""method"":""CreatesCommit#create_commit""},{""file"":""app/controllers/concerns/creates_commit.rb"",""line"":131,""method"":""CreatesCommit#update_flash_notice""},{""file"":""app/helpers/safe_format_helper.rb"",""line"":23,""method"":""SafeFormatHelper#safe_format""}]",ERB::Util,erb,gem_namespace,39,309172
ep_4c585bbc8a6faa2c54f5675d,authenticated,app/helpers/safe_format_helper.rb,29,3,erb,html_escape,0,size,value,identifier,ce,rails_action,/*namespace_id/:project_id/-/create_dir/*id,False,118,"[{""file"":""app/controllers/projects/tree_controller.rb"",""line"":47,""method"":""Projects::TreeController#create_dir""},{""file"":""app/controllers/concerns/creates_commit.rb"",""line"":20,""method"":""CreatesCommit#create_commit""},{""file"":""app/controllers/concerns/creates_commit.rb"",""line"":131,""method"":""CreatesCommit#update_flash_notice""},{""file"":""app/helpers/safe_format_helper.rb"",""line"":23,""method"":""SafeFormatHelper#safe_format""}]",ERB::Util,erb,gem_namespace,39,309345
ep_444a4dd940ffe31dd67a950a,unknown,lib/google_api/cloud_platform/client.rb,174,3,date,strptime,0,index,expires_at,identifier,ce,rails_action,/*namespace_id/:project_id/-/google_cloud/configuration,False,82,"[{""file"":""app/controllers/projects/google_cloud/configuration_controller.rb"",""line"":6,""method"":""Projects::GoogleCloud::ConfigurationController#index""},{""file"":""app/controllers/projects/google_cloud/configuration_controller.rb"",""line"":31,""method"":""Projects::GoogleCloud::ConfigurationController#revoke_oauth_url""},{""file"":""lib/google_api/cloud_platform/client.rb"",""line"":45,""method"":""GoogleApi::CloudPlatform::Client#validate_token""},{""file"":""lib/google_api/cloud_platform/client.rb"",""line"":173,""method"":""GoogleApi::CloudPlatform::Client#token_life_time""}]",DateTime,date,gem_namespace,9,314998
ep_444a4dd940ffe31dd67a950a,unknown,lib/google_api/cloud_platform/client.rb,174,3,date,strptime,0,index,expires_at,identifier,ce,rails_action,/*namespace_id/:project_id/-/google_cloud/configuration,False,83,"[{""file"":""app/controllers/projects/google_cloud/configuration_controller.rb"",""line"":6,""method"":""Projects::GoogleCloud::ConfigurationController#index""},{""file"":""app/controllers/projects/google_cloud/configuration_controller.rb"",""line"":31,""method"":""Projects::GoogleCloud::ConfigurationController#revoke_oauth_url""},{""file"":""lib/google_api/cloud_platform/client.rb"",""line"":45,""method"":""GoogleApi::CloudPlatform::Client#validate_token""},{""file"":""lib/google_api/cloud_platform/client.rb"",""line"":173,""method"":""GoogleApi::CloudPlatform::Client#token_life_time""}]",DateTime,date,gem_namespace,9,314999
ep_8029d5cad6e1e1f6614e72ce,unknown,app/helpers/safe_format_helper.rb,29,1,erb,html_escape,0,size,value,identifier,ce,rails_action,/*namespace_id/:project_id/-/google_cloud/deployments/cloud_run,False,118,"[{""file"":""app/controllers/projects/google_cloud/deployments_controller.rb"",""line"":18,""method"":""Projects::GoogleCloud::DeploymentsController#cloud_run""},{""file"":""app/helpers/safe_format_helper.rb"",""line"":23,""method"":""SafeFormatHelper#safe_format""}]",ERB::Util,erb,gem_namespace,39,316413
ep_802d5664ecbf1258df67b21f,unknown,app/helpers/safe_format_helper.rb,29,1,erb,html_escape,0,size,value,identifier,ce,rails_action,/*namespace_id/:project_id/-/google_cloud/service_accounts,False,118,"[{""file"":""app/controllers/projects/google_cloud/service_accounts_controller.rb"",""line"":27,""method"":""Projects::GoogleCloud::ServiceAccountsController#create""},{""file"":""app/helpers/safe_format_helper.rb"",""line"":23,""method"":""SafeFormatHelper#safe_format""}]",ERB::Util,erb,gem_namespace,39,317517
ep_a53660190b8db05d1b7f3017,unknown,app/helpers/safe_format_helper.rb,29,1,erb,html_escape,0,size,value,identifier,ce,rails_action,/*namespace_id/:project_id/-/google_cloud/service_accounts,False,118,"[{""file"":""app/controllers/projects/google_cloud/service_accounts_controller.rb"",""line"":6,""method"":""Projects::GoogleCloud::ServiceAccountsController#index""},{""file"":""app/helpers/safe_format_helper.rb"",""line"":23,""method"":""SafeFormatHelper#safe_format""}]",ERB::Util,erb,gem_namespace,39,317748
ep_6e0edf2f7234dfc0d30717af,authenticated,app/helpers/safe_format_helper.rb,29,1,erb,html_escape,0,size,value,identifier,ce,rails_action,/*namespace_id/:project_id/-/issues/export_csv,False,118,"[{""file"":""app/controllers/projects/issues_controller.rb"",""line"":259,""method"":""Projects::IssuesController#export_csv""},{""file"":""app/helpers/safe_format_helper.rb"",""line"":23,""method"":""SafeFormatHelper#safe_format""}]",ERB::Util,erb,gem_namespace,39,323409
ep_f8d46e94f6bb4eda1179e79c,conditional_anonymous,app/controllers/concerns/parse_commit_date.rb,7,1,date,strptime,0,index,date,identifier,ce,rails_action,/*namespace_id/:project_id/-/merge_requests/:id/context_commits,True,82,"[{""file"":""app/controllers/projects/merge_requests_controller.rb"",""line"":188,""method"":""Projects::MergeRequestsController#context_commits""},{""file"":""app/controllers/concerns/parse_commit_date.rb"",""line"":6,""method"":""ParseCommitDate#convert_date_to_epoch""}]",Date,date,gem_namespace,5,330085
ep_f8d46e94f6bb4eda1179e79c,conditional_anonymous,app/controllers/concerns/parse_commit_date.rb,7,1,date,strptime,0,index,date,identifier,ce,rails_action,/*namespace_id/:project_id/-/merge_requests/:id/context_commits,True,83,"[{""file"":""app/controllers/projects/merge_requests_controller.rb"",""line"":188,""method"":""Projects::MergeRequestsController#context_commits""},{""file"":""app/controllers/concerns/parse_commit_date.rb"",""line"":6,""method"":""ParseCommitDate#convert_date_to_epoch""}]",Date,date,gem_namespace,5,330086
ep_74b2060f0f807593ad9ed335,conditional_anonymous,app/helpers/safe_format_helper.rb,29,2,erb,html_escape,0,size,value,identifier,ce,rails_action,/*namespace_id/:project_id/-/merge_requests/:id/diffs,True,118,"[{""file"":""app/controllers/projects/merge_requests_controller.rb"",""line"":120,""method"":""Projects::MergeRequestsController#diffs""},{""file"":""app/controllers/projects/merge_requests_controller.rb"",""line"":443,""method"":""Projects::MergeRequestsController#show_rapid_diffs""},{""file"":""app/helpers/safe_format_helper.rb"",""line"":23,""method"":""SafeFormatHelper#safe_format""}]",ERB::Util,erb,gem_namespace,39,331323
ep_4759797db9abf8a5db55da2d,unknown,app/helpers/safe_format_helper.rb,29,1,erb,html_escape,0,size,value,identifier,ce,rails_action,/*namespace_id/:project_id/-/pipeline_schedules/:id/play,False,118,"[{""file"":""app/controllers/projects/pipeline_schedules_controller.rb"",""line"":49,""method"":""Projects::PipelineSchedulesController#play""},{""file"":""app/helpers/safe_format_helper.rb"",""line"":23,""method"":""SafeFormatHelper#safe_format""}]",ERB::Util,erb,gem_namespace,39,343648
ep_6882c64d60ec202ae8e47ddb,conditional_anonymous,lib/gitlab/string_range_marker.rb,20,4,erb,html_escape,0,size,rich_line,identifier,ce,rails_action,/*namespace_id/:project_id/-/preview/*id,True,118,"[{""file"":""app/controllers/projects/blob_controller.rb"",""line"":115,""method"":""Projects::BlobController#preview""},{""file"":""lib/gitlab/diff/highlight.rb"",""line"":33,""method"":""Gitlab::Diff::Highlight#highlight""},{""file"":""lib/gitlab/diff/highlight.rb"",""line"":72,""method"":""Gitlab::Diff::Highlight#apply_marker_ranges_highlight""},{""file"":""lib/gitlab/diff/inline_diff_marker.rb"",""line"":6,""method"":""Gitlab::Diff::InlineDiffMarker#initialize""},{""file"":""lib/gitlab/string_range_marker.rb"",""line"":14,""method"":""Gitlab::StringRangeMarker#initialize""}]",ERB::Util,erb,gem_namespace,22,346643
ep_d6edc13bf7e0c7110092446f,authenticated,app/helpers/safe_format_helper.rb,29,1,erb,html_escape,0,size,value,identifier,ce,rails_action,/*namespace_id/:project_id/-/settings/ci_cd,False,118,"[{""file"":""app/controllers/projects/settings/ci_cd_controller.rb"",""line"":44,""method"":""Projects::Settings::CiCdController#update""},{""file"":""app/helpers/safe_format_helper.rb"",""line"":23,""method"":""SafeFormatHelper#safe_format""}]",ERB::Util,erb,gem_namespace,39,351181
ep_39669de42db945e542c66c92,authenticated,app/helpers/safe_format_helper.rb,29,3,erb,html_escape,0,size,value,identifier,ce,rails_action,/*namespace_id/:project_id/-/update/*id,False,118,"[{""file"":""app/controllers/projects/blob_controller.rb"",""line"":100,""method"":""Projects::BlobController#update""},{""file"":""app/controllers/concerns/creates_commit.rb"",""line"":20,""method"":""CreatesCommit#create_commit""},{""file"":""app/controllers/concerns/creates_commit.rb"",""line"":131,""method"":""CreatesCommit#update_flash_notice""},{""file"":""app/helpers/safe_format_helper.rb"",""line"":23,""method"":""SafeFormatHelper#safe_format""}]",ERB::Util,erb,gem_namespace,39,358055
ep_beaa12bee645a3f2dd5f0b93,conditional_anonymous,app/controllers/concerns/cycle_analytics_params.rb,59,3,date,parse,0,index,field,identifier,ce,rails_action,/*namespace_id/:project_id/-/value_stream_analytics,True,72,"[{""file"":""app/controllers/projects/cycle_analytics_controller.rb"",""line"":33,""method"":""Projects::CycleAnalyticsController#show""},{""file"":""app/controllers/concerns/cycle_analytics_params.rb"",""line"":14,""method"":""CycleAnalyticsParams#options""},{""file"":""app/controllers/concerns/cycle_analytics_params.rb"",""line"":51,""method"":""CycleAnalyticsParams#date_range""},{""file"":""app/controllers/concerns/cycle_analytics_params.rb"",""line"":58,""method"":""CycleAnalyticsParams#to_utc_time""}]",Date,date,gem_namespace,61,358560
ep_beaa12bee645a3f2dd5f0b93,conditional_anonymous,app/controllers/concerns/cycle_analytics_params.rb,59,3,date,parse,0,index,field,identifier,ce,rails_action,/*namespace_id/:project_id/-/value_stream_analytics,True,73,"[{""file"":""app/controllers/projects/cycle_analytics_controller.rb"",""line"":33,""method"":""Projects::CycleAnalyticsController#show""},{""file"":""app/controllers/concerns/cycle_analytics_params.rb"",""line"":14,""method"":""CycleAnalyticsParams#options""},{""file"":""app/controllers/concerns/cycle_analytics_params.rb"",""line"":51,""method"":""CycleAnalyticsParams#date_range""},{""file"":""app/controllers/concerns/cycle_analytics_params.rb"",""line"":58,""method"":""CycleAnalyticsParams#to_utc_time""}]",Date,date,gem_namespace,61,358561
ep_7fa652327785ec3e03ae7085,conditional_anonymous,app/controllers/concerns/cycle_analytics_params.rb,59,4,date,parse,0,index,field,identifier,ce,rails_action,/*namespace_id/:project_id/-/value_stream_analytics/events/code,True,72,"[{""file"":""app/controllers/projects/cycle_analytics/events_controller.rb"",""line"":25,""method"":""Projects::CycleAnalytics::EventsController#code""},{""file"":""app/controllers/projects/cycle_analytics/events_controller.rb"",""line"":56,""method"":""Projects::CycleAnalytics::EventsController#cycle_analytics""},{""file"":""app/controllers/concerns/cycle_analytics_params.rb"",""line"":14,""method"":""CycleAnalyticsParams#options""},{""file"":""app/controllers/concerns/cycle_analytics_params.rb"",""line"":51,""method"":""CycleAnalyticsParams#date_range""},{""file"":""app/controllers/concerns/cycle_analytics_params.rb"",""line"":58,""method"":""CycleAnalyticsParams#to_utc_time""}]",Date,date,gem_namespace,61,359291
ep_7fa652327785ec3e03ae7085,conditional_anonymous,app/controllers/concerns/cycle_analytics_params.rb,59,4,date,parse,0,index,field,identifier,ce,rails_action,/*namespace_id/:project_id/-/value_stream_analytics/events/code,True,73,"[{""file"":""app/controllers/projects/cycle_analytics/events_controller.rb"",""line"":25,""method"":""Projects::CycleAnalytics::EventsController#code""},{""file"":""app/controllers/projects/cycle_analytics/events_controller.rb"",""line"":56,""method"":""Projects::CycleAnalytics::EventsController#cycle_analytics""},{""file"":""app/controllers/concerns/cycle_analytics_params.rb"",""line"":14,""method"":""CycleAnalyticsParams#options""},{""file"":""app/controllers/concerns/cycle_analytics_params.rb"",""line"":51,""method"":""CycleAnalyticsParams#date_range""},{""file"":""app/controllers/concerns/cycle_analytics_params.rb"",""line"":58,""method"":""CycleAnalyticsParams#to_utc_time""}]",Date,date,gem_namespace,61,359292
ep_e265279f5aa70b049e8124f1,conditional_anonymous,app/controllers/concerns/cycle_analytics_params.rb,59,4,date,parse,0,index,field,identifier,ce,rails_action,/*namespace_id/:project_id/-/value_stream_analytics/events/issue,True,72,"[{""file"":""app/controllers/projects/cycle_analytics/events_controller.rb"",""line"":17,""method"":""Projects::CycleAnalytics::EventsController#issue""},{""file"":""app/controllers/projects/cycle_analytics/events_controller.rb"",""line"":56,""method"":""Projects::CycleAnalytics::EventsController#cycle_analytics""},{""file"":""app/controllers/concerns/cycle_analytics_params.rb"",""line"":14,""method"":""CycleAnalyticsParams#options""},{""file"":""app/controllers/concerns/cycle_analytics_params.rb"",""line"":51,""method"":""CycleAnalyticsParams#date_range""},{""file"":""app/controllers/concerns/cycle_analytics_params.rb"",""line"":58,""method"":""CycleAnalyticsParams#to_utc_time""}]",Date,date,gem_namespace,61,359709
ep_e265279f5aa70b049e8124f1,conditional_anonymous,app/controllers/concerns/cycle_analytics_params.rb,59,4,date,parse,0,index,field,identifier,ce,rails_action,/*namespace_id/:project_id/-/value_stream_analytics/events/issue,True,73,"[{""file"":""app/controllers/projects/cycle_analytics/events_controller.rb"",""line"":17,""method"":""Projects::CycleAnalytics::EventsController#issue""},{""file"":""app/controllers/projects/cycle_analytics/events_controller.rb"",""line"":56,""method"":""Projects::CycleAnalytics::EventsController#cycle_analytics""},{""file"":""app/controllers/concerns/cycle_analytics_params.rb"",""line"":14,""method"":""CycleAnalyticsParams#options""},{""file"":""app/controllers/concerns/cycle_analytics_params.rb"",""line"":51,""method"":""CycleAnalyticsParams#date_range""},{""file"":""app/controllers/concerns/cycle_analytics_params.rb"",""line"":58,""method"":""CycleAnalyticsParams#to_utc_time""}]",Date,date,gem_namespace,61,359710
ep_2fa0acfeb01defba5f4692ba,conditional_anonymous,app/controllers/concerns/cycle_analytics_params.rb,59,4,date,parse,0,index,field,identifier,ce,rails_action,/*namespace_id/:project_id/-/value_stream_analytics/events/plan,True,72,"[{""file"":""app/controllers/projects/cycle_analytics/events_controller.rb"",""line"":21,""method"":""Projects::CycleAnalytics::EventsController#plan""},{""file"":""app/controllers/projects/cycle_analytics/events_controller.rb"",""line"":56,""method"":""Projects::CycleAnalytics::EventsController#cycle_analytics""},{""file"":""app/controllers/concerns/cycle_analytics_params.rb"",""line"":14,""method"":""CycleAnalyticsParams#options""},{""file"":""app/controllers/concerns/cycle_analytics_params.rb"",""line"":51,""method"":""CycleAnalyticsParams#date_range""},{""file"":""app/controllers/concerns/cycle_analytics_params.rb"",""line"":58,""method"":""CycleAnalyticsParams#to_utc_time""}]",Date,date,gem_namespace,61,360127
ep_2fa0acfeb01defba5f4692ba,conditional_anonymous,app/controllers/concerns/cycle_analytics_params.rb,59,4,date,parse,0,index,field,identifier,ce,rails_action,/*namespace_id/:project_id/-/value_stream_analytics/events/plan,True,73,"[{""file"":""app/controllers/projects/cycle_analytics/events_controller.rb"",""line"":21,""method"":""Projects::CycleAnalytics::EventsController#plan""},{""file"":""app/controllers/projects/cycle_analytics/events_controller.rb"",""line"":56,""method"":""Projects::CycleAnalytics::EventsController#cycle_analytics""},{""file"":""app/controllers/concerns/cycle_analytics_params.rb"",""line"":14,""method"":""CycleAnalyticsParams#options""},{""file"":""app/controllers/concerns/cycle_analytics_params.rb"",""line"":51,""method"":""CycleAnalyticsParams#date_range""},{""file"":""app/controllers/concerns/cycle_analytics_params.rb"",""line"":58,""method"":""CycleAnalyticsParams#to_utc_time""}]",Date,date,gem_namespace,61,360128
ep_40de4cf1d3cfcda1bd177bf3,conditional_anonymous,app/controllers/concerns/cycle_analytics_params.rb,59,4,date,parse,0,index,field,identifier,ce,rails_action,/*namespace_id/:project_id/-/value_stream_analytics/events/production,True,72,"[{""file"":""app/controllers/projects/cycle_analytics/events_controller.rb"",""line"":43,""method"":""Projects::CycleAnalytics::EventsController#production""},{""file"":""app/controllers/projects/cycle_analytics/events_controller.rb"",""line"":56,""method"":""Projects::CycleAnalytics::EventsController#cycle_analytics""},{""file"":""app/controllers/concerns/cycle_analytics_params.rb"",""line"":14,""method"":""CycleAnalyticsParams#options""},{""file"":""app/controllers/concerns/cycle_analytics_params.rb"",""line"":51,""method"":""CycleAnalyticsParams#date_range""},{""file"":""app/controllers/concerns/cycle_analytics_params.rb"",""line"":58,""method"":""CycleAnalyticsParams#to_utc_time""}]",Date,date,gem_namespace,61,360545
ep_40de4cf1d3cfcda1bd177bf3,conditional_anonymous,app/controllers/concerns/cycle_analytics_params.rb,59,4,date,parse,0,index,field,identifier,ce,rails_action,/*namespace_id/:project_id/-/value_stream_analytics/events/production,True,73,"[{""file"":""app/controllers/projects/cycle_analytics/events_controller.rb"",""line"":43,""method"":""Projects::CycleAnalytics::EventsController#production""},{""file"":""app/controllers/projects/cycle_analytics/events_controller.rb"",""line"":56,""method"":""Projects::CycleAnalytics::EventsController#cycle_analytics""},{""file"":""app/controllers/concerns/cycle_analytics_params.rb"",""line"":14,""method"":""CycleAnalyticsParams#options""},{""file"":""app/controllers/concerns/cycle_analytics_params.rb"",""line"":51,""method"":""CycleAnalyticsParams#date_range""},{""file"":""app/controllers/concerns/cycle_analytics_params.rb"",""line"":58,""method"":""CycleAnalyticsParams#to_utc_time""}]",Date,date,gem_namespace,61,360546
ep_21ecb175176e7710df31b71f,conditional_anonymous,app/controllers/concerns/cycle_analytics_params.rb,59,4,date,parse,0,index,field,identifier,ce,rails_action,/*namespace_id/:project_id/-/value_stream_analytics/events/review,True,72,"[{""file"":""app/controllers/projects/cycle_analytics/events_controller.rb"",""line"":35,""method"":""Projects::CycleAnalytics::EventsController#review""},{""file"":""app/controllers/projects/cycle_analytics/events_controller.rb"",""line"":56,""method"":""Projects::CycleAnalytics::EventsController#cycle_analytics""},{""file"":""app/controllers/concerns/cycle_analytics_params.rb"",""line"":14,""method"":""CycleAnalyticsParams#options""},{""file"":""app/controllers/concerns/cycle_analytics_params.rb"",""line"":51,""method"":""CycleAnalyticsParams#date_range""},{""file"":""app/controllers/concerns/cycle_analytics_params.rb"",""line"":58,""method"":""CycleAnalyticsParams#to_utc_time""}]",Date,date,gem_namespace,61,360963
ep_21ecb175176e7710df31b71f,conditional_anonymous,app/controllers/concerns/cycle_analytics_params.rb,59,4,date,parse,0,index,field,identifier,ce,rails_action,/*namespace_id/:project_id/-/value_stream_analytics/events/review,True,73,"[{""file"":""app/controllers/projects/cycle_analytics/events_controller.rb"",""line"":35,""method"":""Projects::CycleAnalytics::EventsController#review""},{""file"":""app/controllers/projects/cycle_analytics/events_controller.rb"",""line"":56,""method"":""Projects::CycleAnalytics::EventsController#cycle_analytics""},{""file"":""app/controllers/concerns/cycle_analytics_params.rb"",""line"":14,""method"":""CycleAnalyticsParams#options""},{""file"":""app/controllers/concerns/cycle_analytics_params.rb"",""line"":51,""method"":""CycleAnalyticsParams#date_range""},{""file"":""app/controllers/concerns/cycle_analytics_params.rb"",""line"":58,""method"":""CycleAnalyticsParams#to_utc_time""}]",Date,date,gem_namespace,61,360964
ep_2e414efd855299748225c777,conditional_anonymous,app/controllers/concerns/cycle_analytics_params.rb,59,4,date,parse,0,index,field,identifier,ce,rails_action,/*namespace_id/:project_id/-/value_stream_analytics/events/staging,True,72,"[{""file"":""app/controllers/projects/cycle_analytics/events_controller.rb"",""line"":39,""method"":""Projects::CycleAnalytics::EventsController#staging""},{""file"":""app/controllers/projects/cycle_analytics/events_controller.rb"",""line"":56,""method"":""Projects::CycleAnalytics::EventsController#cycle_analytics""},{""file"":""app/controllers/concerns/cycle_analytics_params.rb"",""line"":14,""method"":""CycleAnalyticsParams#options""},{""file"":""app/controllers/concerns/cycle_analytics_params.rb"",""line"":51,""method"":""CycleAnalyticsParams#date_range""},{""file"":""app/controllers/concerns/cycle_analytics_params.rb"",""line"":58,""method"":""CycleAnalyticsParams#to_utc_time""}]",Date,date,gem_namespace,61,361381
ep_2e414efd855299748225c777,conditional_anonymous,app/controllers/concerns/cycle_analytics_params.rb,59,4,date,parse,0,index,field,identifier,ce,rails_action,/*namespace_id/:project_id/-/value_stream_analytics/events/staging,True,73,"[{""file"":""app/controllers/projects/cycle_analytics/events_controller.rb"",""line"":39,""method"":""Projects::CycleAnalytics::EventsController#staging""},{""file"":""app/controllers/projects/cycle_analytics/events_controller.rb"",""line"":56,""method"":""Projects::CycleAnalytics::EventsController#cycle_analytics""},{""file"":""app/controllers/concerns/cycle_analytics_params.rb"",""line"":14,""method"":""CycleAnalyticsParams#options""},{""file"":""app/controllers/concerns/cycle_analytics_params.rb"",""line"":51,""method"":""CycleAnalyticsParams#date_range""},{""file"":""app/controllers/concerns/cycle_analytics_params.rb"",""line"":58,""method"":""CycleAnalyticsParams#to_utc_time""}]",Date,date,gem_namespace,61,361382
ep_79e7c2b529bb6d5953c15c6a,conditional_anonymous,app/controllers/concerns/cycle_analytics_params.rb,59,3,date,parse,0,index,field,identifier,ce,rails_action,/*namespace_id/:project_id/-/value_stream_analytics/events/test,True,72,"[{""file"":""app/controllers/projects/cycle_analytics/events_controller.rb"",""line"":29,""method"":""Projects::CycleAnalytics::EventsController#test""},{""file"":""app/controllers/concerns/cycle_analytics_params.rb"",""line"":14,""method"":""CycleAnalyticsParams#options""},{""file"":""app/controllers/concerns/cycle_analytics_params.rb"",""line"":51,""method"":""CycleAnalyticsParams#date_range""},{""file"":""app/controllers/concerns/cycle_analytics_params.rb"",""line"":58,""method"":""CycleAnalyticsParams#to_utc_time""}]",Date,date,gem_namespace,61,361810
ep_79e7c2b529bb6d5953c15c6a,conditional_anonymous,app/controllers/concerns/cycle_analytics_params.rb,59,3,date,parse,0,index,field,identifier,ce,rails_action,/*namespace_id/:project_id/-/value_stream_analytics/events/test,True,73,"[{""file"":""app/controllers/projects/cycle_analytics/events_controller.rb"",""line"":29,""method"":""Projects::CycleAnalytics::EventsController#test""},{""file"":""app/controllers/concerns/cycle_analytics_params.rb"",""line"":14,""method"":""CycleAnalyticsParams#options""},{""file"":""app/controllers/concerns/cycle_analytics_params.rb"",""line"":51,""method"":""CycleAnalyticsParams#date_range""},{""file"":""app/controllers/concerns/cycle_analytics_params.rb"",""line"":58,""method"":""CycleAnalyticsParams#to_utc_time""}]",Date,date,gem_namespace,61,361811
ep_12de8ec0693f0cc10fc51eb3,conditional_anonymous,app/helpers/safe_format_helper.rb,29,2,erb,html_escape,0,size,value,identifier,ce,rails_action,/*namespace_id/:project_id/-/wikis/*id,True,118,"[{""file"":""app/controllers/concerns/wiki_actions.rb"",""line"":142,""method"":""WikiActions#show""},{""file"":""app/controllers/concerns/wiki_actions.rb"",""line"":162,""method"":""WikiActions#handle_redirection""},{""file"":""app/helpers/safe_format_helper.rb"",""line"":23,""method"":""SafeFormatHelper#safe_format""}]",ERB::Util,erb,gem_namespace,39,362653
ep_7031c0fee8b04d88b88c92ee,authenticated,app/helpers/safe_format_helper.rb,29,3,erb,html_escape,0,size,value,identifier,ce,rails_action,/*namespace_id/:project_id/todos,False,118,"[{""file"":""app/controllers/concerns/todos_actions.rb"",""line"":6,""method"":""TodosActions#create""},{""file"":""app/finders/todos_finder.rb"",""line"":47,""method"":""TodosFinder#execute""},{""file"":""app/finders/todos_finder.rb"",""line"":158,""method"":""TodosFinder#invalid_type_message""},{""file"":""app/helpers/safe_format_helper.rb"",""line"":23,""method"":""SafeFormatHelper#safe_format""}]",ERB::Util,erb,gem_namespace,39,375215
ep_5925fb1877a4f4fd59b34358,conditional_anonymous,app/helpers/safe_format_helper.rb,29,1,erb,html_escape,0,size,value,identifier,ce,rails_action,/-/invites/:id/decline,True,118,"[{""file"":""app/controllers/invites_controller.rb"",""line"":40,""method"":""InvitesController#decline""},{""file"":""app/helpers/safe_format_helper.rb"",""line"":23,""method"":""SafeFormatHelper#safe_format""}]",ERB::Util,erb,gem_namespace,39,386726
ep_56086d092bd86c2ebc172604,unknown,app/helpers/safe_format_helper.rb,29,1,erb,html_escape,0,size,value,identifier,ce,rails_action,/-/profile/emails/:id/resend_confirmation_instructions,False,118,"[{""file"":""app/controllers/profiles/emails_controller.rb"",""line"":43,""method"":""Profiles::EmailsController#resend_confirmation_instructions""},{""file"":""app/helpers/safe_format_helper.rb"",""line"":23,""method"":""SafeFormatHelper#safe_format""}]",ERB::Util,erb,gem_namespace,39,388367
ep_c9b652e027d62dcb96625f58,unauthenticated,app/helpers/safe_format_helper.rb,29,1,erb,html_escape,0,size,value,identifier,ce,rails_action,/-/profile/preferences,True,118,"[{""file"":""app/controllers/profiles/preferences_controller.rb"",""line"":15,""method"":""Profiles::PreferencesController#update""},{""file"":""app/helpers/safe_format_helper.rb"",""line"":23,""method"":""SafeFormatHelper#safe_format""}]",ERB::Util,erb,gem_namespace,39,390000
ep_15d485d5698c6982d9280376,unknown,app/controllers/profiles/two_factor_auths_controller.rb,182,2,nokogiri,new,1,format,doc,identifier,ce,rails_action,/-/profile/two_factor_auth,False,273,"[{""file"":""app/controllers/profiles/two_factor_auths_controller.rb"",""line"":20,""method"":""Profiles::TwoFactorAuthsController#show""},{""file"":""app/controllers/profiles/two_factor_auths_controller.rb"",""line"":268,""method"":""Profiles::TwoFactorAuthsController#setup_show_page""},{""file"":""app/controllers/profiles/two_factor_auths_controller.rb"",""line"":173,""method"":""Profiles::TwoFactorAuthsController#build_qr_code""}]",Nokogiri::XML::Node,nokogiri,gem_namespace,13,390603
ep_15d485d5698c6982d9280376,unknown,app/controllers/profiles/two_factor_auths_controller.rb,182,2,nokogiri,new,1,format,doc,identifier,ce,rails_action,/-/profile/two_factor_auth,False,274,"[{""file"":""app/controllers/profiles/two_factor_auths_controller.rb"",""line"":20,""method"":""Profiles::TwoFactorAuthsController#show""},{""file"":""app/controllers/profiles/two_factor_auths_controller.rb"",""line"":268,""method"":""Profiles::TwoFactorAuthsController#setup_show_page""},{""file"":""app/controllers/profiles/two_factor_auths_controller.rb"",""line"":173,""method"":""Profiles::TwoFactorAuthsController#build_qr_code""}]",Nokogiri::XML::Node,nokogiri,gem_namespace,13,390604
ep_fc54633ba05d7d838352f0ad,unknown,app/controllers/profiles/two_factor_auths_controller.rb,182,2,nokogiri,new,1,format,doc,identifier,ce,rails_action,/-/profile/two_factor_auth,False,273,"[{""file"":""app/controllers/profiles/two_factor_auths_controller.rb"",""line"":25,""method"":""Profiles::TwoFactorAuthsController#create""},{""file"":""app/controllers/profiles/two_factor_auths_controller.rb"",""line"":268,""method"":""Profiles::TwoFactorAuthsController#setup_show_page""},{""file"":""app/controllers/profiles/two_factor_auths_controller.rb"",""line"":173,""method"":""Profiles::TwoFactorAuthsController#build_qr_code""}]",Nokogiri::XML::Node,nokogiri,gem_namespace,13,390874
ep_fc54633ba05d7d838352f0ad,unknown,app/controllers/profiles/two_factor_auths_controller.rb,182,2,nokogiri,new,1,format,doc,identifier,ce,rails_action,/-/profile/two_factor_auth,False,274,"[{""file"":""app/controllers/profiles/two_factor_auths_controller.rb"",""line"":25,""method"":""Profiles::TwoFactorAuthsController#create""},{""file"":""app/controllers/profiles/two_factor_auths_controller.rb"",""line"":268,""method"":""Profiles::TwoFactorAuthsController#setup_show_page""},{""file"":""app/controllers/profiles/two_factor_auths_controller.rb"",""line"":173,""method"":""Profiles::TwoFactorAuthsController#build_qr_code""}]",Nokogiri::XML::Node,nokogiri,gem_namespace,13,390875
ep_7d123c2770cad20d50677e7b,unknown,app/controllers/profiles/two_factor_auths_controller.rb,182,1,nokogiri,new,1,format,doc,identifier,ce,rails_action,/-/profile/two_factor_auth/create_webauthn,False,273,"[{""file"":""app/controllers/profiles/two_factor_auths_controller.rb"",""line"":54,""method"":""Profiles::TwoFactorAuthsController#create_webauthn""},{""file"":""app/controllers/profiles/two_factor_auths_controller.rb"",""line"":173,""method"":""Profiles::TwoFactorAuthsController#build_qr_code""}]",Nokogiri::XML::Node,nokogiri,gem_namespace,13,391260
ep_7d123c2770cad20d50677e7b,unknown,app/controllers/profiles/two_factor_auths_controller.rb,182,1,nokogiri,new,1,format,doc,identifier,ce,rails_action,/-/profile/two_factor_auth/create_webauthn,False,274,"[{""file"":""app/controllers/profiles/two_factor_auths_controller.rb"",""line"":54,""method"":""Profiles::TwoFactorAuthsController#create_webauthn""},{""file"":""app/controllers/profiles/two_factor_auths_controller.rb"",""line"":173,""method"":""Profiles::TwoFactorAuthsController#build_qr_code""}]",Nokogiri::XML::Node,nokogiri,gem_namespace,13,391261
ep_86b4dbedd2ec5baec8d3d939,unauthenticated,app/helpers/safe_format_helper.rb,29,1,erb,html_escape,0,size,value,identifier,ce,rails_action,/-/profile/update_username,True,118,"[{""file"":""app/controllers/profiles_controller.rb"",""line"":44,""method"":""ProfilesController#update_username""},{""file"":""app/helpers/safe_format_helper.rb"",""line"":23,""method"":""SafeFormatHelper#safe_format""}]",ERB::Util,erb,gem_namespace,39,391655
ep_4f09b4a5a5ec3050e401033d,unknown,app/helpers/safe_format_helper.rb,29,1,erb,html_escape,0,size,value,identifier,ce,rails_action,/-/user_settings/integration_accounts,False,118,"[{""file"":""app/controllers/profiles/chat_names_controller.rb"",""line"":20,""method"":""Profiles::ChatNamesController#create""},{""file"":""app/helpers/safe_format_helper.rb"",""line"":23,""method"":""SafeFormatHelper#safe_format""}]",ERB::Util,erb,gem_namespace,39,395908
ep_a585c66dcc1d697a998cd28c,unauthenticated,app/helpers/safe_format_helper.rb,29,1,erb,html_escape,0,size,value,identifier,ce,rails_action,/-/user_settings/integration_accounts/:id,True,118,"[{""file"":""app/controllers/profiles/chat_names_controller.rb"",""line"":42,""method"":""Profiles::ChatNamesController#destroy""},{""file"":""app/helpers/safe_format_helper.rb"",""line"":23,""method"":""SafeFormatHelper#safe_format""}]",ERB::Util,erb,gem_namespace,39,395989
ep_f8fc42129e729dabfa27c4e1,unauthenticated,app/helpers/safe_format_helper.rb,29,1,erb,html_escape,0,size,value,identifier,ce,rails_action,/-/user_settings/integration_accounts/deny,True,118,"[{""file"":""app/controllers/profiles/chat_names_controller.rb"",""line"":33,""method"":""Profiles::ChatNamesController#deny""},{""file"":""app/helpers/safe_format_helper.rb"",""line"":23,""method"":""SafeFormatHelper#safe_format""}]",ERB::Util,erb,gem_namespace,39,396033
ep_7f2a7f7e670aa60f6bb307b2,unknown,app/helpers/safe_format_helper.rb,29,1,erb,html_escape,0,size,value,identifier,ce,rails_action,/:username,False,118,"[{""file"":""app/controllers/users_controller.rb"",""line"":47,""method"":""UsersController#show""},{""file"":""app/helpers/safe_format_helper.rb"",""line"":23,""method"":""SafeFormatHelper#safe_format""}]",ERB::Util,erb,gem_namespace,39,400463
ep_b0652fc40e6444ccfc07f2d6,authenticated,app/helpers/safe_format_helper.rb,29,1,erb,html_escape,0,size,value,identifier,ce,rails_action,/import/bitbucket_server,False,118,"[{""file"":""app/controllers/import/bitbucket_server_controller.rb"",""line"":19,""method"":""Import::BitbucketServerController#create""},{""file"":""app/helpers/safe_format_helper.rb"",""line"":23,""method"":""SafeFormatHelper#safe_format""}]",ERB::Util,erb,gem_namespace,39,447893
ep_eba354fb1deb36dc5a7a6606,authenticated,app/helpers/safe_format_helper.rb,29,2,erb,html_escape,0,size,value,identifier,ce,rails_action,/import/bulk_imports/configure,False,118,"[{""file"":""app/controllers/import/bulk_imports_controller.rb"",""line"":18,""method"":""Import::BulkImportsController#configure""},{""file"":""app/controllers/import/bulk_imports_controller.rb"",""line"":192,""method"":""Import::BulkImportsController#verify_blocked_uri""},{""file"":""app/helpers/safe_format_helper.rb"",""line"":23,""method"":""SafeFormatHelper#safe_format""}]",ERB::Util,erb,gem_namespace,39,449527
ep_7ba7325ea613cc476e38bc71,authenticated,app/helpers/safe_format_helper.rb,29,1,erb,html_escape,0,size,value,identifier,ce,rails_action,/import/gitlab_group,False,118,"[{""file"":""app/controllers/import/gitlab_groups_controller.rb"",""line"":12,""method"":""Import::GitlabGroupsController#create""},{""file"":""app/helpers/safe_format_helper.rb"",""line"":23,""method"":""SafeFormatHelper#safe_format""}]",ERB::Util,erb,gem_namespace,39,455008
ep_23860b823a1b34ff9fb5ec38,authenticated,app/helpers/safe_format_helper.rb,29,1,erb,html_escape,0,size,value,identifier,ce,rails_action,/import/gitlab_project,False,118,"[{""file"":""app/controllers/import/gitlab_projects_controller.rb"",""line"":21,""method"":""Import::GitlabProjectsController#create""},{""file"":""app/helpers/safe_format_helper.rb"",""line"":23,""method"":""SafeFormatHelper#safe_format""}]",ERB::Util,erb,gem_namespace,39,455477
ep_9b4a03016dd3bbeea7a27034,authenticated,app/helpers/safe_format_helper.rb,29,1,erb,html_escape,0,size,value,identifier,ce,rails_action,/import/gitlab_project/create,False,118,"[{""file"":""app/controllers/import/gitlab_projects_controller.rb"",""line"":21,""method"":""Import::GitlabProjectsController#create""},{""file"":""app/helpers/safe_format_helper.rb"",""line"":23,""method"":""SafeFormatHelper#safe_format""}]",ERB::Util,erb,gem_namespace,39,456550
ep_ad7ed5e668fda7d0e0bc8b2b,authenticated,app/helpers/safe_format_helper.rb,29,2,erb,html_escape,0,size,value,identifier,ce,rails_action,/o/:organization_path/*namespace_id/:id,False,118,"[{""file"":""app/controllers/projects_controller.rb"",""line"":205,""method"":""ProjectsController#destroy""},{""file"":""app/controllers/projects_controller.rb"",""line"":440,""method"":""ProjectsController#destroy_immediately""},{""file"":""app/helpers/safe_format_helper.rb"",""line"":23,""method"":""SafeFormatHelper#safe_format""}]",ERB::Util,erb,gem_namespace,39,463956
ep_c6e368cc21c230cfed4d6a92,conditional_anonymous,app/helpers/safe_format_helper.rb,29,1,erb,html_escape,0,size,value,identifier,ce,rails_action,/o/:organization_path/*namespace_id/:id,True,118,"[{""file"":""app/controllers/projects_controller.rb"",""line"":175,""method"":""ProjectsController#show""},{""file"":""app/helpers/safe_format_helper.rb"",""line"":23,""method"":""SafeFormatHelper#safe_format""}]",ERB::Util,erb,gem_namespace,39,463995
ep_a4b150d76fea8f199c04c44d,conditional_anonymous,app/controllers/concerns/cycle_analytics_params.rb,59,4,date,parse,0,index,field,identifier,ce,rails_action,/o/:organization_path/*namespace_id/:project_id/-/analytics/value_stream_analytics/summary,True,72,"[{""file"":""app/controllers/projects/analytics/cycle_analytics/summary_controller.rb"",""line"":15,""method"":""Projects::Analytics::CycleAnalytics::SummaryController#show""},{""file"":""app/controllers/projects/analytics/cycle_analytics/summary_controller.rb"",""line"":25,""method"":""Projects::Analytics::CycleAnalytics::SummaryController#project_level""},{""file"":""app/controllers/concerns/cycle_analytics_params.rb"",""line"":14,""method"":""CycleAnalyticsParams#options""},{""file"":""app/controllers/concerns/cycle_analytics_params.rb"",""line"":51,""method"":""CycleAnalyticsParams#date_range""},{""file"":""app/controllers/concerns/cycle_analytics_params.rb"",""line"":58,""method"":""CycleAnalyticsParams#to_utc_time""}]",Date,date,gem_namespace,61,466631
ep_a4b150d76fea8f199c04c44d,conditional_anonymous,app/controllers/concerns/cycle_analytics_params.rb,59,4,date,parse,0,index,field,identifier,ce,rails_action,/o/:organization_path/*namespace_id/:project_id/-/analytics/value_stream_analytics/summary,True,73,"[{""file"":""app/controllers/projects/analytics/cycle_analytics/summary_controller.rb"",""line"":15,""method"":""Projects::Analytics::CycleAnalytics::SummaryController#show""},{""file"":""app/controllers/projects/analytics/cycle_analytics/summary_controller.rb"",""line"":25,""method"":""Projects::Analytics::CycleAnalytics::SummaryController#project_level""},{""file"":""app/controllers/concerns/cycle_analytics_params.rb"",""line"":14,""method"":""CycleAnalyticsParams#options""},{""file"":""app/controllers/concerns/cycle_analytics_params.rb"",""line"":51,""method"":""CycleAnalyticsParams#date_range""},{""file"":""app/controllers/concerns/cycle_analytics_params.rb"",""line"":58,""method"":""CycleAnalyticsParams#to_utc_time""}]",Date,date,gem_namespace,61,466632
ep_068702fbcc251add83c8a1e4,authenticated,app/helpers/safe_format_helper.rb,29,3,erb,html_escape,0,size,value,identifier,ce,rails_action,/o/:organization_path/*namespace_id/:project_id/-/blob/*id,False,118,"[{""file"":""app/controllers/projects/blob_controller.rb"",""line"":100,""method"":""Projects::BlobController#update""},{""file"":""app/controllers/concerns/creates_commit.rb"",""line"":20,""method"":""CreatesCommit#create_commit""},{""file"":""app/controllers/concerns/creates_commit.rb"",""line"":131,""method"":""CreatesCommit#update_flash_notice""},{""file"":""app/helpers/safe_format_helper.rb"",""line"":23,""method"":""SafeFormatHelper#safe_format""}]",ERB::Util,erb,gem_namespace,39,469212
ep_1b39e60243111b192aa98c36,authenticated,app/helpers/safe_format_helper.rb,29,3,erb,html_escape,0,size,value,identifier,ce,rails_action,/o/:organization_path/*namespace_id/:project_id/-/blob/*id,False,118,"[{""file"":""app/controllers/projects/blob_controller.rb"",""line"":133,""method"":""Projects::BlobController#destroy""},{""file"":""app/controllers/concerns/creates_commit.rb"",""line"":20,""method"":""CreatesCommit#create_commit""},{""file"":""app/controllers/concerns/creates_commit.rb"",""line"":131,""method"":""CreatesCommit#update_flash_notice""},{""file"":""app/helpers/safe_format_helper.rb"",""line"":23,""method"":""SafeFormatHelper#safe_format""}]",ERB::Util,erb,gem_namespace,39,469385
ep_3842cb549463ee084c0db1ad,authenticated,app/helpers/safe_format_helper.rb,29,3,erb,html_escape,0,size,value,identifier,ce,rails_action,/o/:organization_path/*namespace_id/:project_id/-/blob/*id,False,118,"[{""file"":""app/controllers/projects/blob_controller.rb"",""line"":60,""method"":""Projects::BlobController#create""},{""file"":""app/controllers/concerns/creates_commit.rb"",""line"":20,""method"":""CreatesCommit#create_commit""},{""file"":""app/controllers/concerns/creates_commit.rb"",""line"":131,""method"":""CreatesCommit#update_flash_notice""},{""file"":""app/helpers/safe_format_helper.rb"",""line"":23,""method"":""SafeFormatHelper#safe_format""}]",ERB::Util,erb,gem_namespace,39,469558
ep_439a38c9e599a402b6934946,authenticated,app/helpers/safe_format_helper.rb,29,3,erb,html_escape,0,size,value,identifier,ce,rails_action,/o/:organization_path/*namespace_id/:project_id/-/commit/:id/cherry_pick,False,118,"[{""file"":""app/controllers/projects/commit_controller.rb"",""line"":170,""method"":""Projects::CommitController#cherry_pick""},{""file"":""app/controllers/concerns/creates_commit.rb"",""line"":20,""method"":""CreatesCommit#create_commit""},{""file"":""app/controllers/concerns/creates_commit.rb"",""line"":131,""method"":""CreatesCommit#update_flash_notice""},{""file"":""app/helpers/safe_format_helper.rb"",""line"":23,""method"":""SafeFormatHelper#safe_format""}]",ERB::Util,erb,gem_namespace,39,473828
ep_29a7ebd2b612ccd087133b63,authenticated,app/helpers/safe_format_helper.rb,29,3,erb,html_escape,0,size,value,identifier,ce,rails_action,/o/:organization_path/*namespace_id/:project_id/-/commit/:id/revert,False,118,"[{""file"":""app/controllers/projects/commit_controller.rb"",""line"":152,""method"":""Projects::CommitController#revert""},{""file"":""app/controllers/concerns/creates_commit.rb"",""line"":20,""method"":""CreatesCommit#create_commit""},{""file"":""app/controllers/concerns/creates_commit.rb"",""line"":131,""method"":""CreatesCommit#update_flash_notice""},{""file"":""app/helpers/safe_format_helper.rb"",""line"":23,""method"":""SafeFormatHelper#safe_format""}]",ERB::Util,erb,gem_namespace,39,475613
ep_11133f7486b02b8bf3ae192e,authenticated,app/helpers/safe_format_helper.rb,29,3,erb,html_escape,0,size,value,identifier,ce,rails_action,/o/:organization_path/*namespace_id/:project_id/-/create/*id,False,118,"[{""file"":""app/controllers/projects/blob_controller.rb"",""line"":60,""method"":""Projects::BlobController#create""},{""file"":""app/controllers/concerns/creates_commit.rb"",""line"":20,""method"":""CreatesCommit#create_commit""},{""file"":""app/controllers/concerns/creates_commit.rb"",""line"":131,""method"":""CreatesCommit#update_flash_notice""},{""file"":""app/helpers/safe_format_helper.rb"",""line"":23,""method"":""SafeFormatHelper#safe_format""}]",ERB::Util,erb,gem_namespace,39,477239
ep_2c7276ed03acba3ae7051bf1,authenticated,app/helpers/safe_format_helper.rb,29,3,erb,html_escape,0,size,value,identifier,ce,rails_action,/o/:organization_path/*namespace_id/:project_id/-/create_dir/*id,False,118,"[{""file"":""app/controllers/projects/tree_controller.rb"",""line"":47,""method"":""Projects::TreeController#create_dir""},{""file"":""app/controllers/concerns/creates_commit.rb"",""line"":20,""method"":""CreatesCommit#create_commit""},{""file"":""app/controllers/concerns/creates_commit.rb"",""line"":131,""method"":""CreatesCommit#update_flash_notice""},{""file"":""app/helpers/safe_format_helper.rb"",""line"":23,""method"":""SafeFormatHelper#safe_format""}]",ERB::Util,erb,gem_namespace,39,477412
ep_7688a615a7a56d55458febab,unknown,lib/google_api/cloud_platform/client.rb,174,3,date,strptime,0,index,expires_at,identifier,ce,rails_action,/o/:organization_path/*namespace_id/:project_id/-/google_cloud/configuration,False,82,"[{""file"":""app/controllers/projects/google_cloud/configuration_controller.rb"",""line"":6,""method"":""Projects::GoogleCloud::ConfigurationController#index""},{""file"":""app/controllers/projects/google_cloud/configuration_controller.rb"",""line"":31,""method"":""Projects::GoogleCloud::ConfigurationController#revoke_oauth_url""},{""file"":""lib/google_api/cloud_platform/client.rb"",""line"":45,""method"":""GoogleApi::CloudPlatform::Client#validate_token""},{""file"":""lib/google_api/cloud_platform/client.rb"",""line"":173,""method"":""GoogleApi::CloudPlatform::Client#token_life_time""}]",DateTime,date,gem_namespace,9,483065
ep_7688a615a7a56d55458febab,unknown,lib/google_api/cloud_platform/client.rb,174,3,date,strptime,0,index,expires_at,identifier,ce,rails_action,/o/:organization_path/*namespace_id/:project_id/-/google_cloud/configuration,False,83,"[{""file"":""app/controllers/projects/google_cloud/configuration_controller.rb"",""line"":6,""method"":""Projects::GoogleCloud::ConfigurationController#index""},{""file"":""app/controllers/projects/google_cloud/configuration_controller.rb"",""line"":31,""method"":""Projects::GoogleCloud::ConfigurationController#revoke_oauth_url""},{""file"":""lib/google_api/cloud_platform/client.rb"",""line"":45,""method"":""GoogleApi::CloudPlatform::Client#validate_token""},{""file"":""lib/google_api/cloud_platform/client.rb"",""line"":173,""method"":""GoogleApi::CloudPlatform::Client#token_life_time""}]",DateTime,date,gem_namespace,9,483066
ep_fc07af08cb91ccaed584e46c,unknown,app/helpers/safe_format_helper.rb,29,1,erb,html_escape,0,size,value,identifier,ce,rails_action,/o/:organization_path/*namespace_id/:project_id/-/google_cloud/deployments/cloud_run,False,118,"[{""file"":""app/controllers/projects/google_cloud/deployments_controller.rb"",""line"":18,""method"":""Projects::GoogleCloud::DeploymentsController#cloud_run""},{""file"":""app/helpers/safe_format_helper.rb"",""line"":23,""method"":""SafeFormatHelper#safe_format""}]",ERB::Util,erb,gem_namespace,39,484480
ep_2e660a7f30179dbc7c444776,unknown,app/helpers/safe_format_helper.rb,29,1,erb,html_escape,0,size,value,identifier,ce,rails_action,/o/:organization_path/*namespace_id/:project_id/-/google_cloud/service_accounts,False,118,"[{""file"":""app/controllers/projects/google_cloud/service_accounts_controller.rb"",""line"":6,""method"":""Projects::GoogleCloud::ServiceAccountsController#index""},{""file"":""app/helpers/safe_format_helper.rb"",""line"":23,""method"":""SafeFormatHelper#safe_format""}]",ERB::Util,erb,gem_namespace,39,485581
ep_b6a8113770ea565ac5028f2a,unknown,app/helpers/safe_format_helper.rb,29,1,erb,html_escape,0,size,value,identifier,ce,rails_action,/o/:organization_path/*namespace_id/:project_id/-/google_cloud/service_accounts,False,118,"[{""file"":""app/controllers/projects/google_cloud/service_accounts_controller.rb"",""line"":27,""method"":""Projects::GoogleCloud::ServiceAccountsController#create""},{""file"":""app/helpers/safe_format_helper.rb"",""line"":23,""method"":""SafeFormatHelper#safe_format""}]",ERB::Util,erb,gem_namespace,39,485858
ep_fd103003b43b46c22499ca3c,authenticated,app/helpers/safe_format_helper.rb,29,1,erb,html_escape,0,size,value,identifier,ce,rails_action,/o/:organization_path/*namespace_id/:project_id/-/issues/export_csv,False,118,"[{""file"":""app/controllers/projects/issues_controller.rb"",""line"":259,""method"":""Projects::IssuesController#export_csv""},{""file"":""app/helpers/safe_format_helper.rb"",""line"":23,""method"":""SafeFormatHelper#safe_format""}]",ERB::Util,erb,gem_namespace,39,491476
ep_20be2cb05cbb7fd89be537bd,conditional_anonymous,app/controllers/concerns/parse_commit_date.rb,7,1,date,strptime,0,index,date,identifier,ce,rails_action,/o/:organization_path/*namespace_id/:project_id/-/merge_requests/:id/context_commits,True,82,"[{""file"":""app/controllers/projects/merge_requests_controller.rb"",""line"":188,""method"":""Projects::MergeRequestsController#context_commits""},{""file"":""app/controllers/concerns/parse_commit_date.rb"",""line"":6,""method"":""ParseCommitDate#convert_date_to_epoch""}]",Date,date,gem_namespace,5,498152
ep_20be2cb05cbb7fd89be537bd,conditional_anonymous,app/controllers/concerns/parse_commit_date.rb,7,1,date,strptime,0,index,date,identifier,ce,rails_action,/o/:organization_path/*namespace_id/:project_id/-/merge_requests/:id/context_commits,True,83,"[{""file"":""app/controllers/projects/merge_requests_controller.rb"",""line"":188,""method"":""Projects::MergeRequestsController#context_commits""},{""file"":""app/controllers/concerns/parse_commit_date.rb"",""line"":6,""method"":""ParseCommitDate#convert_date_to_epoch""}]",Date,date,gem_namespace,5,498153
ep_8134918a6b7232fd6ce4b471,conditional_anonymous,app/helpers/safe_format_helper.rb,29,2,erb,html_escape,0,size,value,identifier,ce,rails_action,/o/:organization_path/*namespace_id/:project_id/-/merge_requests/:id/diffs,True,118,"[{""file"":""app/controllers/projects/merge_requests_controller.rb"",""line"":120,""method"":""Projects::MergeRequestsController#diffs""},{""file"":""app/controllers/projects/merge_requests_controller.rb"",""line"":443,""method"":""Projects::MergeRequestsController#show_rapid_diffs""},{""file"":""app/helpers/safe_format_helper.rb"",""line"":23,""method"":""SafeFormatHelper#safe_format""}]",ERB::Util,erb,gem_namespace,39,499208
ep_bc6e5cc917cd13382ff30e1c,unknown,app/helpers/safe_format_helper.rb,29,1,erb,html_escape,0,size,value,identifier,ce,rails_action,/o/:organization_path/*namespace_id/:project_id/-/pipeline_schedules/:id/play,False,118,"[{""file"":""app/controllers/projects/pipeline_schedules_controller.rb"",""line"":49,""method"":""Projects::PipelineSchedulesController#play""},{""file"":""app/helpers/safe_format_helper.rb"",""line"":23,""method"":""SafeFormatHelper#safe_format""}]",ERB::Util,erb,gem_namespace,39,511715
ep_f50b88bac8e14f22055ce6ab,conditional_anonymous,lib/gitlab/string_range_marker.rb,20,4,erb,html_escape,0,size,rich_line,identifier,ce,rails_action,/o/:organization_path/*namespace_id/:project_id/-/preview/*id,True,118,"[{""file"":""app/controllers/projects/blob_controller.rb"",""line"":115,""method"":""Projects::BlobController#preview""},{""file"":""lib/gitlab/diff/highlight.rb"",""line"":33,""method"":""Gitlab::Diff::Highlight#highlight""},{""file"":""lib/gitlab/diff/highlight.rb"",""line"":72,""method"":""Gitlab::Diff::Highlight#apply_marker_ranges_highlight""},{""file"":""lib/gitlab/diff/inline_diff_marker.rb"",""line"":6,""method"":""Gitlab::Diff::InlineDiffMarker#initialize""},{""file"":""lib/gitlab/string_range_marker.rb"",""line"":14,""method"":""Gitlab::StringRangeMarker#initialize""}]",ERB::Util,erb,gem_namespace,22,514710
ep_ecc789b42f8be3147530b8c6,authenticated,app/helpers/safe_format_helper.rb,29,1,erb,html_escape,0,size,value,identifier,ce,rails_action,/o/:organization_path/*namespace_id/:project_id/-/settings/ci_cd,False,118,"[{""file"":""app/controllers/projects/settings/ci_cd_controller.rb"",""line"":44,""method"":""Projects::Settings::CiCdController#update""},{""file"":""app/helpers/safe_format_helper.rb"",""line"":23,""method"":""SafeFormatHelper#safe_format""}]",ERB::Util,erb,gem_namespace,39,519248
ep_8222f3a66039151a118994ed,authenticated,app/helpers/safe_format_helper.rb,29,3,erb,html_escape,0,size,value,identifier,ce,rails_action,/o/:organization_path/*namespace_id/:project_id/-/update/*id,False,118,"[{""file"":""app/controllers/projects/blob_controller.rb"",""line"":100,""method"":""Projects::BlobController#update""},{""file"":""app/controllers/concerns/creates_commit.rb"",""line"":20,""method"":""CreatesCommit#create_commit""},{""file"":""app/controllers/concerns/creates_commit.rb"",""line"":131,""method"":""CreatesCommit#update_flash_notice""},{""file"":""app/helpers/safe_format_helper.rb"",""line"":23,""method"":""SafeFormatHelper#safe_format""}]",ERB::Util,erb,gem_namespace,39,526122
ep_8cbac3b19dd088f1d9faad78,conditional_anonymous,app/controllers/concerns/cycle_analytics_params.rb,59,3,date,parse,0,index,field,identifier,ce,rails_action,/o/:organization_path/*namespace_id/:project_id/-/value_stream_analytics,True,72,"[{""file"":""app/controllers/projects/cycle_analytics_controller.rb"",""line"":33,""method"":""Projects::CycleAnalyticsController#show""},{""file"":""app/controllers/concerns/cycle_analytics_params.rb"",""line"":14,""method"":""CycleAnalyticsParams#options""},{""file"":""app/controllers/concerns/cycle_analytics_params.rb"",""line"":51,""method"":""CycleAnalyticsParams#date_range""},{""file"":""app/controllers/concerns/cycle_analytics_params.rb"",""line"":58,""method"":""CycleAnalyticsParams#to_utc_time""}]",Date,date,gem_namespace,61,526627
ep_8cbac3b19dd088f1d9faad78,conditional_anonymous,app/controllers/concerns/cycle_analytics_params.rb,59,3,date,parse,0,index,field,identifier,ce,rails_action,/o/:organization_path/*namespace_id/:project_id/-/value_stream_analytics,True,73,"[{""file"":""app/controllers/projects/cycle_analytics_controller.rb"",""line"":33,""method"":""Projects::CycleAnalyticsController#show""},{""file"":""app/controllers/concerns/cycle_analytics_params.rb"",""line"":14,""method"":""CycleAnalyticsParams#options""},{""file"":""app/controllers/concerns/cycle_analytics_params.rb"",""line"":51,""method"":""CycleAnalyticsParams#date_range""},{""file"":""app/controllers/concerns/cycle_analytics_params.rb"",""line"":58,""method"":""CycleAnalyticsParams#to_utc_time""}]",Date,date,gem_namespace,61,526628
ep_49bd105d9f007037ce59e024,conditional_anonymous,app/controllers/concerns/cycle_analytics_params.rb,59,4,date,parse,0,index,field,identifier,ce,rails_action,/o/:organization_path/*namespace_id/:project_id/-/value_stream_analytics/events/code,True,72,"[{""file"":""app/controllers/projects/cycle_analytics/events_controller.rb"",""line"":25,""method"":""Projects::CycleAnalytics::EventsController#code""},{""file"":""app/controllers/projects/cycle_analytics/events_controller.rb"",""line"":56,""method"":""Projects::CycleAnalytics::EventsController#cycle_analytics""},{""file"":""app/controllers/concerns/cycle_analytics_params.rb"",""line"":14,""method"":""CycleAnalyticsParams#options""},{""file"":""app/controllers/concerns/cycle_analytics_params.rb"",""line"":51,""method"":""CycleAnalyticsParams#date_range""},{""file"":""app/controllers/concerns/cycle_analytics_params.rb"",""line"":58,""method"":""CycleAnalyticsParams#to_utc_time""}]",Date,date,gem_namespace,61,527358
ep_49bd105d9f007037ce59e024,conditional_anonymous,app/controllers/concerns/cycle_analytics_params.rb,59,4,date,parse,0,index,field,identifier,ce,rails_action,/o/:organization_path/*namespace_id/:project_id/-/value_stream_analytics/events/code,True,73,"[{""file"":""app/controllers/projects/cycle_analytics/events_controller.rb"",""line"":25,""method"":""Projects::CycleAnalytics::EventsController#code""},{""file"":""app/controllers/projects/cycle_analytics/events_controller.rb"",""line"":56,""method"":""Projects::CycleAnalytics::EventsController#cycle_analytics""},{""file"":""app/controllers/concerns/cycle_analytics_params.rb"",""line"":14,""method"":""CycleAnalyticsParams#options""},{""file"":""app/controllers/concerns/cycle_analytics_params.rb"",""line"":51,""method"":""CycleAnalyticsParams#date_range""},{""file"":""app/controllers/concerns/cycle_analytics_params.rb"",""line"":58,""method"":""CycleAnalyticsParams#to_utc_time""}]",Date,date,gem_namespace,61,527359
ep_7c38202b7afa059fb2c3ea06,conditional_anonymous,app/controllers/concerns/cycle_analytics_params.rb,59,4,date,parse,0,index,field,identifier,ce,rails_action,/o/:organization_path/*namespace_id/:project_id/-/value_stream_analytics/events/issue,True,72,"[{""file"":""app/controllers/projects/cycle_analytics/events_controller.rb"",""line"":17,""method"":""Projects::CycleAnalytics::EventsController#issue""},{""file"":""app/controllers/projects/cycle_analytics/events_controller.rb"",""line"":56,""method"":""Projects::CycleAnalytics::EventsController#cycle_analytics""},{""file"":""app/controllers/concerns/cycle_analytics_params.rb"",""line"":14,""method"":""CycleAnalyticsParams#options""},{""file"":""app/controllers/concerns/cycle_analytics_params.rb"",""line"":51,""method"":""CycleAnalyticsParams#date_range""},{""file"":""app/controllers/concerns/cycle_analytics_params.rb"",""line"":58,""method"":""CycleAnalyticsParams#to_utc_time""}]",Date,date,gem_namespace,61,527776
ep_7c38202b7afa059fb2c3ea06,conditional_anonymous,app/controllers/concerns/cycle_analytics_params.rb,59,4,date,parse,0,index,field,identifier,ce,rails_action,/o/:organization_path/*namespace_id/:project_id/-/value_stream_analytics/events/issue,True,73,"[{""file"":""app/controllers/projects/cycle_analytics/events_controller.rb"",""line"":17,""method"":""Projects::CycleAnalytics::EventsController#issue""},{""file"":""app/controllers/projects/cycle_analytics/events_controller.rb"",""line"":56,""method"":""Projects::CycleAnalytics::EventsController#cycle_analytics""},{""file"":""app/controllers/concerns/cycle_analytics_params.rb"",""line"":14,""method"":""CycleAnalyticsParams#options""},{""file"":""app/controllers/concerns/cycle_analytics_params.rb"",""line"":51,""method"":""CycleAnalyticsParams#date_range""},{""file"":""app/controllers/concerns/cycle_analytics_params.rb"",""line"":58,""method"":""CycleAnalyticsParams#to_utc_time""}]",Date,date,gem_namespace,61,527777
ep_b153d030cacb8df5666df631,conditional_anonymous,app/controllers/concerns/cycle_analytics_params.rb,59,4,date,parse,0,index,field,identifier,ce,rails_action,/o/:organization_path/*namespace_id/:project_id/-/value_stream_analytics/events/plan,True,72,"[{""file"":""app/controllers/projects/cycle_analytics/events_controller.rb"",""line"":21,""method"":""Projects::CycleAnalytics::EventsController#plan""},{""file"":""app/controllers/projects/cycle_analytics/events_controller.rb"",""line"":56,""method"":""Projects::CycleAnalytics::EventsController#cycle_analytics""},{""file"":""app/controllers/concerns/cycle_analytics_params.rb"",""line"":14,""method"":""CycleAnalyticsParams#options""},{""file"":""app/controllers/concerns/cycle_analytics_params.rb"",""line"":51,""method"":""CycleAnalyticsParams#date_range""},{""file"":""app/controllers/concerns/cycle_analytics_params.rb"",""line"":58,""method"":""CycleAnalyticsParams#to_utc_time""}]",Date,date,gem_namespace,61,528194
ep_b153d030cacb8df5666df631,conditional_anonymous,app/controllers/concerns/cycle_analytics_params.rb,59,4,date,parse,0,index,field,identifier,ce,rails_action,/o/:organization_path/*namespace_id/:project_id/-/value_stream_analytics/events/plan,True,73,"[{""file"":""app/controllers/projects/cycle_analytics/events_controller.rb"",""line"":21,""method"":""Projects::CycleAnalytics::EventsController#plan""},{""file"":""app/controllers/projects/cycle_analytics/events_controller.rb"",""line"":56,""method"":""Projects::CycleAnalytics::EventsController#cycle_analytics""},{""file"":""app/controllers/concerns/cycle_analytics_params.rb"",""line"":14,""method"":""CycleAnalyticsParams#options""},{""file"":""app/controllers/concerns/cycle_analytics_params.rb"",""line"":51,""method"":""CycleAnalyticsParams#date_range""},{""file"":""app/controllers/concerns/cycle_analytics_params.rb"",""line"":58,""method"":""CycleAnalyticsParams#to_utc_time""}]",Date,date,gem_namespace,61,528195
ep_a74efb367146e5fc25c07159,conditional_anonymous,app/controllers/concerns/cycle_analytics_params.rb,59,4,date,parse,0,index,field,identifier,ce,rails_action,/o/:organization_path/*namespace_id/:project_id/-/value_stream_analytics/events/production,True,72,"[{""file"":""app/controllers/projects/cycle_analytics/events_controller.rb"",""line"":43,""method"":""Projects::CycleAnalytics::EventsController#production""},{""file"":""app/controllers/projects/cycle_analytics/events_controller.rb"",""line"":56,""method"":""Projects::CycleAnalytics::EventsController#cycle_analytics""},{""file"":""app/controllers/concerns/cycle_analytics_params.rb"",""line"":14,""method"":""CycleAnalyticsParams#options""},{""file"":""app/controllers/concerns/cycle_analytics_params.rb"",""line"":51,""method"":""CycleAnalyticsParams#date_range""},{""file"":""app/controllers/concerns/cycle_analytics_params.rb"",""line"":58,""method"":""CycleAnalyticsParams#to_utc_time""}]",Date,date,gem_namespace,61,528612
ep_a74efb367146e5fc25c07159,conditional_anonymous,app/controllers/concerns/cycle_analytics_params.rb,59,4,date,parse,0,index,field,identifier,ce,rails_action,/o/:organization_path/*namespace_id/:project_id/-/value_stream_analytics/events/production,True,73,"[{""file"":""app/controllers/projects/cycle_analytics/events_controller.rb"",""line"":43,""method"":""Projects::CycleAnalytics::EventsController#production""},{""file"":""app/controllers/projects/cycle_analytics/events_controller.rb"",""line"":56,""method"":""Projects::CycleAnalytics::EventsController#cycle_analytics""},{""file"":""app/controllers/concerns/cycle_analytics_params.rb"",""line"":14,""method"":""CycleAnalyticsParams#options""},{""file"":""app/controllers/concerns/cycle_analytics_params.rb"",""line"":51,""method"":""CycleAnalyticsParams#date_range""},{""file"":""app/controllers/concerns/cycle_analytics_params.rb"",""line"":58,""method"":""CycleAnalyticsParams#to_utc_time""}]",Date,date,gem_namespace,61,528613
ep_a9b064f3a647461d3c937a9f,conditional_anonymous,app/controllers/concerns/cycle_analytics_params.rb,59,4,date,parse,0,index,field,identifier,ce,rails_action,/o/:organization_path/*namespace_id/:project_id/-/value_stream_analytics/events/review,True,72,"[{""file"":""app/controllers/projects/cycle_analytics/events_controller.rb"",""line"":35,""method"":""Projects::CycleAnalytics::EventsController#review""},{""file"":""app/controllers/projects/cycle_analytics/events_controller.rb"",""line"":56,""method"":""Projects::CycleAnalytics::EventsController#cycle_analytics""},{""file"":""app/controllers/concerns/cycle_analytics_params.rb"",""line"":14,""method"":""CycleAnalyticsParams#options""},{""file"":""app/controllers/concerns/cycle_analytics_params.rb"",""line"":51,""method"":""CycleAnalyticsParams#date_range""},{""file"":""app/controllers/concerns/cycle_analytics_params.rb"",""line"":58,""method"":""CycleAnalyticsParams#to_utc_time""}]",Date,date,gem_namespace,61,529030
ep_a9b064f3a647461d3c937a9f,conditional_anonymous,app/controllers/concerns/cycle_analytics_params.rb,59,4,date,parse,0,index,field,identifier,ce,rails_action,/o/:organization_path/*namespace_id/:project_id/-/value_stream_analytics/events/review,True,73,"[{""file"":""app/controllers/projects/cycle_analytics/events_controller.rb"",""line"":35,""method"":""Projects::CycleAnalytics::EventsController#review""},{""file"":""app/controllers/projects/cycle_analytics/events_controller.rb"",""line"":56,""method"":""Projects::CycleAnalytics::EventsController#cycle_analytics""},{""file"":""app/controllers/concerns/cycle_analytics_params.rb"",""line"":14,""method"":""CycleAnalyticsParams#options""},{""file"":""app/controllers/concerns/cycle_analytics_params.rb"",""line"":51,""method"":""CycleAnalyticsParams#date_range""},{""file"":""app/controllers/concerns/cycle_analytics_params.rb"",""line"":58,""method"":""CycleAnalyticsParams#to_utc_time""}]",Date,date,gem_namespace,61,529031
ep_cf208c28f492153bee74f240,conditional_anonymous,app/controllers/concerns/cycle_analytics_params.rb,59,4,date,parse,0,index,field,identifier,ce,rails_action,/o/:organization_path/*namespace_id/:project_id/-/value_stream_analytics/events/staging,True,72,"[{""file"":""app/controllers/projects/cycle_analytics/events_controller.rb"",""line"":39,""method"":""Projects::CycleAnalytics::EventsController#staging""},{""file"":""app/controllers/projects/cycle_analytics/events_controller.rb"",""line"":56,""method"":""Projects::CycleAnalytics::EventsController#cycle_analytics""},{""file"":""app/controllers/concerns/cycle_analytics_params.rb"",""line"":14,""method"":""CycleAnalyticsParams#options""},{""file"":""app/controllers/concerns/cycle_analytics_params.rb"",""line"":51,""method"":""CycleAnalyticsParams#date_range""},{""file"":""app/controllers/concerns/cycle_analytics_params.rb"",""line"":58,""method"":""CycleAnalyticsParams#to_utc_time""}]",Date,date,gem_namespace,61,529448
ep_cf208c28f492153bee74f240,conditional_anonymous,app/controllers/concerns/cycle_analytics_params.rb,59,4,date,parse,0,index,field,identifier,ce,rails_action,/o/:organization_path/*namespace_id/:project_id/-/value_stream_analytics/events/staging,True,73,"[{""file"":""app/controllers/projects/cycle_analytics/events_controller.rb"",""line"":39,""method"":""Projects::CycleAnalytics::EventsController#staging""},{""file"":""app/controllers/projects/cycle_analytics/events_controller.rb"",""line"":56,""method"":""Projects::CycleAnalytics::EventsController#cycle_analytics""},{""file"":""app/controllers/concerns/cycle_analytics_params.rb"",""line"":14,""method"":""CycleAnalyticsParams#options""},{""file"":""app/controllers/concerns/cycle_analytics_params.rb"",""line"":51,""method"":""CycleAnalyticsParams#date_range""},{""file"":""app/controllers/concerns/cycle_analytics_params.rb"",""line"":58,""method"":""CycleAnalyticsParams#to_utc_time""}]",Date,date,gem_namespace,61,529449
ep_fe31382095bf4589bd73de01,conditional_anonymous,app/controllers/concerns/cycle_analytics_params.rb,59,3,date,parse,0,index,field,identifier,ce,rails_action,/o/:organization_path/*namespace_id/:project_id/-/value_stream_analytics/events/test,True,72,"[{""file"":""app/controllers/projects/cycle_analytics/events_controller.rb"",""line"":29,""method"":""Projects::CycleAnalytics::EventsController#test""},{""file"":""app/controllers/concerns/cycle_analytics_params.rb"",""line"":14,""method"":""CycleAnalyticsParams#options""},{""file"":""app/controllers/concerns/cycle_analytics_params.rb"",""line"":51,""method"":""CycleAnalyticsParams#date_range""},{""file"":""app/controllers/concerns/cycle_analytics_params.rb"",""line"":58,""method"":""CycleAnalyticsParams#to_utc_time""}]",Date,date,gem_namespace,61,529877
ep_fe31382095bf4589bd73de01,conditional_anonymous,app/controllers/concerns/cycle_analytics_params.rb,59,3,date,parse,0,index,field,identifier,ce,rails_action,/o/:organization_path/*namespace_id/:project_id/-/value_stream_analytics/events/test,True,73,"[{""file"":""app/controllers/projects/cycle_analytics/events_controller.rb"",""line"":29,""method"":""Projects::CycleAnalytics::EventsController#test""},{""file"":""app/controllers/concerns/cycle_analytics_params.rb"",""line"":14,""method"":""CycleAnalyticsParams#options""},{""file"":""app/controllers/concerns/cycle_analytics_params.rb"",""line"":51,""method"":""CycleAnalyticsParams#date_range""},{""file"":""app/controllers/concerns/cycle_analytics_params.rb"",""line"":58,""method"":""CycleAnalyticsParams#to_utc_time""}]",Date,date,gem_namespace,61,529878
ep_94227b50c1a86c501d27297a,conditional_anonymous,app/helpers/safe_format_helper.rb,29,2,erb,html_escape,0,size,value,identifier,ce,rails_action,/o/:organization_path/*namespace_id/:project_id/-/wikis/*id,True,118,"[{""file"":""app/controllers/concerns/wiki_actions.rb"",""line"":142,""method"":""WikiActions#show""},{""file"":""app/controllers/concerns/wiki_actions.rb"",""line"":162,""method"":""WikiActions#handle_redirection""},{""file"":""app/helpers/safe_format_helper.rb"",""line"":23,""method"":""SafeFormatHelper#safe_format""}]",ERB::Util,erb,gem_namespace,39,530720
ep_1e5c480f481baeca07387415,authenticated,app/helpers/safe_format_helper.rb,29,3,erb,html_escape,0,size,value,identifier,ce,rails_action,/o/:organization_path/*namespace_id/:project_id/todos,False,118,"[{""file"":""app/controllers/concerns/todos_actions.rb"",""line"":6,""method"":""TodosActions#create""},{""file"":""app/finders/todos_finder.rb"",""line"":47,""method"":""TodosFinder#execute""},{""file"":""app/finders/todos_finder.rb"",""line"":158,""method"":""TodosFinder#invalid_type_message""},{""file"":""app/helpers/safe_format_helper.rb"",""line"":23,""method"":""SafeFormatHelper#safe_format""}]",ERB::Util,erb,gem_namespace,39,543282
ep_af384db84c14ace894add4c2,conditional_anonymous,app/helpers/safe_format_helper.rb,29,1,erb,html_escape,0,size,value,identifier,ce,rails_action,/o/:organization_path/-/invites/:id/decline,True,118,"[{""file"":""app/controllers/invites_controller.rb"",""line"":40,""method"":""InvitesController#decline""},{""file"":""app/helpers/safe_format_helper.rb"",""line"":23,""method"":""SafeFormatHelper#safe_format""}]",ERB::Util,erb,gem_namespace,39,555629
ep_39d0acefa149eec8f9276406,unknown,app/helpers/safe_format_helper.rb,29,1,erb,html_escape,0,size,value,identifier,ce,rails_action,/o/:organization_path/-/profile/emails/:id/resend_confirmation_instructions,False,118,"[{""file"":""app/controllers/profiles/emails_controller.rb"",""line"":43,""method"":""Profiles::EmailsController#resend_confirmation_instructions""},{""file"":""app/helpers/safe_format_helper.rb"",""line"":23,""method"":""SafeFormatHelper#safe_format""}]",ERB::Util,erb,gem_namespace,39,556983
ep_908909d02b904e8eabc9c711,conditional_anonymous,app/helpers/safe_format_helper.rb,29,1,erb,html_escape,0,size,value,identifier,ce,rails_action,/o/:organization_path/-/profile/preferences,True,118,"[{""file"":""app/controllers/profiles/preferences_controller.rb"",""line"":15,""method"":""Profiles::PreferencesController#update""},{""file"":""app/helpers/safe_format_helper.rb"",""line"":23,""method"":""SafeFormatHelper#safe_format""}]",ERB::Util,erb,gem_namespace,39,558616
ep_7e66c16cbb60e2f1b22282b2,unknown,app/controllers/profiles/two_factor_auths_controller.rb,182,2,nokogiri,new,1,format,doc,identifier,ce,rails_action,/o/:organization_path/-/profile/two_factor_auth,False,273,"[{""file"":""app/controllers/profiles/two_factor_auths_controller.rb"",""line"":20,""method"":""Profiles::TwoFactorAuthsController#show""},{""file"":""app/controllers/profiles/two_factor_auths_controller.rb"",""line"":268,""method"":""Profiles::TwoFactorAuthsController#setup_show_page""},{""file"":""app/controllers/profiles/two_factor_auths_controller.rb"",""line"":173,""method"":""Profiles::TwoFactorAuthsController#build_qr_code""}]",Nokogiri::XML::Node,nokogiri,gem_namespace,13,559337
ep_7e66c16cbb60e2f1b22282b2,unknown,app/controllers/profiles/two_factor_auths_controller.rb,182,2,nokogiri,new,1,format,doc,identifier,ce,rails_action,/o/:organization_path/-/profile/two_factor_auth,False,274,"[{""file"":""app/controllers/profiles/two_factor_auths_controller.rb"",""line"":20,""method"":""Profiles::TwoFactorAuthsController#show""},{""file"":""app/controllers/profiles/two_factor_auths_controller.rb"",""line"":268,""method"":""Profiles::TwoFactorAuthsController#setup_show_page""},{""file"":""app/controllers/profiles/two_factor_auths_controller.rb"",""line"":173,""method"":""Profiles::TwoFactorAuthsController#build_qr_code""}]",Nokogiri::XML::Node,nokogiri,gem_namespace,13,559338
ep_baf59d5a39563d2db4fdc5c9,unknown,app/controllers/profiles/two_factor_auths_controller.rb,182,2,nokogiri,new,1,format,doc,identifier,ce,rails_action,/o/:organization_path/-/profile/two_factor_auth,False,273,"[{""file"":""app/controllers/profiles/two_factor_auths_controller.rb"",""line"":25,""method"":""Profiles::TwoFactorAuthsController#create""},{""file"":""app/controllers/profiles/two_factor_auths_controller.rb"",""line"":268,""method"":""Profiles::TwoFactorAuthsController#setup_show_page""},{""file"":""app/controllers/profiles/two_factor_auths_controller.rb"",""line"":173,""method"":""Profiles::TwoFactorAuthsController#build_qr_code""}]",Nokogiri::XML::Node,nokogiri,gem_namespace,13,559490
ep_baf59d5a39563d2db4fdc5c9,unknown,app/controllers/profiles/two_factor_auths_controller.rb,182,2,nokogiri,new,1,format,doc,identifier,ce,rails_action,/o/:organization_path/-/profile/two_factor_auth,False,274,"[{""file"":""app/controllers/profiles/two_factor_auths_controller.rb"",""line"":25,""method"":""Profiles::TwoFactorAuthsController#create""},{""file"":""app/controllers/profiles/two_factor_auths_controller.rb"",""line"":268,""method"":""Profiles::TwoFactorAuthsController#setup_show_page""},{""file"":""app/controllers/profiles/two_factor_auths_controller.rb"",""line"":173,""method"":""Profiles::TwoFactorAuthsController#build_qr_code""}]",Nokogiri::XML::Node,nokogiri,gem_namespace,13,559491
ep_ee68a15f8e625122b94eaee1,unknown,app/controllers/profiles/two_factor_auths_controller.rb,182,1,nokogiri,new,1,format,doc,identifier,ce,rails_action,/o/:organization_path/-/profile/two_factor_auth/create_webauthn,False,273,"[{""file"":""app/controllers/profiles/two_factor_auths_controller.rb"",""line"":54,""method"":""Profiles::TwoFactorAuthsController#create_webauthn""},{""file"":""app/controllers/profiles/two_factor_auths_controller.rb"",""line"":173,""method"":""Profiles::TwoFactorAuthsController#build_qr_code""}]",Nokogiri::XML::Node,nokogiri,gem_namespace,13,559876
ep_ee68a15f8e625122b94eaee1,unknown,app/controllers/profiles/two_factor_auths_controller.rb,182,1,nokogiri,new,1,format,doc,identifier,ce,rails_action,/o/:organization_path/-/profile/two_factor_auth/create_webauthn,False,274,"[{""file"":""app/controllers/profiles/two_factor_auths_controller.rb"",""line"":54,""method"":""Profiles::TwoFactorAuthsController#create_webauthn""},{""file"":""app/controllers/profiles/two_factor_auths_controller.rb"",""line"":173,""method"":""Profiles::TwoFactorAuthsController#build_qr_code""}]",Nokogiri::XML::Node,nokogiri,gem_namespace,13,559877
ep_ad9860f294e01de229d8305c,conditional_anonymous,app/helpers/safe_format_helper.rb,29,1,erb,html_escape,0,size,value,identifier,ce,rails_action,/o/:organization_path/-/profile/update_username,True,118,"[{""file"":""app/controllers/profiles_controller.rb"",""line"":44,""method"":""ProfilesController#update_username""},{""file"":""app/helpers/safe_format_helper.rb"",""line"":23,""method"":""SafeFormatHelper#safe_format""}]",ERB::Util,erb,gem_namespace,39,560271
ep_b4511e098e777e9de02a49cd,unknown,app/helpers/safe_format_helper.rb,29,1,erb,html_escape,0,size,value,identifier,ce,rails_action,/o/:organization_path/-/user_settings/integration_accounts,False,118,"[{""file"":""app/controllers/profiles/chat_names_controller.rb"",""line"":20,""method"":""Profiles::ChatNamesController#create""},{""file"":""app/helpers/safe_format_helper.rb"",""line"":23,""method"":""SafeFormatHelper#safe_format""}]",ERB::Util,erb,gem_namespace,39,564524
ep_a845870b40de17338560ed94,conditional_anonymous,app/helpers/safe_format_helper.rb,29,1,erb,html_escape,0,size,value,identifier,ce,rails_action,/o/:organization_path/-/user_settings/integration_accounts/:id,True,118,"[{""file"":""app/controllers/profiles/chat_names_controller.rb"",""line"":42,""method"":""Profiles::ChatNamesController#destroy""},{""file"":""app/helpers/safe_format_helper.rb"",""line"":23,""method"":""SafeFormatHelper#safe_format""}]",ERB::Util,erb,gem_namespace,39,564605
ep_dc5f1ad8b15da9258a0cbd75,conditional_anonymous,app/helpers/safe_format_helper.rb,29,1,erb,html_escape,0,size,value,identifier,ce,rails_action,/o/:organization_path/-/user_settings/integration_accounts/deny,True,118,"[{""file"":""app/controllers/profiles/chat_names_controller.rb"",""line"":33,""method"":""Profiles::ChatNamesController#deny""},{""file"":""app/helpers/safe_format_helper.rb"",""line"":23,""method"":""SafeFormatHelper#safe_format""}]",ERB::Util,erb,gem_namespace,39,564649
ep_549af9efa794ec12caef45a7,unknown,app/helpers/safe_format_helper.rb,29,1,erb,html_escape,0,size,value,identifier,ce,rails_action,/o/:organization_path/:username,False,118,"[{""file"":""app/controllers/users_controller.rb"",""line"":47,""method"":""UsersController#show""},{""file"":""app/helpers/safe_format_helper.rb"",""line"":23,""method"":""SafeFormatHelper#safe_format""}]",ERB::Util,erb,gem_namespace,39,569169
ep_ef1980ecf53ba4421d3e4821,authenticated,app/helpers/safe_format_helper.rb,29,1,erb,html_escape,0,size,value,identifier,ce,rails_action,/o/:organization_path/import/bitbucket_server,False,118,"[{""file"":""app/controllers/import/bitbucket_server_controller.rb"",""line"":19,""method"":""Import::BitbucketServerController#create""},{""file"":""app/helpers/safe_format_helper.rb"",""line"":23,""method"":""SafeFormatHelper#safe_format""}]",ERB::Util,erb,gem_namespace,39,601127
ep_472a7442d39b6b29e1ea62f8,authenticated,app/helpers/safe_format_helper.rb,29,2,erb,html_escape,0,size,value,identifier,ce,rails_action,/o/:organization_path/import/bulk_imports/configure,False,118,"[{""file"":""app/controllers/import/bulk_imports_controller.rb"",""line"":18,""method"":""Import::BulkImportsController#configure""},{""file"":""app/controllers/import/bulk_imports_controller.rb"",""line"":192,""method"":""Import::BulkImportsController#verify_blocked_uri""},{""file"":""app/helpers/safe_format_helper.rb"",""line"":23,""method"":""SafeFormatHelper#safe_format""}]",ERB::Util,erb,gem_namespace,39,602761
ep_78f428d445bfc565ad317da6,authenticated,app/helpers/safe_format_helper.rb,29,1,erb,html_escape,0,size,value,identifier,ce,rails_action,/o/:organization_path/import/gitlab_group,False,118,"[{""file"":""app/controllers/import/gitlab_groups_controller.rb"",""line"":12,""method"":""Import::GitlabGroupsController#create""},{""file"":""app/helpers/safe_format_helper.rb"",""line"":23,""method"":""SafeFormatHelper#safe_format""}]",ERB::Util,erb,gem_namespace,39,608242
ep_d14bbc42655277ee8139da17,authenticated,app/helpers/safe_format_helper.rb,29,1,erb,html_escape,0,size,value,identifier,ce,rails_action,/o/:organization_path/import/gitlab_project,False,118,"[{""file"":""app/controllers/import/gitlab_projects_controller.rb"",""line"":21,""method"":""Import::GitlabProjectsController#create""},{""file"":""app/helpers/safe_format_helper.rb"",""line"":23,""method"":""SafeFormatHelper#safe_format""}]",ERB::Util,erb,gem_namespace,39,608711
ep_8ae4f95d7b3532363b44935a,authenticated,app/helpers/safe_format_helper.rb,29,1,erb,html_escape,0,size,value,identifier,ce,rails_action,/o/:organization_path/import/gitlab_project/create,False,118,"[{""file"":""app/controllers/import/gitlab_projects_controller.rb"",""line"":21,""method"":""Import::GitlabProjectsController#create""},{""file"":""app/helpers/safe_format_helper.rb"",""line"":23,""method"":""SafeFormatHelper#safe_format""}]",ERB::Util,erb,gem_namespace,39,609784
ep_31d1d69e72190349364eba5e,authenticated,app/helpers/safe_format_helper.rb,29,1,erb,html_escape,0,size,value,identifier,ce,rails_action,/o/:organization_path/projects,False,118,"[{""file"":""app/controllers/projects_controller.rb"",""line"":113,""method"":""ProjectsController#create""},{""file"":""app/helpers/safe_format_helper.rb"",""line"":23,""method"":""SafeFormatHelper#safe_format""}]",ERB::Util,erb,gem_namespace,39,614864
ep_f6b893c4819bb71f2173d0e7,unknown,app/helpers/safe_format_helper.rb,29,2,erb,html_escape,0,size,value,identifier,ce,rails_action,/o/:organization_path/search,False,118,"[{""file"":""app/controllers/search_controller.rb"",""line"":58,""method"":""SearchController#show""},{""file"":""app/controllers/search_controller.rb"",""line"":256,""method"":""SearchController#check_single_commit_result?""},{""file"":""app/helpers/safe_format_helper.rb"",""line"":23,""method"":""SafeFormatHelper#safe_format""}]",ERB::Util,erb,gem_namespace,39,616284
ep_1431d68ae8b3559cfc8b412c,authenticated,app/helpers/safe_format_helper.rb,29,1,erb,html_escape,0,size,value,identifier,ce,rails_action,/projects,False,118,"[{""file"":""app/controllers/projects_controller.rb"",""line"":113,""method"":""ProjectsController#create""},{""file"":""app/helpers/safe_format_helper.rb"",""line"":23,""method"":""SafeFormatHelper#safe_format""}]",ERB::Util,erb,gem_namespace,39,628611
ep_3e299fd29607cffc60051492,unknown,app/helpers/safe_format_helper.rb,29,2,erb,html_escape,0,size,value,identifier,ce,rails_action,/search,False,118,"[{""file"":""app/controllers/search_controller.rb"",""line"":58,""method"":""SearchController#show""},{""file"":""app/controllers/search_controller.rb"",""line"":256,""method"":""SearchController#check_single_commit_result?""},{""file"":""app/helpers/safe_format_helper.rb"",""line"":23,""method"":""SafeFormatHelper#safe_format""}]",ERB::Util,erb,gem_namespace,39,630031
ep_069c4049019c42a9a15dd142,authenticated,app/helpers/safe_format_helper.rb,29,4,erb,html_escape,0,size,value,identifier,ee,grape_endpoint,/api/v4/groups/:id/-/work_items/:work_item_iid/current_user_todos,False,118,"[{""file"":""lib/api/work_items/current_user_todos.rb"",""line"":127,""method"":""API::WorkItems::CurrentUserTodos#<endpoint>""},{""file"":""lib/api/work_items/current_user_todos.rb"",""line"":19,""method"":""API::WorkItems::CurrentUserTodos#render_current_user_todos_for""},{""file"":""app/finders/todos_finder.rb"",""line"":47,""method"":""TodosFinder#execute""},{""file"":""app/finders/todos_finder.rb"",""line"":158,""method"":""TodosFinder#invalid_type_message""},{""file"":""app/helpers/safe_format_helper.rb"",""line"":23,""method"":""SafeFormatHelper#safe_format""}]",ERB::Util,erb,gem_namespace,39,663228
ep_bfe23eb25e71870adfd44ca0,authenticated,app/helpers/safe_format_helper.rb,29,4,erb,html_escape,0,size,value,identifier,ee,grape_endpoint,/api/v4/namespaces/:id/-/work_items/:work_item_iid/current_user_todos,False,118,"[{""file"":""lib/api/work_items/current_user_todos.rb"",""line"":63,""method"":""API::WorkItems::CurrentUserTodos#<endpoint>""},{""file"":""lib/api/work_items/current_user_todos.rb"",""line"":19,""method"":""API::WorkItems::CurrentUserTodos#render_current_user_todos_for""},{""file"":""app/finders/todos_finder.rb"",""line"":47,""method"":""TodosFinder#execute""},{""file"":""app/finders/todos_finder.rb"",""line"":158,""method"":""TodosFinder#invalid_type_message""},{""file"":""app/helpers/safe_format_helper.rb"",""line"":23,""method"":""SafeFormatHelper#safe_format""}]",ERB::Util,erb,gem_namespace,39,695742
ep_1cdacdc6960a8823827955e5,authenticated,app/helpers/safe_format_helper.rb,29,4,erb,html_escape,0,size,value,identifier,ee,grape_endpoint,/api/v4/projects/:id/-/work_items/:work_item_iid/current_user_todos,False,118,"[{""file"":""lib/api/work_items/current_user_todos.rb"",""line"":95,""method"":""API::WorkItems::CurrentUserTodos#<endpoint>""},{""file"":""lib/api/work_items/current_user_todos.rb"",""line"":19,""method"":""API::WorkItems::CurrentUserTodos#render_current_user_todos_for""},{""file"":""app/finders/todos_finder.rb"",""line"":47,""method"":""TodosFinder#execute""},{""file"":""app/finders/todos_finder.rb"",""line"":158,""method"":""TodosFinder#invalid_type_message""},{""file"":""app/helpers/safe_format_helper.rb"",""line"":23,""method"":""SafeFormatHelper#safe_format""}]",ERB::Util,erb,gem_namespace,39,705029
ep_335873b72e110ab152bf1b3e,authenticated,app/helpers/safe_format_helper.rb,29,4,erb,html_escape,0,size,value,identifier,ee,grape_endpoint,/api/v4/todos/mark_as_done,False,118,"[{""file"":""lib/api/todos.rb"",""line"":147,""method"":""API::Todos#<endpoint>""},{""file"":""lib/api/todos.rb"",""line"":62,""method"":""API::Todos#find_todos""},{""file"":""app/finders/todos_finder.rb"",""line"":47,""method"":""TodosFinder#execute""},{""file"":""app/finders/todos_finder.rb"",""line"":158,""method"":""TodosFinder#invalid_type_message""},{""file"":""app/helpers/safe_format_helper.rb"",""line"":23,""method"":""SafeFormatHelper#safe_format""}]",ERB::Util,erb,gem_namespace,39,776772
ep_7560f8946a7c4fc8e4f0e62f,unknown,app/finders/ci/daily_build_group_report_results_finder.rb,84,4,date,strptime,1,index,DATE_FORMAT_ALLOWED,identifier,ee,graphql_field,/api/graphql,False,84,"[{""file"":""ee/app/graphql/resolvers/ci/code_coverage_activities_resolver.rb"",""line"":14,""method"":""Resolvers::Ci::CodeCoverageActivitiesResolver#resolve""},{""file"":""app/finders/ci/daily_build_group_report_results_finder.rb"",""line"":34,""method"":""Ci::DailyBuildGroupReportResultsFinder#execute""},{""file"":""app/finders/ci/daily_build_group_report_results_finder.rb"",""line"":47,""method"":""Ci::DailyBuildGroupReportResultsFinder#filter_report_results""},{""file"":""app/finders/ci/daily_build_group_report_results_finder.rb"",""line"":64,""method"":""Ci::DailyBuildGroupReportResultsFinder#by_dates""},{""file"":""app/finders/ci/daily_build_group_report_results_finder.rb"",""line"":82,""method"":""Ci::DailyBuildGroupReportResultsFinder#start_date""}]",Date,date,gem_namespace,9,789109
ep_7560f8946a7c4fc8e4f0e62f,unknown,app/finders/ci/daily_build_group_report_results_finder.rb,84,4,date,strptime,1,index,DATE_FORMAT_ALLOWED,identifier,ee,graphql_field,/api/graphql,False,85,"[{""file"":""ee/app/graphql/resolvers/ci/code_coverage_activities_resolver.rb"",""line"":14,""method"":""Resolvers::Ci::CodeCoverageActivitiesResolver#resolve""},{""file"":""app/finders/ci/daily_build_group_report_results_finder.rb"",""line"":34,""method"":""Ci::DailyBuildGroupReportResultsFinder#execute""},{""file"":""app/finders/ci/daily_build_group_report_results_finder.rb"",""line"":47,""method"":""Ci::DailyBuildGroupReportResultsFinder#filter_report_results""},{""file"":""app/finders/ci/daily_build_group_report_results_finder.rb"",""line"":64,""method"":""Ci::DailyBuildGroupReportResultsFinder#by_dates""},{""file"":""app/finders/ci/daily_build_group_report_results_finder.rb"",""line"":82,""method"":""Ci::DailyBuildGroupReportResultsFinder#start_date""}]",Date,date,gem_namespace,9,789110
ep_7560f8946a7c4fc8e4f0e62f,unknown,app/finders/ci/daily_build_group_report_results_finder.rb,94,4,date,strptime,1,index,DATE_FORMAT_ALLOWED,identifier,ee,graphql_field,/api/graphql,False,84,"[{""file"":""ee/app/graphql/resolvers/ci/code_coverage_activities_resolver.rb"",""line"":14,""method"":""Resolvers::Ci::CodeCoverageActivitiesResolver#resolve""},{""file"":""app/finders/ci/daily_build_group_report_results_finder.rb"",""line"":34,""method"":""Ci::DailyBuildGroupReportResultsFinder#execute""},{""file"":""app/finders/ci/daily_build_group_report_results_finder.rb"",""line"":47,""method"":""Ci::DailyBuildGroupReportResultsFinder#filter_report_results""},{""file"":""app/finders/ci/daily_build_group_report_results_finder.rb"",""line"":64,""method"":""Ci::DailyBuildGroupReportResultsFinder#by_dates""},{""file"":""app/finders/ci/daily_build_group_report_results_finder.rb"",""line"":93,""method"":""Ci::DailyBuildGroupReportResultsFinder#end_date""}]",Date,date,gem_namespace,7,789125
ep_7560f8946a7c4fc8e4f0e62f,unknown,app/finders/ci/daily_build_group_report_results_finder.rb,94,4,date,strptime,1,index,DATE_FORMAT_ALLOWED,identifier,ee,graphql_field,/api/graphql,False,85,"[{""file"":""ee/app/graphql/resolvers/ci/code_coverage_activities_resolver.rb"",""line"":14,""method"":""Resolvers::Ci::CodeCoverageActivitiesResolver#resolve""},{""file"":""app/finders/ci/daily_build_group_report_results_finder.rb"",""line"":34,""method"":""Ci::DailyBuildGroupReportResultsFinder#execute""},{""file"":""app/finders/ci/daily_build_group_report_results_finder.rb"",""line"":47,""method"":""Ci::DailyBuildGroupReportResultsFinder#filter_report_results""},{""file"":""app/finders/ci/daily_build_group_report_results_finder.rb"",""line"":64,""method"":""Ci::DailyBuildGroupReportResultsFinder#by_dates""},{""file"":""app/finders/ci/daily_build_group_report_results_finder.rb"",""line"":93,""method"":""Ci::DailyBuildGroupReportResultsFinder#end_date""}]",Date,date,gem_namespace,7,789126
ep_befb24b30b5a441085bdc3ed,authenticated,app/helpers/safe_format_helper.rb,29,3,erb,html_escape,0,size,value,identifier,ee,graphql_field,/api/graphql,False,118,"[{""file"":""app/graphql/resolvers/todos_resolver.rb"",""line"":49,""method"":""Resolvers::TodosResolver#resolve""},{""file"":""app/finders/todos_finder.rb"",""line"":47,""method"":""TodosFinder#execute""},{""file"":""app/finders/todos_finder.rb"",""line"":158,""method"":""TodosFinder#invalid_type_message""},{""file"":""app/helpers/safe_format_helper.rb"",""line"":23,""method"":""SafeFormatHelper#safe_format""}]",ERB::Util,erb,gem_namespace,39,800870
ep_56f9cf8063452e1da6bf4d21,authenticated,app/helpers/safe_format_helper.rb,29,3,erb,html_escape,0,size,value,identifier,ee,graphql_field,/api/graphql,False,118,"[{""file"":""app/graphql/resolvers/todos_resolver.rb"",""line"":49,""method"":""Resolvers::TodosResolver#resolve""},{""file"":""app/finders/todos_finder.rb"",""line"":47,""method"":""TodosFinder#execute""},{""file"":""app/finders/todos_finder.rb"",""line"":158,""method"":""TodosFinder#invalid_type_message""},{""file"":""app/helpers/safe_format_helper.rb"",""line"":23,""method"":""SafeFormatHelper#safe_format""}]",ERB::Util,erb,gem_namespace,39,803490
ep_d8ebf9f06521402830254774,authenticated,app/helpers/safe_format_helper.rb,29,3,erb,html_escape,0,size,value,identifier,ee,graphql_field,/api/graphql,False,118,"[{""file"":""app/graphql/resolvers/todos_resolver.rb"",""line"":49,""method"":""Resolvers::TodosResolver#resolve""},{""file"":""app/finders/todos_finder.rb"",""line"":47,""method"":""TodosFinder#execute""},{""file"":""app/finders/todos_finder.rb"",""line"":158,""method"":""TodosFinder#invalid_type_message""},{""file"":""app/helpers/safe_format_helper.rb"",""line"":23,""method"":""SafeFormatHelper#safe_format""}]",ERB::Util,erb,gem_namespace,39,806960
ep_3ecdf947ee1a4868e04ff77a,authenticated,app/finders/ci/daily_build_group_report_results_finder.rb,84,4,date,strptime,1,index,DATE_FORMAT_ALLOWED,identifier,ee,graphql_field,/api/graphql,False,84,"[{""file"":""ee/app/graphql/resolvers/ci/code_coverage_activities_resolver.rb"",""line"":14,""method"":""Resolvers::Ci::CodeCoverageActivitiesResolver#resolve""},{""file"":""app/finders/ci/daily_build_group_report_results_finder.rb"",""line"":34,""method"":""Ci::DailyBuildGroupReportResultsFinder#execute""},{""file"":""app/finders/ci/daily_build_group_report_results_finder.rb"",""line"":47,""method"":""Ci::DailyBuildGroupReportResultsFinder#filter_report_results""},{""file"":""app/finders/ci/daily_build_group_report_results_finder.rb"",""line"":64,""method"":""Ci::DailyBuildGroupReportResultsFinder#by_dates""},{""file"":""app/finders/ci/daily_build_group_report_results_finder.rb"",""line"":82,""method"":""Ci::DailyBuildGroupReportResultsFinder#start_date""}]",Date,date,gem_namespace,9,808993
ep_3ecdf947ee1a4868e04ff77a,authenticated,app/finders/ci/daily_build_group_report_results_finder.rb,84,4,date,strptime,1,index,DATE_FORMAT_ALLOWED,identifier,ee,graphql_field,/api/graphql,False,85,"[{""file"":""ee/app/graphql/resolvers/ci/code_coverage_activities_resolver.rb"",""line"":14,""method"":""Resolvers::Ci::CodeCoverageActivitiesResolver#resolve""},{""file"":""app/finders/ci/daily_build_group_report_results_finder.rb"",""line"":34,""method"":""Ci::DailyBuildGroupReportResultsFinder#execute""},{""file"":""app/finders/ci/daily_build_group_report_results_finder.rb"",""line"":47,""method"":""Ci::DailyBuildGroupReportResultsFinder#filter_report_results""},{""file"":""app/finders/ci/daily_build_group_report_results_finder.rb"",""line"":64,""method"":""Ci::DailyBuildGroupReportResultsFinder#by_dates""},{""file"":""app/finders/ci/daily_build_group_report_results_finder.rb"",""line"":82,""method"":""Ci::DailyBuildGroupReportResultsFinder#start_date""}]",Date,date,gem_namespace,9,808994
ep_3ecdf947ee1a4868e04ff77a,authenticated,app/finders/ci/daily_build_group_report_results_finder.rb,94,4,date,strptime,1,index,DATE_FORMAT_ALLOWED,identifier,ee,graphql_field,/api/graphql,False,84,"[{""file"":""ee/app/graphql/resolvers/ci/code_coverage_activities_resolver.rb"",""line"":14,""method"":""Resolvers::Ci::CodeCoverageActivitiesResolver#resolve""},{""file"":""app/finders/ci/daily_build_group_report_results_finder.rb"",""line"":34,""method"":""Ci::DailyBuildGroupReportResultsFinder#execute""},{""file"":""app/finders/ci/daily_build_group_report_results_finder.rb"",""line"":47,""method"":""Ci::DailyBuildGroupReportResultsFinder#filter_report_results""},{""file"":""app/finders/ci/daily_build_group_report_results_finder.rb"",""line"":64,""method"":""Ci::DailyBuildGroupReportResultsFinder#by_dates""},{""file"":""app/finders/ci/daily_build_group_report_results_finder.rb"",""line"":93,""method"":""Ci::DailyBuildGroupReportResultsFinder#end_date""}]",Date,date,gem_namespace,7,809009
ep_3ecdf947ee1a4868e04ff77a,authenticated,app/finders/ci/daily_build_group_report_results_finder.rb,94,4,date,strptime,1,index,DATE_FORMAT_ALLOWED,identifier,ee,graphql_field,/api/graphql,False,85,"[{""file"":""ee/app/graphql/resolvers/ci/code_coverage_activities_resolver.rb"",""line"":14,""method"":""Resolvers::Ci::CodeCoverageActivitiesResolver#resolve""},{""file"":""app/finders/ci/daily_build_group_report_results_finder.rb"",""line"":34,""method"":""Ci::DailyBuildGroupReportResultsFinder#execute""},{""file"":""app/finders/ci/daily_build_group_report_results_finder.rb"",""line"":47,""method"":""Ci::DailyBuildGroupReportResultsFinder#filter_report_results""},{""file"":""app/finders/ci/daily_build_group_report_results_finder.rb"",""line"":64,""method"":""Ci::DailyBuildGroupReportResultsFinder#by_dates""},{""file"":""app/finders/ci/daily_build_group_report_results_finder.rb"",""line"":93,""method"":""Ci::DailyBuildGroupReportResultsFinder#end_date""}]",Date,date,gem_namespace,7,809010
ep_c54e9431979c28ed79b5a41c,authenticated,ee/lib/artifact_registry/time_coercion.rb,12,1,date,iso8601,0,index,value,identifier,ee,graphql_field,/api/graphql,False,68,"[{""file"":""ee/app/graphql/types/artifact_registry/remote_settings_type.rb"",""line"":66,""method"":""Types::ArtifactRegistry::RemoteSettingsType#last_health_checked_at""},{""file"":""ee/lib/artifact_registry/time_coercion.rb"",""line"":9,""method"":""ArtifactRegistry::TimeCoercion#parse_time""}]",DateTime,date,gem_namespace,7,834066
ep_c54e9431979c28ed79b5a41c,authenticated,ee/lib/artifact_registry/time_coercion.rb,12,1,date,iso8601,0,index,value,identifier,ee,graphql_field,/api/graphql,False,69,"[{""file"":""ee/app/graphql/types/artifact_registry/remote_settings_type.rb"",""line"":66,""method"":""Types::ArtifactRegistry::RemoteSettingsType#last_health_checked_at""},{""file"":""ee/lib/artifact_registry/time_coercion.rb"",""line"":9,""method"":""ArtifactRegistry::TimeCoercion#parse_time""}]",DateTime,date,gem_namespace,7,834067
ep_040c9fcb33b53ba8b81ee9a8,unknown,app/helpers/safe_format_helper.rb,29,3,erb,html_escape,0,size,value,identifier,ee,graphql_field,/api/graphql,False,118,"[{""file"":""app/graphql/resolvers/todos_resolver.rb"",""line"":49,""method"":""Resolvers::TodosResolver#resolve""},{""file"":""app/finders/todos_finder.rb"",""line"":47,""method"":""TodosFinder#execute""},{""file"":""app/finders/todos_finder.rb"",""line"":158,""method"":""TodosFinder#invalid_type_message""},{""file"":""app/helpers/safe_format_helper.rb"",""line"":23,""method"":""SafeFormatHelper#safe_format""}]",ERB::Util,erb,gem_namespace,39,835017
ep_936da60cfbb30d5c995b0c1c,unknown,app/helpers/safe_format_helper.rb,29,3,erb,html_escape,0,size,value,identifier,ee,graphql_field,/api/graphql,False,118,"[{""file"":""app/graphql/resolvers/todos_resolver.rb"",""line"":49,""method"":""Resolvers::TodosResolver#resolve""},{""file"":""app/finders/todos_finder.rb"",""line"":47,""method"":""TodosFinder#execute""},{""file"":""app/finders/todos_finder.rb"",""line"":158,""method"":""TodosFinder#invalid_type_message""},{""file"":""app/helpers/safe_format_helper.rb"",""line"":23,""method"":""SafeFormatHelper#safe_format""}]",ERB::Util,erb,gem_namespace,39,836256
ep_a8b16c4e9add9dd33df94147,authenticated,app/helpers/safe_format_helper.rb,29,3,erb,html_escape,0,size,value,identifier,ee,graphql_field,/api/graphql,False,118,"[{""file"":""app/graphql/resolvers/todos_resolver.rb"",""line"":49,""method"":""Resolvers::TodosResolver#resolve""},{""file"":""app/finders/todos_finder.rb"",""line"":47,""method"":""TodosFinder#execute""},{""file"":""app/finders/todos_finder.rb"",""line"":158,""method"":""TodosFinder#invalid_type_message""},{""file"":""app/helpers/safe_format_helper.rb"",""line"":23,""method"":""SafeFormatHelper#safe_format""}]",ERB::Util,erb,gem_namespace,39,842448
ep_408efd337fc9045c8b295328,authenticated,lib/gitlab/diff/char_diff.rb,50,2,erb,html_escape,0,size,text,identifier,ee,graphql_field,/api/graphql,False,118,"[{""file"":""ee/app/graphql/resolvers/description_versions_diff_resolver.rb"",""line"":19,""method"":""Resolvers::DescriptionVersionsDiffResolver#resolve""},{""file"":""ee/app/graphql/resolvers/description_versions_diff_resolver.rb"",""line"":43,""method"":""Resolvers::DescriptionVersionsDiffResolver#generate_html_diff""},{""file"":""lib/gitlab/diff/char_diff.rb"",""line"":48,""method"":""Gitlab::Diff::CharDiff#to_html""}]",ERB::Util,erb,gem_namespace,18,844103
ep_9f3674fac92461fdede33b61,authenticated,app/helpers/safe_format_helper.rb,29,3,erb,html_escape,0,size,value,identifier,ee,graphql_field,/api/graphql,False,118,"[{""file"":""app/graphql/resolvers/todos_resolver.rb"",""line"":49,""method"":""Resolvers::TodosResolver#resolve""},{""file"":""app/finders/todos_finder.rb"",""line"":47,""method"":""TodosFinder#execute""},{""file"":""app/finders/todos_finder.rb"",""line"":158,""method"":""TodosFinder#invalid_type_message""},{""file"":""app/helpers/safe_format_helper.rb"",""line"":23,""method"":""SafeFormatHelper#safe_format""}]",ERB::Util,erb,gem_namespace,39,845362
ep_fdb2b2f3630029e1acb974ef,authenticated,app/helpers/safe_format_helper.rb,29,3,erb,html_escape,0,size,value,identifier,ee,graphql_field,/api/graphql,False,118,"[{""file"":""app/graphql/resolvers/todos_resolver.rb"",""line"":49,""method"":""Resolvers::TodosResolver#resolve""},{""file"":""app/finders/todos_finder.rb"",""line"":47,""method"":""TodosFinder#execute""},{""file"":""app/finders/todos_finder.rb"",""line"":158,""method"":""TodosFinder#invalid_type_message""},{""file"":""app/helpers/safe_format_helper.rb"",""line"":23,""method"":""SafeFormatHelper#safe_format""}]",ERB::Util,erb,gem_namespace,39,846494
ep_707304755fb1c9c199333779,authenticated,lib/gitlab/diff/char_diff.rb,50,2,erb,html_escape,0,size,text,identifier,ee,graphql_field,/api/graphql,False,118,"[{""file"":""ee/app/graphql/resolvers/description_versions_diff_resolver.rb"",""line"":19,""method"":""Resolvers::DescriptionVersionsDiffResolver#resolve""},{""file"":""ee/app/graphql/resolvers/description_versions_diff_resolver.rb"",""line"":43,""method"":""Resolvers::DescriptionVersionsDiffResolver#generate_html_diff""},{""file"":""lib/gitlab/diff/char_diff.rb"",""line"":48,""method"":""Gitlab::Diff::CharDiff#to_html""}]",ERB::Util,erb,gem_namespace,18,848092
ep_5ad373af2a95b2925b49f83f,authenticated,app/helpers/safe_format_helper.rb,29,3,erb,html_escape,0,size,value,identifier,ee,graphql_field,/api/graphql,False,118,"[{""file"":""app/graphql/resolvers/todos_resolver.rb"",""line"":49,""method"":""Resolvers::TodosResolver#resolve""},{""file"":""app/finders/todos_finder.rb"",""line"":47,""method"":""TodosFinder#execute""},{""file"":""app/finders/todos_finder.rb"",""line"":158,""method"":""TodosFinder#invalid_type_message""},{""file"":""app/helpers/safe_format_helper.rb"",""line"":23,""method"":""SafeFormatHelper#safe_format""}]",ERB::Util,erb,gem_namespace,39,849005
ep_348d79d28839b7424b16b7c1,authenticated,app/helpers/safe_format_helper.rb,29,3,erb,html_escape,0,size,value,identifier,ee,graphql_field,/api/graphql,False,118,"[{""file"":""app/graphql/resolvers/todos_resolver.rb"",""line"":49,""method"":""Resolvers::TodosResolver#resolve""},{""file"":""app/finders/todos_finder.rb"",""line"":47,""method"":""TodosFinder#execute""},{""file"":""app/finders/todos_finder.rb"",""line"":158,""method"":""TodosFinder#invalid_type_message""},{""file"":""app/helpers/safe_format_helper.rb"",""line"":23,""method"":""SafeFormatHelper#safe_format""}]",ERB::Util,erb,gem_namespace,39,850184
ep_50d6ca8b9503edc6becb78d1,authenticated,ee/lib/artifact_registry/time_coercion.rb,12,1,date,iso8601,0,index,value,identifier,ee,graphql_field,/api/graphql,False,68,"[{""file"":""ee/app/graphql/types/artifact_registry/remote_settings_type.rb"",""line"":66,""method"":""Types::ArtifactRegistry::RemoteSettingsType#last_health_checked_at""},{""file"":""ee/lib/artifact_registry/time_coercion.rb"",""line"":9,""method"":""ArtifactRegistry::TimeCoercion#parse_time""}]",DateTime,date,gem_namespace,7,854086
ep_50d6ca8b9503edc6becb78d1,authenticated,ee/lib/artifact_registry/time_coercion.rb,12,1,date,iso8601,0,index,value,identifier,ee,graphql_field,/api/graphql,False,69,"[{""file"":""ee/app/graphql/types/artifact_registry/remote_settings_type.rb"",""line"":66,""method"":""Types::ArtifactRegistry::RemoteSettingsType#last_health_checked_at""},{""file"":""ee/lib/artifact_registry/time_coercion.rb"",""line"":9,""method"":""ArtifactRegistry::TimeCoercion#parse_time""}]",DateTime,date,gem_namespace,7,854087
ep_3426aaa56982913ace02ecc4,authenticated,app/helpers/safe_format_helper.rb,29,3,erb,html_escape,0,size,value,identifier,ee,graphql_field,/api/graphql,False,118,"[{""file"":""app/graphql/resolvers/todos_resolver.rb"",""line"":49,""method"":""Resolvers::TodosResolver#resolve""},{""file"":""app/finders/todos_finder.rb"",""line"":47,""method"":""TodosFinder#execute""},{""file"":""app/finders/todos_finder.rb"",""line"":158,""method"":""TodosFinder#invalid_type_message""},{""file"":""app/helpers/safe_format_helper.rb"",""line"":23,""method"":""SafeFormatHelper#safe_format""}]",ERB::Util,erb,gem_namespace,39,859908
ep_5dd0b9889ac368bb71b36e35,authenticated,app/helpers/safe_format_helper.rb,29,3,erb,html_escape,0,size,value,identifier,ee,graphql_field,/api/graphql,False,118,"[{""file"":""app/graphql/resolvers/todos_resolver.rb"",""line"":49,""method"":""Resolvers::TodosResolver#resolve""},{""file"":""app/finders/todos_finder.rb"",""line"":47,""method"":""TodosFinder#execute""},{""file"":""app/finders/todos_finder.rb"",""line"":158,""method"":""TodosFinder#invalid_type_message""},{""file"":""app/helpers/safe_format_helper.rb"",""line"":23,""method"":""SafeFormatHelper#safe_format""}]",ERB::Util,erb,gem_namespace,39,881533
ep_bfd2c00d117ba513e6b22890,unknown,app/helpers/safe_format_helper.rb,29,3,erb,html_escape,0,size,value,identifier,ee,graphql_field,/api/graphql,False,118,"[{""file"":""app/graphql/resolvers/todos_resolver.rb"",""line"":49,""method"":""Resolvers::TodosResolver#resolve""},{""file"":""app/finders/todos_finder.rb"",""line"":47,""method"":""TodosFinder#execute""},{""file"":""app/finders/todos_finder.rb"",""line"":158,""method"":""TodosFinder#invalid_type_message""},{""file"":""app/helpers/safe_format_helper.rb"",""line"":23,""method"":""SafeFormatHelper#safe_format""}]",ERB::Util,erb,gem_namespace,39,887758
ep_a1220ef82558620f8b9cd7fd,unknown,app/helpers/safe_format_helper.rb,29,3,erb,html_escape,0,size,value,identifier,ee,graphql_field,/api/graphql,False,118,"[{""file"":""app/graphql/resolvers/todos_resolver.rb"",""line"":49,""method"":""Resolvers::TodosResolver#resolve""},{""file"":""app/finders/todos_finder.rb"",""line"":47,""method"":""TodosFinder#execute""},{""file"":""app/finders/todos_finder.rb"",""line"":158,""method"":""TodosFinder#invalid_type_message""},{""file"":""app/helpers/safe_format_helper.rb"",""line"":23,""method"":""SafeFormatHelper#safe_format""}]",ERB::Util,erb,gem_namespace,39,889659
ep_c4fb141f0b5e5d20f22885d1,unknown,app/finders/ci/daily_build_group_report_results_finder.rb,84,4,date,strptime,1,index,DATE_FORMAT_ALLOWED,identifier,ee,graphql_field,/api/graphql,False,84,"[{""file"":""ee/app/graphql/resolvers/ci/code_coverage_activities_resolver.rb"",""line"":14,""method"":""Resolvers::Ci::CodeCoverageActivitiesResolver#resolve""},{""file"":""app/finders/ci/daily_build_group_report_results_finder.rb"",""line"":34,""method"":""Ci::DailyBuildGroupReportResultsFinder#execute""},{""file"":""app/finders/ci/daily_build_group_report_results_finder.rb"",""line"":47,""method"":""Ci::DailyBuildGroupReportResultsFinder#filter_report_results""},{""file"":""app/finders/ci/daily_build_group_report_results_finder.rb"",""line"":64,""method"":""Ci::DailyBuildGroupReportResultsFinder#by_dates""},{""file"":""app/finders/ci/daily_build_group_report_results_finder.rb"",""line"":82,""method"":""Ci::DailyBuildGroupReportResultsFinder#start_date""}]",Date,date,gem_namespace,9,930281
ep_c4fb141f0b5e5d20f22885d1,unknown,app/finders/ci/daily_build_group_report_results_finder.rb,84,4,date,strptime,1,index,DATE_FORMAT_ALLOWED,identifier,ee,graphql_field,/api/graphql,False,85,"[{""file"":""ee/app/graphql/resolvers/ci/code_coverage_activities_resolver.rb"",""line"":14,""method"":""Resolvers::Ci::CodeCoverageActivitiesResolver#resolve""},{""file"":""app/finders/ci/daily_build_group_report_results_finder.rb"",""line"":34,""method"":""Ci::DailyBuildGroupReportResultsFinder#execute""},{""file"":""app/finders/ci/daily_build_group_report_results_finder.rb"",""line"":47,""method"":""Ci::DailyBuildGroupReportResultsFinder#filter_report_results""},{""file"":""app/finders/ci/daily_build_group_report_results_finder.rb"",""line"":64,""method"":""Ci::DailyBuildGroupReportResultsFinder#by_dates""},{""file"":""app/finders/ci/daily_build_group_report_results_finder.rb"",""line"":82,""method"":""Ci::DailyBuildGroupReportResultsFinder#start_date""}]",Date,date,gem_namespace,9,930282
ep_c4fb141f0b5e5d20f22885d1,unknown,app/finders/ci/daily_build_group_report_results_finder.rb,94,4,date,strptime,1,index,DATE_FORMAT_ALLOWED,identifier,ee,graphql_field,/api/graphql,False,84,"[{""file"":""ee/app/graphql/resolvers/ci/code_coverage_activities_resolver.rb"",""line"":14,""method"":""Resolvers::Ci::CodeCoverageActivitiesResolver#resolve""},{""file"":""app/finders/ci/daily_build_group_report_results_finder.rb"",""line"":34,""method"":""Ci::DailyBuildGroupReportResultsFinder#execute""},{""file"":""app/finders/ci/daily_build_group_report_results_finder.rb"",""line"":47,""method"":""Ci::DailyBuildGroupReportResultsFinder#filter_report_results""},{""file"":""app/finders/ci/daily_build_group_report_results_finder.rb"",""line"":64,""method"":""Ci::DailyBuildGroupReportResultsFinder#by_dates""},{""file"":""app/finders/ci/daily_build_group_report_results_finder.rb"",""line"":93,""method"":""Ci::DailyBuildGroupReportResultsFinder#end_date""}]",Date,date,gem_namespace,7,930297
ep_c4fb141f0b5e5d20f22885d1,unknown,app/finders/ci/daily_build_group_report_results_finder.rb,94,4,date,strptime,1,index,DATE_FORMAT_ALLOWED,identifier,ee,graphql_field,/api/graphql,False,85,"[{""file"":""ee/app/graphql/resolvers/ci/code_coverage_activities_resolver.rb"",""line"":14,""method"":""Resolvers::Ci::CodeCoverageActivitiesResolver#resolve""},{""file"":""app/finders/ci/daily_build_group_report_results_finder.rb"",""line"":34,""method"":""Ci::DailyBuildGroupReportResultsFinder#execute""},{""file"":""app/finders/ci/daily_build_group_report_results_finder.rb"",""line"":47,""method"":""Ci::DailyBuildGroupReportResultsFinder#filter_report_results""},{""file"":""app/finders/ci/daily_build_group_report_results_finder.rb"",""line"":64,""method"":""Ci::DailyBuildGroupReportResultsFinder#by_dates""},{""file"":""app/finders/ci/daily_build_group_report_results_finder.rb"",""line"":93,""method"":""Ci::DailyBuildGroupReportResultsFinder#end_date""}]",Date,date,gem_namespace,7,930298
ep_ae166421ba6e285fe43b9b9f,authenticated,app/finders/ci/daily_build_group_report_results_finder.rb,84,4,date,strptime,1,index,DATE_FORMAT_ALLOWED,identifier,ee,graphql_field,/api/graphql,False,84,"[{""file"":""ee/app/graphql/resolvers/ci/code_coverage_activities_resolver.rb"",""line"":14,""method"":""Resolvers::Ci::CodeCoverageActivitiesResolver#resolve""},{""file"":""app/finders/ci/daily_build_group_report_results_finder.rb"",""line"":34,""method"":""Ci::DailyBuildGroupReportResultsFinder#execute""},{""file"":""app/finders/ci/daily_build_group_report_results_finder.rb"",""line"":47,""method"":""Ci::DailyBuildGroupReportResultsFinder#filter_report_results""},{""file"":""app/finders/ci/daily_build_group_report_results_finder.rb"",""line"":64,""method"":""Ci::DailyBuildGroupReportResultsFinder#by_dates""},{""file"":""app/finders/ci/daily_build_group_report_results_finder.rb"",""line"":82,""method"":""Ci::DailyBuildGroupReportResultsFinder#start_date""}]",Date,date,gem_namespace,9,965939
ep_ae166421ba6e285fe43b9b9f,authenticated,app/finders/ci/daily_build_group_report_results_finder.rb,84,4,date,strptime,1,index,DATE_FORMAT_ALLOWED,identifier,ee,graphql_field,/api/graphql,False,85,"[{""file"":""ee/app/graphql/resolvers/ci/code_coverage_activities_resolver.rb"",""line"":14,""method"":""Resolvers::Ci::CodeCoverageActivitiesResolver#resolve""},{""file"":""app/finders/ci/daily_build_group_report_results_finder.rb"",""line"":34,""method"":""Ci::DailyBuildGroupReportResultsFinder#execute""},{""file"":""app/finders/ci/daily_build_group_report_results_finder.rb"",""line"":47,""method"":""Ci::DailyBuildGroupReportResultsFinder#filter_report_results""},{""file"":""app/finders/ci/daily_build_group_report_results_finder.rb"",""line"":64,""method"":""Ci::DailyBuildGroupReportResultsFinder#by_dates""},{""file"":""app/finders/ci/daily_build_group_report_results_finder.rb"",""line"":82,""method"":""Ci::DailyBuildGroupReportResultsFinder#start_date""}]",Date,date,gem_namespace,9,965940
ep_ae166421ba6e285fe43b9b9f,authenticated,app/finders/ci/daily_build_group_report_results_finder.rb,94,4,date,strptime,1,index,DATE_FORMAT_ALLOWED,identifier,ee,graphql_field,/api/graphql,False,84,"[{""file"":""ee/app/graphql/resolvers/ci/code_coverage_activities_resolver.rb"",""line"":14,""method"":""Resolvers::Ci::CodeCoverageActivitiesResolver#resolve""},{""file"":""app/finders/ci/daily_build_group_report_results_finder.rb"",""line"":34,""method"":""Ci::DailyBuildGroupReportResultsFinder#execute""},{""file"":""app/finders/ci/daily_build_group_report_results_finder.rb"",""line"":47,""method"":""Ci::DailyBuildGroupReportResultsFinder#filter_report_results""},{""file"":""app/finders/ci/daily_build_group_report_results_finder.rb"",""line"":64,""method"":""Ci::DailyBuildGroupReportResultsFinder#by_dates""},{""file"":""app/finders/ci/daily_build_group_report_results_finder.rb"",""line"":93,""method"":""Ci::DailyBuildGroupReportResultsFinder#end_date""}]",Date,date,gem_namespace,7,965955
ep_ae166421ba6e285fe43b9b9f,authenticated,app/finders/ci/daily_build_group_report_results_finder.rb,94,4,date,strptime,1,index,DATE_FORMAT_ALLOWED,identifier,ee,graphql_field,/api/graphql,False,85,"[{""file"":""ee/app/graphql/resolvers/ci/code_coverage_activities_resolver.rb"",""line"":14,""method"":""Resolvers::Ci::CodeCoverageActivitiesResolver#resolve""},{""file"":""app/finders/ci/daily_build_group_report_results_finder.rb"",""line"":34,""method"":""Ci::DailyBuildGroupReportResultsFinder#execute""},{""file"":""app/finders/ci/daily_build_group_report_results_finder.rb"",""line"":47,""method"":""Ci::DailyBuildGroupReportResultsFinder#filter_report_results""},{""file"":""app/finders/ci/daily_build_group_report_results_finder.rb"",""line"":64,""method"":""Ci::DailyBuildGroupReportResultsFinder#by_dates""},{""file"":""app/finders/ci/daily_build_group_report_results_finder.rb"",""line"":93,""method"":""Ci::DailyBuildGroupReportResultsFinder#end_date""}]",Date,date,gem_namespace,7,965956
ep_a8b19b05e0e195d00fdcfbec,unknown,app/helpers/safe_format_helper.rb,29,3,erb,html_escape,0,size,value,identifier,ee,graphql_field,/api/graphql,False,118,"[{""file"":""app/graphql/resolvers/todos_resolver.rb"",""line"":49,""method"":""Resolvers::TodosResolver#resolve""},{""file"":""app/finders/todos_finder.rb"",""line"":47,""method"":""TodosFinder#execute""},{""file"":""app/finders/todos_finder.rb"",""line"":158,""method"":""TodosFinder#invalid_type_message""},{""file"":""app/helpers/safe_format_helper.rb"",""line"":23,""method"":""SafeFormatHelper#safe_format""}]",ERB::Util,erb,gem_namespace,39,981069
ep_7486efa654d081168c8185a8,unknown,app/finders/ci/daily_build_group_report_results_finder.rb,84,4,date,strptime,1,index,DATE_FORMAT_ALLOWED,identifier,ee,graphql_field,/api/graphql,False,84,"[{""file"":""ee/app/graphql/resolvers/ci/code_coverage_activities_resolver.rb"",""line"":14,""method"":""Resolvers::Ci::CodeCoverageActivitiesResolver#resolve""},{""file"":""app/finders/ci/daily_build_group_report_results_finder.rb"",""line"":34,""method"":""Ci::DailyBuildGroupReportResultsFinder#execute""},{""file"":""app/finders/ci/daily_build_group_report_results_finder.rb"",""line"":47,""method"":""Ci::DailyBuildGroupReportResultsFinder#filter_report_results""},{""file"":""app/finders/ci/daily_build_group_report_results_finder.rb"",""line"":64,""method"":""Ci::DailyBuildGroupReportResultsFinder#by_dates""},{""file"":""app/finders/ci/daily_build_group_report_results_finder.rb"",""line"":82,""method"":""Ci::DailyBuildGroupReportResultsFinder#start_date""}]",Date,date,gem_namespace,9,983024
ep_7486efa654d081168c8185a8,unknown,app/finders/ci/daily_build_group_report_results_finder.rb,84,4,date,strptime,1,index,DATE_FORMAT_ALLOWED,identifier,ee,graphql_field,/api/graphql,False,85,"[{""file"":""ee/app/graphql/resolvers/ci/code_coverage_activities_resolver.rb"",""line"":14,""method"":""Resolvers::Ci::CodeCoverageActivitiesResolver#resolve""},{""file"":""app/finders/ci/daily_build_group_report_results_finder.rb"",""line"":34,""method"":""Ci::DailyBuildGroupReportResultsFinder#execute""},{""file"":""app/finders/ci/daily_build_group_report_results_finder.rb"",""line"":47,""method"":""Ci::DailyBuildGroupReportResultsFinder#filter_report_results""},{""file"":""app/finders/ci/daily_build_group_report_results_finder.rb"",""line"":64,""method"":""Ci::DailyBuildGroupReportResultsFinder#by_dates""},{""file"":""app/finders/ci/daily_build_group_report_results_finder.rb"",""line"":82,""method"":""Ci::DailyBuildGroupReportResultsFinder#start_date""}]",Date,date,gem_namespace,9,983025
ep_7486efa654d081168c8185a8,unknown,app/finders/ci/daily_build_group_report_results_finder.rb,94,4,date,strptime,1,index,DATE_FORMAT_ALLOWED,identifier,ee,graphql_field,/api/graphql,False,84,"[{""file"":""ee/app/graphql/resolvers/ci/code_coverage_activities_resolver.rb"",""line"":14,""method"":""Resolvers::Ci::CodeCoverageActivitiesResolver#resolve""},{""file"":""app/finders/ci/daily_build_group_report_results_finder.rb"",""line"":34,""method"":""Ci::DailyBuildGroupReportResultsFinder#execute""},{""file"":""app/finders/ci/daily_build_group_report_results_finder.rb"",""line"":47,""method"":""Ci::DailyBuildGroupReportResultsFinder#filter_report_results""},{""file"":""app/finders/ci/daily_build_group_report_results_finder.rb"",""line"":64,""method"":""Ci::DailyBuildGroupReportResultsFinder#by_dates""},{""file"":""app/finders/ci/daily_build_group_report_results_finder.rb"",""line"":93,""method"":""Ci::DailyBuildGroupReportResultsFinder#end_date""}]",Date,date,gem_namespace,7,983040
ep_7486efa654d081168c8185a8,unknown,app/finders/ci/daily_build_group_report_results_finder.rb,94,4,date,strptime,1,index,DATE_FORMAT_ALLOWED,identifier,ee,graphql_field,/api/graphql,False,85,"[{""file"":""ee/app/graphql/resolvers/ci/code_coverage_activities_resolver.rb"",""line"":14,""method"":""Resolvers::Ci::CodeCoverageActivitiesResolver#resolve""},{""file"":""app/finders/ci/daily_build_group_report_results_finder.rb"",""line"":34,""method"":""Ci::DailyBuildGroupReportResultsFinder#execute""},{""file"":""app/finders/ci/daily_build_group_report_results_finder.rb"",""line"":47,""method"":""Ci::DailyBuildGroupReportResultsFinder#filter_report_results""},{""file"":""app/finders/ci/daily_build_group_report_results_finder.rb"",""line"":64,""method"":""Ci::DailyBuildGroupReportResultsFinder#by_dates""},{""file"":""app/finders/ci/daily_build_group_report_results_finder.rb"",""line"":93,""method"":""Ci::DailyBuildGroupReportResultsFinder#end_date""}]",Date,date,gem_namespace,7,983041
ep_82ce6aba75c2b0c17070e4d9,authenticated,app/helpers/safe_format_helper.rb,29,3,erb,html_escape,0,size,value,identifier,ee,graphql_field,/api/graphql,False,118,"[{""file"":""app/graphql/resolvers/todos_resolver.rb"",""line"":49,""method"":""Resolvers::TodosResolver#resolve""},{""file"":""app/finders/todos_finder.rb"",""line"":47,""method"":""TodosFinder#execute""},{""file"":""app/finders/todos_finder.rb"",""line"":158,""method"":""TodosFinder#invalid_type_message""},{""file"":""app/helpers/safe_format_helper.rb"",""line"":23,""method"":""SafeFormatHelper#safe_format""}]",ERB::Util,erb,gem_namespace,39,988325
ep_acc23d60958ed923615362b0,unknown,app/helpers/safe_format_helper.rb,29,3,erb,html_escape,0,size,value,identifier,ee,graphql_field,/api/graphql,False,118,"[{""file"":""app/graphql/resolvers/todos_resolver.rb"",""line"":49,""method"":""Resolvers::TodosResolver#resolve""},{""file"":""app/finders/todos_finder.rb"",""line"":47,""method"":""TodosFinder#execute""},{""file"":""app/finders/todos_finder.rb"",""line"":158,""method"":""TodosFinder#invalid_type_message""},{""file"":""app/helpers/safe_format_helper.rb"",""line"":23,""method"":""SafeFormatHelper#safe_format""}]",ERB::Util,erb,gem_namespace,39,994508
ep_554da2b9e7b568ed822b1324,unknown,app/helpers/safe_format_helper.rb,29,3,erb,html_escape,0,size,value,identifier,ee,graphql_field,/api/graphql,False,118,"[{""file"":""app/graphql/resolvers/todos_resolver.rb"",""line"":49,""method"":""Resolvers::TodosResolver#resolve""},{""file"":""app/finders/todos_finder.rb"",""line"":47,""method"":""TodosFinder#execute""},{""file"":""app/finders/todos_finder.rb"",""line"":158,""method"":""TodosFinder#invalid_type_message""},{""file"":""app/helpers/safe_format_helper.rb"",""line"":23,""method"":""SafeFormatHelper#safe_format""}]",ERB::Util,erb,gem_namespace,39,995640
ep_0f119dc0a1a94ebdffb8a473,unknown,app/helpers/safe_format_helper.rb,29,3,erb,html_escape,0,size,value,identifier,ee,graphql_field,/api/graphql,False,118,"[{""file"":""app/graphql/resolvers/todos_resolver.rb"",""line"":49,""method"":""Resolvers::TodosResolver#resolve""},{""file"":""app/finders/todos_finder.rb"",""line"":47,""method"":""TodosFinder#execute""},{""file"":""app/finders/todos_finder.rb"",""line"":158,""method"":""TodosFinder#invalid_type_message""},{""file"":""app/helpers/safe_format_helper.rb"",""line"":23,""method"":""SafeFormatHelper#safe_format""}]",ERB::Util,erb,gem_namespace,39,997659
ep_26908c19515ccc85d80f156e,unknown,app/helpers/safe_format_helper.rb,29,3,erb,html_escape,0,size,value,identifier,ee,graphql_field,/api/graphql,False,118,"[{""file"":""app/graphql/resolvers/todos_resolver.rb"",""line"":49,""method"":""Resolvers::TodosResolver#resolve""},{""file"":""app/finders/todos_finder.rb"",""line"":47,""method"":""TodosFinder#execute""},{""file"":""app/finders/todos_finder.rb"",""line"":158,""method"":""TodosFinder#invalid_type_message""},{""file"":""app/helpers/safe_format_helper.rb"",""line"":23,""method"":""SafeFormatHelper#safe_format""}]",ERB::Util,erb,gem_namespace,39,998897
ep_27f0d407102314a6c18a70ce,unknown,app/helpers/safe_format_helper.rb,29,3,erb,html_escape,0,size,value,identifier,ee,graphql_field,/api/graphql,False,118,"[{""file"":""app/graphql/resolvers/todos_resolver.rb"",""line"":49,""method"":""Resolvers::TodosResolver#resolve""},{""file"":""app/finders/todos_finder.rb"",""line"":47,""method"":""TodosFinder#execute""},{""file"":""app/finders/todos_finder.rb"",""line"":158,""method"":""TodosFinder#invalid_type_message""},{""file"":""app/helpers/safe_format_helper.rb"",""line"":23,""method"":""SafeFormatHelper#safe_format""}]",ERB::Util,erb,gem_namespace,39,1016579
ep_8842f41c6296af052d015111,unknown,app/helpers/safe_format_helper.rb,29,3,erb,html_escape,0,size,value,identifier,ee,graphql_field,/api/graphql,False,118,"[{""file"":""app/graphql/resolvers/todos_resolver.rb"",""line"":49,""method"":""Resolvers::TodosResolver#resolve""},{""file"":""app/finders/todos_finder.rb"",""line"":47,""method"":""TodosFinder#execute""},{""file"":""app/finders/todos_finder.rb"",""line"":158,""method"":""TodosFinder#invalid_type_message""},{""file"":""app/helpers/safe_format_helper.rb"",""line"":23,""method"":""SafeFormatHelper#safe_format""}]",ERB::Util,erb,gem_namespace,39,1017711
ep_074b3ef8fa800a8af5ba9e32,unknown,app/helpers/safe_format_helper.rb,29,3,erb,html_escape,0,size,value,identifier,ee,graphql_field,/api/graphql,False,118,"[{""file"":""app/graphql/resolvers/todos_resolver.rb"",""line"":49,""method"":""Resolvers::TodosResolver#resolve""},{""file"":""app/finders/todos_finder.rb"",""line"":47,""method"":""TodosFinder#execute""},{""file"":""app/finders/todos_finder.rb"",""line"":158,""method"":""TodosFinder#invalid_type_message""},{""file"":""app/helpers/safe_format_helper.rb"",""line"":23,""method"":""SafeFormatHelper#safe_format""}]",ERB::Util,erb,gem_namespace,39,1019756
ep_fac2cab19ecbf2ea3c7d3bd5,unknown,app/helpers/safe_format_helper.rb,29,3,erb,html_escape,0,size,value,identifier,ee,graphql_field,/api/graphql,False,118,"[{""file"":""app/graphql/resolvers/todos_resolver.rb"",""line"":49,""method"":""Resolvers::TodosResolver#resolve""},{""file"":""app/finders/todos_finder.rb"",""line"":47,""method"":""TodosFinder#execute""},{""file"":""app/finders/todos_finder.rb"",""line"":158,""method"":""TodosFinder#invalid_type_message""},{""file"":""app/helpers/safe_format_helper.rb"",""line"":23,""method"":""SafeFormatHelper#safe_format""}]",ERB::Util,erb,gem_namespace,39,1020994
ep_0dd2dcdfd97b84afdf68a850,unknown,app/helpers/safe_format_helper.rb,29,3,erb,html_escape,0,size,value,identifier,ee,graphql_field,/api/graphql,False,118,"[{""file"":""app/graphql/resolvers/todos_resolver.rb"",""line"":49,""method"":""Resolvers::TodosResolver#resolve""},{""file"":""app/finders/todos_finder.rb"",""line"":47,""method"":""TodosFinder#execute""},{""file"":""app/finders/todos_finder.rb"",""line"":158,""method"":""TodosFinder#invalid_type_message""},{""file"":""app/helpers/safe_format_helper.rb"",""line"":23,""method"":""SafeFormatHelper#safe_format""}]",ERB::Util,erb,gem_namespace,39,1026751
ep_17467e718ecf9b3b788ae9b8,unknown,lib/gitlab/diff/char_diff.rb,50,2,erb,html_escape,0,size,text,identifier,ee,graphql_field,/api/graphql,False,118,"[{""file"":""ee/app/graphql/resolvers/description_versions_diff_resolver.rb"",""line"":19,""method"":""Resolvers::DescriptionVersionsDiffResolver#resolve""},{""file"":""ee/app/graphql/resolvers/description_versions_diff_resolver.rb"",""line"":43,""method"":""Resolvers::DescriptionVersionsDiffResolver#generate_html_diff""},{""file"":""lib/gitlab/diff/char_diff.rb"",""line"":48,""method"":""Gitlab::Diff::CharDiff#to_html""}]",ERB::Util,erb,gem_namespace,18,1047563
ep_327ecab826dff497e82dacea,unknown,ee/lib/artifact_registry/time_coercion.rb,12,1,date,iso8601,0,index,value,identifier,ee,graphql_field,/api/graphql,False,68,"[{""file"":""ee/app/graphql/types/artifact_registry/remote_settings_type.rb"",""line"":66,""method"":""Types::ArtifactRegistry::RemoteSettingsType#last_health_checked_at""},{""file"":""ee/lib/artifact_registry/time_coercion.rb"",""line"":9,""method"":""ArtifactRegistry::TimeCoercion#parse_time""}]",DateTime,date,gem_namespace,7,1047834
ep_327ecab826dff497e82dacea,unknown,ee/lib/artifact_registry/time_coercion.rb,12,1,date,iso8601,0,index,value,identifier,ee,graphql_field,/api/graphql,False,69,"[{""file"":""ee/app/graphql/types/artifact_registry/remote_settings_type.rb"",""line"":66,""method"":""Types::ArtifactRegistry::RemoteSettingsType#last_health_checked_at""},{""file"":""ee/lib/artifact_registry/time_coercion.rb"",""line"":9,""method"":""ArtifactRegistry::TimeCoercion#parse_time""}]",DateTime,date,gem_namespace,7,1047835
ep_965ae8af63b90053bb6ec883,authenticated,app/helpers/safe_format_helper.rb,29,3,erb,html_escape,0,size,value,identifier,ee,graphql_field,/api/graphql,False,118,"[{""file"":""app/graphql/resolvers/todos_resolver.rb"",""line"":49,""method"":""Resolvers::TodosResolver#resolve""},{""file"":""app/finders/todos_finder.rb"",""line"":47,""method"":""TodosFinder#execute""},{""file"":""app/finders/todos_finder.rb"",""line"":158,""method"":""TodosFinder#invalid_type_message""},{""file"":""app/helpers/safe_format_helper.rb"",""line"":23,""method"":""SafeFormatHelper#safe_format""}]",ERB::Util,erb,gem_namespace,39,1067057
ep_4b62a2a9d57437ff646afede,authenticated,app/helpers/safe_format_helper.rb,29,3,erb,html_escape,0,size,value,identifier,ee,graphql_field,/api/graphql,False,118,"[{""file"":""app/graphql/resolvers/todos_resolver.rb"",""line"":49,""method"":""Resolvers::TodosResolver#resolve""},{""file"":""app/finders/todos_finder.rb"",""line"":47,""method"":""TodosFinder#execute""},{""file"":""app/finders/todos_finder.rb"",""line"":158,""method"":""TodosFinder#invalid_type_message""},{""file"":""app/helpers/safe_format_helper.rb"",""line"":23,""method"":""SafeFormatHelper#safe_format""}]",ERB::Util,erb,gem_namespace,39,1090986
ep_7827bfa0ae2b2e612939bb95,authenticated,app/helpers/safe_format_helper.rb,29,3,erb,html_escape,0,size,value,identifier,ee,graphql_field,/api/graphql,False,118,"[{""file"":""app/graphql/resolvers/todos_resolver.rb"",""line"":49,""method"":""Resolvers::TodosResolver#resolve""},{""file"":""app/finders/todos_finder.rb"",""line"":47,""method"":""TodosFinder#execute""},{""file"":""app/finders/todos_finder.rb"",""line"":158,""method"":""TodosFinder#invalid_type_message""},{""file"":""app/helpers/safe_format_helper.rb"",""line"":23,""method"":""SafeFormatHelper#safe_format""}]",ERB::Util,erb,gem_namespace,39,1092118
ep_610796335c4846a3bc01da05,authenticated,app/helpers/safe_format_helper.rb,29,3,erb,html_escape,0,size,value,identifier,ee,graphql_field,/api/graphql,False,118,"[{""file"":""app/graphql/resolvers/todos_resolver.rb"",""line"":49,""method"":""Resolvers::TodosResolver#resolve""},{""file"":""app/finders/todos_finder.rb"",""line"":47,""method"":""TodosFinder#execute""},{""file"":""app/finders/todos_finder.rb"",""line"":158,""method"":""TodosFinder#invalid_type_message""},{""file"":""app/helpers/safe_format_helper.rb"",""line"":23,""method"":""SafeFormatHelper#safe_format""}]",ERB::Util,erb,gem_namespace,39,1094118
ep_15c9f7fb36a154524ce1b70a,authenticated,app/helpers/safe_format_helper.rb,29,3,erb,html_escape,0,size,value,identifier,ee,graphql_field,/api/graphql,False,118,"[{""file"":""app/graphql/resolvers/todos_resolver.rb"",""line"":49,""method"":""Resolvers::TodosResolver#resolve""},{""file"":""app/finders/todos_finder.rb"",""line"":47,""method"":""TodosFinder#execute""},{""file"":""app/finders/todos_finder.rb"",""line"":158,""method"":""TodosFinder#invalid_type_message""},{""file"":""app/helpers/safe_format_helper.rb"",""line"":23,""method"":""SafeFormatHelper#safe_format""}]",ERB::Util,erb,gem_namespace,39,1095297
ep_d783f6e68b9efdc67b65642e,unknown,app/helpers/safe_format_helper.rb,29,3,erb,html_escape,0,size,value,identifier,ee,graphql_field,/api/graphql,False,118,"[{""file"":""app/graphql/resolvers/todos_resolver.rb"",""line"":49,""method"":""Resolvers::TodosResolver#resolve""},{""file"":""app/finders/todos_finder.rb"",""line"":47,""method"":""TodosFinder#execute""},{""file"":""app/finders/todos_finder.rb"",""line"":158,""method"":""TodosFinder#invalid_type_message""},{""file"":""app/helpers/safe_format_helper.rb"",""line"":23,""method"":""SafeFormatHelper#safe_format""}]",ERB::Util,erb,gem_namespace,39,1098607
ep_eff95115427af2103385a1e4,unknown,lib/gitlab/diff/char_diff.rb,50,2,erb,html_escape,0,size,text,identifier,ee,graphql_field,/api/graphql,False,118,"[{""file"":""ee/app/graphql/resolvers/description_versions_diff_resolver.rb"",""line"":19,""method"":""Resolvers::DescriptionVersionsDiffResolver#resolve""},{""file"":""ee/app/graphql/resolvers/description_versions_diff_resolver.rb"",""line"":43,""method"":""Resolvers::DescriptionVersionsDiffResolver#generate_html_diff""},{""file"":""lib/gitlab/diff/char_diff.rb"",""line"":48,""method"":""Gitlab::Diff::CharDiff#to_html""}]",ERB::Util,erb,gem_namespace,18,1099350
ep_929cd557345fd3e7d96cb2d6,unknown,app/helpers/safe_format_helper.rb,29,3,erb,html_escape,0,size,value,identifier,ee,graphql_field,/api/graphql,False,118,"[{""file"":""app/graphql/resolvers/todos_resolver.rb"",""line"":49,""method"":""Resolvers::TodosResolver#resolve""},{""file"":""app/finders/todos_finder.rb"",""line"":47,""method"":""TodosFinder#execute""},{""file"":""app/finders/todos_finder.rb"",""line"":158,""method"":""TodosFinder#invalid_type_message""},{""file"":""app/helpers/safe_format_helper.rb"",""line"":23,""method"":""SafeFormatHelper#safe_format""}]",ERB::Util,erb,gem_namespace,39,1101210
ep_9873f1d324586a9c24e9cd4e,authenticated,app/helpers/safe_format_helper.rb,29,3,erb,html_escape,0,size,value,identifier,ee,graphql_field,/api/graphql,False,118,"[{""file"":""app/graphql/resolvers/todos_resolver.rb"",""line"":49,""method"":""Resolvers::TodosResolver#resolve""},{""file"":""app/finders/todos_finder.rb"",""line"":47,""method"":""TodosFinder#execute""},{""file"":""app/finders/todos_finder.rb"",""line"":158,""method"":""TodosFinder#invalid_type_message""},{""file"":""app/helpers/safe_format_helper.rb"",""line"":23,""method"":""SafeFormatHelper#safe_format""}]",ERB::Util,erb,gem_namespace,39,1102622
ep_e2bbdd00fafe3489c2d21338,authenticated,app/helpers/safe_format_helper.rb,29,1,erb,html_escape,0,size,value,identifier,ee,graphql_mutation,/api/graphql,False,118,"[{""file"":""app/graphql/mutations/release_asset_links/create.rb"",""line"":29,""method"":""Mutations::ReleaseAssetLinks::Create#resolve""},{""file"":""app/helpers/safe_format_helper.rb"",""line"":23,""method"":""SafeFormatHelper#safe_format""}]",ERB::Util,erb,gem_namespace,39,1202450
ep_66d4532dd084c7ef5f3e4061,authenticated,app/helpers/safe_format_helper.rb,29,4,erb,html_escape,0,size,value,identifier,ee,graphql_mutation,/api/graphql,False,118,"[{""file"":""app/graphql/mutations/todos/mark_all_done.rb"",""line"":43,""method"":""Mutations::Todos::MarkAllDone#resolve""},{""file"":""app/graphql/mutations/todos/mark_all_done.rb"",""line"":56,""method"":""Mutations::Todos::MarkAllDone#mark_all_todos_done""},{""file"":""app/finders/todos_finder.rb"",""line"":47,""method"":""TodosFinder#execute""},{""file"":""app/finders/todos_finder.rb"",""line"":158,""method"":""TodosFinder#invalid_type_message""},{""file"":""app/helpers/safe_format_helper.rb"",""line"":23,""method"":""SafeFormatHelper#safe_format""}]",ERB::Util,erb,gem_namespace,39,1218326
ep_7f055cd4c20b7bda1f5d9160,conditional_anonymous,app/helpers/safe_format_helper.rb,29,1,erb,html_escape,0,size,value,identifier,ee,rails_action,/*namespace_id/:id,True,118,"[{""file"":""app/controllers/projects_controller.rb"",""line"":175,""method"":""ProjectsController#show""},{""file"":""app/helpers/safe_format_helper.rb"",""line"":23,""method"":""SafeFormatHelper#safe_format""}]",ERB::Util,erb,gem_namespace,39,1256452
ep_8cd92a8d993edd3783793090,authenticated,app/helpers/safe_format_helper.rb,29,2,erb,html_escape,0,size,value,identifier,ee,rails_action,/*namespace_id/:id,False,118,"[{""file"":""app/controllers/projects_controller.rb"",""line"":205,""method"":""ProjectsController#destroy""},{""file"":""app/controllers/projects_controller.rb"",""line"":440,""method"":""ProjectsController#destroy_immediately""},{""file"":""app/helpers/safe_format_helper.rb"",""line"":23,""method"":""SafeFormatHelper#safe_format""}]",ERB::Util,erb,gem_namespace,39,1256858
ep_7dcaf0e2edb3680db3d5608d,conditional_anonymous,app/controllers/concerns/cycle_analytics_params.rb,59,4,date,parse,0,index,field,identifier,ee,rails_action,/*namespace_id/:project_id/-/analytics/value_stream_analytics/summary,True,72,"[{""file"":""app/controllers/projects/analytics/cycle_analytics/summary_controller.rb"",""line"":15,""method"":""Projects::Analytics::CycleAnalytics::SummaryController#show""},{""file"":""app/controllers/projects/analytics/cycle_analytics/summary_controller.rb"",""line"":25,""method"":""Projects::Analytics::CycleAnalytics::SummaryController#project_level""},{""file"":""app/controllers/concerns/cycle_analytics_params.rb"",""line"":14,""method"":""CycleAnalyticsParams#options""},{""file"":""app/controllers/concerns/cycle_analytics_params.rb"",""line"":51,""method"":""CycleAnalyticsParams#date_range""},{""file"":""app/controllers/concerns/cycle_analytics_params.rb"",""line"":58,""method"":""CycleAnalyticsParams#to_utc_time""}]",Date,date,gem_namespace,61,1260006
ep_7dcaf0e2edb3680db3d5608d,conditional_anonymous,app/controllers/concerns/cycle_analytics_params.rb,59,4,date,parse,0,index,field,identifier,ee,rails_action,/*namespace_id/:project_id/-/analytics/value_stream_analytics/summary,True,73,"[{""file"":""app/controllers/projects/analytics/cycle_analytics/summary_controller.rb"",""line"":15,""method"":""Projects::Analytics::CycleAnalytics::SummaryController#show""},{""file"":""app/controllers/projects/analytics/cycle_analytics/summary_controller.rb"",""line"":25,""method"":""Projects::Analytics::CycleAnalytics::SummaryController#project_level""},{""file"":""app/controllers/concerns/cycle_analytics_params.rb"",""line"":14,""method"":""CycleAnalyticsParams#options""},{""file"":""app/controllers/concerns/cycle_analytics_params.rb"",""line"":51,""method"":""CycleAnalyticsParams#date_range""},{""file"":""app/controllers/concerns/cycle_analytics_params.rb"",""line"":58,""method"":""CycleAnalyticsParams#to_utc_time""}]",Date,date,gem_namespace,61,1260007
ep_7afb1e2b38898b2ff8f59eeb,authenticated,app/helpers/safe_format_helper.rb,29,3,erb,html_escape,0,size,value,identifier,ee,rails_action,/*namespace_id/:project_id/-/blob/*id,False,118,"[{""file"":""app/controllers/projects/blob_controller.rb"",""line"":133,""method"":""Projects::BlobController#destroy""},{""file"":""app/controllers/concerns/creates_commit.rb"",""line"":20,""method"":""CreatesCommit#create_commit""},{""file"":""app/controllers/concerns/creates_commit.rb"",""line"":131,""method"":""CreatesCommit#update_flash_notice""},{""file"":""app/helpers/safe_format_helper.rb"",""line"":23,""method"":""SafeFormatHelper#safe_format""}]",ERB::Util,erb,gem_namespace,39,1264816
ep_a28ab57727a1dda439f1543b,authenticated,app/helpers/safe_format_helper.rb,29,3,erb,html_escape,0,size,value,identifier,ee,rails_action,/*namespace_id/:project_id/-/blob/*id,False,118,"[{""file"":""app/controllers/projects/blob_controller.rb"",""line"":100,""method"":""Projects::BlobController#update""},{""file"":""app/controllers/concerns/creates_commit.rb"",""line"":20,""method"":""CreatesCommit#create_commit""},{""file"":""app/controllers/concerns/creates_commit.rb"",""line"":131,""method"":""CreatesCommit#update_flash_notice""},{""file"":""app/helpers/safe_format_helper.rb"",""line"":23,""method"":""SafeFormatHelper#safe_format""}]",ERB::Util,erb,gem_namespace,39,1265011
ep_b4cad473b658fd012b8d986a,authenticated,app/helpers/safe_format_helper.rb,29,3,erb,html_escape,0,size,value,identifier,ee,rails_action,/*namespace_id/:project_id/-/blob/*id,False,118,"[{""file"":""app/controllers/projects/blob_controller.rb"",""line"":60,""method"":""Projects::BlobController#create""},{""file"":""app/controllers/concerns/creates_commit.rb"",""line"":20,""method"":""CreatesCommit#create_commit""},{""file"":""app/controllers/concerns/creates_commit.rb"",""line"":131,""method"":""CreatesCommit#update_flash_notice""},{""file"":""app/helpers/safe_format_helper.rb"",""line"":23,""method"":""SafeFormatHelper#safe_format""}]",ERB::Util,erb,gem_namespace,39,1265184
ep_b6ce9d6f7fc056fd4fb37dce,authenticated,app/helpers/safe_format_helper.rb,29,3,erb,html_escape,0,size,value,identifier,ee,rails_action,/*namespace_id/:project_id/-/commit/:id/cherry_pick,False,118,"[{""file"":""app/controllers/projects/commit_controller.rb"",""line"":170,""method"":""Projects::CommitController#cherry_pick""},{""file"":""app/controllers/concerns/creates_commit.rb"",""line"":20,""method"":""CreatesCommit#create_commit""},{""file"":""app/controllers/concerns/creates_commit.rb"",""line"":131,""method"":""CreatesCommit#update_flash_notice""},{""file"":""app/helpers/safe_format_helper.rb"",""line"":23,""method"":""SafeFormatHelper#safe_format""}]",ERB::Util,erb,gem_namespace,39,1269353
ep_da0ce727ee488021a4653e96,authenticated,app/helpers/safe_format_helper.rb,29,3,erb,html_escape,0,size,value,identifier,ee,rails_action,/*namespace_id/:project_id/-/commit/:id/revert,False,118,"[{""file"":""app/controllers/projects/commit_controller.rb"",""line"":152,""method"":""Projects::CommitController#revert""},{""file"":""app/controllers/concerns/creates_commit.rb"",""line"":20,""method"":""CreatesCommit#create_commit""},{""file"":""app/controllers/concerns/creates_commit.rb"",""line"":131,""method"":""CreatesCommit#update_flash_notice""},{""file"":""app/helpers/safe_format_helper.rb"",""line"":23,""method"":""SafeFormatHelper#safe_format""}]",ERB::Util,erb,gem_namespace,39,1271138
ep_5395e816655e3b3458ecbf3d,authenticated,app/helpers/safe_format_helper.rb,29,3,erb,html_escape,0,size,value,identifier,ee,rails_action,/*namespace_id/:project_id/-/create/*id,False,118,"[{""file"":""app/controllers/projects/blob_controller.rb"",""line"":60,""method"":""Projects::BlobController#create""},{""file"":""app/controllers/concerns/creates_commit.rb"",""line"":20,""method"":""CreatesCommit#create_commit""},{""file"":""app/controllers/concerns/creates_commit.rb"",""line"":131,""method"":""CreatesCommit#update_flash_notice""},{""file"":""app/helpers/safe_format_helper.rb"",""line"":23,""method"":""SafeFormatHelper#safe_format""}]",ERB::Util,erb,gem_namespace,39,1272764
ep_25ed92319c2765d0c13ca5a7,authenticated,app/helpers/safe_format_helper.rb,29,3,erb,html_escape,0,size,value,identifier,ee,rails_action,/*namespace_id/:project_id/-/create_dir/*id,False,118,"[{""file"":""app/controllers/projects/tree_controller.rb"",""line"":47,""method"":""Projects::TreeController#create_dir""},{""file"":""app/controllers/concerns/creates_commit.rb"",""line"":20,""method"":""CreatesCommit#create_commit""},{""file"":""app/controllers/concerns/creates_commit.rb"",""line"":131,""method"":""CreatesCommit#update_flash_notice""},{""file"":""app/helpers/safe_format_helper.rb"",""line"":23,""method"":""SafeFormatHelper#safe_format""}]",ERB::Util,erb,gem_namespace,39,1272937
ep_fc0f389520c2ffc18a8d20f1,unknown,lib/google_api/cloud_platform/client.rb,174,3,date,strptime,0,index,expires_at,identifier,ee,rails_action,/*namespace_id/:project_id/-/google_cloud/configuration,False,82,"[{""file"":""app/controllers/projects/google_cloud/configuration_controller.rb"",""line"":6,""method"":""Projects::GoogleCloud::ConfigurationController#index""},{""file"":""app/controllers/projects/google_cloud/configuration_controller.rb"",""line"":31,""method"":""Projects::GoogleCloud::ConfigurationController#revoke_oauth_url""},{""file"":""lib/google_api/cloud_platform/client.rb"",""line"":45,""method"":""GoogleApi::CloudPlatform::Client#validate_token""},{""file"":""lib/google_api/cloud_platform/client.rb"",""line"":173,""method"":""GoogleApi::CloudPlatform::Client#token_life_time""}]",DateTime,date,gem_namespace,9,1281159
ep_fc0f389520c2ffc18a8d20f1,unknown,lib/google_api/cloud_platform/client.rb,174,3,date,strptime,0,index,expires_at,identifier,ee,rails_action,/*namespace_id/:project_id/-/google_cloud/configuration,False,83,"[{""file"":""app/controllers/projects/google_cloud/configuration_controller.rb"",""line"":6,""method"":""Projects::GoogleCloud::ConfigurationController#index""},{""file"":""app/controllers/projects/google_cloud/configuration_controller.rb"",""line"":31,""method"":""Projects::GoogleCloud::ConfigurationController#revoke_oauth_url""},{""file"":""lib/google_api/cloud_platform/client.rb"",""line"":45,""method"":""GoogleApi::CloudPlatform::Client#validate_token""},{""file"":""lib/google_api/cloud_platform/client.rb"",""line"":173,""method"":""GoogleApi::CloudPlatform::Client#token_life_time""}]",DateTime,date,gem_namespace,9,1281160
ep_63a7d680ee2c7342929b5c83,unknown,app/helpers/safe_format_helper.rb,29,1,erb,html_escape,0,size,value,identifier,ee,rails_action,/*namespace_id/:project_id/-/google_cloud/deployments/cloud_run,False,118,"[{""file"":""app/controllers/projects/google_cloud/deployments_controller.rb"",""line"":18,""method"":""Projects::GoogleCloud::DeploymentsController#cloud_run""},{""file"":""app/helpers/safe_format_helper.rb"",""line"":23,""method"":""SafeFormatHelper#safe_format""}]",ERB::Util,erb,gem_namespace,39,1282574
ep_3f204740129ed50176afe676,unknown,app/helpers/safe_format_helper.rb,29,1,erb,html_escape,0,size,value,identifier,ee,rails_action,/*namespace_id/:project_id/-/google_cloud/service_accounts,False,118,"[{""file"":""app/controllers/projects/google_cloud/service_accounts_controller.rb"",""line"":27,""method"":""Projects::GoogleCloud::ServiceAccountsController#create""},{""file"":""app/helpers/safe_format_helper.rb"",""line"":23,""method"":""SafeFormatHelper#safe_format""}]",ERB::Util,erb,gem_namespace,39,1283678
ep_8bd0ef63a702a49ec28c803b,unknown,app/helpers/safe_format_helper.rb,29,1,erb,html_escape,0,size,value,identifier,ee,rails_action,/*namespace_id/:project_id/-/google_cloud/service_accounts,False,118,"[{""file"":""app/controllers/projects/google_cloud/service_accounts_controller.rb"",""line"":6,""method"":""Projects::GoogleCloud::ServiceAccountsController#index""},{""file"":""app/helpers/safe_format_helper.rb"",""line"":23,""method"":""SafeFormatHelper#safe_format""}]",ERB::Util,erb,gem_namespace,39,1283909
ep_071cee3a3270e55dec79cca7,conditional_anonymous,lib/gitlab/diff/char_diff.rb,50,1,erb,html_escape,0,size,text,identifier,ee,rails_action,/*namespace_id/:project_id/-/issues/:id/descriptions/:version_id/diff,True,118,"[{""file"":""ee/app/controllers/concerns/description_diff_actions.rb"",""line"":12,""method"":""DescriptionDiffActions#description_diff""},{""file"":""lib/gitlab/diff/char_diff.rb"",""line"":48,""method"":""Gitlab::Diff::CharDiff#to_html""}]",ERB::Util,erb,gem_namespace,18,1288764
ep_993c22261ddb1fc5d714d41b,authenticated,app/helpers/safe_format_helper.rb,29,1,erb,html_escape,0,size,value,identifier,ee,rails_action,/*namespace_id/:project_id/-/issues/export_csv,False,118,"[{""file"":""app/controllers/projects/issues_controller.rb"",""line"":259,""method"":""Projects::IssuesController#export_csv""},{""file"":""app/helpers/safe_format_helper.rb"",""line"":23,""method"":""SafeFormatHelper#safe_format""}]",ERB::Util,erb,gem_namespace,39,1290008
ep_4b66602caca4ac2b522b259a,conditional_anonymous,app/controllers/concerns/parse_commit_date.rb,7,1,date,strptime,0,index,date,identifier,ee,rails_action,/*namespace_id/:project_id/-/merge_requests/:id/context_commits,True,82,"[{""file"":""app/controllers/projects/merge_requests_controller.rb"",""line"":188,""method"":""Projects::MergeRequestsController#context_commits""},{""file"":""app/controllers/concerns/parse_commit_date.rb"",""line"":6,""method"":""ParseCommitDate#convert_date_to_epoch""}]",Date,date,gem_namespace,5,1297217
ep_4b66602caca4ac2b522b259a,conditional_anonymous,app/controllers/concerns/parse_commit_date.rb,7,1,date,strptime,0,index,date,identifier,ee,rails_action,/*namespace_id/:project_id/-/merge_requests/:id/context_commits,True,83,"[{""file"":""app/controllers/projects/merge_requests_controller.rb"",""line"":188,""method"":""Projects::MergeRequestsController#context_commits""},{""file"":""app/controllers/concerns/parse_commit_date.rb"",""line"":6,""method"":""ParseCommitDate#convert_date_to_epoch""}]",Date,date,gem_namespace,5,1297218
ep_8401f6b781f03d67f22a2bff,conditional_anonymous,lib/gitlab/diff/char_diff.rb,50,1,erb,html_escape,0,size,text,identifier,ee,rails_action,/*namespace_id/:project_id/-/merge_requests/:id/descriptions/:version_id/diff,True,118,"[{""file"":""ee/app/controllers/concerns/description_diff_actions.rb"",""line"":12,""method"":""DescriptionDiffActions#description_diff""},{""file"":""lib/gitlab/diff/char_diff.rb"",""line"":48,""method"":""Gitlab::Diff::CharDiff#to_html""}]",ERB::Util,erb,gem_namespace,18,1297385
ep_90764bd26f088c7da7113407,conditional_anonymous,app/helpers/safe_format_helper.rb,29,2,erb,html_escape,0,size,value,identifier,ee,rails_action,/*namespace_id/:project_id/-/merge_requests/:id/diffs,True,118,"[{""file"":""app/controllers/projects/merge_requests_controller.rb"",""line"":120,""method"":""Projects::MergeRequestsController#diffs""},{""file"":""app/controllers/projects/merge_requests_controller.rb"",""line"":443,""method"":""Projects::MergeRequestsController#show_rapid_diffs""},{""file"":""app/helpers/safe_format_helper.rb"",""line"":23,""method"":""SafeFormatHelper#safe_format""}]",ERB::Util,erb,gem_namespace,39,1298530
ep_3a4e03714ab2e2e21c973030,unknown,app/helpers/safe_format_helper.rb,29,1,erb,html_escape,0,size,value,identifier,ee,rails_action,/*namespace_id/:project_id/-/pipeline_schedules/:id/play,False,118,"[{""file"":""app/controllers/projects/pipeline_schedules_controller.rb"",""line"":49,""method"":""Projects::PipelineSchedulesController#play""},{""file"":""app/helpers/safe_format_helper.rb"",""line"":23,""method"":""SafeFormatHelper#safe_format""}]",ERB::Util,erb,gem_namespace,39,1312130
ep_e5fa8f4f135bbf16c5438ab6,conditional_anonymous,lib/gitlab/string_range_marker.rb,20,4,erb,html_escape,0,size,rich_line,identifier,ee,rails_action,/*namespace_id/:project_id/-/preview/*id,True,118,"[{""file"":""app/controllers/projects/blob_controller.rb"",""line"":115,""method"":""Projects::BlobController#preview""},{""file"":""lib/gitlab/diff/highlight.rb"",""line"":33,""method"":""Gitlab::Diff::Highlight#highlight""},{""file"":""lib/gitlab/diff/highlight.rb"",""line"":72,""method"":""Gitlab::Diff::Highlight#apply_marker_ranges_highlight""},{""file"":""lib/gitlab/diff/inline_diff_marker.rb"",""line"":6,""method"":""Gitlab::Diff::InlineDiffMarker#initialize""},{""file"":""lib/gitlab/string_range_marker.rb"",""line"":14,""method"":""Gitlab::StringRangeMarker#initialize""}]",ERB::Util,erb,gem_namespace,22,1315146
ep_4c50dd615653e6708fd95716,authenticated,app/helpers/safe_format_helper.rb,29,1,erb,html_escape,0,size,value,identifier,ee,rails_action,/*namespace_id/:project_id/-/settings/ci_cd,False,118,"[{""file"":""app/controllers/projects/settings/ci_cd_controller.rb"",""line"":44,""method"":""Projects::Settings::CiCdController#update""},{""file"":""app/helpers/safe_format_helper.rb"",""line"":23,""method"":""SafeFormatHelper#safe_format""}]",ERB::Util,erb,gem_namespace,39,1322812
ep_6275cd07b74adea3e4bf2b9a,authenticated,app/helpers/safe_format_helper.rb,29,3,erb,html_escape,0,size,value,identifier,ee,rails_action,/*namespace_id/:project_id/-/update/*id,False,118,"[{""file"":""app/controllers/projects/blob_controller.rb"",""line"":100,""method"":""Projects::BlobController#update""},{""file"":""app/controllers/concerns/creates_commit.rb"",""line"":20,""method"":""CreatesCommit#create_commit""},{""file"":""app/controllers/concerns/creates_commit.rb"",""line"":131,""method"":""CreatesCommit#update_flash_notice""},{""file"":""app/helpers/safe_format_helper.rb"",""line"":23,""method"":""SafeFormatHelper#safe_format""}]",ERB::Util,erb,gem_namespace,39,1330412
ep_8838f5934591d3bd1ccb502c,conditional_anonymous,app/controllers/concerns/cycle_analytics_params.rb,59,3,date,parse,0,index,field,identifier,ee,rails_action,/*namespace_id/:project_id/-/value_stream_analytics,True,72,"[{""file"":""app/controllers/projects/cycle_analytics_controller.rb"",""line"":33,""method"":""Projects::CycleAnalyticsController#show""},{""file"":""app/controllers/concerns/cycle_analytics_params.rb"",""line"":14,""method"":""CycleAnalyticsParams#options""},{""file"":""app/controllers/concerns/cycle_analytics_params.rb"",""line"":51,""method"":""CycleAnalyticsParams#date_range""},{""file"":""app/controllers/concerns/cycle_analytics_params.rb"",""line"":58,""method"":""CycleAnalyticsParams#to_utc_time""}]",Date,date,gem_namespace,61,1330917
ep_8838f5934591d3bd1ccb502c,conditional_anonymous,app/controllers/concerns/cycle_analytics_params.rb,59,3,date,parse,0,index,field,identifier,ee,rails_action,/*namespace_id/:project_id/-/value_stream_analytics,True,73,"[{""file"":""app/controllers/projects/cycle_analytics_controller.rb"",""line"":33,""method"":""Projects::CycleAnalyticsController#show""},{""file"":""app/controllers/concerns/cycle_analytics_params.rb"",""line"":14,""method"":""CycleAnalyticsParams#options""},{""file"":""app/controllers/concerns/cycle_analytics_params.rb"",""line"":51,""method"":""CycleAnalyticsParams#date_range""},{""file"":""app/controllers/concerns/cycle_analytics_params.rb"",""line"":58,""method"":""CycleAnalyticsParams#to_utc_time""}]",Date,date,gem_namespace,61,1330918
ep_205be2ebb74d837f23a15835,conditional_anonymous,app/controllers/concerns/cycle_analytics_params.rb,59,4,date,parse,0,index,field,identifier,ee,rails_action,/*namespace_id/:project_id/-/value_stream_analytics/events/code,True,72,"[{""file"":""app/controllers/projects/cycle_analytics/events_controller.rb"",""line"":25,""method"":""Projects::CycleAnalytics::EventsController#code""},{""file"":""app/controllers/projects/cycle_analytics/events_controller.rb"",""line"":56,""method"":""Projects::CycleAnalytics::EventsController#cycle_analytics""},{""file"":""app/controllers/concerns/cycle_analytics_params.rb"",""line"":14,""method"":""CycleAnalyticsParams#options""},{""file"":""app/controllers/concerns/cycle_analytics_params.rb"",""line"":51,""method"":""CycleAnalyticsParams#date_range""},{""file"":""app/controllers/concerns/cycle_analytics_params.rb"",""line"":58,""method"":""CycleAnalyticsParams#to_utc_time""}]",Date,date,gem_namespace,61,1331648
ep_205be2ebb74d837f23a15835,conditional_anonymous,app/controllers/concerns/cycle_analytics_params.rb,59,4,date,parse,0,index,field,identifier,ee,rails_action,/*namespace_id/:project_id/-/value_stream_analytics/events/code,True,73,"[{""file"":""app/controllers/projects/cycle_analytics/events_controller.rb"",""line"":25,""method"":""Projects::CycleAnalytics::EventsController#code""},{""file"":""app/controllers/projects/cycle_analytics/events_controller.rb"",""line"":56,""method"":""Projects::CycleAnalytics::EventsController#cycle_analytics""},{""file"":""app/controllers/concerns/cycle_analytics_params.rb"",""line"":14,""method"":""CycleAnalyticsParams#options""},{""file"":""app/controllers/concerns/cycle_analytics_params.rb"",""line"":51,""method"":""CycleAnalyticsParams#date_range""},{""file"":""app/controllers/concerns/cycle_analytics_params.rb"",""line"":58,""method"":""CycleAnalyticsParams#to_utc_time""}]",Date,date,gem_namespace,61,1331649
ep_8749a28e992873c9fb6a46e5,conditional_anonymous,app/controllers/concerns/cycle_analytics_params.rb,59,4,date,parse,0,index,field,identifier,ee,rails_action,/*namespace_id/:project_id/-/value_stream_analytics/events/issue,True,72,"[{""file"":""app/controllers/projects/cycle_analytics/events_controller.rb"",""line"":17,""method"":""Projects::CycleAnalytics::EventsController#issue""},{""file"":""app/controllers/projects/cycle_analytics/events_controller.rb"",""line"":56,""method"":""Projects::CycleAnalytics::EventsController#cycle_analytics""},{""file"":""app/controllers/concerns/cycle_analytics_params.rb"",""line"":14,""method"":""CycleAnalyticsParams#options""},{""file"":""app/controllers/concerns/cycle_analytics_params.rb"",""line"":51,""method"":""CycleAnalyticsParams#date_range""},{""file"":""app/controllers/concerns/cycle_analytics_params.rb"",""line"":58,""method"":""CycleAnalyticsParams#to_utc_time""}]",Date,date,gem_namespace,61,1332066
ep_8749a28e992873c9fb6a46e5,conditional_anonymous,app/controllers/concerns/cycle_analytics_params.rb,59,4,date,parse,0,index,field,identifier,ee,rails_action,/*namespace_id/:project_id/-/value_stream_analytics/events/issue,True,73,"[{""file"":""app/controllers/projects/cycle_analytics/events_controller.rb"",""line"":17,""method"":""Projects::CycleAnalytics::EventsController#issue""},{""file"":""app/controllers/projects/cycle_analytics/events_controller.rb"",""line"":56,""method"":""Projects::CycleAnalytics::EventsController#cycle_analytics""},{""file"":""app/controllers/concerns/cycle_analytics_params.rb"",""line"":14,""method"":""CycleAnalyticsParams#options""},{""file"":""app/controllers/concerns/cycle_analytics_params.rb"",""line"":51,""method"":""CycleAnalyticsParams#date_range""},{""file"":""app/controllers/concerns/cycle_analytics_params.rb"",""line"":58,""method"":""CycleAnalyticsParams#to_utc_time""}]",Date,date,gem_namespace,61,1332067
ep_9a8bedabc52c9b18e761a49a,conditional_anonymous,app/controllers/concerns/cycle_analytics_params.rb,59,4,date,parse,0,index,field,identifier,ee,rails_action,/*namespace_id/:project_id/-/value_stream_analytics/events/plan,True,72,"[{""file"":""app/controllers/projects/cycle_analytics/events_controller.rb"",""line"":21,""method"":""Projects::CycleAnalytics::EventsController#plan""},{""file"":""app/controllers/projects/cycle_analytics/events_controller.rb"",""line"":56,""method"":""Projects::CycleAnalytics::EventsController#cycle_analytics""},{""file"":""app/controllers/concerns/cycle_analytics_params.rb"",""line"":14,""method"":""CycleAnalyticsParams#options""},{""file"":""app/controllers/concerns/cycle_analytics_params.rb"",""line"":51,""method"":""CycleAnalyticsParams#date_range""},{""file"":""app/controllers/concerns/cycle_analytics_params.rb"",""line"":58,""method"":""CycleAnalyticsParams#to_utc_time""}]",Date,date,gem_namespace,61,1332484
ep_9a8bedabc52c9b18e761a49a,conditional_anonymous,app/controllers/concerns/cycle_analytics_params.rb,59,4,date,parse,0,index,field,identifier,ee,rails_action,/*namespace_id/:project_id/-/value_stream_analytics/events/plan,True,73,"[{""file"":""app/controllers/projects/cycle_analytics/events_controller.rb"",""line"":21,""method"":""Projects::CycleAnalytics::EventsController#plan""},{""file"":""app/controllers/projects/cycle_analytics/events_controller.rb"",""line"":56,""method"":""Projects::CycleAnalytics::EventsController#cycle_analytics""},{""file"":""app/controllers/concerns/cycle_analytics_params.rb"",""line"":14,""method"":""CycleAnalyticsParams#options""},{""file"":""app/controllers/concerns/cycle_analytics_params.rb"",""line"":51,""method"":""CycleAnalyticsParams#date_range""},{""file"":""app/controllers/concerns/cycle_analytics_params.rb"",""line"":58,""method"":""CycleAnalyticsParams#to_utc_time""}]",Date,date,gem_namespace,61,1332485
ep_00b9dd38708973386b113d62,conditional_anonymous,app/controllers/concerns/cycle_analytics_params.rb,59,4,date,parse,0,index,field,identifier,ee,rails_action,/*namespace_id/:project_id/-/value_stream_analytics/events/production,True,72,"[{""file"":""app/controllers/projects/cycle_analytics/events_controller.rb"",""line"":43,""method"":""Projects::CycleAnalytics::EventsController#production""},{""file"":""app/controllers/projects/cycle_analytics/events_controller.rb"",""line"":56,""method"":""Projects::CycleAnalytics::EventsController#cycle_analytics""},{""file"":""app/controllers/concerns/cycle_analytics_params.rb"",""line"":14,""method"":""CycleAnalyticsParams#options""},{""file"":""app/controllers/concerns/cycle_analytics_params.rb"",""line"":51,""method"":""CycleAnalyticsParams#date_range""},{""file"":""app/controllers/concerns/cycle_analytics_params.rb"",""line"":58,""method"":""CycleAnalyticsParams#to_utc_time""}]",Date,date,gem_namespace,61,1332902
ep_00b9dd38708973386b113d62,conditional_anonymous,app/controllers/concerns/cycle_analytics_params.rb,59,4,date,parse,0,index,field,identifier,ee,rails_action,/*namespace_id/:project_id/-/value_stream_analytics/events/production,True,73,"[{""file"":""app/controllers/projects/cycle_analytics/events_controller.rb"",""line"":43,""method"":""Projects::CycleAnalytics::EventsController#production""},{""file"":""app/controllers/projects/cycle_analytics/events_controller.rb"",""line"":56,""method"":""Projects::CycleAnalytics::EventsController#cycle_analytics""},{""file"":""app/controllers/concerns/cycle_analytics_params.rb"",""line"":14,""method"":""CycleAnalyticsParams#options""},{""file"":""app/controllers/concerns/cycle_analytics_params.rb"",""line"":51,""method"":""CycleAnalyticsParams#date_range""},{""file"":""app/controllers/concerns/cycle_analytics_params.rb"",""line"":58,""method"":""CycleAnalyticsParams#to_utc_time""}]",Date,date,gem_namespace,61,1332903
ep_bb6ac9ac7d5a80ecfdb90660,conditional_anonymous,app/controllers/concerns/cycle_analytics_params.rb,59,4,date,parse,0,index,field,identifier,ee,rails_action,/*namespace_id/:project_id/-/value_stream_analytics/events/review,True,72,"[{""file"":""app/controllers/projects/cycle_analytics/events_controller.rb"",""line"":35,""method"":""Projects::CycleAnalytics::EventsController#review""},{""file"":""app/controllers/projects/cycle_analytics/events_controller.rb"",""line"":56,""method"":""Projects::CycleAnalytics::EventsController#cycle_analytics""},{""file"":""app/controllers/concerns/cycle_analytics_params.rb"",""line"":14,""method"":""CycleAnalyticsParams#options""},{""file"":""app/controllers/concerns/cycle_analytics_params.rb"",""line"":51,""method"":""CycleAnalyticsParams#date_range""},{""file"":""app/controllers/concerns/cycle_analytics_params.rb"",""line"":58,""method"":""CycleAnalyticsParams#to_utc_time""}]",Date,date,gem_namespace,61,1333320
ep_bb6ac9ac7d5a80ecfdb90660,conditional_anonymous,app/controllers/concerns/cycle_analytics_params.rb,59,4,date,parse,0,index,field,identifier,ee,rails_action,/*namespace_id/:project_id/-/value_stream_analytics/events/review,True,73,"[{""file"":""app/controllers/projects/cycle_analytics/events_controller.rb"",""line"":35,""method"":""Projects::CycleAnalytics::EventsController#review""},{""file"":""app/controllers/projects/cycle_analytics/events_controller.rb"",""line"":56,""method"":""Projects::CycleAnalytics::EventsController#cycle_analytics""},{""file"":""app/controllers/concerns/cycle_analytics_params.rb"",""line"":14,""method"":""CycleAnalyticsParams#options""},{""file"":""app/controllers/concerns/cycle_analytics_params.rb"",""line"":51,""method"":""CycleAnalyticsParams#date_range""},{""file"":""app/controllers/concerns/cycle_analytics_params.rb"",""line"":58,""method"":""CycleAnalyticsParams#to_utc_time""}]",Date,date,gem_namespace,61,1333321
ep_b1cc3a1080fbf619e5448c66,conditional_anonymous,app/controllers/concerns/cycle_analytics_params.rb,59,4,date,parse,0,index,field,identifier,ee,rails_action,/*namespace_id/:project_id/-/value_stream_analytics/events/staging,True,72,"[{""file"":""app/controllers/projects/cycle_analytics/events_controller.rb"",""line"":39,""method"":""Projects::CycleAnalytics::EventsController#staging""},{""file"":""app/controllers/projects/cycle_analytics/events_controller.rb"",""line"":56,""method"":""Projects::CycleAnalytics::EventsController#cycle_analytics""},{""file"":""app/controllers/concerns/cycle_analytics_params.rb"",""line"":14,""method"":""CycleAnalyticsParams#options""},{""file"":""app/controllers/concerns/cycle_analytics_params.rb"",""line"":51,""method"":""CycleAnalyticsParams#date_range""},{""file"":""app/controllers/concerns/cycle_analytics_params.rb"",""line"":58,""method"":""CycleAnalyticsParams#to_utc_time""}]",Date,date,gem_namespace,61,1333738
ep_b1cc3a1080fbf619e5448c66,conditional_anonymous,app/controllers/concerns/cycle_analytics_params.rb,59,4,date,parse,0,index,field,identifier,ee,rails_action,/*namespace_id/:project_id/-/value_stream_analytics/events/staging,True,73,"[{""file"":""app/controllers/projects/cycle_analytics/events_controller.rb"",""line"":39,""method"":""Projects::CycleAnalytics::EventsController#staging""},{""file"":""app/controllers/projects/cycle_analytics/events_controller.rb"",""line"":56,""method"":""Projects::CycleAnalytics::EventsController#cycle_analytics""},{""file"":""app/controllers/concerns/cycle_analytics_params.rb"",""line"":14,""method"":""CycleAnalyticsParams#options""},{""file"":""app/controllers/concerns/cycle_analytics_params.rb"",""line"":51,""method"":""CycleAnalyticsParams#date_range""},{""file"":""app/controllers/concerns/cycle_analytics_params.rb"",""line"":58,""method"":""CycleAnalyticsParams#to_utc_time""}]",Date,date,gem_namespace,61,1333739
ep_766442efa56d2384538b110f,conditional_anonymous,app/controllers/concerns/cycle_analytics_params.rb,59,3,date,parse,0,index,field,identifier,ee,rails_action,/*namespace_id/:project_id/-/value_stream_analytics/events/test,True,72,"[{""file"":""app/controllers/projects/cycle_analytics/events_controller.rb"",""line"":29,""method"":""Projects::CycleAnalytics::EventsController#test""},{""file"":""app/controllers/concerns/cycle_analytics_params.rb"",""line"":14,""method"":""CycleAnalyticsParams#options""},{""file"":""app/controllers/concerns/cycle_analytics_params.rb"",""line"":51,""method"":""CycleAnalyticsParams#date_range""},{""file"":""app/controllers/concerns/cycle_analytics_params.rb"",""line"":58,""method"":""CycleAnalyticsParams#to_utc_time""}]",Date,date,gem_namespace,61,1334167
ep_766442efa56d2384538b110f,conditional_anonymous,app/controllers/concerns/cycle_analytics_params.rb,59,3,date,parse,0,index,field,identifier,ee,rails_action,/*namespace_id/:project_id/-/value_stream_analytics/events/test,True,73,"[{""file"":""app/controllers/projects/cycle_analytics/events_controller.rb"",""line"":29,""method"":""Projects::CycleAnalytics::EventsController#test""},{""file"":""app/controllers/concerns/cycle_analytics_params.rb"",""line"":14,""method"":""CycleAnalyticsParams#options""},{""file"":""app/controllers/concerns/cycle_analytics_params.rb"",""line"":51,""method"":""CycleAnalyticsParams#date_range""},{""file"":""app/controllers/concerns/cycle_analytics_params.rb"",""line"":58,""method"":""CycleAnalyticsParams#to_utc_time""}]",Date,date,gem_namespace,61,1334168
ep_69034236c5ec08908192b78d,conditional_anonymous,app/helpers/safe_format_helper.rb,29,2,erb,html_escape,0,size,value,identifier,ee,rails_action,/*namespace_id/:project_id/-/wikis/*id,True,118,"[{""file"":""app/controllers/concerns/wiki_actions.rb"",""line"":142,""method"":""WikiActions#show""},{""file"":""app/controllers/concerns/wiki_actions.rb"",""line"":162,""method"":""WikiActions#handle_redirection""},{""file"":""app/helpers/safe_format_helper.rb"",""line"":23,""method"":""SafeFormatHelper#safe_format""}]",ERB::Util,erb,gem_namespace,39,1335997
ep_0ae1dae4aaf1427cd2aa042d,authenticated,app/helpers/safe_format_helper.rb,29,3,erb,html_escape,0,size,value,identifier,ee,rails_action,/*namespace_id/:project_id/todos,False,118,"[{""file"":""app/controllers/concerns/todos_actions.rb"",""line"":6,""method"":""TodosActions#create""},{""file"":""app/finders/todos_finder.rb"",""line"":47,""method"":""TodosFinder#execute""},{""file"":""app/finders/todos_finder.rb"",""line"":158,""method"":""TodosFinder#invalid_type_message""},{""file"":""app/helpers/safe_format_helper.rb"",""line"":23,""method"":""SafeFormatHelper#safe_format""}]",ERB::Util,erb,gem_namespace,39,1349073
ep_39966a8faef1da3ecef4b292,conditional_anonymous,app/helpers/safe_format_helper.rb,29,1,erb,html_escape,0,size,value,identifier,ee,rails_action,/-/invites/:id/decline,True,118,"[{""file"":""app/controllers/invites_controller.rb"",""line"":40,""method"":""InvitesController#decline""},{""file"":""app/helpers/safe_format_helper.rb"",""line"":23,""method"":""SafeFormatHelper#safe_format""}]",ERB::Util,erb,gem_namespace,39,1365813
ep_c7c27afc4c3c054d049cab66,unknown,app/helpers/safe_format_helper.rb,29,2,erb,html_escape,0,size,value,identifier,ee,rails_action,/-/profile/designated-beneficiaries,False,118,"[{""file"":""ee/app/controllers/profiles/designated_beneficiaries_controller.rb"",""line"":11,""method"":""Profiles::DesignatedBeneficiariesController#create""},{""file"":""ee/app/controllers/profiles/designated_beneficiaries_controller.rb"",""line"":70,""method"":""Profiles::DesignatedBeneficiariesController#create_update_success_message""},{""file"":""app/helpers/safe_format_helper.rb"",""line"":23,""method"":""SafeFormatHelper#safe_format""}]",ERB::Util,erb,gem_namespace,39,1368018
ep_4e93df3aa3d00b9c0a85f266,unknown,app/helpers/safe_format_helper.rb,29,2,erb,html_escape,0,size,value,identifier,ee,rails_action,/-/profile/designated-beneficiaries/:id,False,118,"[{""file"":""ee/app/controllers/profiles/designated_beneficiaries_controller.rb"",""line"":23,""method"":""Profiles::DesignatedBeneficiariesController#update""},{""file"":""ee/app/controllers/profiles/designated_beneficiaries_controller.rb"",""line"":70,""method"":""Profiles::DesignatedBeneficiariesController#create_update_success_message""},{""file"":""app/helpers/safe_format_helper.rb"",""line"":23,""method"":""SafeFormatHelper#safe_format""}]",ERB::Util,erb,gem_namespace,39,1368086
ep_465f80d35f1e3bc62d71dcce,unknown,app/helpers/safe_format_helper.rb,29,1,erb,html_escape,0,size,value,identifier,ee,rails_action,/-/profile/emails/:id/resend_confirmation_instructions,False,118,"[{""file"":""app/controllers/profiles/emails_controller.rb"",""line"":43,""method"":""Profiles::EmailsController#resend_confirmation_instructions""},{""file"":""app/helpers/safe_format_helper.rb"",""line"":23,""method"":""SafeFormatHelper#safe_format""}]",ERB::Util,erb,gem_namespace,39,1368349
ep_ccad5059916b6b5a587812a8,unauthenticated,app/helpers/safe_format_helper.rb,29,1,erb,html_escape,0,size,value,identifier,ee,rails_action,/-/profile/preferences,True,118,"[{""file"":""app/controllers/profiles/preferences_controller.rb"",""line"":15,""method"":""Profiles::PreferencesController#update""},{""file"":""app/helpers/safe_format_helper.rb"",""line"":23,""method"":""SafeFormatHelper#safe_format""}]",ERB::Util,erb,gem_namespace,39,1369982
ep_ad9e0fa65702c11bc3c0afa1,unknown,app/controllers/profiles/two_factor_auths_controller.rb,182,2,nokogiri,new,1,format,doc,identifier,ee,rails_action,/-/profile/two_factor_auth,False,273,"[{""file"":""app/controllers/profiles/two_factor_auths_controller.rb"",""line"":25,""method"":""Profiles::TwoFactorAuthsController#create""},{""file"":""app/controllers/profiles/two_factor_auths_controller.rb"",""line"":268,""method"":""Profiles::TwoFactorAuthsController#setup_show_page""},{""file"":""app/controllers/profiles/two_factor_auths_controller.rb"",""line"":173,""method"":""Profiles::TwoFactorAuthsController#build_qr_code""}]",Nokogiri::XML::Node,nokogiri,gem_namespace,13,1370798
ep_ad9e0fa65702c11bc3c0afa1,unknown,app/controllers/profiles/two_factor_auths_controller.rb,182,2,nokogiri,new,1,format,doc,identifier,ee,rails_action,/-/profile/two_factor_auth,False,274,"[{""file"":""app/controllers/profiles/two_factor_auths_controller.rb"",""line"":25,""method"":""Profiles::TwoFactorAuthsController#create""},{""file"":""app/controllers/profiles/two_factor_auths_controller.rb"",""line"":268,""method"":""Profiles::TwoFactorAuthsController#setup_show_page""},{""file"":""app/controllers/profiles/two_factor_auths_controller.rb"",""line"":173,""method"":""Profiles::TwoFactorAuthsController#build_qr_code""}]",Nokogiri::XML::Node,nokogiri,gem_namespace,13,1370799
ep_cd0adf13df537e8fd9aa413c,unknown,app/controllers/profiles/two_factor_auths_controller.rb,182,2,nokogiri,new,1,format,doc,identifier,ee,rails_action,/-/profile/two_factor_auth,False,273,"[{""file"":""app/controllers/profiles/two_factor_auths_controller.rb"",""line"":20,""method"":""Profiles::TwoFactorAuthsController#show""},{""file"":""app/controllers/profiles/two_factor_auths_controller.rb"",""line"":268,""method"":""Profiles::TwoFactorAuthsController#setup_show_page""},{""file"":""app/controllers/profiles/two_factor_auths_controller.rb"",""line"":173,""method"":""Profiles::TwoFactorAuthsController#build_qr_code""}]",Nokogiri::XML::Node,nokogiri,gem_namespace,13,1370967
ep_cd0adf13df537e8fd9aa413c,unknown,app/controllers/profiles/two_factor_auths_controller.rb,182,2,nokogiri,new,1,format,doc,identifier,ee,rails_action,/-/profile/two_factor_auth,False,274,"[{""file"":""app/controllers/profiles/two_factor_auths_controller.rb"",""line"":20,""method"":""Profiles::TwoFactorAuthsController#show""},{""file"":""app/controllers/profiles/two_factor_auths_controller.rb"",""line"":268,""method"":""Profiles::TwoFactorAuthsController#setup_show_page""},{""file"":""app/controllers/profiles/two_factor_auths_controller.rb"",""line"":173,""method"":""Profiles::TwoFactorAuthsController#build_qr_code""}]",Nokogiri::XML::Node,nokogiri,gem_namespace,13,1370968
ep_ecc7b661170280cba42e2409,unknown,app/controllers/profiles/two_factor_auths_controller.rb,182,1,nokogiri,new,1,format,doc,identifier,ee,rails_action,/-/profile/two_factor_auth/create_webauthn,False,273,"[{""file"":""app/controllers/profiles/two_factor_auths_controller.rb"",""line"":54,""method"":""Profiles::TwoFactorAuthsController#create_webauthn""},{""file"":""app/controllers/profiles/two_factor_auths_controller.rb"",""line"":173,""method"":""Profiles::TwoFactorAuthsController#build_qr_code""}]",Nokogiri::XML::Node,nokogiri,gem_namespace,13,1371242
ep_ecc7b661170280cba42e2409,unknown,app/controllers/profiles/two_factor_auths_controller.rb,182,1,nokogiri,new,1,format,doc,identifier,ee,rails_action,/-/profile/two_factor_auth/create_webauthn,False,274,"[{""file"":""app/controllers/profiles/two_factor_auths_controller.rb"",""line"":54,""method"":""Profiles::TwoFactorAuthsController#create_webauthn""},{""file"":""app/controllers/profiles/two_factor_auths_controller.rb"",""line"":173,""method"":""Profiles::TwoFactorAuthsController#build_qr_code""}]",Nokogiri::XML::Node,nokogiri,gem_namespace,13,1371243
ep_3fc7f4226bcd8ba3f94bbbfa,unauthenticated,app/helpers/safe_format_helper.rb,29,1,erb,html_escape,0,size,value,identifier,ee,rails_action,/-/profile/update_username,True,118,"[{""file"":""app/controllers/profiles_controller.rb"",""line"":44,""method"":""ProfilesController#update_username""},{""file"":""app/helpers/safe_format_helper.rb"",""line"":23,""method"":""SafeFormatHelper#safe_format""}]",ERB::Util,erb,gem_namespace,39,1371637
ep_af14ea25c82406f65b1c8fa3,authenticated,app/helpers/safe_format_helper.rb,29,2,erb,html_escape,0,size,value,identifier,ee,rails_action,/-/trials,False,118,"[{""file"":""ee/app/controllers/gitlab_subscriptions/self_managed/trials_controller.rb"",""line"":17,""method"":""GitlabSubscriptions::SelfManaged::TrialsController#create""},{""file"":""ee/app/controllers/gitlab_subscriptions/self_managed/trials_controller.rb"",""line"":48,""method"":""GitlabSubscriptions::SelfManaged::TrialsController#flash_success_message""},{""file"":""app/helpers/safe_format_helper.rb"",""line"":23,""method"":""SafeFormatHelper#safe_format""}]",ERB::Util,erb,gem_namespace,39,1377785
ep_c624387ea4350d550a0f0e1f,conditional_anonymous,app/helpers/safe_format_helper.rb,29,2,erb,html_escape,0,size,value,identifier,ee,rails_action,/-/trials,True,118,"[{""file"":""ee/app/controllers/gitlab_subscriptions/trials_controller.rb"",""line"":26,""method"":""GitlabSubscriptions::TrialsController#create""},{""file"":""ee/app/controllers/gitlab_subscriptions/trials_controller.rb"",""line"":89,""method"":""GitlabSubscriptions::TrialsController#success_flash_message""},{""file"":""app/helpers/safe_format_helper.rb"",""line"":23,""method"":""SafeFormatHelper#safe_format""}]",ERB::Util,erb,gem_namespace,39,1378429
ep_0dbbb14e5f3373d88fd3f882,unknown,app/helpers/safe_format_helper.rb,29,1,erb,html_escape,0,size,value,identifier,ee,rails_action,/-/user_settings/integration_accounts,False,118,"[{""file"":""app/controllers/profiles/chat_names_controller.rb"",""line"":20,""method"":""Profiles::ChatNamesController#create""},{""file"":""app/helpers/safe_format_helper.rb"",""line"":23,""method"":""SafeFormatHelper#safe_format""}]",ERB::Util,erb,gem_namespace,39,1379836
ep_b85dc00485df17197f77d77d,unauthenticated,app/helpers/safe_format_helper.rb,29,1,erb,html_escape,0,size,value,identifier,ee,rails_action,/-/user_settings/integration_accounts/:id,True,118,"[{""file"":""app/controllers/profiles/chat_names_controller.rb"",""line"":42,""method"":""Profiles::ChatNamesController#destroy""},{""file"":""app/helpers/safe_format_helper.rb"",""line"":23,""method"":""SafeFormatHelper#safe_format""}]",ERB::Util,erb,gem_namespace,39,1379917
ep_828be6b864e40eef91fb2fdc,unauthenticated,app/helpers/safe_format_helper.rb,29,1,erb,html_escape,0,size,value,identifier,ee,rails_action,/-/user_settings/integration_accounts/deny,True,118,"[{""file"":""app/controllers/profiles/chat_names_controller.rb"",""line"":33,""method"":""Profiles::ChatNamesController#deny""},{""file"":""app/helpers/safe_format_helper.rb"",""line"":23,""method"":""SafeFormatHelper#safe_format""}]",ERB::Util,erb,gem_namespace,39,1379961
ep_818fec9f81ee896144474dc6,unknown,app/helpers/safe_format_helper.rb,29,1,erb,html_escape,0,size,value,identifier,ee,rails_action,/:username,False,118,"[{""file"":""app/controllers/users_controller.rb"",""line"":47,""method"":""UsersController#show""},{""file"":""app/helpers/safe_format_helper.rb"",""line"":23,""method"":""SafeFormatHelper#safe_format""}]",ERB::Util,erb,gem_namespace,39,1384439
ep_3d4350b230aef6f185a55d4c,authenticated,app/helpers/safe_format_helper.rb,29,1,erb,html_escape,0,size,value,identifier,ee,rails_action,/admin/application_settings/update_microsoft_application,False,118,"[{""file"":""ee/app/controllers/ee/admin/application_settings_controller.rb"",""line"":145,""method"":""EE::Admin::ApplicationSettingsController#update_microsoft_application""},{""file"":""app/helpers/safe_format_helper.rb"",""line"":23,""method"":""SafeFormatHelper#safe_format""}]",ERB::Util,erb,gem_namespace,39,1387506
ep_b06f0ea023af08e62db6ab37,authenticated,app/controllers/concerns/cycle_analytics_params.rb,59,4,date,parse,0,index,field,identifier,ee,rails_action,/groups/*group_id/-/analytics/value_stream_analytics/summary,False,72,"[{""file"":""ee/app/controllers/groups/analytics/cycle_analytics/summary_controller.rb"",""line"":15,""method"":""Groups::Analytics::CycleAnalytics::SummaryController#show""},{""file"":""ee/app/controllers/groups/analytics/cycle_analytics/summary_controller.rb"",""line"":39,""method"":""Groups::Analytics::CycleAnalytics::SummaryController#group_level""},{""file"":""app/controllers/concerns/cycle_analytics_params.rb"",""line"":14,""method"":""CycleAnalyticsParams#options""},{""file"":""app/controllers/concerns/cycle_analytics_params.rb"",""line"":51,""method"":""CycleAnalyticsParams#date_range""},{""file"":""app/controllers/concerns/cycle_analytics_params.rb"",""line"":58,""method"":""CycleAnalyticsParams#to_utc_time""}]",Date,date,gem_namespace,61,1420266
ep_b06f0ea023af08e62db6ab37,authenticated,app/controllers/concerns/cycle_analytics_params.rb,59,4,date,parse,0,index,field,identifier,ee,rails_action,/groups/*group_id/-/analytics/value_stream_analytics/summary,False,73,"[{""file"":""ee/app/controllers/groups/analytics/cycle_analytics/summary_controller.rb"",""line"":15,""method"":""Groups::Analytics::CycleAnalytics::SummaryController#show""},{""file"":""ee/app/controllers/groups/analytics/cycle_analytics/summary_controller.rb"",""line"":39,""method"":""Groups::Analytics::CycleAnalytics::SummaryController#group_level""},{""file"":""app/controllers/concerns/cycle_analytics_params.rb"",""line"":14,""method"":""CycleAnalyticsParams#options""},{""file"":""app/controllers/concerns/cycle_analytics_params.rb"",""line"":51,""method"":""CycleAnalyticsParams#date_range""},{""file"":""app/controllers/concerns/cycle_analytics_params.rb"",""line"":58,""method"":""CycleAnalyticsParams#to_utc_time""}]",Date,date,gem_namespace,61,1420267
ep_9d53bc9bb985aba22969dfcf,authenticated,app/controllers/concerns/cycle_analytics_params.rb,59,4,date,parse,0,index,field,identifier,ee,rails_action,/groups/*group_id/-/analytics/value_stream_analytics/time_summary,False,72,"[{""file"":""ee/app/controllers/groups/analytics/cycle_analytics/summary_controller.rb"",""line"":19,""method"":""Groups::Analytics::CycleAnalytics::SummaryController#time_summary""},{""file"":""ee/app/controllers/groups/analytics/cycle_analytics/summary_controller.rb"",""line"":39,""method"":""Groups::Analytics::CycleAnalytics::SummaryController#group_level""},{""file"":""app/controllers/concerns/cycle_analytics_params.rb"",""line"":14,""method"":""CycleAnalyticsParams#options""},{""file"":""app/controllers/concerns/cycle_analytics_params.rb"",""line"":51,""method"":""CycleAnalyticsParams#date_range""},{""file"":""app/controllers/concerns/cycle_analytics_params.rb"",""line"":58,""method"":""CycleAnalyticsParams#to_utc_time""}]",Date,date,gem_namespace,61,1420611
ep_9d53bc9bb985aba22969dfcf,authenticated,app/controllers/concerns/cycle_analytics_params.rb,59,4,date,parse,0,index,field,identifier,ee,rails_action,/groups/*group_id/-/analytics/value_stream_analytics/time_summary,False,73,"[{""file"":""ee/app/controllers/groups/analytics/cycle_analytics/summary_controller.rb"",""line"":19,""method"":""Groups::Analytics::CycleAnalytics::SummaryController#time_summary""},{""file"":""ee/app/controllers/groups/analytics/cycle_analytics/summary_controller.rb"",""line"":39,""method"":""Groups::Analytics::CycleAnalytics::SummaryController#group_level""},{""file"":""app/controllers/concerns/cycle_analytics_params.rb"",""line"":14,""method"":""CycleAnalyticsParams#options""},{""file"":""app/controllers/concerns/cycle_analytics_params.rb"",""line"":51,""method"":""CycleAnalyticsParams#date_range""},{""file"":""app/controllers/concerns/cycle_analytics_params.rb"",""line"":58,""method"":""CycleAnalyticsParams#to_utc_time""}]",Date,date,gem_namespace,61,1420612
ep_783b9d34d7d618c75f37519a,unknown,ee/app/controllers/groups/contribution_analytics_controller.rb,64,2,date,parse,0,index,value,identifier,ee,rails_action,/groups/*group_id/-/contribution_analytics,False,72,"[{""file"":""ee/app/controllers/groups/contribution_analytics_controller.rb"",""line"":22,""method"":""Groups::ContributionAnalyticsController#show""},{""file"":""ee/app/controllers/groups/contribution_analytics_controller.rb"",""line"":42,""method"":""Groups::ContributionAnalyticsController#data_collector""},{""file"":""ee/app/controllers/groups/contribution_analytics_controller.rb"",""line"":63,""method"":""Groups::ContributionAnalyticsController#from_date""}]",Date,date,gem_namespace,5,1425155
ep_783b9d34d7d618c75f37519a,unknown,ee/app/controllers/groups/contribution_analytics_controller.rb,64,2,date,parse,0,index,value,identifier,ee,rails_action,/groups/*group_id/-/contribution_analytics,False,73,"[{""file"":""ee/app/controllers/groups/contribution_analytics_controller.rb"",""line"":22,""method"":""Groups::ContributionAnalyticsController#show""},{""file"":""ee/app/controllers/groups/contribution_analytics_controller.rb"",""line"":42,""method"":""Groups::ContributionAnalyticsController#data_collector""},{""file"":""ee/app/controllers/groups/contribution_analytics_controller.rb"",""line"":63,""method"":""Groups::ContributionAnalyticsController#from_date""}]",Date,date,gem_namespace,5,1425156
ep_c8224eb012a7e2312ed72756,unknown,lib/gitlab/diff/char_diff.rb,50,1,erb,html_escape,0,size,text,identifier,ee,rails_action,/groups/*group_id/-/epics/:id/descriptions/:version_id/diff,False,118,"[{""file"":""ee/app/controllers/concerns/description_diff_actions.rb"",""line"":12,""method"":""DescriptionDiffActions#description_diff""},{""file"":""lib/gitlab/diff/char_diff.rb"",""line"":48,""method"":""Gitlab::Diff::CharDiff#to_html""}]",ERB::Util,erb,gem_namespace,18,1428178
ep_4047c90ff613f79f7bbd62f0,unknown,app/helpers/safe_format_helper.rb,29,1,erb,html_escape,0,size,value,identifier,ee,rails_action,/groups/*group_id/-/saml/update_microsoft_application,False,118,"[{""file"":""ee/app/controllers/groups/saml_providers_controller.rb"",""line"":46,""method"":""Groups::SamlProvidersController#update_microsoft_application""},{""file"":""app/helpers/safe_format_helper.rb"",""line"":23,""method"":""SafeFormatHelper#safe_format""}]",ERB::Util,erb,gem_namespace,39,1440646
ep_5f1d10994a3a4571ba72a151,authenticated,app/helpers/safe_format_helper.rb,29,3,erb,html_escape,0,size,value,identifier,ee,rails_action,/groups/*group_id/-/todos,False,118,"[{""file"":""app/controllers/concerns/todos_actions.rb"",""line"":6,""method"":""TodosActions#create""},{""file"":""app/finders/todos_finder.rb"",""line"":47,""method"":""TodosFinder#execute""},{""file"":""app/finders/todos_finder.rb"",""line"":158,""method"":""TodosFinder#invalid_type_message""},{""file"":""app/helpers/safe_format_helper.rb"",""line"":23,""method"":""SafeFormatHelper#safe_format""}]",ERB::Util,erb,gem_namespace,39,1447859
ep_bdfe2e50517477eeddabc3ba,unknown,app/helpers/safe_format_helper.rb,29,2,erb,html_escape,0,size,value,identifier,ee,rails_action,/groups/*group_id/-/wikis/*id,False,118,"[{""file"":""app/controllers/concerns/wiki_actions.rb"",""line"":142,""method"":""WikiActions#show""},{""file"":""app/controllers/concerns/wiki_actions.rb"",""line"":162,""method"":""WikiActions#handle_redirection""},{""file"":""app/helpers/safe_format_helper.rb"",""line"":23,""method"":""SafeFormatHelper#safe_format""}]",ERB::Util,erb,gem_namespace,39,1450044
ep_0c186762a51387d24187fc18,unknown,lib/gitlab/diff/char_diff.rb,50,1,erb,html_escape,0,size,text,identifier,ee,rails_action,/groups/*group_id/-/work_items/:iid/descriptions/:version_id/diff,False,118,"[{""file"":""ee/app/controllers/concerns/description_diff_actions.rb"",""line"":12,""method"":""DescriptionDiffActions#description_diff""},{""file"":""lib/gitlab/diff/char_diff.rb"",""line"":48,""method"":""Gitlab::Diff::CharDiff#to_html""}]",ERB::Util,erb,gem_namespace,18,1452501
ep_814856d349e8dc4ccc2383b0,authenticated,app/helpers/safe_format_helper.rb,29,1,erb,html_escape,0,size,value,identifier,ee,rails_action,/import/bitbucket_server,False,118,"[{""file"":""app/controllers/import/bitbucket_server_controller.rb"",""line"":19,""method"":""Import::BitbucketServerController#create""},{""file"":""app/helpers/safe_format_helper.rb"",""line"":23,""method"":""SafeFormatHelper#safe_format""}]",ERB::Util,erb,gem_namespace,39,1458161
ep_7d29a20487db04fde3a1de66,authenticated,app/helpers/safe_format_helper.rb,29,2,erb,html_escape,0,size,value,identifier,ee,rails_action,/import/bulk_imports/configure,False,118,"[{""file"":""app/controllers/import/bulk_imports_controller.rb"",""line"":18,""method"":""Import::BulkImportsController#configure""},{""file"":""app/controllers/import/bulk_imports_controller.rb"",""line"":192,""method"":""Import::BulkImportsController#verify_blocked_uri""},{""file"":""app/helpers/safe_format_helper.rb"",""line"":23,""method"":""SafeFormatHelper#safe_format""}]",ERB::Util,erb,gem_namespace,39,1459795
ep_688e275cd5f96a8b4d36eca2,authenticated,app/helpers/safe_format_helper.rb,29,1,erb,html_escape,0,size,value,identifier,ee,rails_action,/import/gitlab_group,False,118,"[{""file"":""app/controllers/import/gitlab_groups_controller.rb"",""line"":12,""method"":""Import::GitlabGroupsController#create""},{""file"":""app/helpers/safe_format_helper.rb"",""line"":23,""method"":""SafeFormatHelper#safe_format""}]",ERB::Util,erb,gem_namespace,39,1465276
ep_55569dc2e505a32823ce4847,authenticated,app/helpers/safe_format_helper.rb,29,1,erb,html_escape,0,size,value,identifier,ee,rails_action,/import/gitlab_project,False,118,"[{""file"":""app/controllers/import/gitlab_projects_controller.rb"",""line"":21,""method"":""Import::GitlabProjectsController#create""},{""file"":""app/helpers/safe_format_helper.rb"",""line"":23,""method"":""SafeFormatHelper#safe_format""}]",ERB::Util,erb,gem_namespace,39,1465745
ep_cb8ee66ef0100d261f77f198,authenticated,app/helpers/safe_format_helper.rb,29,1,erb,html_escape,0,size,value,identifier,ee,rails_action,/import/gitlab_project/create,False,118,"[{""file"":""app/controllers/import/gitlab_projects_controller.rb"",""line"":21,""method"":""Import::GitlabProjectsController#create""},{""file"":""app/helpers/safe_format_helper.rb"",""line"":23,""method"":""SafeFormatHelper#safe_format""}]",ERB::Util,erb,gem_namespace,39,1466818
ep_00b86a0bfaebf752cf2cc092,conditional_anonymous,app/helpers/safe_format_helper.rb,29,1,erb,html_escape,0,size,value,identifier,ee,rails_action,/o/:organization_path/*namespace_id/:id,True,118,"[{""file"":""app/controllers/projects_controller.rb"",""line"":175,""method"":""ProjectsController#show""},{""file"":""app/helpers/safe_format_helper.rb"",""line"":23,""method"":""SafeFormatHelper#safe_format""}]",ERB::Util,erb,gem_namespace,39,1473567
ep_c0aefd78fd095378c921eec6,authenticated,app/helpers/safe_format_helper.rb,29,2,erb,html_escape,0,size,value,identifier,ee,rails_action,/o/:organization_path/*namespace_id/:id,False,118,"[{""file"":""app/controllers/projects_controller.rb"",""line"":205,""method"":""ProjectsController#destroy""},{""file"":""app/controllers/projects_controller.rb"",""line"":440,""method"":""ProjectsController#destroy_immediately""},{""file"":""app/helpers/safe_format_helper.rb"",""line"":23,""method"":""SafeFormatHelper#safe_format""}]",ERB::Util,erb,gem_namespace,39,1474592
ep_582e9bea96fc787d2ce6e2aa,conditional_anonymous,app/controllers/concerns/cycle_analytics_params.rb,59,4,date,parse,0,index,field,identifier,ee,rails_action,/o/:organization_path/*namespace_id/:project_id/-/analytics/value_stream_analytics/summary,True,72,"[{""file"":""app/controllers/projects/analytics/cycle_analytics/summary_controller.rb"",""line"":15,""method"":""Projects::Analytics::CycleAnalytics::SummaryController#show""},{""file"":""app/controllers/projects/analytics/cycle_analytics/summary_controller.rb"",""line"":25,""method"":""Projects::Analytics::CycleAnalytics::SummaryController#project_level""},{""file"":""app/controllers/concerns/cycle_analytics_params.rb"",""line"":14,""method"":""CycleAnalyticsParams#options""},{""file"":""app/controllers/concerns/cycle_analytics_params.rb"",""line"":51,""method"":""CycleAnalyticsParams#date_range""},{""file"":""app/controllers/concerns/cycle_analytics_params.rb"",""line"":58,""method"":""CycleAnalyticsParams#to_utc_time""}]",Date,date,gem_namespace,61,1477121
ep_582e9bea96fc787d2ce6e2aa,conditional_anonymous,app/controllers/concerns/cycle_analytics_params.rb,59,4,date,parse,0,index,field,identifier,ee,rails_action,/o/:organization_path/*namespace_id/:project_id/-/analytics/value_stream_analytics/summary,True,73,"[{""file"":""app/controllers/projects/analytics/cycle_analytics/summary_controller.rb"",""line"":15,""method"":""Projects::Analytics::CycleAnalytics::SummaryController#show""},{""file"":""app/controllers/projects/analytics/cycle_analytics/summary_controller.rb"",""line"":25,""method"":""Projects::Analytics::CycleAnalytics::SummaryController#project_level""},{""file"":""app/controllers/concerns/cycle_analytics_params.rb"",""line"":14,""method"":""CycleAnalyticsParams#options""},{""file"":""app/controllers/concerns/cycle_analytics_params.rb"",""line"":51,""method"":""CycleAnalyticsParams#date_range""},{""file"":""app/controllers/concerns/cycle_analytics_params.rb"",""line"":58,""method"":""CycleAnalyticsParams#to_utc_time""}]",Date,date,gem_namespace,61,1477122
ep_514537d680b5ab84c4b06354,authenticated,app/helpers/safe_format_helper.rb,29,3,erb,html_escape,0,size,value,identifier,ee,rails_action,/o/:organization_path/*namespace_id/:project_id/-/blob/*id,False,118,"[{""file"":""app/controllers/projects/blob_controller.rb"",""line"":60,""method"":""Projects::BlobController#create""},{""file"":""app/controllers/concerns/creates_commit.rb"",""line"":20,""method"":""CreatesCommit#create_commit""},{""file"":""app/controllers/concerns/creates_commit.rb"",""line"":131,""method"":""CreatesCommit#update_flash_notice""},{""file"":""app/helpers/safe_format_helper.rb"",""line"":23,""method"":""SafeFormatHelper#safe_format""}]",ERB::Util,erb,gem_namespace,39,1481746
ep_c0a17b4377faee6454fd4a32,authenticated,app/helpers/safe_format_helper.rb,29,3,erb,html_escape,0,size,value,identifier,ee,rails_action,/o/:organization_path/*namespace_id/:project_id/-/blob/*id,False,118,"[{""file"":""app/controllers/projects/blob_controller.rb"",""line"":100,""method"":""Projects::BlobController#update""},{""file"":""app/controllers/concerns/creates_commit.rb"",""line"":20,""method"":""CreatesCommit#create_commit""},{""file"":""app/controllers/concerns/creates_commit.rb"",""line"":131,""method"":""CreatesCommit#update_flash_notice""},{""file"":""app/helpers/safe_format_helper.rb"",""line"":23,""method"":""SafeFormatHelper#safe_format""}]",ERB::Util,erb,gem_namespace,39,1482126
ep_e12341d510aaced12d1e9df7,authenticated,app/helpers/safe_format_helper.rb,29,3,erb,html_escape,0,size,value,identifier,ee,rails_action,/o/:organization_path/*namespace_id/:project_id/-/blob/*id,False,118,"[{""file"":""app/controllers/projects/blob_controller.rb"",""line"":133,""method"":""Projects::BlobController#destroy""},{""file"":""app/controllers/concerns/creates_commit.rb"",""line"":20,""method"":""CreatesCommit#create_commit""},{""file"":""app/controllers/concerns/creates_commit.rb"",""line"":131,""method"":""CreatesCommit#update_flash_notice""},{""file"":""app/helpers/safe_format_helper.rb"",""line"":23,""method"":""SafeFormatHelper#safe_format""}]",ERB::Util,erb,gem_namespace,39,1482299
ep_3cd9205e3a6a664850d368ae,authenticated,app/helpers/safe_format_helper.rb,29,3,erb,html_escape,0,size,value,identifier,ee,rails_action,/o/:organization_path/*namespace_id/:project_id/-/commit/:id/cherry_pick,False,118,"[{""file"":""app/controllers/projects/commit_controller.rb"",""line"":170,""method"":""Projects::CommitController#cherry_pick""},{""file"":""app/controllers/concerns/creates_commit.rb"",""line"":20,""method"":""CreatesCommit#create_commit""},{""file"":""app/controllers/concerns/creates_commit.rb"",""line"":131,""method"":""CreatesCommit#update_flash_notice""},{""file"":""app/helpers/safe_format_helper.rb"",""line"":23,""method"":""SafeFormatHelper#safe_format""}]",ERB::Util,erb,gem_namespace,39,1486468
ep_b0a7846190e0f4a0c306048a,authenticated,app/helpers/safe_format_helper.rb,29,3,erb,html_escape,0,size,value,identifier,ee,rails_action,/o/:organization_path/*namespace_id/:project_id/-/commit/:id/revert,False,118,"[{""file"":""app/controllers/projects/commit_controller.rb"",""line"":152,""method"":""Projects::CommitController#revert""},{""file"":""app/controllers/concerns/creates_commit.rb"",""line"":20,""method"":""CreatesCommit#create_commit""},{""file"":""app/controllers/concerns/creates_commit.rb"",""line"":131,""method"":""CreatesCommit#update_flash_notice""},{""file"":""app/helpers/safe_format_helper.rb"",""line"":23,""method"":""SafeFormatHelper#safe_format""}]",ERB::Util,erb,gem_namespace,39,1488253
ep_177348a0d9317cf7b45ffd28,authenticated,app/helpers/safe_format_helper.rb,29,3,erb,html_escape,0,size,value,identifier,ee,rails_action,/o/:organization_path/*namespace_id/:project_id/-/create/*id,False,118,"[{""file"":""app/controllers/projects/blob_controller.rb"",""line"":60,""method"":""Projects::BlobController#create""},{""file"":""app/controllers/concerns/creates_commit.rb"",""line"":20,""method"":""CreatesCommit#create_commit""},{""file"":""app/controllers/concerns/creates_commit.rb"",""line"":131,""method"":""CreatesCommit#update_flash_notice""},{""file"":""app/helpers/safe_format_helper.rb"",""line"":23,""method"":""SafeFormatHelper#safe_format""}]",ERB::Util,erb,gem_namespace,39,1489879
ep_3716891eb9dc2d19bc4ddaf9,authenticated,app/helpers/safe_format_helper.rb,29,3,erb,html_escape,0,size,value,identifier,ee,rails_action,/o/:organization_path/*namespace_id/:project_id/-/create_dir/*id,False,118,"[{""file"":""app/controllers/projects/tree_controller.rb"",""line"":47,""method"":""Projects::TreeController#create_dir""},{""file"":""app/controllers/concerns/creates_commit.rb"",""line"":20,""method"":""CreatesCommit#create_commit""},{""file"":""app/controllers/concerns/creates_commit.rb"",""line"":131,""method"":""CreatesCommit#update_flash_notice""},{""file"":""app/helpers/safe_format_helper.rb"",""line"":23,""method"":""SafeFormatHelper#safe_format""}]",ERB::Util,erb,gem_namespace,39,1490052
ep_9d4505702c391006724344bc,unknown,lib/google_api/cloud_platform/client.rb,174,3,date,strptime,0,index,expires_at,identifier,ee,rails_action,/o/:organization_path/*namespace_id/:project_id/-/google_cloud/configuration,False,82,"[{""file"":""app/controllers/projects/google_cloud/configuration_controller.rb"",""line"":6,""method"":""Projects::GoogleCloud::ConfigurationController#index""},{""file"":""app/controllers/projects/google_cloud/configuration_controller.rb"",""line"":31,""method"":""Projects::GoogleCloud::ConfigurationController#revoke_oauth_url""},{""file"":""lib/google_api/cloud_platform/client.rb"",""line"":45,""method"":""GoogleApi::CloudPlatform::Client#validate_token""},{""file"":""lib/google_api/cloud_platform/client.rb"",""line"":173,""method"":""GoogleApi::CloudPlatform::Client#token_life_time""}]",DateTime,date,gem_namespace,9,1498274
ep_9d4505702c391006724344bc,unknown,lib/google_api/cloud_platform/client.rb,174,3,date,strptime,0,index,expires_at,identifier,ee,rails_action,/o/:organization_path/*namespace_id/:project_id/-/google_cloud/configuration,False,83,"[{""file"":""app/controllers/projects/google_cloud/configuration_controller.rb"",""line"":6,""method"":""Projects::GoogleCloud::ConfigurationController#index""},{""file"":""app/controllers/projects/google_cloud/configuration_controller.rb"",""line"":31,""method"":""Projects::GoogleCloud::ConfigurationController#revoke_oauth_url""},{""file"":""lib/google_api/cloud_platform/client.rb"",""line"":45,""method"":""GoogleApi::CloudPlatform::Client#validate_token""},{""file"":""lib/google_api/cloud_platform/client.rb"",""line"":173,""method"":""GoogleApi::CloudPlatform::Client#token_life_time""}]",DateTime,date,gem_namespace,9,1498275
ep_0433c279b76e6f40207446ab,unknown,app/helpers/safe_format_helper.rb,29,1,erb,html_escape,0,size,value,identifier,ee,rails_action,/o/:organization_path/*namespace_id/:project_id/-/google_cloud/deployments/cloud_run,False,118,"[{""file"":""app/controllers/projects/google_cloud/deployments_controller.rb"",""line"":18,""method"":""Projects::GoogleCloud::DeploymentsController#cloud_run""},{""file"":""app/helpers/safe_format_helper.rb"",""line"":23,""method"":""SafeFormatHelper#safe_format""}]",ERB::Util,erb,gem_namespace,39,1499689
ep_4c4b91c13c50cdd020f5dfda,unknown,app/helpers/safe_format_helper.rb,29,1,erb,html_escape,0,size,value,identifier,ee,rails_action,/o/:organization_path/*namespace_id/:project_id/-/google_cloud/service_accounts,False,118,"[{""file"":""app/controllers/projects/google_cloud/service_accounts_controller.rb"",""line"":27,""method"":""Projects::GoogleCloud::ServiceAccountsController#create""},{""file"":""app/helpers/safe_format_helper.rb"",""line"":23,""method"":""SafeFormatHelper#safe_format""}]",ERB::Util,erb,gem_namespace,39,1500793
ep_e0489168a9243190a9fdb4c3,unknown,app/helpers/safe_format_helper.rb,29,1,erb,html_escape,0,size,value,identifier,ee,rails_action,/o/:organization_path/*namespace_id/:project_id/-/google_cloud/service_accounts,False,118,"[{""file"":""app/controllers/projects/google_cloud/service_accounts_controller.rb"",""line"":6,""method"":""Projects::GoogleCloud::ServiceAccountsController#index""},{""file"":""app/helpers/safe_format_helper.rb"",""line"":23,""method"":""SafeFormatHelper#safe_format""}]",ERB::Util,erb,gem_namespace,39,1501024
ep_f88f23e3f2e31493e4449d72,conditional_anonymous,lib/gitlab/diff/char_diff.rb,50,1,erb,html_escape,0,size,text,identifier,ee,rails_action,/o/:organization_path/*namespace_id/:project_id/-/issues/:id/descriptions/:version_id/diff,True,118,"[{""file"":""ee/app/controllers/concerns/description_diff_actions.rb"",""line"":12,""method"":""DescriptionDiffActions#description_diff""},{""file"":""lib/gitlab/diff/char_diff.rb"",""line"":48,""method"":""Gitlab::Diff::CharDiff#to_html""}]",ERB::Util,erb,gem_namespace,18,1505879
ep_e4865086517804890f98fd42,authenticated,app/helpers/safe_format_helper.rb,29,1,erb,html_escape,0,size,value,identifier,ee,rails_action,/o/:organization_path/*namespace_id/:project_id/-/issues/export_csv,False,118,"[{""file"":""app/controllers/projects/issues_controller.rb"",""line"":259,""method"":""Projects::IssuesController#export_csv""},{""file"":""app/helpers/safe_format_helper.rb"",""line"":23,""method"":""SafeFormatHelper#safe_format""}]",ERB::Util,erb,gem_namespace,39,1507123
ep_e29cfcfa9277a3c5a0c6c111,conditional_anonymous,app/controllers/concerns/parse_commit_date.rb,7,1,date,strptime,0,index,date,identifier,ee,rails_action,/o/:organization_path/*namespace_id/:project_id/-/merge_requests/:id/context_commits,True,82,"[{""file"":""app/controllers/projects/merge_requests_controller.rb"",""line"":188,""method"":""Projects::MergeRequestsController#context_commits""},{""file"":""app/controllers/concerns/parse_commit_date.rb"",""line"":6,""method"":""ParseCommitDate#convert_date_to_epoch""}]",Date,date,gem_namespace,5,1514332
ep_e29cfcfa9277a3c5a0c6c111,conditional_anonymous,app/controllers/concerns/parse_commit_date.rb,7,1,date,strptime,0,index,date,identifier,ee,rails_action,/o/:organization_path/*namespace_id/:project_id/-/merge_requests/:id/context_commits,True,83,"[{""file"":""app/controllers/projects/merge_requests_controller.rb"",""line"":188,""method"":""Projects::MergeRequestsController#context_commits""},{""file"":""app/controllers/concerns/parse_commit_date.rb"",""line"":6,""method"":""ParseCommitDate#convert_date_to_epoch""}]",Date,date,gem_namespace,5,1514333
ep_83b1bb7309e2cc4e63cb8543,conditional_anonymous,lib/gitlab/diff/char_diff.rb,50,1,erb,html_escape,0,size,text,identifier,ee,rails_action,/o/:organization_path/*namespace_id/:project_id/-/merge_requests/:id/descriptions/:version_id/diff,True,118,"[{""file"":""ee/app/controllers/concerns/description_diff_actions.rb"",""line"":12,""method"":""DescriptionDiffActions#description_diff""},{""file"":""lib/gitlab/diff/char_diff.rb"",""line"":48,""method"":""Gitlab::Diff::CharDiff#to_html""}]",ERB::Util,erb,gem_namespace,18,1514500
ep_1099757422e5909eaa825c84,conditional_anonymous,app/helpers/safe_format_helper.rb,29,2,erb,html_escape,0,size,value,identifier,ee,rails_action,/o/:organization_path/*namespace_id/:project_id/-/merge_requests/:id/diffs,True,118,"[{""file"":""app/controllers/projects/merge_requests_controller.rb"",""line"":120,""method"":""Projects::MergeRequestsController#diffs""},{""file"":""app/controllers/projects/merge_requests_controller.rb"",""line"":443,""method"":""Projects::MergeRequestsController#show_rapid_diffs""},{""file"":""app/helpers/safe_format_helper.rb"",""line"":23,""method"":""SafeFormatHelper#safe_format""}]",ERB::Util,erb,gem_namespace,39,1515463
ep_5af59e18212a84531fdd6d85,unknown,app/helpers/safe_format_helper.rb,29,1,erb,html_escape,0,size,value,identifier,ee,rails_action,/o/:organization_path/*namespace_id/:project_id/-/pipeline_schedules/:id/play,False,118,"[{""file"":""app/controllers/projects/pipeline_schedules_controller.rb"",""line"":49,""method"":""Projects::PipelineSchedulesController#play""},{""file"":""app/helpers/safe_format_helper.rb"",""line"":23,""method"":""SafeFormatHelper#safe_format""}]",ERB::Util,erb,gem_namespace,39,1529245
ep_4b2ebbf74c36d86326a65150,conditional_anonymous,lib/gitlab/string_range_marker.rb,20,4,erb,html_escape,0,size,rich_line,identifier,ee,rails_action,/o/:organization_path/*namespace_id/:project_id/-/preview/*id,True,118,"[{""file"":""app/controllers/projects/blob_controller.rb"",""line"":115,""method"":""Projects::BlobController#preview""},{""file"":""lib/gitlab/diff/highlight.rb"",""line"":33,""method"":""Gitlab::Diff::Highlight#highlight""},{""file"":""lib/gitlab/diff/highlight.rb"",""line"":72,""method"":""Gitlab::Diff::Highlight#apply_marker_ranges_highlight""},{""file"":""lib/gitlab/diff/inline_diff_marker.rb"",""line"":6,""method"":""Gitlab::Diff::InlineDiffMarker#initialize""},{""file"":""lib/gitlab/string_range_marker.rb"",""line"":14,""method"":""Gitlab::StringRangeMarker#initialize""}]",ERB::Util,erb,gem_namespace,22,1532261
ep_5a7456c8a35b86c63ee20987,authenticated,app/helpers/safe_format_helper.rb,29,1,erb,html_escape,0,size,value,identifier,ee,rails_action,/o/:organization_path/*namespace_id/:project_id/-/settings/ci_cd,False,118,"[{""file"":""app/controllers/projects/settings/ci_cd_controller.rb"",""line"":44,""method"":""Projects::Settings::CiCdController#update""},{""file"":""app/helpers/safe_format_helper.rb"",""line"":23,""method"":""SafeFormatHelper#safe_format""}]",ERB::Util,erb,gem_namespace,39,1539922
ep_de8c87db977859ef9c8a97de,authenticated,app/helpers/safe_format_helper.rb,29,3,erb,html_escape,0,size,value,identifier,ee,rails_action,/o/:organization_path/*namespace_id/:project_id/-/update/*id,False,118,"[{""file"":""app/controllers/projects/blob_controller.rb"",""line"":100,""method"":""Projects::BlobController#update""},{""file"":""app/controllers/concerns/creates_commit.rb"",""line"":20,""method"":""CreatesCommit#create_commit""},{""file"":""app/controllers/concerns/creates_commit.rb"",""line"":131,""method"":""CreatesCommit#update_flash_notice""},{""file"":""app/helpers/safe_format_helper.rb"",""line"":23,""method"":""SafeFormatHelper#safe_format""}]",ERB::Util,erb,gem_namespace,39,1547527
ep_fac87de4e45c3aa24a94d0e8,conditional_anonymous,app/controllers/concerns/cycle_analytics_params.rb,59,3,date,parse,0,index,field,identifier,ee,rails_action,/o/:organization_path/*namespace_id/:project_id/-/value_stream_analytics,True,72,"[{""file"":""app/controllers/projects/cycle_analytics_controller.rb"",""line"":33,""method"":""Projects::CycleAnalyticsController#show""},{""file"":""app/controllers/concerns/cycle_analytics_params.rb"",""line"":14,""method"":""CycleAnalyticsParams#options""},{""file"":""app/controllers/concerns/cycle_analytics_params.rb"",""line"":51,""method"":""CycleAnalyticsParams#date_range""},{""file"":""app/controllers/concerns/cycle_analytics_params.rb"",""line"":58,""method"":""CycleAnalyticsParams#to_utc_time""}]",Date,date,gem_namespace,61,1548032
ep_fac87de4e45c3aa24a94d0e8,conditional_anonymous,app/controllers/concerns/cycle_analytics_params.rb,59,3,date,parse,0,index,field,identifier,ee,rails_action,/o/:organization_path/*namespace_id/:project_id/-/value_stream_analytics,True,73,"[{""file"":""app/controllers/projects/cycle_analytics_controller.rb"",""line"":33,""method"":""Projects::CycleAnalyticsController#show""},{""file"":""app/controllers/concerns/cycle_analytics_params.rb"",""line"":14,""method"":""CycleAnalyticsParams#options""},{""file"":""app/controllers/concerns/cycle_analytics_params.rb"",""line"":51,""method"":""CycleAnalyticsParams#date_range""},{""file"":""app/controllers/concerns/cycle_analytics_params.rb"",""line"":58,""method"":""CycleAnalyticsParams#to_utc_time""}]",Date,date,gem_namespace,61,1548033
ep_e663d44fd6e6f6d304dc130c,conditional_anonymous,app/controllers/concerns/cycle_analytics_params.rb,59,4,date,parse,0,index,field,identifier,ee,rails_action,/o/:organization_path/*namespace_id/:project_id/-/value_stream_analytics/events/code,True,72,"[{""file"":""app/controllers/projects/cycle_analytics/events_controller.rb"",""line"":25,""method"":""Projects::CycleAnalytics::EventsController#code""},{""file"":""app/controllers/projects/cycle_analytics/events_controller.rb"",""line"":56,""method"":""Projects::CycleAnalytics::EventsController#cycle_analytics""},{""file"":""app/controllers/concerns/cycle_analytics_params.rb"",""line"":14,""method"":""CycleAnalyticsParams#options""},{""file"":""app/controllers/concerns/cycle_analytics_params.rb"",""line"":51,""method"":""CycleAnalyticsParams#date_range""},{""file"":""app/controllers/concerns/cycle_analytics_params.rb"",""line"":58,""method"":""CycleAnalyticsParams#to_utc_time""}]",Date,date,gem_namespace,61,1548763
ep_e663d44fd6e6f6d304dc130c,conditional_anonymous,app/controllers/concerns/cycle_analytics_params.rb,59,4,date,parse,0,index,field,identifier,ee,rails_action,/o/:organization_path/*namespace_id/:project_id/-/value_stream_analytics/events/code,True,73,"[{""file"":""app/controllers/projects/cycle_analytics/events_controller.rb"",""line"":25,""method"":""Projects::CycleAnalytics::EventsController#code""},{""file"":""app/controllers/projects/cycle_analytics/events_controller.rb"",""line"":56,""method"":""Projects::CycleAnalytics::EventsController#cycle_analytics""},{""file"":""app/controllers/concerns/cycle_analytics_params.rb"",""line"":14,""method"":""CycleAnalyticsParams#options""},{""file"":""app/controllers/concerns/cycle_analytics_params.rb"",""line"":51,""method"":""CycleAnalyticsParams#date_range""},{""file"":""app/controllers/concerns/cycle_analytics_params.rb"",""line"":58,""method"":""CycleAnalyticsParams#to_utc_time""}]",Date,date,gem_namespace,61,1548764
ep_7961ed0126964cf44246e807,conditional_anonymous,app/controllers/concerns/cycle_analytics_params.rb,59,4,date,parse,0,index,field,identifier,ee,rails_action,/o/:organization_path/*namespace_id/:project_id/-/value_stream_analytics/events/issue,True,72,"[{""file"":""app/controllers/projects/cycle_analytics/events_controller.rb"",""line"":17,""method"":""Projects::CycleAnalytics::EventsController#issue""},{""file"":""app/controllers/projects/cycle_analytics/events_controller.rb"",""line"":56,""method"":""Projects::CycleAnalytics::EventsController#cycle_analytics""},{""file"":""app/controllers/concerns/cycle_analytics_params.rb"",""line"":14,""method"":""CycleAnalyticsParams#options""},{""file"":""app/controllers/concerns/cycle_analytics_params.rb"",""line"":51,""method"":""CycleAnalyticsParams#date_range""},{""file"":""app/controllers/concerns/cycle_analytics_params.rb"",""line"":58,""method"":""CycleAnalyticsParams#to_utc_time""}]",Date,date,gem_namespace,61,1549181
ep_7961ed0126964cf44246e807,conditional_anonymous,app/controllers/concerns/cycle_analytics_params.rb,59,4,date,parse,0,index,field,identifier,ee,rails_action,/o/:organization_path/*namespace_id/:project_id/-/value_stream_analytics/events/issue,True,73,"[{""file"":""app/controllers/projects/cycle_analytics/events_controller.rb"",""line"":17,""method"":""Projects::CycleAnalytics::EventsController#issue""},{""file"":""app/controllers/projects/cycle_analytics/events_controller.rb"",""line"":56,""method"":""Projects::CycleAnalytics::EventsController#cycle_analytics""},{""file"":""app/controllers/concerns/cycle_analytics_params.rb"",""line"":14,""method"":""CycleAnalyticsParams#options""},{""file"":""app/controllers/concerns/cycle_analytics_params.rb"",""line"":51,""method"":""CycleAnalyticsParams#date_range""},{""file"":""app/controllers/concerns/cycle_analytics_params.rb"",""line"":58,""method"":""CycleAnalyticsParams#to_utc_time""}]",Date,date,gem_namespace,61,1549182
ep_111f00f18629661c5a2edb4f,conditional_anonymous,app/controllers/concerns/cycle_analytics_params.rb,59,4,date,parse,0,index,field,identifier,ee,rails_action,/o/:organization_path/*namespace_id/:project_id/-/value_stream_analytics/events/plan,True,72,"[{""file"":""app/controllers/projects/cycle_analytics/events_controller.rb"",""line"":21,""method"":""Projects::CycleAnalytics::EventsController#plan""},{""file"":""app/controllers/projects/cycle_analytics/events_controller.rb"",""line"":56,""method"":""Projects::CycleAnalytics::EventsController#cycle_analytics""},{""file"":""app/controllers/concerns/cycle_analytics_params.rb"",""line"":14,""method"":""CycleAnalyticsParams#options""},{""file"":""app/controllers/concerns/cycle_analytics_params.rb"",""line"":51,""method"":""CycleAnalyticsParams#date_range""},{""file"":""app/controllers/concerns/cycle_analytics_params.rb"",""line"":58,""method"":""CycleAnalyticsParams#to_utc_time""}]",Date,date,gem_namespace,61,1549599
ep_111f00f18629661c5a2edb4f,conditional_anonymous,app/controllers/concerns/cycle_analytics_params.rb,59,4,date,parse,0,index,field,identifier,ee,rails_action,/o/:organization_path/*namespace_id/:project_id/-/value_stream_analytics/events/plan,True,73,"[{""file"":""app/controllers/projects/cycle_analytics/events_controller.rb"",""line"":21,""method"":""Projects::CycleAnalytics::EventsController#plan""},{""file"":""app/controllers/projects/cycle_analytics/events_controller.rb"",""line"":56,""method"":""Projects::CycleAnalytics::EventsController#cycle_analytics""},{""file"":""app/controllers/concerns/cycle_analytics_params.rb"",""line"":14,""method"":""CycleAnalyticsParams#options""},{""file"":""app/controllers/concerns/cycle_analytics_params.rb"",""line"":51,""method"":""CycleAnalyticsParams#date_range""},{""file"":""app/controllers/concerns/cycle_analytics_params.rb"",""line"":58,""method"":""CycleAnalyticsParams#to_utc_time""}]",Date,date,gem_namespace,61,1549600
ep_c5712a45a20be39d809b6fc2,conditional_anonymous,app/controllers/concerns/cycle_analytics_params.rb,59,4,date,parse,0,index,field,identifier,ee,rails_action,/o/:organization_path/*namespace_id/:project_id/-/value_stream_analytics/events/production,True,72,"[{""file"":""app/controllers/projects/cycle_analytics/events_controller.rb"",""line"":43,""method"":""Projects::CycleAnalytics::EventsController#production""},{""file"":""app/controllers/projects/cycle_analytics/events_controller.rb"",""line"":56,""method"":""Projects::CycleAnalytics::EventsController#cycle_analytics""},{""file"":""app/controllers/concerns/cycle_analytics_params.rb"",""line"":14,""method"":""CycleAnalyticsParams#options""},{""file"":""app/controllers/concerns/cycle_analytics_params.rb"",""line"":51,""method"":""CycleAnalyticsParams#date_range""},{""file"":""app/controllers/concerns/cycle_analytics_params.rb"",""line"":58,""method"":""CycleAnalyticsParams#to_utc_time""}]",Date,date,gem_namespace,61,1550017
ep_c5712a45a20be39d809b6fc2,conditional_anonymous,app/controllers/concerns/cycle_analytics_params.rb,59,4,date,parse,0,index,field,identifier,ee,rails_action,/o/:organization_path/*namespace_id/:project_id/-/value_stream_analytics/events/production,True,73,"[{""file"":""app/controllers/projects/cycle_analytics/events_controller.rb"",""line"":43,""method"":""Projects::CycleAnalytics::EventsController#production""},{""file"":""app/controllers/projects/cycle_analytics/events_controller.rb"",""line"":56,""method"":""Projects::CycleAnalytics::EventsController#cycle_analytics""},{""file"":""app/controllers/concerns/cycle_analytics_params.rb"",""line"":14,""method"":""CycleAnalyticsParams#options""},{""file"":""app/controllers/concerns/cycle_analytics_params.rb"",""line"":51,""method"":""CycleAnalyticsParams#date_range""},{""file"":""app/controllers/concerns/cycle_analytics_params.rb"",""line"":58,""method"":""CycleAnalyticsParams#to_utc_time""}]",Date,date,gem_namespace,61,1550018
ep_923c2c0ea8f87baef9a3daf5,conditional_anonymous,app/controllers/concerns/cycle_analytics_params.rb,59,4,date,parse,0,index,field,identifier,ee,rails_action,/o/:organization_path/*namespace_id/:project_id/-/value_stream_analytics/events/review,True,72,"[{""file"":""app/controllers/projects/cycle_analytics/events_controller.rb"",""line"":35,""method"":""Projects::CycleAnalytics::EventsController#review""},{""file"":""app/controllers/projects/cycle_analytics/events_controller.rb"",""line"":56,""method"":""Projects::CycleAnalytics::EventsController#cycle_analytics""},{""file"":""app/controllers/concerns/cycle_analytics_params.rb"",""line"":14,""method"":""CycleAnalyticsParams#options""},{""file"":""app/controllers/concerns/cycle_analytics_params.rb"",""line"":51,""method"":""CycleAnalyticsParams#date_range""},{""file"":""app/controllers/concerns/cycle_analytics_params.rb"",""line"":58,""method"":""CycleAnalyticsParams#to_utc_time""}]",Date,date,gem_namespace,61,1550435
ep_923c2c0ea8f87baef9a3daf5,conditional_anonymous,app/controllers/concerns/cycle_analytics_params.rb,59,4,date,parse,0,index,field,identifier,ee,rails_action,/o/:organization_path/*namespace_id/:project_id/-/value_stream_analytics/events/review,True,73,"[{""file"":""app/controllers/projects/cycle_analytics/events_controller.rb"",""line"":35,""method"":""Projects::CycleAnalytics::EventsController#review""},{""file"":""app/controllers/projects/cycle_analytics/events_controller.rb"",""line"":56,""method"":""Projects::CycleAnalytics::EventsController#cycle_analytics""},{""file"":""app/controllers/concerns/cycle_analytics_params.rb"",""line"":14,""method"":""CycleAnalyticsParams#options""},{""file"":""app/controllers/concerns/cycle_analytics_params.rb"",""line"":51,""method"":""CycleAnalyticsParams#date_range""},{""file"":""app/controllers/concerns/cycle_analytics_params.rb"",""line"":58,""method"":""CycleAnalyticsParams#to_utc_time""}]",Date,date,gem_namespace,61,1550436
ep_1bb60eb6cbb9e868757d9434,conditional_anonymous,app/controllers/concerns/cycle_analytics_params.rb,59,4,date,parse,0,index,field,identifier,ee,rails_action,/o/:organization_path/*namespace_id/:project_id/-/value_stream_analytics/events/staging,True,72,"[{""file"":""app/controllers/projects/cycle_analytics/events_controller.rb"",""line"":39,""method"":""Projects::CycleAnalytics::EventsController#staging""},{""file"":""app/controllers/projects/cycle_analytics/events_controller.rb"",""line"":56,""method"":""Projects::CycleAnalytics::EventsController#cycle_analytics""},{""file"":""app/controllers/concerns/cycle_analytics_params.rb"",""line"":14,""method"":""CycleAnalyticsParams#options""},{""file"":""app/controllers/concerns/cycle_analytics_params.rb"",""line"":51,""method"":""CycleAnalyticsParams#date_range""},{""file"":""app/controllers/concerns/cycle_analytics_params.rb"",""line"":58,""method"":""CycleAnalyticsParams#to_utc_time""}]",Date,date,gem_namespace,61,1550853
ep_1bb60eb6cbb9e868757d9434,conditional_anonymous,app/controllers/concerns/cycle_analytics_params.rb,59,4,date,parse,0,index,field,identifier,ee,rails_action,/o/:organization_path/*namespace_id/:project_id/-/value_stream_analytics/events/staging,True,73,"[{""file"":""app/controllers/projects/cycle_analytics/events_controller.rb"",""line"":39,""method"":""Projects::CycleAnalytics::EventsController#staging""},{""file"":""app/controllers/projects/cycle_analytics/events_controller.rb"",""line"":56,""method"":""Projects::CycleAnalytics::EventsController#cycle_analytics""},{""file"":""app/controllers/concerns/cycle_analytics_params.rb"",""line"":14,""method"":""CycleAnalyticsParams#options""},{""file"":""app/controllers/concerns/cycle_analytics_params.rb"",""line"":51,""method"":""CycleAnalyticsParams#date_range""},{""file"":""app/controllers/concerns/cycle_analytics_params.rb"",""line"":58,""method"":""CycleAnalyticsParams#to_utc_time""}]",Date,date,gem_namespace,61,1550854
ep_673ee3e130f7cc36627b28d8,conditional_anonymous,app/controllers/concerns/cycle_analytics_params.rb,59,3,date,parse,0,index,field,identifier,ee,rails_action,/o/:organization_path/*namespace_id/:project_id/-/value_stream_analytics/events/test,True,72,"[{""file"":""app/controllers/projects/cycle_analytics/events_controller.rb"",""line"":29,""method"":""Projects::CycleAnalytics::EventsController#test""},{""file"":""app/controllers/concerns/cycle_analytics_params.rb"",""line"":14,""method"":""CycleAnalyticsParams#options""},{""file"":""app/controllers/concerns/cycle_analytics_params.rb"",""line"":51,""method"":""CycleAnalyticsParams#date_range""},{""file"":""app/controllers/concerns/cycle_analytics_params.rb"",""line"":58,""method"":""CycleAnalyticsParams#to_utc_time""}]",Date,date,gem_namespace,61,1551282
ep_673ee3e130f7cc36627b28d8,conditional_anonymous,app/controllers/concerns/cycle_analytics_params.rb,59,3,date,parse,0,index,field,identifier,ee,rails_action,/o/:organization_path/*namespace_id/:project_id/-/value_stream_analytics/events/test,True,73,"[{""file"":""app/controllers/projects/cycle_analytics/events_controller.rb"",""line"":29,""method"":""Projects::CycleAnalytics::EventsController#test""},{""file"":""app/controllers/concerns/cycle_analytics_params.rb"",""line"":14,""method"":""CycleAnalyticsParams#options""},{""file"":""app/controllers/concerns/cycle_analytics_params.rb"",""line"":51,""method"":""CycleAnalyticsParams#date_range""},{""file"":""app/controllers/concerns/cycle_analytics_params.rb"",""line"":58,""method"":""CycleAnalyticsParams#to_utc_time""}]",Date,date,gem_namespace,61,1551283
ep_008f625e17079f89a369965f,conditional_anonymous,app/helpers/safe_format_helper.rb,29,2,erb,html_escape,0,size,value,identifier,ee,rails_action,/o/:organization_path/*namespace_id/:project_id/-/wikis/*id,True,118,"[{""file"":""app/controllers/concerns/wiki_actions.rb"",""line"":142,""method"":""WikiActions#show""},{""file"":""app/controllers/concerns/wiki_actions.rb"",""line"":162,""method"":""WikiActions#handle_redirection""},{""file"":""app/helpers/safe_format_helper.rb"",""line"":23,""method"":""SafeFormatHelper#safe_format""}]",ERB::Util,erb,gem_namespace,39,1552990
ep_005d55d11828e7cd1a2e7271,authenticated,app/helpers/safe_format_helper.rb,29,3,erb,html_escape,0,size,value,identifier,ee,rails_action,/o/:organization_path/*namespace_id/:project_id/todos,False,118,"[{""file"":""app/controllers/concerns/todos_actions.rb"",""line"":6,""method"":""TodosActions#create""},{""file"":""app/finders/todos_finder.rb"",""line"":47,""method"":""TodosFinder#execute""},{""file"":""app/finders/todos_finder.rb"",""line"":158,""method"":""TodosFinder#invalid_type_message""},{""file"":""app/helpers/safe_format_helper.rb"",""line"":23,""method"":""SafeFormatHelper#safe_format""}]",ERB::Util,erb,gem_namespace,39,1566188
ep_f992172f5f2d1fb8063a3118,conditional_anonymous,app/helpers/safe_format_helper.rb,29,1,erb,html_escape,0,size,value,identifier,ee,rails_action,/o/:organization_path/-/invites/:id/decline,True,118,"[{""file"":""app/controllers/invites_controller.rb"",""line"":40,""method"":""InvitesController#decline""},{""file"":""app/helpers/safe_format_helper.rb"",""line"":23,""method"":""SafeFormatHelper#safe_format""}]",ERB::Util,erb,gem_namespace,39,1583764
ep_52d645fd240be377dad6dce5,unknown,app/helpers/safe_format_helper.rb,29,2,erb,html_escape,0,size,value,identifier,ee,rails_action,/o/:organization_path/-/profile/designated-beneficiaries,False,118,"[{""file"":""ee/app/controllers/profiles/designated_beneficiaries_controller.rb"",""line"":11,""method"":""Profiles::DesignatedBeneficiariesController#create""},{""file"":""ee/app/controllers/profiles/designated_beneficiaries_controller.rb"",""line"":70,""method"":""Profiles::DesignatedBeneficiariesController#create_update_success_message""},{""file"":""app/helpers/safe_format_helper.rb"",""line"":23,""method"":""SafeFormatHelper#safe_format""}]",ERB::Util,erb,gem_namespace,39,1585682
ep_177825476671bfeac06519fe,unknown,app/helpers/safe_format_helper.rb,29,2,erb,html_escape,0,size,value,identifier,ee,rails_action,/o/:organization_path/-/profile/designated-beneficiaries/:id,False,118,"[{""file"":""ee/app/controllers/profiles/designated_beneficiaries_controller.rb"",""line"":23,""method"":""Profiles::DesignatedBeneficiariesController#update""},{""file"":""ee/app/controllers/profiles/designated_beneficiaries_controller.rb"",""line"":70,""method"":""Profiles::DesignatedBeneficiariesController#create_update_success_message""},{""file"":""app/helpers/safe_format_helper.rb"",""line"":23,""method"":""SafeFormatHelper#safe_format""}]",ERB::Util,erb,gem_namespace,39,1585794
ep_14154e7a5f518c72226954f9,unknown,app/helpers/safe_format_helper.rb,29,1,erb,html_escape,0,size,value,identifier,ee,rails_action,/o/:organization_path/-/profile/emails/:id/resend_confirmation_instructions,False,118,"[{""file"":""app/controllers/profiles/emails_controller.rb"",""line"":43,""method"":""Profiles::EmailsController#resend_confirmation_instructions""},{""file"":""app/helpers/safe_format_helper.rb"",""line"":23,""method"":""SafeFormatHelper#safe_format""}]",ERB::Util,erb,gem_namespace,39,1586013
ep_bdf612fffb99bab0918ccd7a,conditional_anonymous,app/helpers/safe_format_helper.rb,29,1,erb,html_escape,0,size,value,identifier,ee,rails_action,/o/:organization_path/-/profile/preferences,True,118,"[{""file"":""app/controllers/profiles/preferences_controller.rb"",""line"":15,""method"":""Profiles::PreferencesController#update""},{""file"":""app/helpers/safe_format_helper.rb"",""line"":23,""method"":""SafeFormatHelper#safe_format""}]",ERB::Util,erb,gem_namespace,39,1587646
ep_0b5a3736fe90328a80024e65,unknown,app/controllers/profiles/two_factor_auths_controller.rb,182,2,nokogiri,new,1,format,doc,identifier,ee,rails_action,/o/:organization_path/-/profile/two_factor_auth,False,273,"[{""file"":""app/controllers/profiles/two_factor_auths_controller.rb"",""line"":25,""method"":""Profiles::TwoFactorAuthsController#create""},{""file"":""app/controllers/profiles/two_factor_auths_controller.rb"",""line"":268,""method"":""Profiles::TwoFactorAuthsController#setup_show_page""},{""file"":""app/controllers/profiles/two_factor_auths_controller.rb"",""line"":173,""method"":""Profiles::TwoFactorAuthsController#build_qr_code""}]",Nokogiri::XML::Node,nokogiri,gem_namespace,13,1588344
ep_0b5a3736fe90328a80024e65,unknown,app/controllers/profiles/two_factor_auths_controller.rb,182,2,nokogiri,new,1,format,doc,identifier,ee,rails_action,/o/:organization_path/-/profile/two_factor_auth,False,274,"[{""file"":""app/controllers/profiles/two_factor_auths_controller.rb"",""line"":25,""method"":""Profiles::TwoFactorAuthsController#create""},{""file"":""app/controllers/profiles/two_factor_auths_controller.rb"",""line"":268,""method"":""Profiles::TwoFactorAuthsController#setup_show_page""},{""file"":""app/controllers/profiles/two_factor_auths_controller.rb"",""line"":173,""method"":""Profiles::TwoFactorAuthsController#build_qr_code""}]",Nokogiri::XML::Node,nokogiri,gem_namespace,13,1588345
ep_d1b2798cddeb364a3654a65d,unknown,app/controllers/profiles/two_factor_auths_controller.rb,182,2,nokogiri,new,1,format,doc,identifier,ee,rails_action,/o/:organization_path/-/profile/two_factor_auth,False,273,"[{""file"":""app/controllers/profiles/two_factor_auths_controller.rb"",""line"":20,""method"":""Profiles::TwoFactorAuthsController#show""},{""file"":""app/controllers/profiles/two_factor_auths_controller.rb"",""line"":268,""method"":""Profiles::TwoFactorAuthsController#setup_show_page""},{""file"":""app/controllers/profiles/two_factor_auths_controller.rb"",""line"":173,""method"":""Profiles::TwoFactorAuthsController#build_qr_code""}]",Nokogiri::XML::Node,nokogiri,gem_namespace,13,1588513
ep_d1b2798cddeb364a3654a65d,unknown,app/controllers/profiles/two_factor_auths_controller.rb,182,2,nokogiri,new,1,format,doc,identifier,ee,rails_action,/o/:organization_path/-/profile/two_factor_auth,False,274,"[{""file"":""app/controllers/profiles/two_factor_auths_controller.rb"",""line"":20,""method"":""Profiles::TwoFactorAuthsController#show""},{""file"":""app/controllers/profiles/two_factor_auths_controller.rb"",""line"":268,""method"":""Profiles::TwoFactorAuthsController#setup_show_page""},{""file"":""app/controllers/profiles/two_factor_auths_controller.rb"",""line"":173,""method"":""Profiles::TwoFactorAuthsController#build_qr_code""}]",Nokogiri::XML::Node,nokogiri,gem_namespace,13,1588514
ep_029387acb1dd2874528d9edc,unknown,app/controllers/profiles/two_factor_auths_controller.rb,182,1,nokogiri,new,1,format,doc,identifier,ee,rails_action,/o/:organization_path/-/profile/two_factor_auth/create_webauthn,False,273,"[{""file"":""app/controllers/profiles/two_factor_auths_controller.rb"",""line"":54,""method"":""Profiles::TwoFactorAuthsController#create_webauthn""},{""file"":""app/controllers/profiles/two_factor_auths_controller.rb"",""line"":173,""method"":""Profiles::TwoFactorAuthsController#build_qr_code""}]",Nokogiri::XML::Node,nokogiri,gem_namespace,13,1588906
ep_029387acb1dd2874528d9edc,unknown,app/controllers/profiles/two_factor_auths_controller.rb,182,1,nokogiri,new,1,format,doc,identifier,ee,rails_action,/o/:organization_path/-/profile/two_factor_auth/create_webauthn,False,274,"[{""file"":""app/controllers/profiles/two_factor_auths_controller.rb"",""line"":54,""method"":""Profiles::TwoFactorAuthsController#create_webauthn""},{""file"":""app/controllers/profiles/two_factor_auths_controller.rb"",""line"":173,""method"":""Profiles::TwoFactorAuthsController#build_qr_code""}]",Nokogiri::XML::Node,nokogiri,gem_namespace,13,1588907
ep_3182c283c84340221872c109,conditional_anonymous,app/helpers/safe_format_helper.rb,29,1,erb,html_escape,0,size,value,identifier,ee,rails_action,/o/:organization_path/-/profile/update_username,True,118,"[{""file"":""app/controllers/profiles_controller.rb"",""line"":44,""method"":""ProfilesController#update_username""},{""file"":""app/helpers/safe_format_helper.rb"",""line"":23,""method"":""SafeFormatHelper#safe_format""}]",ERB::Util,erb,gem_namespace,39,1589301
ep_8eccbfe5ca0eb9f1c89bf452,conditional_anonymous,app/helpers/safe_format_helper.rb,29,2,erb,html_escape,0,size,value,identifier,ee,rails_action,/o/:organization_path/-/trials,True,118,"[{""file"":""ee/app/controllers/gitlab_subscriptions/trials_controller.rb"",""line"":26,""method"":""GitlabSubscriptions::TrialsController#create""},{""file"":""ee/app/controllers/gitlab_subscriptions/trials_controller.rb"",""line"":89,""method"":""GitlabSubscriptions::TrialsController#success_flash_message""},{""file"":""app/helpers/safe_format_helper.rb"",""line"":23,""method"":""SafeFormatHelper#safe_format""}]",ERB::Util,erb,gem_namespace,39,1595493
ep_c5b4f3b4e51903949f9a9113,authenticated,app/helpers/safe_format_helper.rb,29,2,erb,html_escape,0,size,value,identifier,ee,rails_action,/o/:organization_path/-/trials,False,118,"[{""file"":""ee/app/controllers/gitlab_subscriptions/self_managed/trials_controller.rb"",""line"":17,""method"":""GitlabSubscriptions::SelfManaged::TrialsController#create""},{""file"":""ee/app/controllers/gitlab_subscriptions/self_managed/trials_controller.rb"",""line"":48,""method"":""GitlabSubscriptions::SelfManaged::TrialsController#flash_success_message""},{""file"":""app/helpers/safe_format_helper.rb"",""line"":23,""method"":""SafeFormatHelper#safe_format""}]",ERB::Util,erb,gem_namespace,39,1595971
ep_ea9ac81ced885358e5ff07e4,unknown,app/helpers/safe_format_helper.rb,29,1,erb,html_escape,0,size,value,identifier,ee,rails_action,/o/:organization_path/-/user_settings/integration_accounts,False,118,"[{""file"":""app/controllers/profiles/chat_names_controller.rb"",""line"":20,""method"":""Profiles::ChatNamesController#create""},{""file"":""app/helpers/safe_format_helper.rb"",""line"":23,""method"":""SafeFormatHelper#safe_format""}]",ERB::Util,erb,gem_namespace,39,1597522
ep_e58d0967675937ad3f813531,conditional_anonymous,app/helpers/safe_format_helper.rb,29,1,erb,html_escape,0,size,value,identifier,ee,rails_action,/o/:organization_path/-/user_settings/integration_accounts/:id,True,118,"[{""file"":""app/controllers/profiles/chat_names_controller.rb"",""line"":42,""method"":""Profiles::ChatNamesController#destroy""},{""file"":""app/helpers/safe_format_helper.rb"",""line"":23,""method"":""SafeFormatHelper#safe_format""}]",ERB::Util,erb,gem_namespace,39,1597603
ep_36ad79378464658f3c7a0eec,conditional_anonymous,app/helpers/safe_format_helper.rb,29,1,erb,html_escape,0,size,value,identifier,ee,rails_action,/o/:organization_path/-/user_settings/integration_accounts/deny,True,118,"[{""file"":""app/controllers/profiles/chat_names_controller.rb"",""line"":33,""method"":""Profiles::ChatNamesController#deny""},{""file"":""app/helpers/safe_format_helper.rb"",""line"":23,""method"":""SafeFormatHelper#safe_format""}]",ERB::Util,erb,gem_namespace,39,1597647
ep_0224c5c15a2825e40592c18b,unknown,app/helpers/safe_format_helper.rb,29,1,erb,html_escape,0,size,value,identifier,ee,rails_action,/o/:organization_path/:username,False,118,"[{""file"":""app/controllers/users_controller.rb"",""line"":47,""method"":""UsersController#show""},{""file"":""app/helpers/safe_format_helper.rb"",""line"":23,""method"":""SafeFormatHelper#safe_format""}]",ERB::Util,erb,gem_namespace,39,1602215
ep_99cbed4953b5e1c17f82d15a,authenticated,app/controllers/concerns/cycle_analytics_params.rb,59,4,date,parse,0,index,field,identifier,ee,rails_action,/o/:organization_path/groups/*group_id/-/analytics/value_stream_analytics/summary,False,72,"[{""file"":""ee/app/controllers/groups/analytics/cycle_analytics/summary_controller.rb"",""line"":15,""method"":""Groups::Analytics::CycleAnalytics::SummaryController#show""},{""file"":""ee/app/controllers/groups/analytics/cycle_analytics/summary_controller.rb"",""line"":39,""method"":""Groups::Analytics::CycleAnalytics::SummaryController#group_level""},{""file"":""app/controllers/concerns/cycle_analytics_params.rb"",""line"":14,""method"":""CycleAnalyticsParams#options""},{""file"":""app/controllers/concerns/cycle_analytics_params.rb"",""line"":51,""method"":""CycleAnalyticsParams#date_range""},{""file"":""app/controllers/concerns/cycle_analytics_params.rb"",""line"":58,""method"":""CycleAnalyticsParams#to_utc_time""}]",Date,date,gem_namespace,61,1617128
ep_99cbed4953b5e1c17f82d15a,authenticated,app/controllers/concerns/cycle_analytics_params.rb,59,4,date,parse,0,index,field,identifier,ee,rails_action,/o/:organization_path/groups/*group_id/-/analytics/value_stream_analytics/summary,False,73,"[{""file"":""ee/app/controllers/groups/analytics/cycle_analytics/summary_controller.rb"",""line"":15,""method"":""Groups::Analytics::CycleAnalytics::SummaryController#show""},{""file"":""ee/app/controllers/groups/analytics/cycle_analytics/summary_controller.rb"",""line"":39,""method"":""Groups::Analytics::CycleAnalytics::SummaryController#group_level""},{""file"":""app/controllers/concerns/cycle_analytics_params.rb"",""line"":14,""method"":""CycleAnalyticsParams#options""},{""file"":""app/controllers/concerns/cycle_analytics_params.rb"",""line"":51,""method"":""CycleAnalyticsParams#date_range""},{""file"":""app/controllers/concerns/cycle_analytics_params.rb"",""line"":58,""method"":""CycleAnalyticsParams#to_utc_time""}]",Date,date,gem_namespace,61,1617129
ep_75370aedcd1e11c253285045,authenticated,app/controllers/concerns/cycle_analytics_params.rb,59,4,date,parse,0,index,field,identifier,ee,rails_action,/o/:organization_path/groups/*group_id/-/analytics/value_stream_analytics/time_summary,False,72,"[{""file"":""ee/app/controllers/groups/analytics/cycle_analytics/summary_controller.rb"",""line"":19,""method"":""Groups::Analytics::CycleAnalytics::SummaryController#time_summary""},{""file"":""ee/app/controllers/groups/analytics/cycle_analytics/summary_controller.rb"",""line"":39,""method"":""Groups::Analytics::CycleAnalytics::SummaryController#group_level""},{""file"":""app/controllers/concerns/cycle_analytics_params.rb"",""line"":14,""method"":""CycleAnalyticsParams#options""},{""file"":""app/controllers/concerns/cycle_analytics_params.rb"",""line"":51,""method"":""CycleAnalyticsParams#date_range""},{""file"":""app/controllers/concerns/cycle_analytics_params.rb"",""line"":58,""method"":""CycleAnalyticsParams#to_utc_time""}]",Date,date,gem_namespace,61,1617473
ep_75370aedcd1e11c253285045,authenticated,app/controllers/concerns/cycle_analytics_params.rb,59,4,date,parse,0,index,field,identifier,ee,rails_action,/o/:organization_path/groups/*group_id/-/analytics/value_stream_analytics/time_summary,False,73,"[{""file"":""ee/app/controllers/groups/analytics/cycle_analytics/summary_controller.rb"",""line"":19,""method"":""Groups::Analytics::CycleAnalytics::SummaryController#time_summary""},{""file"":""ee/app/controllers/groups/analytics/cycle_analytics/summary_controller.rb"",""line"":39,""method"":""Groups::Analytics::CycleAnalytics::SummaryController#group_level""},{""file"":""app/controllers/concerns/cycle_analytics_params.rb"",""line"":14,""method"":""CycleAnalyticsParams#options""},{""file"":""app/controllers/concerns/cycle_analytics_params.rb"",""line"":51,""method"":""CycleAnalyticsParams#date_range""},{""file"":""app/controllers/concerns/cycle_analytics_params.rb"",""line"":58,""method"":""CycleAnalyticsParams#to_utc_time""}]",Date,date,gem_namespace,61,1617474
ep_bdab44348a93958fb961982e,unknown,ee/app/controllers/groups/contribution_analytics_controller.rb,64,2,date,parse,0,index,value,identifier,ee,rails_action,/o/:organization_path/groups/*group_id/-/contribution_analytics,False,72,"[{""file"":""ee/app/controllers/groups/contribution_analytics_controller.rb"",""line"":22,""method"":""Groups::ContributionAnalyticsController#show""},{""file"":""ee/app/controllers/groups/contribution_analytics_controller.rb"",""line"":42,""method"":""Groups::ContributionAnalyticsController#data_collector""},{""file"":""ee/app/controllers/groups/contribution_analytics_controller.rb"",""line"":63,""method"":""Groups::ContributionAnalyticsController#from_date""}]",Date,date,gem_namespace,5,1622017
ep_bdab44348a93958fb961982e,unknown,ee/app/controllers/groups/contribution_analytics_controller.rb,64,2,date,parse,0,index,value,identifier,ee,rails_action,/o/:organization_path/groups/*group_id/-/contribution_analytics,False,73,"[{""file"":""ee/app/controllers/groups/contribution_analytics_controller.rb"",""line"":22,""method"":""Groups::ContributionAnalyticsController#show""},{""file"":""ee/app/controllers/groups/contribution_analytics_controller.rb"",""line"":42,""method"":""Groups::ContributionAnalyticsController#data_collector""},{""file"":""ee/app/controllers/groups/contribution_analytics_controller.rb"",""line"":63,""method"":""Groups::ContributionAnalyticsController#from_date""}]",Date,date,gem_namespace,5,1622018
ep_58296719a13e8c9effa8f6b4,unknown,lib/gitlab/diff/char_diff.rb,50,1,erb,html_escape,0,size,text,identifier,ee,rails_action,/o/:organization_path/groups/*group_id/-/epics/:id/descriptions/:version_id/diff,False,118,"[{""file"":""ee/app/controllers/concerns/description_diff_actions.rb"",""line"":12,""method"":""DescriptionDiffActions#description_diff""},{""file"":""lib/gitlab/diff/char_diff.rb"",""line"":48,""method"":""Gitlab::Diff::CharDiff#to_html""}]",ERB::Util,erb,gem_namespace,18,1625040
ep_7d89edc225a4a42d712565c1,unknown,app/helpers/safe_format_helper.rb,29,1,erb,html_escape,0,size,value,identifier,ee,rails_action,/o/:organization_path/groups/*group_id/-/saml/update_microsoft_application,False,118,"[{""file"":""ee/app/controllers/groups/saml_providers_controller.rb"",""line"":46,""method"":""Groups::SamlProvidersController#update_microsoft_application""},{""file"":""app/helpers/safe_format_helper.rb"",""line"":23,""method"":""SafeFormatHelper#safe_format""}]",ERB::Util,erb,gem_namespace,39,1637384
ep_80444fb0b207b180bc7e8fe1,authenticated,app/helpers/safe_format_helper.rb,29,3,erb,html_escape,0,size,value,identifier,ee,rails_action,/o/:organization_path/groups/*group_id/-/todos,False,118,"[{""file"":""app/controllers/concerns/todos_actions.rb"",""line"":6,""method"":""TodosActions#create""},{""file"":""app/finders/todos_finder.rb"",""line"":47,""method"":""TodosFinder#execute""},{""file"":""app/finders/todos_finder.rb"",""line"":158,""method"":""TodosFinder#invalid_type_message""},{""file"":""app/helpers/safe_format_helper.rb"",""line"":23,""method"":""SafeFormatHelper#safe_format""}]",ERB::Util,erb,gem_namespace,39,1644597
ep_51cee87917f9409bcb2ef66e,unknown,app/helpers/safe_format_helper.rb,29,2,erb,html_escape,0,size,value,identifier,ee,rails_action,/o/:organization_path/groups/*group_id/-/wikis/*id,False,118,"[{""file"":""app/controllers/concerns/wiki_actions.rb"",""line"":142,""method"":""WikiActions#show""},{""file"":""app/controllers/concerns/wiki_actions.rb"",""line"":162,""method"":""WikiActions#handle_redirection""},{""file"":""app/helpers/safe_format_helper.rb"",""line"":23,""method"":""SafeFormatHelper#safe_format""}]",ERB::Util,erb,gem_namespace,39,1646782
ep_31b1edcbac222b9e20ae0f05,unknown,lib/gitlab/diff/char_diff.rb,50,1,erb,html_escape,0,size,text,identifier,ee,rails_action,/o/:organization_path/groups/*group_id/-/work_items/:iid/descriptions/:version_id/diff,False,118,"[{""file"":""ee/app/controllers/concerns/description_diff_actions.rb"",""line"":12,""method"":""DescriptionDiffActions#description_diff""},{""file"":""lib/gitlab/diff/char_diff.rb"",""line"":48,""method"":""Gitlab::Diff::CharDiff#to_html""}]",ERB::Util,erb,gem_namespace,18,1649239
ep_a3f926be29c777828ef603d3,authenticated,app/helpers/safe_format_helper.rb,29,1,erb,html_escape,0,size,value,identifier,ee,rails_action,/o/:organization_path/import/bitbucket_server,False,118,"[{""file"":""app/controllers/import/bitbucket_server_controller.rb"",""line"":19,""method"":""Import::BitbucketServerController#create""},{""file"":""app/helpers/safe_format_helper.rb"",""line"":23,""method"":""SafeFormatHelper#safe_format""}]",ERB::Util,erb,gem_namespace,39,1654899
ep_5cca1de9e67fc1172a4519d4,authenticated,app/helpers/safe_format_helper.rb,29,2,erb,html_escape,0,size,value,identifier,ee,rails_action,/o/:organization_path/import/bulk_imports/configure,False,118,"[{""file"":""app/controllers/import/bulk_imports_controller.rb"",""line"":18,""method"":""Import::BulkImportsController#configure""},{""file"":""app/controllers/import/bulk_imports_controller.rb"",""line"":192,""method"":""Import::BulkImportsController#verify_blocked_uri""},{""file"":""app/helpers/safe_format_helper.rb"",""line"":23,""method"":""SafeFormatHelper#safe_format""}]",ERB::Util,erb,gem_namespace,39,1656533
ep_447a700b4aa7f4e855c61e73,authenticated,app/helpers/safe_format_helper.rb,29,1,erb,html_escape,0,size,value,identifier,ee,rails_action,/o/:organization_path/import/gitlab_group,False,118,"[{""file"":""app/controllers/import/gitlab_groups_controller.rb"",""line"":12,""method"":""Import::GitlabGroupsController#create""},{""file"":""app/helpers/safe_format_helper.rb"",""line"":23,""method"":""SafeFormatHelper#safe_format""}]",ERB::Util,erb,gem_namespace,39,1662014
ep_741828ad445966b5f0094d9f,authenticated,app/helpers/safe_format_helper.rb,29,1,erb,html_escape,0,size,value,identifier,ee,rails_action,/o/:organization_path/import/gitlab_project,False,118,"[{""file"":""app/controllers/import/gitlab_projects_controller.rb"",""line"":21,""method"":""Import::GitlabProjectsController#create""},{""file"":""app/helpers/safe_format_helper.rb"",""line"":23,""method"":""SafeFormatHelper#safe_format""}]",ERB::Util,erb,gem_namespace,39,1662483
ep_6d0096cbe6c1a2b59431cbba,authenticated,app/helpers/safe_format_helper.rb,29,1,erb,html_escape,0,size,value,identifier,ee,rails_action,/o/:organization_path/import/gitlab_project/create,False,118,"[{""file"":""app/controllers/import/gitlab_projects_controller.rb"",""line"":21,""method"":""Import::GitlabProjectsController#create""},{""file"":""app/helpers/safe_format_helper.rb"",""line"":23,""method"":""SafeFormatHelper#safe_format""}]",ERB::Util,erb,gem_namespace,39,1663556
ep_5862409cd6b842ef1912a27a,authenticated,app/helpers/safe_format_helper.rb,29,1,erb,html_escape,0,size,value,identifier,ee,rails_action,/o/:organization_path/projects,False,118,"[{""file"":""app/controllers/projects_controller.rb"",""line"":113,""method"":""ProjectsController#create""},{""file"":""app/helpers/safe_format_helper.rb"",""line"":23,""method"":""SafeFormatHelper#safe_format""}]",ERB::Util,erb,gem_namespace,39,1669231
ep_192347711ede9e34a9968e1c,unknown,app/helpers/safe_format_helper.rb,29,2,erb,html_escape,0,size,value,identifier,ee,rails_action,/o/:organization_path/search,False,118,"[{""file"":""app/controllers/search_controller.rb"",""line"":58,""method"":""SearchController#show""},{""file"":""app/controllers/search_controller.rb"",""line"":256,""method"":""SearchController#check_single_commit_result?""},{""file"":""app/helpers/safe_format_helper.rb"",""line"":23,""method"":""SafeFormatHelper#safe_format""}]",ERB::Util,erb,gem_namespace,39,1670651
ep_33ac8b32c39bb228807504b0,authenticated,app/helpers/safe_format_helper.rb,29,1,erb,html_escape,0,size,value,identifier,ee,rails_action,/projects,False,118,"[{""file"":""app/controllers/projects_controller.rb"",""line"":113,""method"":""ProjectsController#create""},{""file"":""app/helpers/safe_format_helper.rb"",""line"":23,""method"":""SafeFormatHelper#safe_format""}]",ERB::Util,erb,gem_namespace,39,1692049
ep_7b1d006d225e519bec292323,unknown,app/helpers/safe_format_helper.rb,29,2,erb,html_escape,0,size,value,identifier,ee,rails_action,/search,False,118,"[{""file"":""app/controllers/search_controller.rb"",""line"":58,""method"":""SearchController#show""},{""file"":""app/controllers/search_controller.rb"",""line"":256,""method"":""SearchController#check_single_commit_result?""},{""file"":""app/helpers/safe_format_helper.rb"",""line"":23,""method"":""SafeFormatHelper#safe_format""}]",ERB::Util,erb,gem_namespace,39,1693469
