ledger_file,ledger_record,ledger_sha256,ledger_record_sha256,catalog_file,catalog_record,catalog_sha256,catalog_record_sha256,file,line,source_catalog,source_catalog_sha256,recorded_source_sha256,verified_source_line_sha256,provenance_status,original_gap_status,semantic_gaps
static-catalog/review-metadata/unresolved-rows.jsonl,1,4bcc2bc7ddc2b38a2b593896f43802e7b1485c9f949439118cd7d5d7fd264c57,3e058721bccf8ccda1ce82594b8f3f4e06ebe8d959aa64105699692a943a401a,static-catalog/entry-argument-sites.jsonl,1,5c393012cb9096ead5f70d93abb6d214d4058a2704963c6c7c80c4ddb5ef9fd1,783eabe77d08848562d15bcbc1d2c24a0473aa36ade5331adf52cef2321fcfe7,ext/amatch_ext.c,1360,static-catalog/files-scanned.csv,fe76976976e2a77c37581f7075f8f322d5207e396e52255257617abff0d99936,789a71b9966da018a5e19457fad1077639b8bf77e1e35854e939230779e0a190,c78daa06a11323a5d68e8c454ac2fc354b2db89c9e7c4b05a88007abac660845,source_bytes_and_line_range_verified,open_evidence_gap,unchanged_not_reassessed
static-catalog/review-metadata/unresolved-rows.jsonl,2,4bcc2bc7ddc2b38a2b593896f43802e7b1485c9f949439118cd7d5d7fd264c57,47a87736bea7ae3b84c7170fe39f625976707256e2077a46dbb010be847135eb,static-catalog/entry-argument-sites.jsonl,2,5c393012cb9096ead5f70d93abb6d214d4058a2704963c6c7c80c4ddb5ef9fd1,ac0546e22aac7ee6c17d7e5fb984898cb33e4ff1ea4dbae160c6a966cf1f96dd,ext/amatch_ext.c,1361,static-catalog/files-scanned.csv,fe76976976e2a77c37581f7075f8f322d5207e396e52255257617abff0d99936,789a71b9966da018a5e19457fad1077639b8bf77e1e35854e939230779e0a190,d06c4b0327b4f1aa6cfaa84bacb863a8ac2e2881a3bce51c188d0dc501948b4a,source_bytes_and_line_range_verified,open_evidence_gap,unchanged_not_reassessed
static-catalog/review-metadata/unresolved-rows.jsonl,3,4bcc2bc7ddc2b38a2b593896f43802e7b1485c9f949439118cd7d5d7fd264c57,f6eee39d22ded4dd9ee0243dc458c5f7cd944d774432234e9989d3a2273742ca,static-catalog/entry-argument-sites.jsonl,3,5c393012cb9096ead5f70d93abb6d214d4058a2704963c6c7c80c4ddb5ef9fd1,3e49f8052e9d8b9fc088fd43039563aec6fd1d930807cfb5cbaf4b5ed58a42b0,ext/bigdecimal/bigdecimal.c,2882,static-catalog/files-scanned.csv,fe76976976e2a77c37581f7075f8f322d5207e396e52255257617abff0d99936,3d690a2cf5d00c86643f0724e534f6b2efc135fad89135f9df7a24ae1698a566,83f51d5a72a9775fa67509b2f465b7fd3b9fa3e0f5da93d68af35cbc4c05ddc5,source_bytes_and_line_range_verified,open_evidence_gap,unchanged_not_reassessed
static-catalog/review-metadata/unresolved-rows.jsonl,4,4bcc2bc7ddc2b38a2b593896f43802e7b1485c9f949439118cd7d5d7fd264c57,4a3b7fc82b73d7e9a01de364477a6b2910ecb85bbdd5bd39fc57855c958f63f6,static-catalog/entry-argument-sites.jsonl,4,5c393012cb9096ead5f70d93abb6d214d4058a2704963c6c7c80c4ddb5ef9fd1,47003a25749ea0533fc2d842405b00d241be0c78276398dfc7632b0f08b0e27f,ext/bigdecimal/bigdecimal.c,2882,static-catalog/files-scanned.csv,fe76976976e2a77c37581f7075f8f322d5207e396e52255257617abff0d99936,3d690a2cf5d00c86643f0724e534f6b2efc135fad89135f9df7a24ae1698a566,83f51d5a72a9775fa67509b2f465b7fd3b9fa3e0f5da93d68af35cbc4c05ddc5,source_bytes_and_line_range_verified,open_evidence_gap,unchanged_not_reassessed
static-catalog/review-metadata/unresolved-rows.jsonl,5,4bcc2bc7ddc2b38a2b593896f43802e7b1485c9f949439118cd7d5d7fd264c57,e7b8fb6960620e54cb880299399651c8ac5613b6344313f55147725620d685ee,static-catalog/entry-argument-sites.jsonl,5,5c393012cb9096ead5f70d93abb6d214d4058a2704963c6c7c80c4ddb5ef9fd1,edb665a50b2f2d498901308be2aba38145dd4d2566a51d5c971a15f266dbe579,ext/bigdecimal/bigdecimal.c,2882,static-catalog/files-scanned.csv,fe76976976e2a77c37581f7075f8f322d5207e396e52255257617abff0d99936,3d690a2cf5d00c86643f0724e534f6b2efc135fad89135f9df7a24ae1698a566,83f51d5a72a9775fa67509b2f465b7fd3b9fa3e0f5da93d68af35cbc4c05ddc5,source_bytes_and_line_range_verified,open_evidence_gap,unchanged_not_reassessed
static-catalog/review-metadata/unresolved-rows.jsonl,6,4bcc2bc7ddc2b38a2b593896f43802e7b1485c9f949439118cd7d5d7fd264c57,1fc1b029f3ed025b44c40f2e4e58eac8a2b3485a7aadff2ee3885e79de7004f9,static-catalog/entry-argument-sites.jsonl,6,5c393012cb9096ead5f70d93abb6d214d4058a2704963c6c7c80c4ddb5ef9fd1,7d2ab59fb2b8a639c29c2205d098fb09bcff7d9a88a14fe2305ad9277c23172f,ext/bigdecimal/bigdecimal.c,2882,static-catalog/files-scanned.csv,fe76976976e2a77c37581f7075f8f322d5207e396e52255257617abff0d99936,3d690a2cf5d00c86643f0724e534f6b2efc135fad89135f9df7a24ae1698a566,83f51d5a72a9775fa67509b2f465b7fd3b9fa3e0f5da93d68af35cbc4c05ddc5,source_bytes_and_line_range_verified,open_evidence_gap,unchanged_not_reassessed
static-catalog/review-metadata/unresolved-rows.jsonl,7,4bcc2bc7ddc2b38a2b593896f43802e7b1485c9f949439118cd7d5d7fd264c57,70fce9a74ac89120aca8a0fcce4313ea79f1a9e27540b1b939c52e8fcf90a796,static-catalog/entry-argument-sites.jsonl,7,5c393012cb9096ead5f70d93abb6d214d4058a2704963c6c7c80c4ddb5ef9fd1,e6f1d3fe3f20ccf70d2e0fe75309630dc606731bb9a2b52d71bbbfbd24037bc0,ext/bigdecimal/bigdecimal.c,2882,static-catalog/files-scanned.csv,fe76976976e2a77c37581f7075f8f322d5207e396e52255257617abff0d99936,3d690a2cf5d00c86643f0724e534f6b2efc135fad89135f9df7a24ae1698a566,83f51d5a72a9775fa67509b2f465b7fd3b9fa3e0f5da93d68af35cbc4c05ddc5,source_bytes_and_line_range_verified,open_evidence_gap,unchanged_not_reassessed
static-catalog/review-metadata/unresolved-rows.jsonl,8,4bcc2bc7ddc2b38a2b593896f43802e7b1485c9f949439118cd7d5d7fd264c57,85b2c12d1f9ce6848d8e4a1187b419a40a04f35307743e51abdceab338172da8,static-catalog/entry-argument-sites.jsonl,8,5c393012cb9096ead5f70d93abb6d214d4058a2704963c6c7c80c4ddb5ef9fd1,025d32f9a0fc18274ec29e21c186f2b0cda58f867e7824e048cc237cee977cdf,ext/bigdecimal/bigdecimal.c,2882,static-catalog/files-scanned.csv,fe76976976e2a77c37581f7075f8f322d5207e396e52255257617abff0d99936,3d690a2cf5d00c86643f0724e534f6b2efc135fad89135f9df7a24ae1698a566,83f51d5a72a9775fa67509b2f465b7fd3b9fa3e0f5da93d68af35cbc4c05ddc5,source_bytes_and_line_range_verified,open_evidence_gap,unchanged_not_reassessed
static-catalog/review-metadata/unresolved-rows.jsonl,9,4bcc2bc7ddc2b38a2b593896f43802e7b1485c9f949439118cd7d5d7fd264c57,41abf16f998b5acb946f45afde6de10429e78bb1101b272c35bdf09a027412d7,static-catalog/entry-argument-sites.jsonl,9,5c393012cb9096ead5f70d93abb6d214d4058a2704963c6c7c80c4ddb5ef9fd1,277eafd6c8533032cf59c93c4a4f91c281499ede2a386a68fa151b483cde6b40,ext/bigdecimal/bigdecimal.c,2882,static-catalog/files-scanned.csv,fe76976976e2a77c37581f7075f8f322d5207e396e52255257617abff0d99936,3d690a2cf5d00c86643f0724e534f6b2efc135fad89135f9df7a24ae1698a566,83f51d5a72a9775fa67509b2f465b7fd3b9fa3e0f5da93d68af35cbc4c05ddc5,source_bytes_and_line_range_verified,open_evidence_gap,unchanged_not_reassessed
static-catalog/review-metadata/unresolved-rows.jsonl,10,4bcc2bc7ddc2b38a2b593896f43802e7b1485c9f949439118cd7d5d7fd264c57,6978f536a806389df533ca1843e80e52584f650547e1b17cce838e2909a8dc68,static-catalog/entry-argument-sites.jsonl,10,5c393012cb9096ead5f70d93abb6d214d4058a2704963c6c7c80c4ddb5ef9fd1,41efaed81855669d4fbc256f59c4bd654305719ec691f5ff9f6869e0514d99cf,ext/bigdecimal/bigdecimal.c,2882,static-catalog/files-scanned.csv,fe76976976e2a77c37581f7075f8f322d5207e396e52255257617abff0d99936,3d690a2cf5d00c86643f0724e534f6b2efc135fad89135f9df7a24ae1698a566,83f51d5a72a9775fa67509b2f465b7fd3b9fa3e0f5da93d68af35cbc4c05ddc5,source_bytes_and_line_range_verified,open_evidence_gap,unchanged_not_reassessed
static-catalog/review-metadata/unresolved-rows.jsonl,11,4bcc2bc7ddc2b38a2b593896f43802e7b1485c9f949439118cd7d5d7fd264c57,8148879470712dd2dcd5b5d57bb99f0cf02b6a05f8872e7ebd76676b73dc2b0e,static-catalog/entry-argument-sites.jsonl,11,5c393012cb9096ead5f70d93abb6d214d4058a2704963c6c7c80c4ddb5ef9fd1,7beb34846ddfb4dd218fc695b7d79fa01c67e659b881233e1ad9f408ae5f289a,ext/bigdecimal/bigdecimal.c,2882,static-catalog/files-scanned.csv,fe76976976e2a77c37581f7075f8f322d5207e396e52255257617abff0d99936,3d690a2cf5d00c86643f0724e534f6b2efc135fad89135f9df7a24ae1698a566,83f51d5a72a9775fa67509b2f465b7fd3b9fa3e0f5da93d68af35cbc4c05ddc5,source_bytes_and_line_range_verified,open_evidence_gap,unchanged_not_reassessed
static-catalog/review-metadata/unresolved-rows.jsonl,12,4bcc2bc7ddc2b38a2b593896f43802e7b1485c9f949439118cd7d5d7fd264c57,6e2dc8867dffffb4af2fc9d0b18f0f1412bd9ea43e745efe772fb216a95eb6e9,static-catalog/entry-argument-sites.jsonl,12,5c393012cb9096ead5f70d93abb6d214d4058a2704963c6c7c80c4ddb5ef9fd1,f4f6a9d202186846e3f8fe4fe3fefe02a72294e408fb91ef7a9252b14da09c10,ext/bigdecimal/bigdecimal.c,2882,static-catalog/files-scanned.csv,fe76976976e2a77c37581f7075f8f322d5207e396e52255257617abff0d99936,3d690a2cf5d00c86643f0724e534f6b2efc135fad89135f9df7a24ae1698a566,83f51d5a72a9775fa67509b2f465b7fd3b9fa3e0f5da93d68af35cbc4c05ddc5,source_bytes_and_line_range_verified,open_evidence_gap,unchanged_not_reassessed
static-catalog/review-metadata/unresolved-rows.jsonl,13,4bcc2bc7ddc2b38a2b593896f43802e7b1485c9f949439118cd7d5d7fd264c57,a3d16e06b5503f699e0768354588910261c660bf04374a0b9ef48572ec336d7e,static-catalog/entry-argument-sites.jsonl,13,5c393012cb9096ead5f70d93abb6d214d4058a2704963c6c7c80c4ddb5ef9fd1,e814d925f7bd7350ea407c70c6ea7d2bf5d7cd6c9cf44250f7f9d759e8461611,ext/bigdecimal/bigdecimal.c,2882,static-catalog/files-scanned.csv,fe76976976e2a77c37581f7075f8f322d5207e396e52255257617abff0d99936,3d690a2cf5d00c86643f0724e534f6b2efc135fad89135f9df7a24ae1698a566,83f51d5a72a9775fa67509b2f465b7fd3b9fa3e0f5da93d68af35cbc4c05ddc5,source_bytes_and_line_range_verified,open_evidence_gap,unchanged_not_reassessed
static-catalog/review-metadata/unresolved-rows.jsonl,14,4bcc2bc7ddc2b38a2b593896f43802e7b1485c9f949439118cd7d5d7fd264c57,ed9a33ead099f49c73b69b633e92a7b2c0934b07de1ce8b4c15dc470eed1fab3,static-catalog/entry-argument-sites.jsonl,14,5c393012cb9096ead5f70d93abb6d214d4058a2704963c6c7c80c4ddb5ef9fd1,2feebf82741029d47d00442b5705d2b8fa657a2c2082ca48272a92385f13f75e,ext/bigdecimal/bigdecimal.c,2882,static-catalog/files-scanned.csv,fe76976976e2a77c37581f7075f8f322d5207e396e52255257617abff0d99936,3d690a2cf5d00c86643f0724e534f6b2efc135fad89135f9df7a24ae1698a566,83f51d5a72a9775fa67509b2f465b7fd3b9fa3e0f5da93d68af35cbc4c05ddc5,source_bytes_and_line_range_verified,open_evidence_gap,unchanged_not_reassessed
static-catalog/review-metadata/unresolved-rows.jsonl,15,4bcc2bc7ddc2b38a2b593896f43802e7b1485c9f949439118cd7d5d7fd264c57,7086ec391585cd529bc1ef18bc8f8e4193014d835182af36cda87f162d325a13,static-catalog/entry-argument-sites.jsonl,15,5c393012cb9096ead5f70d93abb6d214d4058a2704963c6c7c80c4ddb5ef9fd1,149b540197c607d89f79672ad40dba3d55d5b25aef52bffa6272c4215586c0ed,ext/bigdecimal/bigdecimal.c,2516,static-catalog/files-scanned.csv,fe76976976e2a77c37581f7075f8f322d5207e396e52255257617abff0d99936,3d690a2cf5d00c86643f0724e534f6b2efc135fad89135f9df7a24ae1698a566,97d6905c980e03808aeba977bd25565e928099d7107a0fc16b46a575548244dd,source_bytes_and_line_range_verified,open_evidence_gap,unchanged_not_reassessed
static-catalog/review-metadata/unresolved-rows.jsonl,16,4bcc2bc7ddc2b38a2b593896f43802e7b1485c9f949439118cd7d5d7fd264c57,3c0d22f448a0476ad2390d3246d77a835b5e02ab6500b05ac165d4771725ba7b,static-catalog/entry-argument-sites.jsonl,16,5c393012cb9096ead5f70d93abb6d214d4058a2704963c6c7c80c4ddb5ef9fd1,9cb2967e3f95e3a0a555148d2f577415c02e230bd25523e916d2f5abe513ecb5,ext/bigdecimal/bigdecimal.c,2524,static-catalog/files-scanned.csv,fe76976976e2a77c37581f7075f8f322d5207e396e52255257617abff0d99936,3d690a2cf5d00c86643f0724e534f6b2efc135fad89135f9df7a24ae1698a566,819e0368063e438285e15c235717e7098e895da72e0aa0c60581361d6cf52a5b,source_bytes_and_line_range_verified,open_evidence_gap,unchanged_not_reassessed
static-catalog/review-metadata/unresolved-rows.jsonl,17,4bcc2bc7ddc2b38a2b593896f43802e7b1485c9f949439118cd7d5d7fd264c57,8d832f39d31742c123c129423e044ca600487c0fe7784a93429f36002767ccd4,static-catalog/entry-argument-sites.jsonl,17,5c393012cb9096ead5f70d93abb6d214d4058a2704963c6c7c80c4ddb5ef9fd1,0debd1532541991ed8f05bcfe1577c61232d84232a7d6f19829288c626010c37,ext/bigdecimal/bigdecimal.c,2882,static-catalog/files-scanned.csv,fe76976976e2a77c37581f7075f8f322d5207e396e52255257617abff0d99936,3d690a2cf5d00c86643f0724e534f6b2efc135fad89135f9df7a24ae1698a566,83f51d5a72a9775fa67509b2f465b7fd3b9fa3e0f5da93d68af35cbc4c05ddc5,source_bytes_and_line_range_verified,open_evidence_gap,unchanged_not_reassessed
static-catalog/review-metadata/unresolved-rows.jsonl,18,4bcc2bc7ddc2b38a2b593896f43802e7b1485c9f949439118cd7d5d7fd264c57,f97f3f6e7f3a025ef0f31c09ba14dea886015dd8a915c39ae5cec1e7663a4dc6,static-catalog/entry-argument-sites.jsonl,18,5c393012cb9096ead5f70d93abb6d214d4058a2704963c6c7c80c4ddb5ef9fd1,6102fa7c3327aff6ad3b9581e192636fc2201f5045bea9c31a586bccf5244f11,ext/bigdecimal/bigdecimal.c,2882,static-catalog/files-scanned.csv,fe76976976e2a77c37581f7075f8f322d5207e396e52255257617abff0d99936,3d690a2cf5d00c86643f0724e534f6b2efc135fad89135f9df7a24ae1698a566,83f51d5a72a9775fa67509b2f465b7fd3b9fa3e0f5da93d68af35cbc4c05ddc5,source_bytes_and_line_range_verified,open_evidence_gap,unchanged_not_reassessed
static-catalog/review-metadata/unresolved-rows.jsonl,19,4bcc2bc7ddc2b38a2b593896f43802e7b1485c9f949439118cd7d5d7fd264c57,8029ae1b670b4bc34e761ca36fe4d88b1dfdaa6d09d06a031054e1d2a3e3fdc7,static-catalog/entry-argument-sites.jsonl,19,5c393012cb9096ead5f70d93abb6d214d4058a2704963c6c7c80c4ddb5ef9fd1,a6e43c324fd8590bd4a8081dc1241105fed20abc47efdb93179dab607019fc58,ext/bigdecimal/bigdecimal.c,2882,static-catalog/files-scanned.csv,fe76976976e2a77c37581f7075f8f322d5207e396e52255257617abff0d99936,3d690a2cf5d00c86643f0724e534f6b2efc135fad89135f9df7a24ae1698a566,83f51d5a72a9775fa67509b2f465b7fd3b9fa3e0f5da93d68af35cbc4c05ddc5,source_bytes_and_line_range_verified,open_evidence_gap,unchanged_not_reassessed
static-catalog/review-metadata/unresolved-rows.jsonl,20,4bcc2bc7ddc2b38a2b593896f43802e7b1485c9f949439118cd7d5d7fd264c57,664ee1879b9c5c8b9be590bbc1d975ee085d4aad3f4826e74a5d8ec56c635121,static-catalog/entry-argument-sites.jsonl,20,5c393012cb9096ead5f70d93abb6d214d4058a2704963c6c7c80c4ddb5ef9fd1,673c120da8aa9ff148252deccb156ad3f90b11e266e7facd159cf300418f66aa,ext/bigdecimal/bigdecimal.c,2882,static-catalog/files-scanned.csv,fe76976976e2a77c37581f7075f8f322d5207e396e52255257617abff0d99936,3d690a2cf5d00c86643f0724e534f6b2efc135fad89135f9df7a24ae1698a566,83f51d5a72a9775fa67509b2f465b7fd3b9fa3e0f5da93d68af35cbc4c05ddc5,source_bytes_and_line_range_verified,open_evidence_gap,unchanged_not_reassessed
static-catalog/review-metadata/unresolved-rows.jsonl,21,4bcc2bc7ddc2b38a2b593896f43802e7b1485c9f949439118cd7d5d7fd264c57,b9b6fd247da11cd2eb041b146a02a04999ffb33869cbbd173cfdb6502586fed8,static-catalog/entry-argument-sites.jsonl,21,5c393012cb9096ead5f70d93abb6d214d4058a2704963c6c7c80c4ddb5ef9fd1,183542ac6cb011a8286ff23519c93573012e19bbf1ff357eb7d809bce5a9b6cd,ext/bigdecimal/bigdecimal.c,2882,static-catalog/files-scanned.csv,fe76976976e2a77c37581f7075f8f322d5207e396e52255257617abff0d99936,3d690a2cf5d00c86643f0724e534f6b2efc135fad89135f9df7a24ae1698a566,83f51d5a72a9775fa67509b2f465b7fd3b9fa3e0f5da93d68af35cbc4c05ddc5,source_bytes_and_line_range_verified,open_evidence_gap,unchanged_not_reassessed
static-catalog/review-metadata/unresolved-rows.jsonl,22,4bcc2bc7ddc2b38a2b593896f43802e7b1485c9f949439118cd7d5d7fd264c57,2d8944375c7d2a2a9e67d259db54164489c5a3f16cca2fb8fed3f7e5c3575bd8,static-catalog/entry-argument-sites.jsonl,22,5c393012cb9096ead5f70d93abb6d214d4058a2704963c6c7c80c4ddb5ef9fd1,1ce3410aebbf3ab0da7b9d7e1b0afe680098fba3793b6d3b2fa9267a6ba375cb,ext/bigdecimal/bigdecimal.c,801,static-catalog/files-scanned.csv,fe76976976e2a77c37581f7075f8f322d5207e396e52255257617abff0d99936,3d690a2cf5d00c86643f0724e534f6b2efc135fad89135f9df7a24ae1698a566,6b9cf3afde50ec78aef3f8ec621ab34b627a5f5efef17b485b6b6e15d5ff6e73,source_bytes_and_line_range_verified,open_evidence_gap,unchanged_not_reassessed
static-catalog/review-metadata/unresolved-rows.jsonl,23,4bcc2bc7ddc2b38a2b593896f43802e7b1485c9f949439118cd7d5d7fd264c57,2c44562f7e0e165508f73a16fbb14b2d58672920bf2aa3e10141d0ab83a50f64,static-catalog/entry-argument-sites.jsonl,23,5c393012cb9096ead5f70d93abb6d214d4058a2704963c6c7c80c4ddb5ef9fd1,02568f39b2b3231a62a8e6f0c79cea770b81776274a894538a0c7bf41f98d78c,ext/bigdecimal/bigdecimal.c,806,static-catalog/files-scanned.csv,fe76976976e2a77c37581f7075f8f322d5207e396e52255257617abff0d99936,3d690a2cf5d00c86643f0724e534f6b2efc135fad89135f9df7a24ae1698a566,a730b5ff91fa9660540d789f55a39f9c3e509234cb793b3222416b47bd25035b,source_bytes_and_line_range_verified,open_evidence_gap,unchanged_not_reassessed
static-catalog/review-metadata/unresolved-rows.jsonl,24,4bcc2bc7ddc2b38a2b593896f43802e7b1485c9f949439118cd7d5d7fd264c57,f1aa27589a1469106b7cf0d6c71aed217e22cc39f523a70467dd5bb90cb2a664,static-catalog/entry-argument-sites.jsonl,24,5c393012cb9096ead5f70d93abb6d214d4058a2704963c6c7c80c4ddb5ef9fd1,c5af132689cd489cfbb9eeefa4758fb67d9b465910190531ce106a43c498025b,ext/bigdecimal/bigdecimal.c,2882,static-catalog/files-scanned.csv,fe76976976e2a77c37581f7075f8f322d5207e396e52255257617abff0d99936,3d690a2cf5d00c86643f0724e534f6b2efc135fad89135f9df7a24ae1698a566,83f51d5a72a9775fa67509b2f465b7fd3b9fa3e0f5da93d68af35cbc4c05ddc5,source_bytes_and_line_range_verified,open_evidence_gap,unchanged_not_reassessed
static-catalog/review-metadata/unresolved-rows.jsonl,25,4bcc2bc7ddc2b38a2b593896f43802e7b1485c9f949439118cd7d5d7fd264c57,0539a1cbc48340c0213cd32e8ba108f05605fbe2d002774cbd8d675dac976208,static-catalog/entry-argument-sites.jsonl,25,5c393012cb9096ead5f70d93abb6d214d4058a2704963c6c7c80c4ddb5ef9fd1,f0297c8beca259be93b33e33ba5eb168c7f3e36a21c28f41353ac7db04d49c0b,ext/bigdecimal/bigdecimal.c,2882,static-catalog/files-scanned.csv,fe76976976e2a77c37581f7075f8f322d5207e396e52255257617abff0d99936,3d690a2cf5d00c86643f0724e534f6b2efc135fad89135f9df7a24ae1698a566,83f51d5a72a9775fa67509b2f465b7fd3b9fa3e0f5da93d68af35cbc4c05ddc5,source_bytes_and_line_range_verified,open_evidence_gap,unchanged_not_reassessed
static-catalog/review-metadata/unresolved-rows.jsonl,26,4bcc2bc7ddc2b38a2b593896f43802e7b1485c9f949439118cd7d5d7fd264c57,582ab976c9b849f91214dc699c903ad373ba54d0e36d2cb3d81a0d591fa40c50,static-catalog/entry-argument-sites.jsonl,26,5c393012cb9096ead5f70d93abb6d214d4058a2704963c6c7c80c4ddb5ef9fd1,4865cb9f8a264bb21a66465f79369cedb925c916194b0d496456c2186af08f35,ext/bigdecimal/bigdecimal.c,2882,static-catalog/files-scanned.csv,fe76976976e2a77c37581f7075f8f322d5207e396e52255257617abff0d99936,3d690a2cf5d00c86643f0724e534f6b2efc135fad89135f9df7a24ae1698a566,83f51d5a72a9775fa67509b2f465b7fd3b9fa3e0f5da93d68af35cbc4c05ddc5,source_bytes_and_line_range_verified,open_evidence_gap,unchanged_not_reassessed
static-catalog/review-metadata/unresolved-rows.jsonl,27,4bcc2bc7ddc2b38a2b593896f43802e7b1485c9f949439118cd7d5d7fd264c57,f7e2abbaef63824f22d66d94aa728403e968b0ca407e05e2b06870b6e92a226d,static-catalog/entry-argument-sites.jsonl,27,5c393012cb9096ead5f70d93abb6d214d4058a2704963c6c7c80c4ddb5ef9fd1,d06f716a137f4523f0bb8f5ce137c4662a578cb24dd72456e80a0ddcda0a41b0,ext/bigdecimal/bigdecimal.c,2882,static-catalog/files-scanned.csv,fe76976976e2a77c37581f7075f8f322d5207e396e52255257617abff0d99936,3d690a2cf5d00c86643f0724e534f6b2efc135fad89135f9df7a24ae1698a566,83f51d5a72a9775fa67509b2f465b7fd3b9fa3e0f5da93d68af35cbc4c05ddc5,source_bytes_and_line_range_verified,open_evidence_gap,unchanged_not_reassessed
static-catalog/review-metadata/unresolved-rows.jsonl,28,4bcc2bc7ddc2b38a2b593896f43802e7b1485c9f949439118cd7d5d7fd264c57,5cf57396f27110d7e1ba8fed61ee91b607a9776715fbf4663e6794032ac94dbb,static-catalog/entry-argument-sites.jsonl,28,5c393012cb9096ead5f70d93abb6d214d4058a2704963c6c7c80c4ddb5ef9fd1,229e5ae3588647b36bf7d21ace553f98465f6394e13a1dd821d74746ccdcf9a3,ext/bigdecimal/bigdecimal.c,801,static-catalog/files-scanned.csv,fe76976976e2a77c37581f7075f8f322d5207e396e52255257617abff0d99936,3d690a2cf5d00c86643f0724e534f6b2efc135fad89135f9df7a24ae1698a566,6b9cf3afde50ec78aef3f8ec621ab34b627a5f5efef17b485b6b6e15d5ff6e73,source_bytes_and_line_range_verified,open_evidence_gap,unchanged_not_reassessed
static-catalog/review-metadata/unresolved-rows.jsonl,29,4bcc2bc7ddc2b38a2b593896f43802e7b1485c9f949439118cd7d5d7fd264c57,e7699a0f901d16db970f3f3d960cfa7b32fafbaf913c8e553a709cc14c6ee834,static-catalog/entry-argument-sites.jsonl,29,5c393012cb9096ead5f70d93abb6d214d4058a2704963c6c7c80c4ddb5ef9fd1,01cb157dd38d5bda7c5873394b6c59e700f42fd689149e9b6a1b7340ce22ef4d,ext/bigdecimal/bigdecimal.c,806,static-catalog/files-scanned.csv,fe76976976e2a77c37581f7075f8f322d5207e396e52255257617abff0d99936,3d690a2cf5d00c86643f0724e534f6b2efc135fad89135f9df7a24ae1698a566,a730b5ff91fa9660540d789f55a39f9c3e509234cb793b3222416b47bd25035b,source_bytes_and_line_range_verified,open_evidence_gap,unchanged_not_reassessed
static-catalog/review-metadata/unresolved-rows.jsonl,30,4bcc2bc7ddc2b38a2b593896f43802e7b1485c9f949439118cd7d5d7fd264c57,ae7496d2cbe7de1d6d91c2af19dbd2c42c11bce88178c98469408fbba53440ad,static-catalog/entry-argument-sites.jsonl,30,5c393012cb9096ead5f70d93abb6d214d4058a2704963c6c7c80c4ddb5ef9fd1,cfdd762e52b7bf36211e33f9a991c4194f67d22bc8c46d4be3e96a86cb50fe02,ext/bigdecimal/bigdecimal.c,2882,static-catalog/files-scanned.csv,fe76976976e2a77c37581f7075f8f322d5207e396e52255257617abff0d99936,3d690a2cf5d00c86643f0724e534f6b2efc135fad89135f9df7a24ae1698a566,83f51d5a72a9775fa67509b2f465b7fd3b9fa3e0f5da93d68af35cbc4c05ddc5,source_bytes_and_line_range_verified,open_evidence_gap,unchanged_not_reassessed
static-catalog/review-metadata/unresolved-rows.jsonl,31,4bcc2bc7ddc2b38a2b593896f43802e7b1485c9f949439118cd7d5d7fd264c57,77c70817b2080efca9f44dd53c02daa176c12a0278111c5a62d4d2e7c3ff75ee,static-catalog/entry-argument-sites.jsonl,31,5c393012cb9096ead5f70d93abb6d214d4058a2704963c6c7c80c4ddb5ef9fd1,02c33a34ab42d643540d190b5f98ab75ca9f3b45e89180402576d885a69ab107,ext/bigdecimal/bigdecimal.c,2882,static-catalog/files-scanned.csv,fe76976976e2a77c37581f7075f8f322d5207e396e52255257617abff0d99936,3d690a2cf5d00c86643f0724e534f6b2efc135fad89135f9df7a24ae1698a566,83f51d5a72a9775fa67509b2f465b7fd3b9fa3e0f5da93d68af35cbc4c05ddc5,source_bytes_and_line_range_verified,open_evidence_gap,unchanged_not_reassessed
static-catalog/review-metadata/unresolved-rows.jsonl,32,4bcc2bc7ddc2b38a2b593896f43802e7b1485c9f949439118cd7d5d7fd264c57,bbbf31115aa5505515f7c08a2272cc624059a3cd53a33f601e17deafbb04f80b,static-catalog/entry-argument-sites.jsonl,32,5c393012cb9096ead5f70d93abb6d214d4058a2704963c6c7c80c4ddb5ef9fd1,b72d02f55c2827e9e6e5db99725f1196dacc3560e27dbe1776e40ae5c5f98f13,ext/bigdecimal/bigdecimal.c,2882,static-catalog/files-scanned.csv,fe76976976e2a77c37581f7075f8f322d5207e396e52255257617abff0d99936,3d690a2cf5d00c86643f0724e534f6b2efc135fad89135f9df7a24ae1698a566,83f51d5a72a9775fa67509b2f465b7fd3b9fa3e0f5da93d68af35cbc4c05ddc5,source_bytes_and_line_range_verified,open_evidence_gap,unchanged_not_reassessed
static-catalog/review-metadata/unresolved-rows.jsonl,33,4bcc2bc7ddc2b38a2b593896f43802e7b1485c9f949439118cd7d5d7fd264c57,4eda286c748a2a2f35c743628add7dad6f1cfa411cb39b2828f53cdcf4e78487,static-catalog/entry-argument-sites.jsonl,33,5c393012cb9096ead5f70d93abb6d214d4058a2704963c6c7c80c4ddb5ef9fd1,8f768098763eb97b4187e7e479bdff6a5293a5bf6b524603c671220a4840831b,ext/cbor/packer_class.c,91,static-catalog/files-scanned.csv,fe76976976e2a77c37581f7075f8f322d5207e396e52255257617abff0d99936,574cb038896b2237df28b88c83bc1e4ba99f44dc96582f704c7a69bc72642262,4c74062ae093a1978a7dc273770e931d2126340078993edb6c2c239f4676ff1b,source_bytes_and_line_range_verified,open_evidence_gap,unchanged_not_reassessed
static-catalog/review-metadata/unresolved-rows.jsonl,34,4bcc2bc7ddc2b38a2b593896f43802e7b1485c9f949439118cd7d5d7fd264c57,0e92d2396c675be9b11f3ee19c0d9d6b22090fc0066fca8ec5f96280a9922d49,static-catalog/entry-argument-sites.jsonl,34,5c393012cb9096ead5f70d93abb6d214d4058a2704963c6c7c80c4ddb5ef9fd1,df8c17ded49276ed211eb0e81f2d73352c36dec33ef773531d3193c7bb81424d,ext/cbor/buffer_class.c,146,static-catalog/files-scanned.csv,fe76976976e2a77c37581f7075f8f322d5207e396e52255257617abff0d99936,738f5d58f90a9360c7858e33e21b9378eb3994546491b82d303c125c0915f6ec,4c74062ae093a1978a7dc273770e931d2126340078993edb6c2c239f4676ff1b,source_bytes_and_line_range_verified,open_evidence_gap,unchanged_not_reassessed
static-catalog/review-metadata/unresolved-rows.jsonl,35,4bcc2bc7ddc2b38a2b593896f43802e7b1485c9f949439118cd7d5d7fd264c57,c3501ad0e4a8c4a71784a13337ac4ae81002a0ca109eb1e1535cc56ea3e348e4,static-catalog/entry-argument-sites.jsonl,35,5c393012cb9096ead5f70d93abb6d214d4058a2704963c6c7c80c4ddb5ef9fd1,d818b3c02657191390029c88e9b326700db16a13026bab6ab955ab8dc30ebec3,ext/cbor/unpacker_class.c,90,static-catalog/files-scanned.csv,fe76976976e2a77c37581f7075f8f322d5207e396e52255257617abff0d99936,731b3aa5a5d9afeb89ddc0e6fecc836830cbaf9259cd35cef00ec02f446d7a3d,1ac0f96548301ced2b002dfe17013a2d808ace1c6ba724cd85095146fe33f255,source_bytes_and_line_range_verified,open_evidence_gap,unchanged_not_reassessed
static-catalog/review-metadata/unresolved-rows.jsonl,36,4bcc2bc7ddc2b38a2b593896f43802e7b1485c9f949439118cd7d5d7fd264c57,abcb23aef10cbb4ec9907838c23e4c38a580e88be14b31beaf6f06f2582e1d20,static-catalog/entry-argument-sites.jsonl,36,5c393012cb9096ead5f70d93abb6d214d4058a2704963c6c7c80c4ddb5ef9fd1,58899e70a8011f31064ff3a38e7695e283f261aab5adec4a80ae29168e8ad0bd,ext/cgi/escape/escape.c,50,static-catalog/files-scanned.csv,fe76976976e2a77c37581f7075f8f322d5207e396e52255257617abff0d99936,10443f9d92356d1257b9a7bf2dd7f4cd5183e64d5df68fe438d45e966cd70554,310d2b54548a9cc88817702ef1f135a9ba4911123df1e97a3bcfedabc8e6b913,source_bytes_and_line_range_verified,open_evidence_gap,unchanged_not_reassessed
static-catalog/review-metadata/unresolved-rows.jsonl,37,4bcc2bc7ddc2b38a2b593896f43802e7b1485c9f949439118cd7d5d7fd264c57,e3bdc318eba0eb44dabd1a712f85b9b24de6c4030ebce08399a79c06cb597121,static-catalog/entry-argument-sites.jsonl,37,5c393012cb9096ead5f70d93abb6d214d4058a2704963c6c7c80c4ddb5ef9fd1,fe5b8f279b7e6ced73a75939febbf9ba05c9628b38ac4ae003f82556d8ae90da,ext/date/date_core.c,2572,static-catalog/files-scanned.csv,fe76976976e2a77c37581f7075f8f322d5207e396e52255257617abff0d99936,c924c97b67cbe87cb1d1f48197547bfd5d0ecc2007bab5788505908a6b744aa5,b4ed962bc0ea1322604a0a5dcdf87a60ec8fbf800c4add1dd0128df7d226c283,source_bytes_and_line_range_verified,open_evidence_gap,unchanged_not_reassessed
static-catalog/review-metadata/unresolved-rows.jsonl,38,4bcc2bc7ddc2b38a2b593896f43802e7b1485c9f949439118cd7d5d7fd264c57,f7060f1f658e64706dc9bf809ffd9a39e226b78c7f636e5158ff24fa606985ec,static-catalog/entry-argument-sites.jsonl,38,5c393012cb9096ead5f70d93abb6d214d4058a2704963c6c7c80c4ddb5ef9fd1,d4b67780b7d42c290dd032b333aa9fe46336a479040e8893668d59ad0d979899,ext/date/date_core.c,2573,static-catalog/files-scanned.csv,fe76976976e2a77c37581f7075f8f322d5207e396e52255257617abff0d99936,c924c97b67cbe87cb1d1f48197547bfd5d0ecc2007bab5788505908a6b744aa5,8dd853464a8efb2b677250005dc932b9547a261f184b25ecf47207510eb0d21a,source_bytes_and_line_range_verified,open_evidence_gap,unchanged_not_reassessed
static-catalog/review-metadata/unresolved-rows.jsonl,39,4bcc2bc7ddc2b38a2b593896f43802e7b1485c9f949439118cd7d5d7fd264c57,4bc3ef2db1705ab5d2b559c479f2274477b187f2db86f86eb2c460ac98e8a16e,static-catalog/entry-argument-sites.jsonl,39,5c393012cb9096ead5f70d93abb6d214d4058a2704963c6c7c80c4ddb5ef9fd1,951c0b89c4275ff888f822d0ec2a9581a536c8944458b440d056f689e6f5b6b6,ext/date/date_core.c,2574,static-catalog/files-scanned.csv,fe76976976e2a77c37581f7075f8f322d5207e396e52255257617abff0d99936,c924c97b67cbe87cb1d1f48197547bfd5d0ecc2007bab5788505908a6b744aa5,c6eed13a09774354512af69574cd3c18094ae5bb9dfd5dda172605ff2e0b935c,source_bytes_and_line_range_verified,open_evidence_gap,unchanged_not_reassessed
static-catalog/review-metadata/unresolved-rows.jsonl,40,4bcc2bc7ddc2b38a2b593896f43802e7b1485c9f949439118cd7d5d7fd264c57,7b6569041e8c8d4ce8c4ecf5fd4b131cfd3fed8efde52566bf60f396dfa100b0,static-catalog/entry-argument-sites.jsonl,40,5c393012cb9096ead5f70d93abb6d214d4058a2704963c6c7c80c4ddb5ef9fd1,3a7548c94d4b204eab73870e0a41f0bbbc826d75bd08a29b1102ef8d85444857,ext/date/date_core.c,2578,static-catalog/files-scanned.csv,fe76976976e2a77c37581f7075f8f322d5207e396e52255257617abff0d99936,c924c97b67cbe87cb1d1f48197547bfd5d0ecc2007bab5788505908a6b744aa5,83758018b760b1da0d87f6e3d92a2d017e89fabbcbb662e5deb4b0716776d5fe,source_bytes_and_line_range_verified,open_evidence_gap,unchanged_not_reassessed
static-catalog/review-metadata/unresolved-rows.jsonl,41,4bcc2bc7ddc2b38a2b593896f43802e7b1485c9f949439118cd7d5d7fd264c57,db03265976b25ce4947ab202678d6ffa6e17103ffbf2021a8a5e65855c7da440,static-catalog/entry-argument-sites.jsonl,41,5c393012cb9096ead5f70d93abb6d214d4058a2704963c6c7c80c4ddb5ef9fd1,ebf62a4d293b2a5c95daa2d1629c53296951be0bc35208a6addcf990df8640f9,ext/date/date_core.c,2749,static-catalog/files-scanned.csv,fe76976976e2a77c37581f7075f8f322d5207e396e52255257617abff0d99936,c924c97b67cbe87cb1d1f48197547bfd5d0ecc2007bab5788505908a6b744aa5,b4ed962bc0ea1322604a0a5dcdf87a60ec8fbf800c4add1dd0128df7d226c283,source_bytes_and_line_range_verified,open_evidence_gap,unchanged_not_reassessed
static-catalog/review-metadata/unresolved-rows.jsonl,42,4bcc2bc7ddc2b38a2b593896f43802e7b1485c9f949439118cd7d5d7fd264c57,a07be8002a2ae0b2fec7f0fb276d9dbd080d61cb7382507e6bc602b23c0c8af3,static-catalog/entry-argument-sites.jsonl,42,5c393012cb9096ead5f70d93abb6d214d4058a2704963c6c7c80c4ddb5ef9fd1,f1bc3be6e02cc6a631c6fe2aa329274ea96447b95fad041be40d98723b07c240,ext/date/date_core.c,2750,static-catalog/files-scanned.csv,fe76976976e2a77c37581f7075f8f322d5207e396e52255257617abff0d99936,c924c97b67cbe87cb1d1f48197547bfd5d0ecc2007bab5788505908a6b744aa5,e6b826dc38473bf1df0d194bf638536aa99f323dd0efd999e68ea2d1cb23d469,source_bytes_and_line_range_verified,open_evidence_gap,unchanged_not_reassessed
static-catalog/review-metadata/unresolved-rows.jsonl,43,4bcc2bc7ddc2b38a2b593896f43802e7b1485c9f949439118cd7d5d7fd264c57,8c60a7b7b93873b4e9d5b9ddab29c8048415b692ccfa8905f6d0b12003f7214c,static-catalog/entry-argument-sites.jsonl,43,5c393012cb9096ead5f70d93abb6d214d4058a2704963c6c7c80c4ddb5ef9fd1,277ae26580faaa02b5e45fceae7cb41d36b4b5fd68ecb3c0c86163bdb6309cc8,ext/date/date_core.c,2751,static-catalog/files-scanned.csv,fe76976976e2a77c37581f7075f8f322d5207e396e52255257617abff0d99936,c924c97b67cbe87cb1d1f48197547bfd5d0ecc2007bab5788505908a6b744aa5,c6eed13a09774354512af69574cd3c18094ae5bb9dfd5dda172605ff2e0b935c,source_bytes_and_line_range_verified,open_evidence_gap,unchanged_not_reassessed
static-catalog/review-metadata/unresolved-rows.jsonl,44,4bcc2bc7ddc2b38a2b593896f43802e7b1485c9f949439118cd7d5d7fd264c57,5d288fd1f2f51f717785f62bb83fe3094092d09fed3f058b9cfcac71aab5acbc,static-catalog/entry-argument-sites.jsonl,44,5c393012cb9096ead5f70d93abb6d214d4058a2704963c6c7c80c4ddb5ef9fd1,62337a2fb2c84c61abc23b856be88e83f14e9b64dde903af4dbdfc94d4d6d2b7,ext/date/date_core.c,2755,static-catalog/files-scanned.csv,fe76976976e2a77c37581f7075f8f322d5207e396e52255257617abff0d99936,c924c97b67cbe87cb1d1f48197547bfd5d0ecc2007bab5788505908a6b744aa5,83758018b760b1da0d87f6e3d92a2d017e89fabbcbb662e5deb4b0716776d5fe,source_bytes_and_line_range_verified,open_evidence_gap,unchanged_not_reassessed
static-catalog/review-metadata/unresolved-rows.jsonl,45,4bcc2bc7ddc2b38a2b593896f43802e7b1485c9f949439118cd7d5d7fd264c57,1ebf00b349fc3828218bec71041a122c9575d674ee0c461acf6b53690131b176,static-catalog/entry-argument-sites.jsonl,45,5c393012cb9096ead5f70d93abb6d214d4058a2704963c6c7c80c4ddb5ef9fd1,956e71ddb0450a83b0152750d490db37b8197f7fc7e8caca2b5258d47cab1849,ext/date/date_core.c,2572,static-catalog/files-scanned.csv,fe76976976e2a77c37581f7075f8f322d5207e396e52255257617abff0d99936,c924c97b67cbe87cb1d1f48197547bfd5d0ecc2007bab5788505908a6b744aa5,b4ed962bc0ea1322604a0a5dcdf87a60ec8fbf800c4add1dd0128df7d226c283,source_bytes_and_line_range_verified,open_evidence_gap,unchanged_not_reassessed
static-catalog/review-metadata/unresolved-rows.jsonl,46,4bcc2bc7ddc2b38a2b593896f43802e7b1485c9f949439118cd7d5d7fd264c57,f77ccc9c8ed70397f453ba843d688c3a1ed5ac3a5c5b70d69cc00e574f77a834,static-catalog/entry-argument-sites.jsonl,46,5c393012cb9096ead5f70d93abb6d214d4058a2704963c6c7c80c4ddb5ef9fd1,7dbe3e880aa6cd10e6d34529cc36169780e8726dfcf712615a9fb59b0f89c556,ext/date/date_core.c,2573,static-catalog/files-scanned.csv,fe76976976e2a77c37581f7075f8f322d5207e396e52255257617abff0d99936,c924c97b67cbe87cb1d1f48197547bfd5d0ecc2007bab5788505908a6b744aa5,8dd853464a8efb2b677250005dc932b9547a261f184b25ecf47207510eb0d21a,source_bytes_and_line_range_verified,open_evidence_gap,unchanged_not_reassessed
static-catalog/review-metadata/unresolved-rows.jsonl,47,4bcc2bc7ddc2b38a2b593896f43802e7b1485c9f949439118cd7d5d7fd264c57,10d8397a6eb44feb0619b028de781cc24458a47861531a5d2622408cf193b26a,static-catalog/entry-argument-sites.jsonl,47,5c393012cb9096ead5f70d93abb6d214d4058a2704963c6c7c80c4ddb5ef9fd1,f9007930601e871bf01bb610cfb9d42d10184bd7781a0fbb91c4aea4f7a13e48,ext/date/date_core.c,2574,static-catalog/files-scanned.csv,fe76976976e2a77c37581f7075f8f322d5207e396e52255257617abff0d99936,c924c97b67cbe87cb1d1f48197547bfd5d0ecc2007bab5788505908a6b744aa5,c6eed13a09774354512af69574cd3c18094ae5bb9dfd5dda172605ff2e0b935c,source_bytes_and_line_range_verified,open_evidence_gap,unchanged_not_reassessed
static-catalog/review-metadata/unresolved-rows.jsonl,48,4bcc2bc7ddc2b38a2b593896f43802e7b1485c9f949439118cd7d5d7fd264c57,456824cc771fcbd495a1eca6316f5fee27c470c9ee5f8f0e759aa00c1de621e7,static-catalog/entry-argument-sites.jsonl,48,5c393012cb9096ead5f70d93abb6d214d4058a2704963c6c7c80c4ddb5ef9fd1,8e34aaee0d7acd3f4af16ed391ecc396e87b4c09039f5ff1b24c551062026cbe,ext/date/date_core.c,2578,static-catalog/files-scanned.csv,fe76976976e2a77c37581f7075f8f322d5207e396e52255257617abff0d99936,c924c97b67cbe87cb1d1f48197547bfd5d0ecc2007bab5788505908a6b744aa5,83758018b760b1da0d87f6e3d92a2d017e89fabbcbb662e5deb4b0716776d5fe,source_bytes_and_line_range_verified,open_evidence_gap,unchanged_not_reassessed
static-catalog/review-metadata/unresolved-rows.jsonl,49,4bcc2bc7ddc2b38a2b593896f43802e7b1485c9f949439118cd7d5d7fd264c57,9cfec237bb0ec895c8dbcfb0a9562c9fed0e87100921f87fe68a417f4cd6aec7,static-catalog/entry-argument-sites.jsonl,49,5c393012cb9096ead5f70d93abb6d214d4058a2704963c6c7c80c4ddb5ef9fd1,e62cfc6d5bdccb11cb67a890bb1b12375be493503139fab23e3a7894c3c541ca,ext/date/date_core.c,2482,static-catalog/files-scanned.csv,fe76976976e2a77c37581f7075f8f322d5207e396e52255257617abff0d99936,c924c97b67cbe87cb1d1f48197547bfd5d0ecc2007bab5788505908a6b744aa5,e11b18df2d5042dc22530542607ebae44b2b067a0b94af0a888d36b1b9ae70ac,source_bytes_and_line_range_verified,open_evidence_gap,unchanged_not_reassessed
static-catalog/review-metadata/unresolved-rows.jsonl,50,4bcc2bc7ddc2b38a2b593896f43802e7b1485c9f949439118cd7d5d7fd264c57,c806e702f56999ba621c0c4ec387121b1eb28372b988e496ef6f633ae366619f,static-catalog/entry-argument-sites.jsonl,50,5c393012cb9096ead5f70d93abb6d214d4058a2704963c6c7c80c4ddb5ef9fd1,7b6e1a923d1902fb15f8d774660d9ca9cb533b5f7759456540332dfd354b9962,ext/date/date_core.c,2486,static-catalog/files-scanned.csv,fe76976976e2a77c37581f7075f8f322d5207e396e52255257617abff0d99936,c924c97b67cbe87cb1d1f48197547bfd5d0ecc2007bab5788505908a6b744aa5,c9b9c41679059066544511b0fc5d010e837d82843ebbca7222c0cf152bf0a0d7,source_bytes_and_line_range_verified,open_evidence_gap,unchanged_not_reassessed
static-catalog/review-metadata/unresolved-rows.jsonl,51,4bcc2bc7ddc2b38a2b593896f43802e7b1485c9f949439118cd7d5d7fd264c57,32d90f5fbfea91749f5fe4322e05bf55be97809db59fdc2c60a96407369afa36,static-catalog/entry-argument-sites.jsonl,51,5c393012cb9096ead5f70d93abb6d214d4058a2704963c6c7c80c4ddb5ef9fd1,527c3493219709e541ced2ad05175309c7726320de218e9176b8f1bd79b31eac,ext/date/date_core.c,2916,static-catalog/files-scanned.csv,fe76976976e2a77c37581f7075f8f322d5207e396e52255257617abff0d99936,c924c97b67cbe87cb1d1f48197547bfd5d0ecc2007bab5788505908a6b744aa5,b4ed962bc0ea1322604a0a5dcdf87a60ec8fbf800c4add1dd0128df7d226c283,source_bytes_and_line_range_verified,open_evidence_gap,unchanged_not_reassessed
static-catalog/review-metadata/unresolved-rows.jsonl,52,4bcc2bc7ddc2b38a2b593896f43802e7b1485c9f949439118cd7d5d7fd264c57,833d2afb53e2e76fcfa2dc55d9b65be23321ad58c3628b2ca505900f83e27458,static-catalog/entry-argument-sites.jsonl,52,5c393012cb9096ead5f70d93abb6d214d4058a2704963c6c7c80c4ddb5ef9fd1,36faa198b6d3f2d2b575729f93c89cde9d53657fa148cc9b38e213f9a639c919,ext/date/date_core.c,2917,static-catalog/files-scanned.csv,fe76976976e2a77c37581f7075f8f322d5207e396e52255257617abff0d99936,c924c97b67cbe87cb1d1f48197547bfd5d0ecc2007bab5788505908a6b744aa5,8dd853464a8efb2b677250005dc932b9547a261f184b25ecf47207510eb0d21a,source_bytes_and_line_range_verified,open_evidence_gap,unchanged_not_reassessed
static-catalog/review-metadata/unresolved-rows.jsonl,53,4bcc2bc7ddc2b38a2b593896f43802e7b1485c9f949439118cd7d5d7fd264c57,748744aa46fd4f59079a4c90ada788d3d27c5d7db2fbc23beaecc2cdd843e969,static-catalog/entry-argument-sites.jsonl,53,5c393012cb9096ead5f70d93abb6d214d4058a2704963c6c7c80c4ddb5ef9fd1,56885daddcd6ac2612c8ee6ab2d47c06babb452d744401fc47dce692a50515b8,ext/date/date_core.c,2918,static-catalog/files-scanned.csv,fe76976976e2a77c37581f7075f8f322d5207e396e52255257617abff0d99936,c924c97b67cbe87cb1d1f48197547bfd5d0ecc2007bab5788505908a6b744aa5,82933f9a4b42f9230566130f395434637983480193a3961a8704fa696ea411db,source_bytes_and_line_range_verified,open_evidence_gap,unchanged_not_reassessed
static-catalog/review-metadata/unresolved-rows.jsonl,54,4bcc2bc7ddc2b38a2b593896f43802e7b1485c9f949439118cd7d5d7fd264c57,ef967cbd4123b1e6d76e770c2e6d45cdfdad52329324ead8ffc50f88fcf5b626,static-catalog/entry-argument-sites.jsonl,54,5c393012cb9096ead5f70d93abb6d214d4058a2704963c6c7c80c4ddb5ef9fd1,9341f61926b40cf3b134f4a1a5ff6ff30feadd0a65a2947c4cfa4f461ade35b0,ext/date/date_core.c,2919,static-catalog/files-scanned.csv,fe76976976e2a77c37581f7075f8f322d5207e396e52255257617abff0d99936,c924c97b67cbe87cb1d1f48197547bfd5d0ecc2007bab5788505908a6b744aa5,e366a998980e198ac2a5be1e41b45e373d40854011659ff376539215027babb5,source_bytes_and_line_range_verified,open_evidence_gap,unchanged_not_reassessed
static-catalog/review-metadata/unresolved-rows.jsonl,55,4bcc2bc7ddc2b38a2b593896f43802e7b1485c9f949439118cd7d5d7fd264c57,6c352123a7d8fbe890674ea2b4e448f250622a33bdf677d0cae5310fe28ed160,static-catalog/entry-argument-sites.jsonl,55,5c393012cb9096ead5f70d93abb6d214d4058a2704963c6c7c80c4ddb5ef9fd1,e34a13f600608263a85a1db188ee9b9fdb968e25db181000a3bc26ba73cb43cd,ext/date/date_core.c,2923,static-catalog/files-scanned.csv,fe76976976e2a77c37581f7075f8f322d5207e396e52255257617abff0d99936,c924c97b67cbe87cb1d1f48197547bfd5d0ecc2007bab5788505908a6b744aa5,251a0d491bf6d0ae9331aabfb0cd6118ab8bd07cb425f6e7f5be474ac3147144,source_bytes_and_line_range_verified,open_evidence_gap,unchanged_not_reassessed
static-catalog/review-metadata/unresolved-rows.jsonl,56,4bcc2bc7ddc2b38a2b593896f43802e7b1485c9f949439118cd7d5d7fd264c57,efdc405d2372774927d2896d1a39f9963d695d580854dfdb99c23f48e444a41b,static-catalog/entry-argument-sites.jsonl,56,5c393012cb9096ead5f70d93abb6d214d4058a2704963c6c7c80c4ddb5ef9fd1,82d57f607843e74c7e8b7e7de44735671a6b573788608a85e65bf55a5df91e46,ext/date/date_core.c,2662,static-catalog/files-scanned.csv,fe76976976e2a77c37581f7075f8f322d5207e396e52255257617abff0d99936,c924c97b67cbe87cb1d1f48197547bfd5d0ecc2007bab5788505908a6b744aa5,b4ed962bc0ea1322604a0a5dcdf87a60ec8fbf800c4add1dd0128df7d226c283,source_bytes_and_line_range_verified,open_evidence_gap,unchanged_not_reassessed
static-catalog/review-metadata/unresolved-rows.jsonl,57,4bcc2bc7ddc2b38a2b593896f43802e7b1485c9f949439118cd7d5d7fd264c57,cfb964782a382d79c019ebad15ec16d5d4f743facc453c102bda3830e974ab9a,static-catalog/entry-argument-sites.jsonl,57,5c393012cb9096ead5f70d93abb6d214d4058a2704963c6c7c80c4ddb5ef9fd1,72a5024d1da665205c9ba9c73afab226c1b14d0f293ef039af5f91f145cd69a0,ext/date/date_core.c,2663,static-catalog/files-scanned.csv,fe76976976e2a77c37581f7075f8f322d5207e396e52255257617abff0d99936,c924c97b67cbe87cb1d1f48197547bfd5d0ecc2007bab5788505908a6b744aa5,fb5756ec0c0a207b1c3a8a8d209079db42a5b1e24953f40c091cca69076328c9,source_bytes_and_line_range_verified,open_evidence_gap,unchanged_not_reassessed
static-catalog/review-metadata/unresolved-rows.jsonl,58,4bcc2bc7ddc2b38a2b593896f43802e7b1485c9f949439118cd7d5d7fd264c57,08c372c96bb7c6b5477bcc9fdb229aa345e27c46dd99bd0f3c811b6e1d492b80,static-catalog/entry-argument-sites.jsonl,58,5c393012cb9096ead5f70d93abb6d214d4058a2704963c6c7c80c4ddb5ef9fd1,135bd03d0a69533ad62cf8af6039c8242d02d56710f3107e27149fef4f06dc5b,ext/date/date_core.c,2667,static-catalog/files-scanned.csv,fe76976976e2a77c37581f7075f8f322d5207e396e52255257617abff0d99936,c924c97b67cbe87cb1d1f48197547bfd5d0ecc2007bab5788505908a6b744aa5,6ccdcabcbf4d39cafa5124bfcb1dd05983fa8e6b23f1fabac4deefe0ff0e412f,source_bytes_and_line_range_verified,open_evidence_gap,unchanged_not_reassessed
static-catalog/review-metadata/unresolved-rows.jsonl,59,4bcc2bc7ddc2b38a2b593896f43802e7b1485c9f949439118cd7d5d7fd264c57,3f5287a2be2caf2c144d94f15d88e7ecb71db17ded5d6f895ba7be3ca842c676,static-catalog/entry-argument-sites.jsonl,59,5c393012cb9096ead5f70d93abb6d214d4058a2704963c6c7c80c4ddb5ef9fd1,b7afc6115b161804dd5f89ad9f4309c81fc1440118eb694ffd0da71fca45af52,ext/date/date_core.c,2843,static-catalog/files-scanned.csv,fe76976976e2a77c37581f7075f8f322d5207e396e52255257617abff0d99936,c924c97b67cbe87cb1d1f48197547bfd5d0ecc2007bab5788505908a6b744aa5,b4ed962bc0ea1322604a0a5dcdf87a60ec8fbf800c4add1dd0128df7d226c283,source_bytes_and_line_range_verified,open_evidence_gap,unchanged_not_reassessed
static-catalog/review-metadata/unresolved-rows.jsonl,60,4bcc2bc7ddc2b38a2b593896f43802e7b1485c9f949439118cd7d5d7fd264c57,8bfd22c57bca778d72e3fecb049d6e2e40ae7017d044a43da31a403f7d6f52c1,static-catalog/entry-argument-sites.jsonl,60,5c393012cb9096ead5f70d93abb6d214d4058a2704963c6c7c80c4ddb5ef9fd1,8bf6f62d3773dd2b927edef8f7f0314842b51bed2ea6d24bcaa94d478be5a7a6,ext/date/date_core.c,2844,static-catalog/files-scanned.csv,fe76976976e2a77c37581f7075f8f322d5207e396e52255257617abff0d99936,c924c97b67cbe87cb1d1f48197547bfd5d0ecc2007bab5788505908a6b744aa5,e6b826dc38473bf1df0d194bf638536aa99f323dd0efd999e68ea2d1cb23d469,source_bytes_and_line_range_verified,open_evidence_gap,unchanged_not_reassessed
static-catalog/review-metadata/unresolved-rows.jsonl,61,4bcc2bc7ddc2b38a2b593896f43802e7b1485c9f949439118cd7d5d7fd264c57,8eb49b7674dc8eb5859fd3478e2638540ad7847326179801aad32a3dcda5cad1,static-catalog/entry-argument-sites.jsonl,61,5c393012cb9096ead5f70d93abb6d214d4058a2704963c6c7c80c4ddb5ef9fd1,7a388769179736a7ec478eb7a2e79bf8cfdbe10ed4859a005ca7e40dc11fb365,ext/date/date_core.c,2845,static-catalog/files-scanned.csv,fe76976976e2a77c37581f7075f8f322d5207e396e52255257617abff0d99936,c924c97b67cbe87cb1d1f48197547bfd5d0ecc2007bab5788505908a6b744aa5,c6eed13a09774354512af69574cd3c18094ae5bb9dfd5dda172605ff2e0b935c,source_bytes_and_line_range_verified,open_evidence_gap,unchanged_not_reassessed
static-catalog/review-metadata/unresolved-rows.jsonl,62,4bcc2bc7ddc2b38a2b593896f43802e7b1485c9f949439118cd7d5d7fd264c57,69e6c461f743691df3ecb952e6f5e4fa56d96dfec3f26bfecf065f50c7c25978,static-catalog/entry-argument-sites.jsonl,62,5c393012cb9096ead5f70d93abb6d214d4058a2704963c6c7c80c4ddb5ef9fd1,7b07d90961bf806305c6d0dd0bc8b29113a22b8a5600d4be9bcd5cf148e39760,ext/date/date_core.c,2846,static-catalog/files-scanned.csv,fe76976976e2a77c37581f7075f8f322d5207e396e52255257617abff0d99936,c924c97b67cbe87cb1d1f48197547bfd5d0ecc2007bab5788505908a6b744aa5,14b78e82bd24d2767a837b05594a8d3e717ade7e3d7fa80ec2d26cfb3bf03d34,source_bytes_and_line_range_verified,open_evidence_gap,unchanged_not_reassessed
static-catalog/review-metadata/unresolved-rows.jsonl,63,4bcc2bc7ddc2b38a2b593896f43802e7b1485c9f949439118cd7d5d7fd264c57,2efa2842b6747fa915395cc89bd2d236027c375b01a15eab171410458e4e457e,static-catalog/entry-argument-sites.jsonl,63,5c393012cb9096ead5f70d93abb6d214d4058a2704963c6c7c80c4ddb5ef9fd1,dac353a317d713a72fde8ad240f862dcfdf3070a0faa05989ca1590667a3d13d,ext/date/date_core.c,2850,static-catalog/files-scanned.csv,fe76976976e2a77c37581f7075f8f322d5207e396e52255257617abff0d99936,c924c97b67cbe87cb1d1f48197547bfd5d0ecc2007bab5788505908a6b744aa5,251a0d491bf6d0ae9331aabfb0cd6118ab8bd07cb425f6e7f5be474ac3147144,source_bytes_and_line_range_verified,open_evidence_gap,unchanged_not_reassessed
static-catalog/review-metadata/unresolved-rows.jsonl,64,4bcc2bc7ddc2b38a2b593896f43802e7b1485c9f949439118cd7d5d7fd264c57,c011c578f5d9ce4f3f991c3ee39f907c240ae57e161d9f6d622d1b262d100279,static-catalog/entry-argument-sites.jsonl,64,5c393012cb9096ead5f70d93abb6d214d4058a2704963c6c7c80c4ddb5ef9fd1,7a1fcfce193a2c17113419278976874f17ec13a935fa98365d6e9fe30a53e95b,ext/date/date_core.c,7451,static-catalog/files-scanned.csv,fe76976976e2a77c37581f7075f8f322d5207e396e52255257617abff0d99936,c924c97b67cbe87cb1d1f48197547bfd5d0ecc2007bab5788505908a6b744aa5,068d2409da2a557b50a1f917919134fea46a7c2da22631e41f4ca3dcea3c7d70,source_bytes_and_line_range_verified,open_evidence_gap,unchanged_not_reassessed
static-catalog/review-metadata/unresolved-rows.jsonl,65,4bcc2bc7ddc2b38a2b593896f43802e7b1485c9f949439118cd7d5d7fd264c57,1c688bc7d35e8d8c542a51eff85cf5ae1546395005571aee4706b89efc889699,static-catalog/entry-argument-sites.jsonl,65,5c393012cb9096ead5f70d93abb6d214d4058a2704963c6c7c80c4ddb5ef9fd1,8133b020a266d653f6b44b059cb2b30209cdefe1293212c9cc61a31acb74e237,ext/date/date_core.c,4939,static-catalog/files-scanned.csv,fe76976976e2a77c37581f7075f8f322d5207e396e52255257617abff0d99936,c924c97b67cbe87cb1d1f48197547bfd5d0ecc2007bab5788505908a6b744aa5,923feb1e12526cef4d2b4fb3a1de1a7a2446c2f796da6b67402b989d26369c09,source_bytes_and_line_range_verified,open_evidence_gap,unchanged_not_reassessed
static-catalog/review-metadata/unresolved-rows.jsonl,66,4bcc2bc7ddc2b38a2b593896f43802e7b1485c9f949439118cd7d5d7fd264c57,24712388275a0f36b6ae189cbcee927cb2d7a3be19a8d93ef7bd1ba3c5174bd4,static-catalog/entry-argument-sites.jsonl,66,5c393012cb9096ead5f70d93abb6d214d4058a2704963c6c7c80c4ddb5ef9fd1,ce3025e6ce1502de1f9eec4bc5563236121c3eaf56bdb5baaed072f97a76de87,ext/date/date_core.c,8642,static-catalog/files-scanned.csv,fe76976976e2a77c37581f7075f8f322d5207e396e52255257617abff0d99936,c924c97b67cbe87cb1d1f48197547bfd5d0ecc2007bab5788505908a6b744aa5,923feb1e12526cef4d2b4fb3a1de1a7a2446c2f796da6b67402b989d26369c09,source_bytes_and_line_range_verified,open_evidence_gap,unchanged_not_reassessed
static-catalog/review-metadata/unresolved-rows.jsonl,67,4bcc2bc7ddc2b38a2b593896f43802e7b1485c9f949439118cd7d5d7fd264c57,c3eb7ddc63e238b35254b692b3ef3715e13920a6f76563a4d365c36a5e0e6e4f,static-catalog/entry-argument-sites.jsonl,67,5c393012cb9096ead5f70d93abb6d214d4058a2704963c6c7c80c4ddb5ef9fd1,c24d1ea729eedf470e56d4bf82bee26cca3241a3160512fd8fdf014de7b931e8,ext/date/date_core.c,4663,static-catalog/files-scanned.csv,fe76976976e2a77c37581f7075f8f322d5207e396e52255257617abff0d99936,c924c97b67cbe87cb1d1f48197547bfd5d0ecc2007bab5788505908a6b744aa5,923feb1e12526cef4d2b4fb3a1de1a7a2446c2f796da6b67402b989d26369c09,source_bytes_and_line_range_verified,open_evidence_gap,unchanged_not_reassessed
static-catalog/review-metadata/unresolved-rows.jsonl,68,4bcc2bc7ddc2b38a2b593896f43802e7b1485c9f949439118cd7d5d7fd264c57,097203139a0524c953edaf3d2082b76926c55955242ff4fba1539959bd25f0dc,static-catalog/entry-argument-sites.jsonl,68,5c393012cb9096ead5f70d93abb6d214d4058a2704963c6c7c80c4ddb5ef9fd1,2005c21f0da476b568d93c25e9bf59df8479ae4d659d72d0ed9608176c57026a,ext/date/date_core.c,8485,static-catalog/files-scanned.csv,fe76976976e2a77c37581f7075f8f322d5207e396e52255257617abff0d99936,c924c97b67cbe87cb1d1f48197547bfd5d0ecc2007bab5788505908a6b744aa5,923feb1e12526cef4d2b4fb3a1de1a7a2446c2f796da6b67402b989d26369c09,source_bytes_and_line_range_verified,open_evidence_gap,unchanged_not_reassessed
static-catalog/review-metadata/unresolved-rows.jsonl,69,4bcc2bc7ddc2b38a2b593896f43802e7b1485c9f949439118cd7d5d7fd264c57,4c8e944d96c9221c2b21ad03cf3288888af82a294fd9cd298a4cd9b350571b74,static-catalog/entry-argument-sites.jsonl,69,5c393012cb9096ead5f70d93abb6d214d4058a2704963c6c7c80c4ddb5ef9fd1,16146ea25060c00fb1e7176675aacb715711ff524696bbc63656784b1e829d6f,ext/date/date_core.c,5011,static-catalog/files-scanned.csv,fe76976976e2a77c37581f7075f8f322d5207e396e52255257617abff0d99936,c924c97b67cbe87cb1d1f48197547bfd5d0ecc2007bab5788505908a6b744aa5,923feb1e12526cef4d2b4fb3a1de1a7a2446c2f796da6b67402b989d26369c09,source_bytes_and_line_range_verified,open_evidence_gap,unchanged_not_reassessed
static-catalog/review-metadata/unresolved-rows.jsonl,70,4bcc2bc7ddc2b38a2b593896f43802e7b1485c9f949439118cd7d5d7fd264c57,7d801f0047c39f32165ad158acb4ca75896c4244fed90ab7513ea5c49c5ec3f5,static-catalog/entry-argument-sites.jsonl,70,5c393012cb9096ead5f70d93abb6d214d4058a2704963c6c7c80c4ddb5ef9fd1,3d23145b7773e7e8c81f46b1221b1920b5cdb494fdcb5ad610696a03a74cc673,ext/date/date_core.c,8686,static-catalog/files-scanned.csv,fe76976976e2a77c37581f7075f8f322d5207e396e52255257617abff0d99936,c924c97b67cbe87cb1d1f48197547bfd5d0ecc2007bab5788505908a6b744aa5,923feb1e12526cef4d2b4fb3a1de1a7a2446c2f796da6b67402b989d26369c09,source_bytes_and_line_range_verified,open_evidence_gap,unchanged_not_reassessed
static-catalog/review-metadata/unresolved-rows.jsonl,71,4bcc2bc7ddc2b38a2b593896f43802e7b1485c9f949439118cd7d5d7fd264c57,5a5893731014a2b6c685cbd2166beb2b830a7e369f682fb04742a2d871feb838,static-catalog/entry-argument-sites.jsonl,71,5c393012cb9096ead5f70d93abb6d214d4058a2704963c6c7c80c4ddb5ef9fd1,9fffac7fd35d304da96d8abd9a098145370062560aff91846c113e10e5fb2491,ext/date/date_core.c,4586,static-catalog/files-scanned.csv,fe76976976e2a77c37581f7075f8f322d5207e396e52255257617abff0d99936,c924c97b67cbe87cb1d1f48197547bfd5d0ecc2007bab5788505908a6b744aa5,923feb1e12526cef4d2b4fb3a1de1a7a2446c2f796da6b67402b989d26369c09,source_bytes_and_line_range_verified,open_evidence_gap,unchanged_not_reassessed
static-catalog/review-metadata/unresolved-rows.jsonl,72,4bcc2bc7ddc2b38a2b593896f43802e7b1485c9f949439118cd7d5d7fd264c57,7db7cf20f41cf4b403b4cbf60ce14f9879456db5b95e5194e4859c985dae2e85,static-catalog/entry-argument-sites.jsonl,72,5c393012cb9096ead5f70d93abb6d214d4058a2704963c6c7c80c4ddb5ef9fd1,e657b9397d4ac3ed9c2fc1413e7ded9e05ac17fc7323d930a60756a3e00b8eb0,ext/date/date_core.c,8441,static-catalog/files-scanned.csv,fe76976976e2a77c37581f7075f8f322d5207e396e52255257617abff0d99936,c924c97b67cbe87cb1d1f48197547bfd5d0ecc2007bab5788505908a6b744aa5,923feb1e12526cef4d2b4fb3a1de1a7a2446c2f796da6b67402b989d26369c09,source_bytes_and_line_range_verified,open_evidence_gap,unchanged_not_reassessed
static-catalog/review-metadata/unresolved-rows.jsonl,73,4bcc2bc7ddc2b38a2b593896f43802e7b1485c9f949439118cd7d5d7fd264c57,8280b2b020ae0cd191ab4eb35552b03946d082c75efe009730c22b3cdf6123e1,static-catalog/entry-argument-sites.jsonl,73,5c393012cb9096ead5f70d93abb6d214d4058a2704963c6c7c80c4ddb5ef9fd1,8fb96e48ec9d1d373bafb77ab439542ccda391897d3940cc8dc110d4ce696e30,ext/date/date_core.c,4587,static-catalog/files-scanned.csv,fe76976976e2a77c37581f7075f8f322d5207e396e52255257617abff0d99936,c924c97b67cbe87cb1d1f48197547bfd5d0ecc2007bab5788505908a6b744aa5,d1eb7465a18034fa508a3140e56fd1f802ff4d8c412f3d806d589de78572564f,source_bytes_and_line_range_verified,open_evidence_gap,unchanged_not_reassessed
static-catalog/review-metadata/unresolved-rows.jsonl,74,4bcc2bc7ddc2b38a2b593896f43802e7b1485c9f949439118cd7d5d7fd264c57,2e0ae112abfdc229996d6edcd1005ad1dbdc35cf104cf38d9580948b49998a5d,static-catalog/entry-argument-sites.jsonl,74,5c393012cb9096ead5f70d93abb6d214d4058a2704963c6c7c80c4ddb5ef9fd1,acb9068ebfb198b33969ccf905b4e045095bbba41f6a900b7c797a7f59380ce0,ext/date/date_core.c,8442,static-catalog/files-scanned.csv,fe76976976e2a77c37581f7075f8f322d5207e396e52255257617abff0d99936,c924c97b67cbe87cb1d1f48197547bfd5d0ecc2007bab5788505908a6b744aa5,d1eb7465a18034fa508a3140e56fd1f802ff4d8c412f3d806d589de78572564f,source_bytes_and_line_range_verified,open_evidence_gap,unchanged_not_reassessed
static-catalog/review-metadata/unresolved-rows.jsonl,75,4bcc2bc7ddc2b38a2b593896f43802e7b1485c9f949439118cd7d5d7fd264c57,fe75f88c0fd4d2370a25a9673bc64f425dc4c8a9580a87af8de40e4ea67bcb65,static-catalog/entry-argument-sites.jsonl,75,5c393012cb9096ead5f70d93abb6d214d4058a2704963c6c7c80c4ddb5ef9fd1,c824846137d044ea55169a642b30d7d8a015907480f2765aa4963dd29835319f,ext/date/date_core.c,4871,static-catalog/files-scanned.csv,fe76976976e2a77c37581f7075f8f322d5207e396e52255257617abff0d99936,c924c97b67cbe87cb1d1f48197547bfd5d0ecc2007bab5788505908a6b744aa5,923feb1e12526cef4d2b4fb3a1de1a7a2446c2f796da6b67402b989d26369c09,source_bytes_and_line_range_verified,open_evidence_gap,unchanged_not_reassessed
static-catalog/review-metadata/unresolved-rows.jsonl,76,4bcc2bc7ddc2b38a2b593896f43802e7b1485c9f949439118cd7d5d7fd264c57,9e867dadfaab962c9fa71d1c6eee32e46174eb3d2a1faf5fe96e1e2f1e7a7b1a,static-catalog/entry-argument-sites.jsonl,76,5c393012cb9096ead5f70d93abb6d214d4058a2704963c6c7c80c4ddb5ef9fd1,55a219eb2d6796f27a47ce4e049e4693be77c18e6a9b82e8167ba9d44dd02d18,ext/date/date_core.c,8603,static-catalog/files-scanned.csv,fe76976976e2a77c37581f7075f8f322d5207e396e52255257617abff0d99936,c924c97b67cbe87cb1d1f48197547bfd5d0ecc2007bab5788505908a6b744aa5,923feb1e12526cef4d2b4fb3a1de1a7a2446c2f796da6b67402b989d26369c09,source_bytes_and_line_range_verified,open_evidence_gap,unchanged_not_reassessed
static-catalog/review-metadata/unresolved-rows.jsonl,77,4bcc2bc7ddc2b38a2b593896f43802e7b1485c9f949439118cd7d5d7fd264c57,63d9384a8f5af27e2b5cafd4f675ebb3f619a567ede7620227ecdb3499d5af92,static-catalog/entry-argument-sites.jsonl,77,5c393012cb9096ead5f70d93abb6d214d4058a2704963c6c7c80c4ddb5ef9fd1,ccf5e814b026bdfafe90d088c88069572f242163df333db4457098218e985ef5,ext/date/date_core.c,4733,static-catalog/files-scanned.csv,fe76976976e2a77c37581f7075f8f322d5207e396e52255257617abff0d99936,c924c97b67cbe87cb1d1f48197547bfd5d0ecc2007bab5788505908a6b744aa5,923feb1e12526cef4d2b4fb3a1de1a7a2446c2f796da6b67402b989d26369c09,source_bytes_and_line_range_verified,open_evidence_gap,unchanged_not_reassessed
static-catalog/review-metadata/unresolved-rows.jsonl,78,4bcc2bc7ddc2b38a2b593896f43802e7b1485c9f949439118cd7d5d7fd264c57,1b93a2faa81882a56f2c1546d6f6c7e85102d96ed42d4a64181851e01413a270,static-catalog/entry-argument-sites.jsonl,78,5c393012cb9096ead5f70d93abb6d214d4058a2704963c6c7c80c4ddb5ef9fd1,bc733837912dac2c3df81d4280f6824950fae0fddcf03786b0d8f45c22d8f2c3,ext/date/date_core.c,8524,static-catalog/files-scanned.csv,fe76976976e2a77c37581f7075f8f322d5207e396e52255257617abff0d99936,c924c97b67cbe87cb1d1f48197547bfd5d0ecc2007bab5788505908a6b744aa5,923feb1e12526cef4d2b4fb3a1de1a7a2446c2f796da6b67402b989d26369c09,source_bytes_and_line_range_verified,open_evidence_gap,unchanged_not_reassessed
static-catalog/review-metadata/unresolved-rows.jsonl,79,4bcc2bc7ddc2b38a2b593896f43802e7b1485c9f949439118cd7d5d7fd264c57,ec783263834e7db6ec62b122c1c5a4dc7139806c3488973a67b26e14f95e69a4,static-catalog/entry-argument-sites.jsonl,79,5c393012cb9096ead5f70d93abb6d214d4058a2704963c6c7c80c4ddb5ef9fd1,b21b8ab0f518558877dfe0220ca229f77f51ccb7dc4dce6695a74b5610456419,ext/date/date_core.c,4871,static-catalog/files-scanned.csv,fe76976976e2a77c37581f7075f8f322d5207e396e52255257617abff0d99936,c924c97b67cbe87cb1d1f48197547bfd5d0ecc2007bab5788505908a6b744aa5,923feb1e12526cef4d2b4fb3a1de1a7a2446c2f796da6b67402b989d26369c09,source_bytes_and_line_range_verified,open_evidence_gap,unchanged_not_reassessed
static-catalog/review-metadata/unresolved-rows.jsonl,80,4bcc2bc7ddc2b38a2b593896f43802e7b1485c9f949439118cd7d5d7fd264c57,28c9039e1f6969e320d35a277a49e14ee3fcfbebc083c69162ddff6078f473b0,static-catalog/entry-argument-sites.jsonl,80,5c393012cb9096ead5f70d93abb6d214d4058a2704963c6c7c80c4ddb5ef9fd1,cead50d5fefb911d53a0689d4278ef86c0153c8646a01a07f631dd532c54a980,ext/date/date_core.c,8603,static-catalog/files-scanned.csv,fe76976976e2a77c37581f7075f8f322d5207e396e52255257617abff0d99936,c924c97b67cbe87cb1d1f48197547bfd5d0ecc2007bab5788505908a6b744aa5,923feb1e12526cef4d2b4fb3a1de1a7a2446c2f796da6b67402b989d26369c09,source_bytes_and_line_range_verified,open_evidence_gap,unchanged_not_reassessed
static-catalog/review-metadata/unresolved-rows.jsonl,81,4bcc2bc7ddc2b38a2b593896f43802e7b1485c9f949439118cd7d5d7fd264c57,0f26d6836d0c2b5e9f6c2bb31dff289cc77a3012f993c60ae4692aa0c84da579,static-catalog/entry-argument-sites.jsonl,81,5c393012cb9096ead5f70d93abb6d214d4058a2704963c6c7c80c4ddb5ef9fd1,151f6a46e2e22ef43733beffafd3222e568abc44e7580c0fd80476897553273b,ext/date/date_core.c,4443,static-catalog/files-scanned.csv,fe76976976e2a77c37581f7075f8f322d5207e396e52255257617abff0d99936,c924c97b67cbe87cb1d1f48197547bfd5d0ecc2007bab5788505908a6b744aa5,b984d223286906a7ee0913ed0388295a688a7daa65d42222deb7b70d1dfdcdad,source_bytes_and_line_range_verified,open_evidence_gap,unchanged_not_reassessed
static-catalog/review-metadata/unresolved-rows.jsonl,82,4bcc2bc7ddc2b38a2b593896f43802e7b1485c9f949439118cd7d5d7fd264c57,236d538c65d247f37178994caa652889cc56f63c50d495d5ead4d2b0bfc739bb,static-catalog/entry-argument-sites.jsonl,82,5c393012cb9096ead5f70d93abb6d214d4058a2704963c6c7c80c4ddb5ef9fd1,a8e37a038118ac1ccd3d0a83b9b4e0fc36ee747db73be75330959d6165b21a7f,ext/date/date_core.c,8389,static-catalog/files-scanned.csv,fe76976976e2a77c37581f7075f8f322d5207e396e52255257617abff0d99936,c924c97b67cbe87cb1d1f48197547bfd5d0ecc2007bab5788505908a6b744aa5,b984d223286906a7ee0913ed0388295a688a7daa65d42222deb7b70d1dfdcdad,source_bytes_and_line_range_verified,open_evidence_gap,unchanged_not_reassessed
static-catalog/review-metadata/unresolved-rows.jsonl,83,4bcc2bc7ddc2b38a2b593896f43802e7b1485c9f949439118cd7d5d7fd264c57,d3e07f7227204e73a5d709a42e894f50bf2825f43714fb705fd4222588415b17,static-catalog/entry-argument-sites.jsonl,83,5c393012cb9096ead5f70d93abb6d214d4058a2704963c6c7c80c4ddb5ef9fd1,8098fc15d32bf919fdbad197d9e76f509339165209d51ec2810690ed2f6a7d6e,ext/date/date_core.c,4444,static-catalog/files-scanned.csv,fe76976976e2a77c37581f7075f8f322d5207e396e52255257617abff0d99936,c924c97b67cbe87cb1d1f48197547bfd5d0ecc2007bab5788505908a6b744aa5,9561e999f399c120d2012882c7298378f9313dc267b553d1795fde9c3b061636,source_bytes_and_line_range_verified,open_evidence_gap,unchanged_not_reassessed
static-catalog/review-metadata/unresolved-rows.jsonl,84,4bcc2bc7ddc2b38a2b593896f43802e7b1485c9f949439118cd7d5d7fd264c57,ea1baaafe01c5ce633a1fac82a3d8216a99737546428d8a7edc351b58eef60c5,static-catalog/entry-argument-sites.jsonl,84,5c393012cb9096ead5f70d93abb6d214d4058a2704963c6c7c80c4ddb5ef9fd1,1bdea7ab1d0da672c8c34ee12459f01d1a3df64852fb2a6f24e6f90b7d31126a,ext/date/date_core.c,8390,static-catalog/files-scanned.csv,fe76976976e2a77c37581f7075f8f322d5207e396e52255257617abff0d99936,c924c97b67cbe87cb1d1f48197547bfd5d0ecc2007bab5788505908a6b744aa5,9561e999f399c120d2012882c7298378f9313dc267b553d1795fde9c3b061636,source_bytes_and_line_range_verified,open_evidence_gap,unchanged_not_reassessed
static-catalog/review-metadata/unresolved-rows.jsonl,85,4bcc2bc7ddc2b38a2b593896f43802e7b1485c9f949439118cd7d5d7fd264c57,dc41d5b9e388e077a5681096230a684c91ec6a1f6e5d86a002e34b0209dec09d,static-catalog/entry-argument-sites.jsonl,85,5c393012cb9096ead5f70d93abb6d214d4058a2704963c6c7c80c4ddb5ef9fd1,234f68d2b89654fb496831c337aad036ca224b6514ff558a5bb0e2431545ac80,ext/date/date_core.c,2610,static-catalog/files-scanned.csv,fe76976976e2a77c37581f7075f8f322d5207e396e52255257617abff0d99936,c924c97b67cbe87cb1d1f48197547bfd5d0ecc2007bab5788505908a6b744aa5,b4ed962bc0ea1322604a0a5dcdf87a60ec8fbf800c4add1dd0128df7d226c283,source_bytes_and_line_range_verified,open_evidence_gap,unchanged_not_reassessed
static-catalog/review-metadata/unresolved-rows.jsonl,86,4bcc2bc7ddc2b38a2b593896f43802e7b1485c9f949439118cd7d5d7fd264c57,8f1668b72a535297e1970c96cea5fdd45666f5b5b0e78da1d9133bbfe5aaca24,static-catalog/entry-argument-sites.jsonl,86,5c393012cb9096ead5f70d93abb6d214d4058a2704963c6c7c80c4ddb5ef9fd1,be3e5d1cb3d19e6abe91a2ac862ca3cca5f3aaf03d3655d89ca3fca858661c99,ext/date/date_core.c,2611,static-catalog/files-scanned.csv,fe76976976e2a77c37581f7075f8f322d5207e396e52255257617abff0d99936,c924c97b67cbe87cb1d1f48197547bfd5d0ecc2007bab5788505908a6b744aa5,8dd853464a8efb2b677250005dc932b9547a261f184b25ecf47207510eb0d21a,source_bytes_and_line_range_verified,open_evidence_gap,unchanged_not_reassessed
static-catalog/review-metadata/unresolved-rows.jsonl,87,4bcc2bc7ddc2b38a2b593896f43802e7b1485c9f949439118cd7d5d7fd264c57,b72ce581e959d7a8bf959b9e68ce9c377c715ed69676031fd0bd5cfd665665fa,static-catalog/entry-argument-sites.jsonl,87,5c393012cb9096ead5f70d93abb6d214d4058a2704963c6c7c80c4ddb5ef9fd1,a465f4a4a864ab0445d3aec017ad195bcf84077fc957b8e4bc7f4713c0c3445c,ext/date/date_core.c,2612,static-catalog/files-scanned.csv,fe76976976e2a77c37581f7075f8f322d5207e396e52255257617abff0d99936,c924c97b67cbe87cb1d1f48197547bfd5d0ecc2007bab5788505908a6b744aa5,c6eed13a09774354512af69574cd3c18094ae5bb9dfd5dda172605ff2e0b935c,source_bytes_and_line_range_verified,open_evidence_gap,unchanged_not_reassessed
static-catalog/review-metadata/unresolved-rows.jsonl,88,4bcc2bc7ddc2b38a2b593896f43802e7b1485c9f949439118cd7d5d7fd264c57,aee7aa441dfb327eda721c936d1aa108e4bfe1e55097272d5ec11018054086b2,static-catalog/entry-argument-sites.jsonl,88,5c393012cb9096ead5f70d93abb6d214d4058a2704963c6c7c80c4ddb5ef9fd1,6ea098efcc372aa276e08164fc044ba69df3e3c6dbbf1a157c7a3072cc215d62,ext/date/date_core.c,2616,static-catalog/files-scanned.csv,fe76976976e2a77c37581f7075f8f322d5207e396e52255257617abff0d99936,c924c97b67cbe87cb1d1f48197547bfd5d0ecc2007bab5788505908a6b744aa5,83758018b760b1da0d87f6e3d92a2d017e89fabbcbb662e5deb4b0716776d5fe,source_bytes_and_line_range_verified,open_evidence_gap,unchanged_not_reassessed
static-catalog/review-metadata/unresolved-rows.jsonl,89,4bcc2bc7ddc2b38a2b593896f43802e7b1485c9f949439118cd7d5d7fd264c57,0e3a050940e328c0417b5a96111db42e2d831e271efcd6605fbf05c696aedd55,static-catalog/entry-argument-sites.jsonl,89,5c393012cb9096ead5f70d93abb6d214d4058a2704963c6c7c80c4ddb5ef9fd1,e4ce685ade6369b51ea318112ce861bc65f3cfe55236d90c4f4a572f91f73b24,ext/date/date_core.c,2788,static-catalog/files-scanned.csv,fe76976976e2a77c37581f7075f8f322d5207e396e52255257617abff0d99936,c924c97b67cbe87cb1d1f48197547bfd5d0ecc2007bab5788505908a6b744aa5,b4ed962bc0ea1322604a0a5dcdf87a60ec8fbf800c4add1dd0128df7d226c283,source_bytes_and_line_range_verified,open_evidence_gap,unchanged_not_reassessed
static-catalog/review-metadata/unresolved-rows.jsonl,90,4bcc2bc7ddc2b38a2b593896f43802e7b1485c9f949439118cd7d5d7fd264c57,644eac8636c88d6a06914c1d775fee61458fa4c35c7f2520d69af6da45f40511,static-catalog/entry-argument-sites.jsonl,90,5c393012cb9096ead5f70d93abb6d214d4058a2704963c6c7c80c4ddb5ef9fd1,78536e632430639070123ceebdb23309ee3bfd42c672389377af0a330a5eb96b,ext/date/date_core.c,2789,static-catalog/files-scanned.csv,fe76976976e2a77c37581f7075f8f322d5207e396e52255257617abff0d99936,c924c97b67cbe87cb1d1f48197547bfd5d0ecc2007bab5788505908a6b744aa5,e6b826dc38473bf1df0d194bf638536aa99f323dd0efd999e68ea2d1cb23d469,source_bytes_and_line_range_verified,open_evidence_gap,unchanged_not_reassessed
static-catalog/review-metadata/unresolved-rows.jsonl,91,4bcc2bc7ddc2b38a2b593896f43802e7b1485c9f949439118cd7d5d7fd264c57,0984c94d275550f626736f28ae8ce5228f8bf55ca6472ba95c478082c502ab35,static-catalog/entry-argument-sites.jsonl,91,5c393012cb9096ead5f70d93abb6d214d4058a2704963c6c7c80c4ddb5ef9fd1,afc8a8f28bd36c45492a998f5af5033ac908d01e597498f7448d991422b25557,ext/date/date_core.c,2790,static-catalog/files-scanned.csv,fe76976976e2a77c37581f7075f8f322d5207e396e52255257617abff0d99936,c924c97b67cbe87cb1d1f48197547bfd5d0ecc2007bab5788505908a6b744aa5,c6eed13a09774354512af69574cd3c18094ae5bb9dfd5dda172605ff2e0b935c,source_bytes_and_line_range_verified,open_evidence_gap,unchanged_not_reassessed
static-catalog/review-metadata/unresolved-rows.jsonl,92,4bcc2bc7ddc2b38a2b593896f43802e7b1485c9f949439118cd7d5d7fd264c57,b3453a03156b2811467f454ea31f6698d615cf798efa59bc5e767cc211c6d5d1,static-catalog/entry-argument-sites.jsonl,92,5c393012cb9096ead5f70d93abb6d214d4058a2704963c6c7c80c4ddb5ef9fd1,9737f81553002d05eaa19e7fbaea17ed1083b13afd5367539994522ce9dcf23d,ext/date/date_core.c,2794,static-catalog/files-scanned.csv,fe76976976e2a77c37581f7075f8f322d5207e396e52255257617abff0d99936,c924c97b67cbe87cb1d1f48197547bfd5d0ecc2007bab5788505908a6b744aa5,83758018b760b1da0d87f6e3d92a2d017e89fabbcbb662e5deb4b0716776d5fe,source_bytes_and_line_range_verified,open_evidence_gap,unchanged_not_reassessed
static-catalog/review-metadata/unresolved-rows.jsonl,93,4bcc2bc7ddc2b38a2b593896f43802e7b1485c9f949439118cd7d5d7fd264c57,e074b3dfbfe4ceb78cd9ac7984837dde2b25919ac9c62bb075c8e89e0624931c,static-catalog/entry-argument-sites.jsonl,93,5c393012cb9096ead5f70d93abb6d214d4058a2704963c6c7c80c4ddb5ef9fd1,09267f59b2a72afd18def8102d08fbf49bcb9b65053fddf3b8e312c13a0fa589,ext/date/date_core.c,2610,static-catalog/files-scanned.csv,fe76976976e2a77c37581f7075f8f322d5207e396e52255257617abff0d99936,c924c97b67cbe87cb1d1f48197547bfd5d0ecc2007bab5788505908a6b744aa5,b4ed962bc0ea1322604a0a5dcdf87a60ec8fbf800c4add1dd0128df7d226c283,source_bytes_and_line_range_verified,open_evidence_gap,unchanged_not_reassessed
static-catalog/review-metadata/unresolved-rows.jsonl,94,4bcc2bc7ddc2b38a2b593896f43802e7b1485c9f949439118cd7d5d7fd264c57,4b85b8a594645ac2b4c9580cf2a979028b08b46c0987278950c326240a5d08a4,static-catalog/entry-argument-sites.jsonl,94,5c393012cb9096ead5f70d93abb6d214d4058a2704963c6c7c80c4ddb5ef9fd1,0d10a9efac4709ee304836f44166b808199a508c14e5d1b289879374f0d8d2cb,ext/date/date_core.c,2611,static-catalog/files-scanned.csv,fe76976976e2a77c37581f7075f8f322d5207e396e52255257617abff0d99936,c924c97b67cbe87cb1d1f48197547bfd5d0ecc2007bab5788505908a6b744aa5,8dd853464a8efb2b677250005dc932b9547a261f184b25ecf47207510eb0d21a,source_bytes_and_line_range_verified,open_evidence_gap,unchanged_not_reassessed
static-catalog/review-metadata/unresolved-rows.jsonl,95,4bcc2bc7ddc2b38a2b593896f43802e7b1485c9f949439118cd7d5d7fd264c57,86937b34c9c5ef29ecd14da548d20ebc989188224b299365faf0a8cdfd4163f7,static-catalog/entry-argument-sites.jsonl,95,5c393012cb9096ead5f70d93abb6d214d4058a2704963c6c7c80c4ddb5ef9fd1,c0ba9219b30d9664a1f134eddc73fde56fe8133ba6680a4169e0cb8f6338f2f0,ext/date/date_core.c,2612,static-catalog/files-scanned.csv,fe76976976e2a77c37581f7075f8f322d5207e396e52255257617abff0d99936,c924c97b67cbe87cb1d1f48197547bfd5d0ecc2007bab5788505908a6b744aa5,c6eed13a09774354512af69574cd3c18094ae5bb9dfd5dda172605ff2e0b935c,source_bytes_and_line_range_verified,open_evidence_gap,unchanged_not_reassessed
static-catalog/review-metadata/unresolved-rows.jsonl,96,4bcc2bc7ddc2b38a2b593896f43802e7b1485c9f949439118cd7d5d7fd264c57,dec495559e8fe562be671f61ef3cce406a4fd19251118fb110b9ac5b93d1378b,static-catalog/entry-argument-sites.jsonl,96,5c393012cb9096ead5f70d93abb6d214d4058a2704963c6c7c80c4ddb5ef9fd1,7b99f008d5a3ce57b3923e635832fa225f3b8c3953eb43609914ab18cc480ed8,ext/date/date_core.c,2616,static-catalog/files-scanned.csv,fe76976976e2a77c37581f7075f8f322d5207e396e52255257617abff0d99936,c924c97b67cbe87cb1d1f48197547bfd5d0ecc2007bab5788505908a6b744aa5,83758018b760b1da0d87f6e3d92a2d017e89fabbcbb662e5deb4b0716776d5fe,source_bytes_and_line_range_verified,open_evidence_gap,unchanged_not_reassessed
static-catalog/review-metadata/unresolved-rows.jsonl,97,4bcc2bc7ddc2b38a2b593896f43802e7b1485c9f949439118cd7d5d7fd264c57,4360ee5f50e1ef0d1680b2306759dbf367e7b1ae0a1f1d7a78ab78f21ad3db3e,static-catalog/entry-argument-sites.jsonl,97,5c393012cb9096ead5f70d93abb6d214d4058a2704963c6c7c80c4ddb5ef9fd1,357925a94c25ce6bb04874752d71aaae8abca661614e5af43a241500dda06089,ext/date/date_core.c,2514,static-catalog/files-scanned.csv,fe76976976e2a77c37581f7075f8f322d5207e396e52255257617abff0d99936,c924c97b67cbe87cb1d1f48197547bfd5d0ecc2007bab5788505908a6b744aa5,e11b18df2d5042dc22530542607ebae44b2b067a0b94af0a888d36b1b9ae70ac,source_bytes_and_line_range_verified,open_evidence_gap,unchanged_not_reassessed
static-catalog/review-metadata/unresolved-rows.jsonl,98,4bcc2bc7ddc2b38a2b593896f43802e7b1485c9f949439118cd7d5d7fd264c57,950fe7c1db394d16802a5452438e8ce40110ddfa47fcc41d5d572993f99c8c9b,static-catalog/entry-argument-sites.jsonl,98,5c393012cb9096ead5f70d93abb6d214d4058a2704963c6c7c80c4ddb5ef9fd1,203bbdd07453109ac9376e570c5899db7d2c99d478f01c12d24028fb3db0515e,ext/date/date_core.c,2518,static-catalog/files-scanned.csv,fe76976976e2a77c37581f7075f8f322d5207e396e52255257617abff0d99936,c924c97b67cbe87cb1d1f48197547bfd5d0ecc2007bab5788505908a6b744aa5,c9b9c41679059066544511b0fc5d010e837d82843ebbca7222c0cf152bf0a0d7,source_bytes_and_line_range_verified,open_evidence_gap,unchanged_not_reassessed
static-catalog/review-metadata/unresolved-rows.jsonl,99,4bcc2bc7ddc2b38a2b593896f43802e7b1485c9f949439118cd7d5d7fd264c57,5f723b71699b26bad1e49fa6a2d80c32b515b00131fd1e04ef5d1d37f0ccccd4,static-catalog/entry-argument-sites.jsonl,99,5c393012cb9096ead5f70d93abb6d214d4058a2704963c6c7c80c4ddb5ef9fd1,f29f5720adf7c4fca907056cfcb4e739736312fc05b4d01350a42b16110fb874,ext/date/date_core.c,2937,static-catalog/files-scanned.csv,fe76976976e2a77c37581f7075f8f322d5207e396e52255257617abff0d99936,c924c97b67cbe87cb1d1f48197547bfd5d0ecc2007bab5788505908a6b744aa5,b4ed962bc0ea1322604a0a5dcdf87a60ec8fbf800c4add1dd0128df7d226c283,source_bytes_and_line_range_verified,open_evidence_gap,unchanged_not_reassessed
static-catalog/review-metadata/unresolved-rows.jsonl,100,4bcc2bc7ddc2b38a2b593896f43802e7b1485c9f949439118cd7d5d7fd264c57,eb1ce0012bbe6c2f1a1a2aaa47815b7a73a73ce094caaf42c4e42700ba578188,static-catalog/entry-argument-sites.jsonl,100,5c393012cb9096ead5f70d93abb6d214d4058a2704963c6c7c80c4ddb5ef9fd1,18e3050c1cd15d5be6b71fb500ad3b84bbfb93086f8d12634e3be3f384feb89f,ext/date/date_core.c,2938,static-catalog/files-scanned.csv,fe76976976e2a77c37581f7075f8f322d5207e396e52255257617abff0d99936,c924c97b67cbe87cb1d1f48197547bfd5d0ecc2007bab5788505908a6b744aa5,8dd853464a8efb2b677250005dc932b9547a261f184b25ecf47207510eb0d21a,source_bytes_and_line_range_verified,open_evidence_gap,unchanged_not_reassessed
static-catalog/review-metadata/unresolved-rows.jsonl,101,4bcc2bc7ddc2b38a2b593896f43802e7b1485c9f949439118cd7d5d7fd264c57,98ec7916f4f5691f5e5a42406f9d1a1696f49930f36eccaadcc3dbeecdb7c996,static-catalog/entry-argument-sites.jsonl,101,5c393012cb9096ead5f70d93abb6d214d4058a2704963c6c7c80c4ddb5ef9fd1,36f04c7314049d71931164c09dbdfbfb507861497177e0ad65245ffb503d2d37,ext/date/date_core.c,2939,static-catalog/files-scanned.csv,fe76976976e2a77c37581f7075f8f322d5207e396e52255257617abff0d99936,c924c97b67cbe87cb1d1f48197547bfd5d0ecc2007bab5788505908a6b744aa5,82933f9a4b42f9230566130f395434637983480193a3961a8704fa696ea411db,source_bytes_and_line_range_verified,open_evidence_gap,unchanged_not_reassessed
static-catalog/review-metadata/unresolved-rows.jsonl,102,4bcc2bc7ddc2b38a2b593896f43802e7b1485c9f949439118cd7d5d7fd264c57,9798b59e9ccfe506f86f9b6b977463cf8ba2ebe7db9a5a06ce6e703ae153e508,static-catalog/entry-argument-sites.jsonl,102,5c393012cb9096ead5f70d93abb6d214d4058a2704963c6c7c80c4ddb5ef9fd1,1f8718bd1495702ab1a822061e756b3cf32fcc495215a185938a0d0cb5dbdc4b,ext/date/date_core.c,2940,static-catalog/files-scanned.csv,fe76976976e2a77c37581f7075f8f322d5207e396e52255257617abff0d99936,c924c97b67cbe87cb1d1f48197547bfd5d0ecc2007bab5788505908a6b744aa5,e366a998980e198ac2a5be1e41b45e373d40854011659ff376539215027babb5,source_bytes_and_line_range_verified,open_evidence_gap,unchanged_not_reassessed
static-catalog/review-metadata/unresolved-rows.jsonl,103,4bcc2bc7ddc2b38a2b593896f43802e7b1485c9f949439118cd7d5d7fd264c57,251d09a69938897c290c6020002f8d14272f69e89abef9516542e7e34d0f07d8,static-catalog/entry-argument-sites.jsonl,103,5c393012cb9096ead5f70d93abb6d214d4058a2704963c6c7c80c4ddb5ef9fd1,05ca88bd4e9de9340b7e37a5661eb2c47ec2c74e5b3dde032a03ad95d0ef590a,ext/date/date_core.c,2944,static-catalog/files-scanned.csv,fe76976976e2a77c37581f7075f8f322d5207e396e52255257617abff0d99936,c924c97b67cbe87cb1d1f48197547bfd5d0ecc2007bab5788505908a6b744aa5,251a0d491bf6d0ae9331aabfb0cd6118ab8bd07cb425f6e7f5be474ac3147144,source_bytes_and_line_range_verified,open_evidence_gap,unchanged_not_reassessed
static-catalog/review-metadata/unresolved-rows.jsonl,104,4bcc2bc7ddc2b38a2b593896f43802e7b1485c9f949439118cd7d5d7fd264c57,f86c6b2f54ab1b683be023a38ced9802ba246772f02d8faff944015a6d009f89,static-catalog/entry-argument-sites.jsonl,104,5c393012cb9096ead5f70d93abb6d214d4058a2704963c6c7c80c4ddb5ef9fd1,a5b72acbbf4a1977a74a84ea19c2834b30e868a49d2ac7bc970c2a4419300d98,ext/date/date_core.c,2697,static-catalog/files-scanned.csv,fe76976976e2a77c37581f7075f8f322d5207e396e52255257617abff0d99936,c924c97b67cbe87cb1d1f48197547bfd5d0ecc2007bab5788505908a6b744aa5,b4ed962bc0ea1322604a0a5dcdf87a60ec8fbf800c4add1dd0128df7d226c283,source_bytes_and_line_range_verified,open_evidence_gap,unchanged_not_reassessed
static-catalog/review-metadata/unresolved-rows.jsonl,105,4bcc2bc7ddc2b38a2b593896f43802e7b1485c9f949439118cd7d5d7fd264c57,7da5c5835bff21093c0430c53ba5725fc2e0ef430df68acb9fa12796ae7c38ce,static-catalog/entry-argument-sites.jsonl,105,5c393012cb9096ead5f70d93abb6d214d4058a2704963c6c7c80c4ddb5ef9fd1,586b0c9fe2e1d5003bcaa061d86747310120cc21afab4cbcf13317018ff44880,ext/date/date_core.c,2698,static-catalog/files-scanned.csv,fe76976976e2a77c37581f7075f8f322d5207e396e52255257617abff0d99936,c924c97b67cbe87cb1d1f48197547bfd5d0ecc2007bab5788505908a6b744aa5,fb5756ec0c0a207b1c3a8a8d209079db42a5b1e24953f40c091cca69076328c9,source_bytes_and_line_range_verified,open_evidence_gap,unchanged_not_reassessed
static-catalog/review-metadata/unresolved-rows.jsonl,106,4bcc2bc7ddc2b38a2b593896f43802e7b1485c9f949439118cd7d5d7fd264c57,ba2d9c553f953137c332f9cefe705c5da86e97c822fd86d149ffa9c56de23994,static-catalog/entry-argument-sites.jsonl,106,5c393012cb9096ead5f70d93abb6d214d4058a2704963c6c7c80c4ddb5ef9fd1,71a7ba120af8f6761ff6723764a516bb81885b9e65d28a6eeefbf63145e5256f,ext/date/date_core.c,2702,static-catalog/files-scanned.csv,fe76976976e2a77c37581f7075f8f322d5207e396e52255257617abff0d99936,c924c97b67cbe87cb1d1f48197547bfd5d0ecc2007bab5788505908a6b744aa5,6ccdcabcbf4d39cafa5124bfcb1dd05983fa8e6b23f1fabac4deefe0ff0e412f,source_bytes_and_line_range_verified,open_evidence_gap,unchanged_not_reassessed
static-catalog/review-metadata/unresolved-rows.jsonl,107,4bcc2bc7ddc2b38a2b593896f43802e7b1485c9f949439118cd7d5d7fd264c57,fb2974a430464f764e8ab83a3adb379afbbfee2c8f9134e916c169b5c1d6fbb5,static-catalog/entry-argument-sites.jsonl,107,5c393012cb9096ead5f70d93abb6d214d4058a2704963c6c7c80c4ddb5ef9fd1,95a2ea89bbe07c8e29a0b437e7567aa2d1e265b6b59adacda3c076a348245a34,ext/date/date_core.c,2864,static-catalog/files-scanned.csv,fe76976976e2a77c37581f7075f8f322d5207e396e52255257617abff0d99936,c924c97b67cbe87cb1d1f48197547bfd5d0ecc2007bab5788505908a6b744aa5,b4ed962bc0ea1322604a0a5dcdf87a60ec8fbf800c4add1dd0128df7d226c283,source_bytes_and_line_range_verified,open_evidence_gap,unchanged_not_reassessed
static-catalog/review-metadata/unresolved-rows.jsonl,108,4bcc2bc7ddc2b38a2b593896f43802e7b1485c9f949439118cd7d5d7fd264c57,507958fd803616c04d5506275e0504fd532c83486a57db4ff1dff5232a1560e9,static-catalog/entry-argument-sites.jsonl,108,5c393012cb9096ead5f70d93abb6d214d4058a2704963c6c7c80c4ddb5ef9fd1,7063dc5b61ff3fc5503549ada4ad3c57f40e1078e97c0ae9e6127ff03610e0b9,ext/date/date_core.c,2865,static-catalog/files-scanned.csv,fe76976976e2a77c37581f7075f8f322d5207e396e52255257617abff0d99936,c924c97b67cbe87cb1d1f48197547bfd5d0ecc2007bab5788505908a6b744aa5,e6b826dc38473bf1df0d194bf638536aa99f323dd0efd999e68ea2d1cb23d469,source_bytes_and_line_range_verified,open_evidence_gap,unchanged_not_reassessed
static-catalog/review-metadata/unresolved-rows.jsonl,109,4bcc2bc7ddc2b38a2b593896f43802e7b1485c9f949439118cd7d5d7fd264c57,a28cae88ea88289ed7bb5a59aa2cad16940ba347609db3ddd7ec1b73543b2fcc,static-catalog/entry-argument-sites.jsonl,109,5c393012cb9096ead5f70d93abb6d214d4058a2704963c6c7c80c4ddb5ef9fd1,ac630211d3c1fb9d6a3fc0a41ff5e79be665a43313c069f1e3da826a9f8f0e0e,ext/date/date_core.c,2866,static-catalog/files-scanned.csv,fe76976976e2a77c37581f7075f8f322d5207e396e52255257617abff0d99936,c924c97b67cbe87cb1d1f48197547bfd5d0ecc2007bab5788505908a6b744aa5,c6eed13a09774354512af69574cd3c18094ae5bb9dfd5dda172605ff2e0b935c,source_bytes_and_line_range_verified,open_evidence_gap,unchanged_not_reassessed
static-catalog/review-metadata/unresolved-rows.jsonl,110,4bcc2bc7ddc2b38a2b593896f43802e7b1485c9f949439118cd7d5d7fd264c57,d98aeff2170401ae4e67d2fba4f4db6af3e1ba7854f97bee025e202acae31a43,static-catalog/entry-argument-sites.jsonl,110,5c393012cb9096ead5f70d93abb6d214d4058a2704963c6c7c80c4ddb5ef9fd1,bb73608e1dc2cb64527a7625710fab211dd50138d8c29021e25434d1c11df7b1,ext/date/date_core.c,2867,static-catalog/files-scanned.csv,fe76976976e2a77c37581f7075f8f322d5207e396e52255257617abff0d99936,c924c97b67cbe87cb1d1f48197547bfd5d0ecc2007bab5788505908a6b744aa5,14b78e82bd24d2767a837b05594a8d3e717ade7e3d7fa80ec2d26cfb3bf03d34,source_bytes_and_line_range_verified,open_evidence_gap,unchanged_not_reassessed
static-catalog/review-metadata/unresolved-rows.jsonl,111,4bcc2bc7ddc2b38a2b593896f43802e7b1485c9f949439118cd7d5d7fd264c57,db9e18df643f87c0df48290cee8f08882a40f8692e7536cd12bebfb40b89f152,static-catalog/entry-argument-sites.jsonl,111,5c393012cb9096ead5f70d93abb6d214d4058a2704963c6c7c80c4ddb5ef9fd1,3f3080f34b1d6939648913b2d8d70225da8c9e2f6bcb880850ea1ed5001075cd,ext/date/date_core.c,2871,static-catalog/files-scanned.csv,fe76976976e2a77c37581f7075f8f322d5207e396e52255257617abff0d99936,c924c97b67cbe87cb1d1f48197547bfd5d0ecc2007bab5788505908a6b744aa5,251a0d491bf6d0ae9331aabfb0cd6118ab8bd07cb425f6e7f5be474ac3147144,source_bytes_and_line_range_verified,open_evidence_gap,unchanged_not_reassessed
static-catalog/review-metadata/unresolved-rows.jsonl,112,4bcc2bc7ddc2b38a2b593896f43802e7b1485c9f949439118cd7d5d7fd264c57,a087ceab449da64811291732aeb3a0e7a259684c96ac093524b8a249fbdfeb78,static-catalog/entry-argument-sites.jsonl,112,5c393012cb9096ead5f70d93abb6d214d4058a2704963c6c7c80c4ddb5ef9fd1,5cc915dd779e5ced04867127b1cbe2fa1031ef94d21ca2b270d592683b24aa25,ext/date/date_core.c,4801,static-catalog/files-scanned.csv,fe76976976e2a77c37581f7075f8f322d5207e396e52255257617abff0d99936,c924c97b67cbe87cb1d1f48197547bfd5d0ecc2007bab5788505908a6b744aa5,923feb1e12526cef4d2b4fb3a1de1a7a2446c2f796da6b67402b989d26369c09,source_bytes_and_line_range_verified,open_evidence_gap,unchanged_not_reassessed
static-catalog/review-metadata/unresolved-rows.jsonl,113,4bcc2bc7ddc2b38a2b593896f43802e7b1485c9f949439118cd7d5d7fd264c57,d7d93d5827f34de544bdd44e1067886f026d46045779484a399dde0ed8daa31a,static-catalog/entry-argument-sites.jsonl,113,5c393012cb9096ead5f70d93abb6d214d4058a2704963c6c7c80c4ddb5ef9fd1,3a03d8debd7fb7805870114fec0e8390620448a2caf77681b531daeec1a34812,ext/date/date_core.c,8563,static-catalog/files-scanned.csv,fe76976976e2a77c37581f7075f8f322d5207e396e52255257617abff0d99936,c924c97b67cbe87cb1d1f48197547bfd5d0ecc2007bab5788505908a6b744aa5,923feb1e12526cef4d2b4fb3a1de1a7a2446c2f796da6b67402b989d26369c09,source_bytes_and_line_range_verified,open_evidence_gap,unchanged_not_reassessed
static-catalog/review-metadata/unresolved-rows.jsonl,114,4bcc2bc7ddc2b38a2b593896f43802e7b1485c9f949439118cd7d5d7fd264c57,537c5ae55af73263f367f0555e80fdd0b6aee49d6d2226cecbfbcebf99aa74a5,static-catalog/entry-argument-sites.jsonl,114,5c393012cb9096ead5f70d93abb6d214d4058a2704963c6c7c80c4ddb5ef9fd1,0126786d4247c6457ba7814db031bc2d35c444d0ea4fdfe9dfda18d9700ec00c,ext/ed25519_ref10/ed25519_ref10.c,52,static-catalog/files-scanned.csv,fe76976976e2a77c37581f7075f8f322d5207e396e52255257617abff0d99936,62cef455e9a1f21c56d8ccb684f8957ba6d94077372388f515b20f25e68c4e59,b4b92b7bd360825cc875d2b7ed9d3a613a1e6a64a6af1e7e49d88831e992240e,source_bytes_and_line_range_verified,open_evidence_gap,unchanged_not_reassessed
static-catalog/review-metadata/unresolved-rows.jsonl,115,4bcc2bc7ddc2b38a2b593896f43802e7b1485c9f949439118cd7d5d7fd264c57,3a76ab42969b0c436f40ea13152f21cf44a521e4fccbce8c17e2c12619af52ee,static-catalog/entry-argument-sites.jsonl,115,5c393012cb9096ead5f70d93abb6d214d4058a2704963c6c7c80c4ddb5ef9fd1,de0056c61cf97543d3ee8d374c57c08f1bdd060af8572c8c93b6e87d2f8d7dfc,ext/ed25519_ref10/ed25519_ref10.c,86,static-catalog/files-scanned.csv,fe76976976e2a77c37581f7075f8f322d5207e396e52255257617abff0d99936,62cef455e9a1f21c56d8ccb684f8957ba6d94077372388f515b20f25e68c4e59,5cd946093b5e335e5813d9e3f33a01f449d46f31f1d5901c982692c20ae0f059,source_bytes_and_line_range_verified,open_evidence_gap,unchanged_not_reassessed
static-catalog/review-metadata/unresolved-rows.jsonl,116,4bcc2bc7ddc2b38a2b593896f43802e7b1485c9f949439118cd7d5d7fd264c57,3f0dbe24055fd9c43824a1e5fab5fe9c4afd89198cd4ac81749f809aad3ceb0d,static-catalog/entry-argument-sites.jsonl,116,5c393012cb9096ead5f70d93abb6d214d4058a2704963c6c7c80c4ddb5ef9fd1,06631a1fc1d2837a1e0632d26d54c5b4ae55e1fd5aea506b52dbfe8a3679fc3c,ext/ed25519_ref10/ed25519_ref10.c,87,static-catalog/files-scanned.csv,fe76976976e2a77c37581f7075f8f322d5207e396e52255257617abff0d99936,62cef455e9a1f21c56d8ccb684f8957ba6d94077372388f515b20f25e68c4e59,563f3be73145b42a09fc8ad19726c8f92a77b21c8b12ae83b3af250292909eff,source_bytes_and_line_range_verified,open_evidence_gap,unchanged_not_reassessed
static-catalog/review-metadata/unresolved-rows.jsonl,117,4bcc2bc7ddc2b38a2b593896f43802e7b1485c9f949439118cd7d5d7fd264c57,ae74167a336bee5e02c4932684426e32fc2ca32896a365e31fafab5c96eef307,static-catalog/entry-argument-sites.jsonl,117,5c393012cb9096ead5f70d93abb6d214d4058a2704963c6c7c80c4ddb5ef9fd1,b7eb561dbf85ce6a35857c1178dae608bdb2a3acbe80abd9cf8cac6917654f3c,ext/erb/escape/escape.c,54,static-catalog/files-scanned.csv,fe76976976e2a77c37581f7075f8f322d5207e396e52255257617abff0d99936,ccce42454fe9f3cccdff4e3ba0040557383d01e36db6750b7a60e850b5032e1b,f114e4970e65da6ccc79ef51ba7d4f64945acebd6cb4eacc6cdbaf8a55db5344,source_bytes_and_line_range_verified,open_evidence_gap,unchanged_not_reassessed
static-catalog/review-metadata/unresolved-rows.jsonl,118,4bcc2bc7ddc2b38a2b593896f43802e7b1485c9f949439118cd7d5d7fd264c57,3b3a6cf980758db3bb30f4102e39580618a3178fba2f516b5312a3d308e5b284,static-catalog/entry-argument-sites.jsonl,118,5c393012cb9096ead5f70d93abb6d214d4058a2704963c6c7c80c4ddb5ef9fd1,b3154b4c6222a04d756348691dd2473670478fe3f85453a0c225b82f3f6d8bc8,ext/ffi_c/Struct.c,401,static-catalog/files-scanned.csv,fe76976976e2a77c37581f7075f8f322d5207e396e52255257617abff0d99936,39f14f808737e34a09d4a57cd7069962d77e366a92c572bd2ee7f035f29ce13d,95f0c904b2da9fc8d6188a0ef52beee3abcbcc315ce3020f9aca19cc86a52830,source_bytes_and_line_range_verified,open_evidence_gap,unchanged_not_reassessed
static-catalog/review-metadata/unresolved-rows.jsonl,119,4bcc2bc7ddc2b38a2b593896f43802e7b1485c9f949439118cd7d5d7fd264c57,1692bd97bf3cc9f87205b9aed91861fab3880d05a139b47370e10a52c107bf65,static-catalog/entry-argument-sites.jsonl,119,5c393012cb9096ead5f70d93abb6d214d4058a2704963c6c7c80c4ddb5ef9fd1,8f09d0f9e1d89bfaa8ec31768a02efec8681b5141e62d6ccc38bf83c11904b62,ext/ffi_c/AbstractMemory.c,688,static-catalog/files-scanned.csv,fe76976976e2a77c37581f7075f8f322d5207e396e52255257617abff0d99936,23f92a528305f3a99c79dcce280894dbece91554f6520c704724cafea0c58f1f,eaa2e826b3244a051a3da5f7024d29cccec366d6a27587bd2f0e6dcaec533313,source_bytes_and_line_range_verified,open_evidence_gap,unchanged_not_reassessed
static-catalog/review-metadata/unresolved-rows.jsonl,120,4bcc2bc7ddc2b38a2b593896f43802e7b1485c9f949439118cd7d5d7fd264c57,0b5a7f3ff614cae49ace9594ec87e307fd226f63639510aea4a493df6eb8293a,static-catalog/entry-argument-sites.jsonl,120,5c393012cb9096ead5f70d93abb6d214d4058a2704963c6c7c80c4ddb5ef9fd1,4924373430de331f3d6bc5163d3aa845ffebb6971924cd2aedccdc75a3650432,ext/ffi_c/AbstractMemory.c,688,static-catalog/files-scanned.csv,fe76976976e2a77c37581f7075f8f322d5207e396e52255257617abff0d99936,23f92a528305f3a99c79dcce280894dbece91554f6520c704724cafea0c58f1f,eaa2e826b3244a051a3da5f7024d29cccec366d6a27587bd2f0e6dcaec533313,source_bytes_and_line_range_verified,open_evidence_gap,unchanged_not_reassessed
static-catalog/review-metadata/unresolved-rows.jsonl,121,4bcc2bc7ddc2b38a2b593896f43802e7b1485c9f949439118cd7d5d7fd264c57,00e62b17ff63837f99117396e67e49b2c60a4375f00e8f54b1dd4c0fefebae61,static-catalog/entry-argument-sites.jsonl,121,5c393012cb9096ead5f70d93abb6d214d4058a2704963c6c7c80c4ddb5ef9fd1,34c1abb0f39c21a6d877195574fe267ba4d877a8c9d994ee7ec99eb55acdf8d7,ext/ffi_c/AbstractMemory.c,367,static-catalog/files-scanned.csv,fe76976976e2a77c37581f7075f8f322d5207e396e52255257617abff0d99936,23f92a528305f3a99c79dcce280894dbece91554f6520c704724cafea0c58f1f,2810dd8096b4650ee91427e0caab366f725ae7c595cbe0e47c7a7b9136826e55,source_bytes_and_line_range_verified,open_evidence_gap,unchanged_not_reassessed
static-catalog/review-metadata/unresolved-rows.jsonl,122,4bcc2bc7ddc2b38a2b593896f43802e7b1485c9f949439118cd7d5d7fd264c57,1a81d1bd78f9368d05a33bb4e500fb4b261dcde715557741a9c4005a1e228b8d,static-catalog/entry-argument-sites.jsonl,122,5c393012cb9096ead5f70d93abb6d214d4058a2704963c6c7c80c4ddb5ef9fd1,8cbcb9d7717e9c7d2473d86d10f624e6da1a0dcb11bbb354daf3827dd71a9342,ext/ffi_c/DynamicLibrary.c,151,static-catalog/files-scanned.csv,fe76976976e2a77c37581f7075f8f322d5207e396e52255257617abff0d99936,b6596d021bea84c82d8017dd1b4b60072cd8b58c2dfb9b4ac34a154d29f2f2bf,caa8fd05028bf8c8b6ba0dbb8caac20f3936cd570596a178da79a3210c80b5e7,source_bytes_and_line_range_verified,open_evidence_gap,unchanged_not_reassessed
static-catalog/review-metadata/unresolved-rows.jsonl,123,4bcc2bc7ddc2b38a2b593896f43802e7b1485c9f949439118cd7d5d7fd264c57,8fb532f188f98e7510ab4f2766cb9866ade667a0f555d19691de12f931323f17,static-catalog/entry-argument-sites.jsonl,123,5c393012cb9096ead5f70d93abb6d214d4058a2704963c6c7c80c4ddb5ef9fd1,d9b6fef8902ca759c94bfa3e2d504af50e6a19ec2d7090b62eaf08c755f47396,ext/ffi_c/StructLayout.c,152,static-catalog/files-scanned.csv,fe76976976e2a77c37581f7075f8f322d5207e396e52255257617abff0d99936,6a09b79312b20a35227e59a0123109b41caf56bd710e3c7b9174d140ea808df9,cbed50f560175781ca3a584b4a778f34ae595f6d69342c7148f35ebf248bd198,source_bytes_and_line_range_verified,open_evidence_gap,unchanged_not_reassessed
static-catalog/review-metadata/unresolved-rows.jsonl,124,4bcc2bc7ddc2b38a2b593896f43802e7b1485c9f949439118cd7d5d7fd264c57,ded331a0499d6525e1677c5b7301d42309853146b67429a2f5153a4a8ac1f3c1,static-catalog/entry-argument-sites.jsonl,124,5c393012cb9096ead5f70d93abb6d214d4058a2704963c6c7c80c4ddb5ef9fd1,2c9cfcc8f9a2e60ad1787fe3fe110b0a26a75d18dfc0e674297be3b0c8598f58,ext/ffi_c/Function.c,377,static-catalog/files-scanned.csv,fe76976976e2a77c37581f7075f8f322d5207e396e52255257617abff0d99936,e1404ec0050f5824c05d60122893440bdd224eae3fdba19685fc593806a5b160,5ba51e4a25fa36e96b0a59e7d8db4262caafd026d3eb23e2cafdc9b97961b7e1,source_bytes_and_line_range_verified,open_evidence_gap,unchanged_not_reassessed
static-catalog/review-metadata/unresolved-rows.jsonl,125,4bcc2bc7ddc2b38a2b593896f43802e7b1485c9f949439118cd7d5d7fd264c57,24d921f28d276d05b1da53e248cba0cbf08a39624e4a488f6a9cc53d4e9c25cd,static-catalog/entry-argument-sites.jsonl,125,5c393012cb9096ead5f70d93abb6d214d4058a2704963c6c7c80c4ddb5ef9fd1,644092799b608b1ac669d5ce93d2671331e0600b5c01e84acc224d9cba876a97,ext/ffi_c/Function.c,378,static-catalog/files-scanned.csv,fe76976976e2a77c37581f7075f8f322d5207e396e52255257617abff0d99936,e1404ec0050f5824c05d60122893440bdd224eae3fdba19685fc593806a5b160,05fdf210d0677096cf06187c12c36f7c265323c76f3ad0a60aede98e668dcc31,source_bytes_and_line_range_verified,open_evidence_gap,unchanged_not_reassessed
static-catalog/review-metadata/unresolved-rows.jsonl,126,4bcc2bc7ddc2b38a2b593896f43802e7b1485c9f949439118cd7d5d7fd264c57,6e0300883aebdf3e097a41065fba6687535d0c4e99639597083c81ee2068302a,static-catalog/entry-argument-sites.jsonl,126,5c393012cb9096ead5f70d93abb6d214d4058a2704963c6c7c80c4ddb5ef9fd1,1d709a1406b22caad1050e228ac34db6abf7bb042e60781c4a31387430bd5a4f,ext/ffi_c/StructLayout.c,159,static-catalog/files-scanned.csv,fe76976976e2a77c37581f7075f8f322d5207e396e52255257617abff0d99936,6a09b79312b20a35227e59a0123109b41caf56bd710e3c7b9174d140ea808df9,432c37b6f54d27743e3673c71dec54ee13e003a9ef51c68e2b3903e709c894a4,source_bytes_and_line_range_verified,open_evidence_gap,unchanged_not_reassessed
static-catalog/review-metadata/unresolved-rows.jsonl,127,4bcc2bc7ddc2b38a2b593896f43802e7b1485c9f949439118cd7d5d7fd264c57,9eb6253339d2343b2ea8fdf3ecfbb4a6258f43fa6e788cf5179090f1d614d667,static-catalog/entry-argument-sites.jsonl,127,5c393012cb9096ead5f70d93abb6d214d4058a2704963c6c7c80c4ddb5ef9fd1,5bf120b0a1c6cd2f02878fa5cc4ac8f94f093b1dbad6611cfb69ee13ef13d6e1,ext/ffi_c/Function.c,478,static-catalog/files-scanned.csv,fe76976976e2a77c37581f7075f8f322d5207e396e52255257617abff0d99936,e1404ec0050f5824c05d60122893440bdd224eae3fdba19685fc593806a5b160,9bfd643156c82e0bf023f74bdef286907279f2aa2946fd3feb8568561c9af3a2,source_bytes_and_line_range_verified,open_evidence_gap,unchanged_not_reassessed
static-catalog/review-metadata/unresolved-rows.jsonl,128,4bcc2bc7ddc2b38a2b593896f43802e7b1485c9f949439118cd7d5d7fd264c57,b099d1db8840e55cdad584c19d388edba74efd3246fcf9dd66f0ae3da7b84dfc,static-catalog/entry-argument-sites.jsonl,128,5c393012cb9096ead5f70d93abb6d214d4058a2704963c6c7c80c4ddb5ef9fd1,678206918e31c0a316a0468bec0b874590eb6b8e39c7c158eb3300e197e2c4db,ext/ffi_c/Function.c,379,static-catalog/files-scanned.csv,fe76976976e2a77c37581f7075f8f322d5207e396e52255257617abff0d99936,e1404ec0050f5824c05d60122893440bdd224eae3fdba19685fc593806a5b160,a5473bc5621c79a2f9a5628ce795969f1c6fe57be8fd8ae909940403af2e45ea,source_bytes_and_line_range_verified,open_evidence_gap,unchanged_not_reassessed
static-catalog/review-metadata/unresolved-rows.jsonl,129,4bcc2bc7ddc2b38a2b593896f43802e7b1485c9f949439118cd7d5d7fd264c57,41938be3bae514d5d92de15d27804f87411173ee1d4281d48d73d630607121d1,static-catalog/entry-argument-sites.jsonl,129,5c393012cb9096ead5f70d93abb6d214d4058a2704963c6c7c80c4ddb5ef9fd1,b14aed74feeb16068ea8b0b62ef1ae39562a342209a5d00f7a79b2c6a4f791ca,ext/ffi_c/Struct.c,478,static-catalog/files-scanned.csv,fe76976976e2a77c37581f7075f8f322d5207e396e52255257617abff0d99936,39f14f808737e34a09d4a57cd7069962d77e366a92c572bd2ee7f035f29ce13d,42bc94b23caf79f8495dd8389e1659c2ff2911f5fbcc123951fd46086ea5aa6c,source_bytes_and_line_range_verified,open_evidence_gap,unchanged_not_reassessed
static-catalog/review-metadata/unresolved-rows.jsonl,130,4bcc2bc7ddc2b38a2b593896f43802e7b1485c9f949439118cd7d5d7fd264c57,408431dc2447125f9848dad3c0aa49fe2fa2ffcba9cb8c9e5725f0d6a942f1c3,static-catalog/entry-argument-sites.jsonl,130,5c393012cb9096ead5f70d93abb6d214d4058a2704963c6c7c80c4ddb5ef9fd1,f3dd98ab32d94565976cb584335e0b94da375e06d4360f041042ecfdd37390ff,ext/ffi_c/DynamicLibrary.c,151,static-catalog/files-scanned.csv,fe76976976e2a77c37581f7075f8f322d5207e396e52255257617abff0d99936,b6596d021bea84c82d8017dd1b4b60072cd8b58c2dfb9b4ac34a154d29f2f2bf,caa8fd05028bf8c8b6ba0dbb8caac20f3936cd570596a178da79a3210c80b5e7,source_bytes_and_line_range_verified,open_evidence_gap,unchanged_not_reassessed
static-catalog/review-metadata/unresolved-rows.jsonl,131,4bcc2bc7ddc2b38a2b593896f43802e7b1485c9f949439118cd7d5d7fd264c57,af11697511bf769e4d4d9c5200083129880d40c4ae9d3adc5998733273f277f4,static-catalog/entry-argument-sites.jsonl,131,5c393012cb9096ead5f70d93abb6d214d4058a2704963c6c7c80c4ddb5ef9fd1,d9a00496f27ba186d52c3875ec8d1781384692278b3bc70604b916f0fba362e2,ext/ffi_c/Struct.c,427,static-catalog/files-scanned.csv,fe76976976e2a77c37581f7075f8f322d5207e396e52255257617abff0d99936,39f14f808737e34a09d4a57cd7069962d77e366a92c572bd2ee7f035f29ce13d,9738180ccdb5e56829d3c5832dd01e541a50d3d35bdf13e9b7df32b5b98744c7,source_bytes_and_line_range_verified,open_evidence_gap,unchanged_not_reassessed
static-catalog/review-metadata/unresolved-rows.jsonl,132,4bcc2bc7ddc2b38a2b593896f43802e7b1485c9f949439118cd7d5d7fd264c57,b2d878111f5ac5eb48727d211c3420fc2658b4f7fc542ab22dab351ef14f120a,static-catalog/entry-argument-sites.jsonl,132,5c393012cb9096ead5f70d93abb6d214d4058a2704963c6c7c80c4ddb5ef9fd1,3bdc8bc6b531434c7eb0f4d4b07726ccd65264c748265b88c5457bf39a128108,ext/ffi_c/AbstractMemory.c,401,static-catalog/files-scanned.csv,fe76976976e2a77c37581f7075f8f322d5207e396e52255257617abff0d99936,23f92a528305f3a99c79dcce280894dbece91554f6520c704724cafea0c58f1f,897199f384b0dfb0f76304dec5c0e86bd2ac71431392895cc921759ea7874df5,source_bytes_and_line_range_verified,open_evidence_gap,unchanged_not_reassessed
static-catalog/review-metadata/unresolved-rows.jsonl,133,4bcc2bc7ddc2b38a2b593896f43802e7b1485c9f949439118cd7d5d7fd264c57,3b32c514864db1261a51e0e1ab23d5804cfc35b6aa7da9181c0acf7e91d422fb,static-catalog/entry-argument-sites.jsonl,133,5c393012cb9096ead5f70d93abb6d214d4058a2704963c6c7c80c4ddb5ef9fd1,b4dd0053b046cd4f83dba634a5cd2e98663e6f0ee9e48d158d9254b441be97f3,ext/ffi_c/StructLayout.c,394,static-catalog/files-scanned.csv,fe76976976e2a77c37581f7075f8f322d5207e396e52255257617abff0d99936,6a09b79312b20a35227e59a0123109b41caf56bd710e3c7b9174d140ea808df9,95f0c904b2da9fc8d6188a0ef52beee3abcbcc315ce3020f9aca19cc86a52830,source_bytes_and_line_range_verified,open_evidence_gap,unchanged_not_reassessed
static-catalog/review-metadata/unresolved-rows.jsonl,134,4bcc2bc7ddc2b38a2b593896f43802e7b1485c9f949439118cd7d5d7fd264c57,9bf7b667c246e69e7ba2c7fbd7751723d7fb0c226ff2b4c630cc52dd78e1da04,static-catalog/entry-argument-sites.jsonl,134,5c393012cb9096ead5f70d93abb6d214d4058a2704963c6c7c80c4ddb5ef9fd1,803ff107a7a093241818e920756d8d153c01abd792fcf1b623b9a4cd189293df,ext/ffi_c/StructLayout.c,401,static-catalog/files-scanned.csv,fe76976976e2a77c37581f7075f8f322d5207e396e52255257617abff0d99936,6a09b79312b20a35227e59a0123109b41caf56bd710e3c7b9174d140ea808df9,90fcd38691b3ae2c80010aa7e85d9fb01f7ca574906dd5064c94d0eb78767628,source_bytes_and_line_range_verified,open_evidence_gap,unchanged_not_reassessed
static-catalog/review-metadata/unresolved-rows.jsonl,135,4bcc2bc7ddc2b38a2b593896f43802e7b1485c9f949439118cd7d5d7fd264c57,c03ddebc85506682795b6c160bcc43ba3df0aae870b6c14e080585db44ef27e4,static-catalog/entry-argument-sites.jsonl,135,5c393012cb9096ead5f70d93abb6d214d4058a2704963c6c7c80c4ddb5ef9fd1,58cf1ca5cf10a308d88477525a4e3e8e9116dc904324e87c309897eb506229bd,ext/ffi_c/Function.c,478,static-catalog/files-scanned.csv,fe76976976e2a77c37581f7075f8f322d5207e396e52255257617abff0d99936,e1404ec0050f5824c05d60122893440bdd224eae3fdba19685fc593806a5b160,9bfd643156c82e0bf023f74bdef286907279f2aa2946fd3feb8568561c9af3a2,source_bytes_and_line_range_verified,open_evidence_gap,unchanged_not_reassessed
static-catalog/review-metadata/unresolved-rows.jsonl,136,4bcc2bc7ddc2b38a2b593896f43802e7b1485c9f949439118cd7d5d7fd264c57,25d0063a05cc0168c58a73b7ef00397409e533a2626bbc11c3ad1b0cf385c2f6,static-catalog/entry-argument-sites.jsonl,136,5c393012cb9096ead5f70d93abb6d214d4058a2704963c6c7c80c4ddb5ef9fd1,2afcb464dafbc2f4f998f8f11047a16dbcc20a14c606a2a9d1d0ce0bc35730cb,ext/ffi_c/AbstractMemory.c,597,static-catalog/files-scanned.csv,fe76976976e2a77c37581f7075f8f322d5207e396e52255257617abff0d99936,23f92a528305f3a99c79dcce280894dbece91554f6520c704724cafea0c58f1f,64038618cd55d755ebf723f2f6577ee84e49f29531920aef94589d1c1ca45146,source_bytes_and_line_range_verified,open_evidence_gap,unchanged_not_reassessed
static-catalog/review-metadata/unresolved-rows.jsonl,137,4bcc2bc7ddc2b38a2b593896f43802e7b1485c9f949439118cd7d5d7fd264c57,8b4c9ddae7edb6624f2dbb2e06f080a143d623a0bea694112c2efefb2d116248,static-catalog/entry-argument-sites.jsonl,137,5c393012cb9096ead5f70d93abb6d214d4058a2704963c6c7c80c4ddb5ef9fd1,d27d2081dc4d3918e60afd611518f4c65bcb0234626c0543c383eb3ef7628670,ext/ffi_c/AbstractMemory.c,529,static-catalog/files-scanned.csv,fe76976976e2a77c37581f7075f8f322d5207e396e52255257617abff0d99936,23f92a528305f3a99c79dcce280894dbece91554f6520c704724cafea0c58f1f,235bb24c5dd2c89f46bb9fa850d66eb605fc288cc1dc5aad3e0560c21dc05bdf,source_bytes_and_line_range_verified,open_evidence_gap,unchanged_not_reassessed
static-catalog/review-metadata/unresolved-rows.jsonl,138,4bcc2bc7ddc2b38a2b593896f43802e7b1485c9f949439118cd7d5d7fd264c57,942dfdd55b4a1d08677e47522dd363cc6c5b632f73681a5c7399c623f5accae4,static-catalog/entry-argument-sites.jsonl,138,5c393012cb9096ead5f70d93abb6d214d4058a2704963c6c7c80c4ddb5ef9fd1,724e95d04720fe0c6dcfc7d918654e601a5283a9bfa357ec16e377e24914c6f0,ext/google/protobuf_c/convert.c,27,static-catalog/files-scanned.csv,fe76976976e2a77c37581f7075f8f322d5207e396e52255257617abff0d99936,c3c33e495d036e9b6dbf4f8566669d0ffa1b0d99b8c22135821b0415defaa052,60087bab703c7e06c1c46e4c350b31bc766a94e8b6ac05d253e518f2c4060b76,source_bytes_and_line_range_verified,open_evidence_gap,unchanged_not_reassessed
static-catalog/review-metadata/unresolved-rows.jsonl,139,4bcc2bc7ddc2b38a2b593896f43802e7b1485c9f949439118cd7d5d7fd264c57,7ac9fbe50d64bca48e934a6cd066b66686ea9136314cbd8dd5d58059c5b5aa30,static-catalog/entry-argument-sites.jsonl,139,5c393012cb9096ead5f70d93abb6d214d4058a2704963c6c7c80c4ddb5ef9fd1,a20a18652e050b6859209989fd03693e822358f89f3a991d5432ca915f6f45fe,ext/google/protobuf_c/convert.c,44,static-catalog/files-scanned.csv,fe76976976e2a77c37581f7075f8f322d5207e396e52255257617abff0d99936,c3c33e495d036e9b6dbf4f8566669d0ffa1b0d99b8c22135821b0415defaa052,910fb6c8a2c47e3318d7bd5292f2de49ec37e019d261939628e2b57b281419ed,source_bytes_and_line_range_verified,open_evidence_gap,unchanged_not_reassessed
static-catalog/review-metadata/unresolved-rows.jsonl,140,4bcc2bc7ddc2b38a2b593896f43802e7b1485c9f949439118cd7d5d7fd264c57,baee9616598d36dcfe11bd68ca602119efef87b97f8e9edc1d98c4a207d7fc41,static-catalog/entry-argument-sites.jsonl,140,5c393012cb9096ead5f70d93abb6d214d4058a2704963c6c7c80c4ddb5ef9fd1,f5b8de19aa5bbb14d86fa1c1a5a376917797a9b61330254df2f95bf81ba40b98,ext/google/protobuf_c/convert.c,55,static-catalog/files-scanned.csv,fe76976976e2a77c37581f7075f8f322d5207e396e52255257617abff0d99936,c3c33e495d036e9b6dbf4f8566669d0ffa1b0d99b8c22135821b0415defaa052,9b09c13a5dbc75aaa76a0a990b449efcb0e1a4425ae3c33eec8835cc79287cfb,source_bytes_and_line_range_verified,open_evidence_gap,unchanged_not_reassessed
static-catalog/review-metadata/unresolved-rows.jsonl,141,4bcc2bc7ddc2b38a2b593896f43802e7b1485c9f949439118cd7d5d7fd264c57,fb07f34b0c16a6578f4e6e3845d1fea96092b54237cc4d70343a5cf9d4fca054,static-catalog/entry-argument-sites.jsonl,141,5c393012cb9096ead5f70d93abb6d214d4058a2704963c6c7c80c4ddb5ef9fd1,d1b71a4ecca610af6432aef147e672b07832afcbf83b70a85c3f3255ee084258,ext/google/protobuf_c/convert.c,63,static-catalog/files-scanned.csv,fe76976976e2a77c37581f7075f8f322d5207e396e52255257617abff0d99936,c3c33e495d036e9b6dbf4f8566669d0ffa1b0d99b8c22135821b0415defaa052,c9606ecd3e4a41f065f6760490c57cb0f24c0ee3d8739d1b08634b2bd539994b,source_bytes_and_line_range_verified,open_evidence_gap,unchanged_not_reassessed
static-catalog/review-metadata/unresolved-rows.jsonl,142,4bcc2bc7ddc2b38a2b593896f43802e7b1485c9f949439118cd7d5d7fd264c57,bd5a865a1ef4e398ebf649bd7f065a54df1f203a58a1331d65a38924aa8cb633,static-catalog/entry-argument-sites.jsonl,142,5c393012cb9096ead5f70d93abb6d214d4058a2704963c6c7c80c4ddb5ef9fd1,ace6854db5f50d5c2dac89dd5956bab9bf7dcc3f09276d81b8b29918644cc379,ext/google/protobuf_c/convert.c,142,static-catalog/files-scanned.csv,fe76976976e2a77c37581f7075f8f322d5207e396e52255257617abff0d99936,c3c33e495d036e9b6dbf4f8566669d0ffa1b0d99b8c22135821b0415defaa052,95db65d2edd025d1759b8670cd47158771fc883877f51ff0b1fed3843ebd286a,source_bytes_and_line_range_verified,open_evidence_gap,unchanged_not_reassessed
static-catalog/review-metadata/unresolved-rows.jsonl,143,4bcc2bc7ddc2b38a2b593896f43802e7b1485c9f949439118cd7d5d7fd264c57,bbc640489e2922d027787958dda92cc03983b336e27be8bd39b729426c38bf9e,static-catalog/entry-argument-sites.jsonl,143,5c393012cb9096ead5f70d93abb6d214d4058a2704963c6c7c80c4ddb5ef9fd1,297ada2999fc7b3c71086e5ad4e3cf5a6d36fe4b0e40f98238818cb7a416fe0d,ext/google/protobuf_c/convert.c,150,static-catalog/files-scanned.csv,fe76976976e2a77c37581f7075f8f322d5207e396e52255257617abff0d99936,c3c33e495d036e9b6dbf4f8566669d0ffa1b0d99b8c22135821b0415defaa052,95db65d2edd025d1759b8670cd47158771fc883877f51ff0b1fed3843ebd286a,source_bytes_and_line_range_verified,open_evidence_gap,unchanged_not_reassessed
static-catalog/review-metadata/unresolved-rows.jsonl,144,4bcc2bc7ddc2b38a2b593896f43802e7b1485c9f949439118cd7d5d7fd264c57,00dab74fb2f1a259cdfb66e1449bee55551bc566ad7ed418274012e24533ca21,static-catalog/entry-argument-sites.jsonl,144,5c393012cb9096ead5f70d93abb6d214d4058a2704963c6c7c80c4ddb5ef9fd1,7548a1a4b195262d4a01617c5174a95f8ffc3bd02279298a59054318ad9d5e24,ext/google/protobuf_c/convert.c,162,static-catalog/files-scanned.csv,fe76976976e2a77c37581f7075f8f322d5207e396e52255257617abff0d99936,c3c33e495d036e9b6dbf4f8566669d0ffa1b0d99b8c22135821b0415defaa052,95db65d2edd025d1759b8670cd47158771fc883877f51ff0b1fed3843ebd286a,source_bytes_and_line_range_verified,open_evidence_gap,unchanged_not_reassessed
static-catalog/review-metadata/unresolved-rows.jsonl,145,4bcc2bc7ddc2b38a2b593896f43802e7b1485c9f949439118cd7d5d7fd264c57,8eb5d71ec89f5fc500dc339103ceab44fa80de62ed7b3cd793401007a0b4d1b0,static-catalog/entry-argument-sites.jsonl,145,5c393012cb9096ead5f70d93abb6d214d4058a2704963c6c7c80c4ddb5ef9fd1,33502a7edfabd57f03f6a0c01f18661576e7bf0fb7c267133b07d7760eca5b88,ext/google/protobuf_c/convert.c,172,static-catalog/files-scanned.csv,fe76976976e2a77c37581f7075f8f322d5207e396e52255257617abff0d99936,c3c33e495d036e9b6dbf4f8566669d0ffa1b0d99b8c22135821b0415defaa052,95db65d2edd025d1759b8670cd47158771fc883877f51ff0b1fed3843ebd286a,source_bytes_and_line_range_verified,open_evidence_gap,unchanged_not_reassessed
static-catalog/review-metadata/unresolved-rows.jsonl,146,4bcc2bc7ddc2b38a2b593896f43802e7b1485c9f949439118cd7d5d7fd264c57,885e20582b237fadb81e93db6a353a20e72ccedb0e19ac5dafb81bee140561b8,static-catalog/entry-argument-sites.jsonl,146,5c393012cb9096ead5f70d93abb6d214d4058a2704963c6c7c80c4ddb5ef9fd1,f4fe7b71211233a09221a88aceacb20ad41eb0073c365d1d292d5fa6e84bdc4e,ext/google/protobuf_c/convert.c,183,static-catalog/files-scanned.csv,fe76976976e2a77c37581f7075f8f322d5207e396e52255257617abff0d99936,c3c33e495d036e9b6dbf4f8566669d0ffa1b0d99b8c22135821b0415defaa052,95db65d2edd025d1759b8670cd47158771fc883877f51ff0b1fed3843ebd286a,source_bytes_and_line_range_verified,open_evidence_gap,unchanged_not_reassessed
static-catalog/review-metadata/unresolved-rows.jsonl,147,4bcc2bc7ddc2b38a2b593896f43802e7b1485c9f949439118cd7d5d7fd264c57,3792e9cdf172b751a0cc102535ea98319c02f8aecf01ad70510109ae6e63b6d9,static-catalog/entry-argument-sites.jsonl,147,5c393012cb9096ead5f70d93abb6d214d4058a2704963c6c7c80c4ddb5ef9fd1,d3a559fd26c720af9d0dfd347ac93d5254e31cd5674d058c0e29aed72bd2f467,ext/google/protobuf_c/message.c,1417,static-catalog/files-scanned.csv,fe76976976e2a77c37581f7075f8f322d5207e396e52255257617abff0d99936,43f52444d5dc1949b8788ce8b17dbce7517a78ef0d68c03f276b2895bdae5642,95db65d2edd025d1759b8670cd47158771fc883877f51ff0b1fed3843ebd286a,source_bytes_and_line_range_verified,open_evidence_gap,unchanged_not_reassessed
static-catalog/review-metadata/unresolved-rows.jsonl,148,4bcc2bc7ddc2b38a2b593896f43802e7b1485c9f949439118cd7d5d7fd264c57,29eb2280495673c4b1fea2e4ab4d9f7ba2dfbdcb3b4071b79669b37e2b8041a6,static-catalog/entry-argument-sites.jsonl,148,5c393012cb9096ead5f70d93abb6d214d4058a2704963c6c7c80c4ddb5ef9fd1,163fe1cdceb61848955b8d6e059d159a29293a9f5ce4e17aca731c8637b22b0b,ext/google/protobuf_c/convert.c,27,static-catalog/files-scanned.csv,fe76976976e2a77c37581f7075f8f322d5207e396e52255257617abff0d99936,c3c33e495d036e9b6dbf4f8566669d0ffa1b0d99b8c22135821b0415defaa052,60087bab703c7e06c1c46e4c350b31bc766a94e8b6ac05d253e518f2c4060b76,source_bytes_and_line_range_verified,open_evidence_gap,unchanged_not_reassessed
static-catalog/review-metadata/unresolved-rows.jsonl,149,4bcc2bc7ddc2b38a2b593896f43802e7b1485c9f949439118cd7d5d7fd264c57,152d606ce885e3febed63307aab5cdf3c816afc0004f7275351816590e5336ae,static-catalog/entry-argument-sites.jsonl,149,5c393012cb9096ead5f70d93abb6d214d4058a2704963c6c7c80c4ddb5ef9fd1,e7d2d89156fc84c4f120db794591fb7813fe6be65544c6170a80763dbf7834b6,ext/google/protobuf_c/convert.c,44,static-catalog/files-scanned.csv,fe76976976e2a77c37581f7075f8f322d5207e396e52255257617abff0d99936,c3c33e495d036e9b6dbf4f8566669d0ffa1b0d99b8c22135821b0415defaa052,910fb6c8a2c47e3318d7bd5292f2de49ec37e019d261939628e2b57b281419ed,source_bytes_and_line_range_verified,open_evidence_gap,unchanged_not_reassessed
static-catalog/review-metadata/unresolved-rows.jsonl,150,4bcc2bc7ddc2b38a2b593896f43802e7b1485c9f949439118cd7d5d7fd264c57,4420c266c6e85c9e0510475114ad398ce90996202ae54481bc92262a72f0e597,static-catalog/entry-argument-sites.jsonl,150,5c393012cb9096ead5f70d93abb6d214d4058a2704963c6c7c80c4ddb5ef9fd1,44ec7862dc6acd377b2a25597d3337617263433af2315fa680d77105788922ee,ext/google/protobuf_c/convert.c,55,static-catalog/files-scanned.csv,fe76976976e2a77c37581f7075f8f322d5207e396e52255257617abff0d99936,c3c33e495d036e9b6dbf4f8566669d0ffa1b0d99b8c22135821b0415defaa052,9b09c13a5dbc75aaa76a0a990b449efcb0e1a4425ae3c33eec8835cc79287cfb,source_bytes_and_line_range_verified,open_evidence_gap,unchanged_not_reassessed
static-catalog/review-metadata/unresolved-rows.jsonl,151,4bcc2bc7ddc2b38a2b593896f43802e7b1485c9f949439118cd7d5d7fd264c57,45178910c8860b12e1eefd88dbc21e8184cb45a83d17b8799b51870fbb3add1a,static-catalog/entry-argument-sites.jsonl,151,5c393012cb9096ead5f70d93abb6d214d4058a2704963c6c7c80c4ddb5ef9fd1,cefdeb864015dc06f2220cde3a28fb7c0a5c63bdf4a1bbb1b1ed2c1ac0d793a5,ext/google/protobuf_c/convert.c,63,static-catalog/files-scanned.csv,fe76976976e2a77c37581f7075f8f322d5207e396e52255257617abff0d99936,c3c33e495d036e9b6dbf4f8566669d0ffa1b0d99b8c22135821b0415defaa052,c9606ecd3e4a41f065f6760490c57cb0f24c0ee3d8739d1b08634b2bd539994b,source_bytes_and_line_range_verified,open_evidence_gap,unchanged_not_reassessed
static-catalog/review-metadata/unresolved-rows.jsonl,152,4bcc2bc7ddc2b38a2b593896f43802e7b1485c9f949439118cd7d5d7fd264c57,fb114c45fbd0d85ec17ea87ff92dfcf57c477c0c48d1667d07fbd2362b35cde3,static-catalog/entry-argument-sites.jsonl,152,5c393012cb9096ead5f70d93abb6d214d4058a2704963c6c7c80c4ddb5ef9fd1,44ec1d045703eb727e7f0c63fcd7f35f429f5250b138c0e5108f04d18f5dc4a1,ext/google/protobuf_c/convert.c,142,static-catalog/files-scanned.csv,fe76976976e2a77c37581f7075f8f322d5207e396e52255257617abff0d99936,c3c33e495d036e9b6dbf4f8566669d0ffa1b0d99b8c22135821b0415defaa052,95db65d2edd025d1759b8670cd47158771fc883877f51ff0b1fed3843ebd286a,source_bytes_and_line_range_verified,open_evidence_gap,unchanged_not_reassessed
static-catalog/review-metadata/unresolved-rows.jsonl,153,4bcc2bc7ddc2b38a2b593896f43802e7b1485c9f949439118cd7d5d7fd264c57,3a404f687c0c404340995f28be90c25acb4668b57ab8f1d101ff2d49e12c1194,static-catalog/entry-argument-sites.jsonl,153,5c393012cb9096ead5f70d93abb6d214d4058a2704963c6c7c80c4ddb5ef9fd1,415a2ca2c46862abae149625a21b9dd7893e5175a39bac3bef5ae5aee1152727,ext/google/protobuf_c/convert.c,150,static-catalog/files-scanned.csv,fe76976976e2a77c37581f7075f8f322d5207e396e52255257617abff0d99936,c3c33e495d036e9b6dbf4f8566669d0ffa1b0d99b8c22135821b0415defaa052,95db65d2edd025d1759b8670cd47158771fc883877f51ff0b1fed3843ebd286a,source_bytes_and_line_range_verified,open_evidence_gap,unchanged_not_reassessed
static-catalog/review-metadata/unresolved-rows.jsonl,154,4bcc2bc7ddc2b38a2b593896f43802e7b1485c9f949439118cd7d5d7fd264c57,95b733bb11690170791f2b8cd1243731657ea9257d01815abc0c9a42ebdf262b,static-catalog/entry-argument-sites.jsonl,154,5c393012cb9096ead5f70d93abb6d214d4058a2704963c6c7c80c4ddb5ef9fd1,3c85e475ceb44ffd96139852319087f7d8b83ded583296c042463621f92b2022,ext/google/protobuf_c/convert.c,162,static-catalog/files-scanned.csv,fe76976976e2a77c37581f7075f8f322d5207e396e52255257617abff0d99936,c3c33e495d036e9b6dbf4f8566669d0ffa1b0d99b8c22135821b0415defaa052,95db65d2edd025d1759b8670cd47158771fc883877f51ff0b1fed3843ebd286a,source_bytes_and_line_range_verified,open_evidence_gap,unchanged_not_reassessed
static-catalog/review-metadata/unresolved-rows.jsonl,155,4bcc2bc7ddc2b38a2b593896f43802e7b1485c9f949439118cd7d5d7fd264c57,42ecb183146960c626d37ba743097080720a708c9695c7b4f24b8e799b4ab4af,static-catalog/entry-argument-sites.jsonl,155,5c393012cb9096ead5f70d93abb6d214d4058a2704963c6c7c80c4ddb5ef9fd1,a2c275b0a32865787cc311a3a52e6b62b633e95694856833b770da31284b9e31,ext/google/protobuf_c/convert.c,172,static-catalog/files-scanned.csv,fe76976976e2a77c37581f7075f8f322d5207e396e52255257617abff0d99936,c3c33e495d036e9b6dbf4f8566669d0ffa1b0d99b8c22135821b0415defaa052,95db65d2edd025d1759b8670cd47158771fc883877f51ff0b1fed3843ebd286a,source_bytes_and_line_range_verified,open_evidence_gap,unchanged_not_reassessed
static-catalog/review-metadata/unresolved-rows.jsonl,156,4bcc2bc7ddc2b38a2b593896f43802e7b1485c9f949439118cd7d5d7fd264c57,9108c3ba0906f37225bb74d019142a6a2f59dca9af48c3f2b0b1ab9dc8115879,static-catalog/entry-argument-sites.jsonl,156,5c393012cb9096ead5f70d93abb6d214d4058a2704963c6c7c80c4ddb5ef9fd1,9547aba8160c3261996db43c3010166f3d8b71793fd914e7309734cac0becd79,ext/google/protobuf_c/convert.c,183,static-catalog/files-scanned.csv,fe76976976e2a77c37581f7075f8f322d5207e396e52255257617abff0d99936,c3c33e495d036e9b6dbf4f8566669d0ffa1b0d99b8c22135821b0415defaa052,95db65d2edd025d1759b8670cd47158771fc883877f51ff0b1fed3843ebd286a,source_bytes_and_line_range_verified,open_evidence_gap,unchanged_not_reassessed
static-catalog/review-metadata/unresolved-rows.jsonl,157,4bcc2bc7ddc2b38a2b593896f43802e7b1485c9f949439118cd7d5d7fd264c57,23c2a66881b599abdabeed3ae9f11f35cc1d69266301ee45f2917b602e376b1b,static-catalog/entry-argument-sites.jsonl,157,5c393012cb9096ead5f70d93abb6d214d4058a2704963c6c7c80c4ddb5ef9fd1,8024558f7f84714ebbbfa6d5ab563fdc10a61d8f8df2dc868948b5bac2c49364,ext/google/protobuf_c/message.c,1417,static-catalog/files-scanned.csv,fe76976976e2a77c37581f7075f8f322d5207e396e52255257617abff0d99936,43f52444d5dc1949b8788ce8b17dbce7517a78ef0d68c03f276b2895bdae5642,95db65d2edd025d1759b8670cd47158771fc883877f51ff0b1fed3843ebd286a,source_bytes_and_line_range_verified,open_evidence_gap,unchanged_not_reassessed
static-catalog/review-metadata/unresolved-rows.jsonl,158,4bcc2bc7ddc2b38a2b593896f43802e7b1485c9f949439118cd7d5d7fd264c57,0b5e1f53be2ae8a89583e2dc68e68e6de24eefd244a098dfb7fdd0effb953af0,static-catalog/entry-argument-sites.jsonl,158,5c393012cb9096ead5f70d93abb6d214d4058a2704963c6c7c80c4ddb5ef9fd1,96cf4fb1744758cfe08e3958d4e3c902e99b38fda5dfc0d3f065f21601264914,ext/google/protobuf_c/convert.c,27,static-catalog/files-scanned.csv,fe76976976e2a77c37581f7075f8f322d5207e396e52255257617abff0d99936,c3c33e495d036e9b6dbf4f8566669d0ffa1b0d99b8c22135821b0415defaa052,60087bab703c7e06c1c46e4c350b31bc766a94e8b6ac05d253e518f2c4060b76,source_bytes_and_line_range_verified,open_evidence_gap,unchanged_not_reassessed
static-catalog/review-metadata/unresolved-rows.jsonl,159,4bcc2bc7ddc2b38a2b593896f43802e7b1485c9f949439118cd7d5d7fd264c57,4f5bf9b3aa8323768a688bbbeb7e9e656d0b0076518a4309af78cc497ebf4d25,static-catalog/entry-argument-sites.jsonl,159,5c393012cb9096ead5f70d93abb6d214d4058a2704963c6c7c80c4ddb5ef9fd1,66fb65103e3a40fc18fe4945df71c1fe600e9e25851d337207cd99e620a6413d,ext/google/protobuf_c/convert.c,44,static-catalog/files-scanned.csv,fe76976976e2a77c37581f7075f8f322d5207e396e52255257617abff0d99936,c3c33e495d036e9b6dbf4f8566669d0ffa1b0d99b8c22135821b0415defaa052,910fb6c8a2c47e3318d7bd5292f2de49ec37e019d261939628e2b57b281419ed,source_bytes_and_line_range_verified,open_evidence_gap,unchanged_not_reassessed
static-catalog/review-metadata/unresolved-rows.jsonl,160,4bcc2bc7ddc2b38a2b593896f43802e7b1485c9f949439118cd7d5d7fd264c57,0751bec1f18f210a7d84f05c0ae6229c5dd251a649ba9497611707071ef1cf7c,static-catalog/entry-argument-sites.jsonl,160,5c393012cb9096ead5f70d93abb6d214d4058a2704963c6c7c80c4ddb5ef9fd1,c815c697cc1ba4ae0cf834365ac821a8b3a4c93b9f92b4ca2ba523694d8e927f,ext/google/protobuf_c/convert.c,55,static-catalog/files-scanned.csv,fe76976976e2a77c37581f7075f8f322d5207e396e52255257617abff0d99936,c3c33e495d036e9b6dbf4f8566669d0ffa1b0d99b8c22135821b0415defaa052,9b09c13a5dbc75aaa76a0a990b449efcb0e1a4425ae3c33eec8835cc79287cfb,source_bytes_and_line_range_verified,open_evidence_gap,unchanged_not_reassessed
static-catalog/review-metadata/unresolved-rows.jsonl,161,4bcc2bc7ddc2b38a2b593896f43802e7b1485c9f949439118cd7d5d7fd264c57,8162e663f58442325890d181965becd8cc321bf7aede19230c26b02b63c51561,static-catalog/entry-argument-sites.jsonl,161,5c393012cb9096ead5f70d93abb6d214d4058a2704963c6c7c80c4ddb5ef9fd1,425056eb0fb92424b686cad3983d3f97dc1612d9b01354caab79470e12e265cc,ext/google/protobuf_c/convert.c,63,static-catalog/files-scanned.csv,fe76976976e2a77c37581f7075f8f322d5207e396e52255257617abff0d99936,c3c33e495d036e9b6dbf4f8566669d0ffa1b0d99b8c22135821b0415defaa052,c9606ecd3e4a41f065f6760490c57cb0f24c0ee3d8739d1b08634b2bd539994b,source_bytes_and_line_range_verified,open_evidence_gap,unchanged_not_reassessed
static-catalog/review-metadata/unresolved-rows.jsonl,162,4bcc2bc7ddc2b38a2b593896f43802e7b1485c9f949439118cd7d5d7fd264c57,5e68f3322a24f3c201145bbf26597908ada2ed9dee3c236d07ec4e0dd5681157,static-catalog/entry-argument-sites.jsonl,162,5c393012cb9096ead5f70d93abb6d214d4058a2704963c6c7c80c4ddb5ef9fd1,720bb0553be844a7c3c1ee96068bf35fbae763df90b78d8aa9b14fc2983d3714,ext/google/protobuf_c/convert.c,142,static-catalog/files-scanned.csv,fe76976976e2a77c37581f7075f8f322d5207e396e52255257617abff0d99936,c3c33e495d036e9b6dbf4f8566669d0ffa1b0d99b8c22135821b0415defaa052,95db65d2edd025d1759b8670cd47158771fc883877f51ff0b1fed3843ebd286a,source_bytes_and_line_range_verified,open_evidence_gap,unchanged_not_reassessed
static-catalog/review-metadata/unresolved-rows.jsonl,163,4bcc2bc7ddc2b38a2b593896f43802e7b1485c9f949439118cd7d5d7fd264c57,d18a5dcdbed8ce10238d512c26ee05b660665f5ac6469fd255e4892c55337b2c,static-catalog/entry-argument-sites.jsonl,163,5c393012cb9096ead5f70d93abb6d214d4058a2704963c6c7c80c4ddb5ef9fd1,90f5e5292791329ebbef2a052efa2b89d9afb2f73ff8fdd1c1991ca5c2667e32,ext/google/protobuf_c/convert.c,150,static-catalog/files-scanned.csv,fe76976976e2a77c37581f7075f8f322d5207e396e52255257617abff0d99936,c3c33e495d036e9b6dbf4f8566669d0ffa1b0d99b8c22135821b0415defaa052,95db65d2edd025d1759b8670cd47158771fc883877f51ff0b1fed3843ebd286a,source_bytes_and_line_range_verified,open_evidence_gap,unchanged_not_reassessed
static-catalog/review-metadata/unresolved-rows.jsonl,164,4bcc2bc7ddc2b38a2b593896f43802e7b1485c9f949439118cd7d5d7fd264c57,31e3256aa08913db1fbe1168af8ecaaeabc8a3a18eeaa8c25399346bbd68dfcc,static-catalog/entry-argument-sites.jsonl,164,5c393012cb9096ead5f70d93abb6d214d4058a2704963c6c7c80c4ddb5ef9fd1,0b15ac9b1b189ae6e31d40a4325312a9ea00fd5ecb1f832b721ed9f030a40dfd,ext/google/protobuf_c/convert.c,162,static-catalog/files-scanned.csv,fe76976976e2a77c37581f7075f8f322d5207e396e52255257617abff0d99936,c3c33e495d036e9b6dbf4f8566669d0ffa1b0d99b8c22135821b0415defaa052,95db65d2edd025d1759b8670cd47158771fc883877f51ff0b1fed3843ebd286a,source_bytes_and_line_range_verified,open_evidence_gap,unchanged_not_reassessed
static-catalog/review-metadata/unresolved-rows.jsonl,165,4bcc2bc7ddc2b38a2b593896f43802e7b1485c9f949439118cd7d5d7fd264c57,693dff1d357983e95dd77ab677b191c929fe4366a0c405b9013a78723d9c2274,static-catalog/entry-argument-sites.jsonl,165,5c393012cb9096ead5f70d93abb6d214d4058a2704963c6c7c80c4ddb5ef9fd1,eed36f4c689c4f266c1e7f79cba59bed458e6a78130d1e37e87e9c3c32669b6b,ext/google/protobuf_c/convert.c,172,static-catalog/files-scanned.csv,fe76976976e2a77c37581f7075f8f322d5207e396e52255257617abff0d99936,c3c33e495d036e9b6dbf4f8566669d0ffa1b0d99b8c22135821b0415defaa052,95db65d2edd025d1759b8670cd47158771fc883877f51ff0b1fed3843ebd286a,source_bytes_and_line_range_verified,open_evidence_gap,unchanged_not_reassessed
static-catalog/review-metadata/unresolved-rows.jsonl,166,4bcc2bc7ddc2b38a2b593896f43802e7b1485c9f949439118cd7d5d7fd264c57,4f88322f6e5ad18a083b0ed6f2fc6aa7838cb513f90b52238e1a943ab48d491d,static-catalog/entry-argument-sites.jsonl,166,5c393012cb9096ead5f70d93abb6d214d4058a2704963c6c7c80c4ddb5ef9fd1,561e5fad01adea851219d04957fee7069b4a8853b6e0fd0824bcc89d68890b76,ext/google/protobuf_c/convert.c,183,static-catalog/files-scanned.csv,fe76976976e2a77c37581f7075f8f322d5207e396e52255257617abff0d99936,c3c33e495d036e9b6dbf4f8566669d0ffa1b0d99b8c22135821b0415defaa052,95db65d2edd025d1759b8670cd47158771fc883877f51ff0b1fed3843ebd286a,source_bytes_and_line_range_verified,open_evidence_gap,unchanged_not_reassessed
static-catalog/review-metadata/unresolved-rows.jsonl,167,4bcc2bc7ddc2b38a2b593896f43802e7b1485c9f949439118cd7d5d7fd264c57,7393d69eb07f6d8fa3e9aff660dfed04eb3b7fa6d5f3229af9d1f7c477fe1491,static-catalog/entry-argument-sites.jsonl,167,5c393012cb9096ead5f70d93abb6d214d4058a2704963c6c7c80c4ddb5ef9fd1,d569860076097cb818c189f0a0f7ab2031ced0b3cbaf2255f4fab547b9298be7,ext/google/protobuf_c/message.c,936,static-catalog/files-scanned.csv,fe76976976e2a77c37581f7075f8f322d5207e396e52255257617abff0d99936,43f52444d5dc1949b8788ce8b17dbce7517a78ef0d68c03f276b2895bdae5642,65672bcb45b9da9ac5c67eed34203190adeeae3dc895f5815daac1402e306df4,source_bytes_and_line_range_verified,open_evidence_gap,unchanged_not_reassessed
static-catalog/review-metadata/unresolved-rows.jsonl,168,4bcc2bc7ddc2b38a2b593896f43802e7b1485c9f949439118cd7d5d7fd264c57,2e279d0d288486b4eb9f4ecbea3b56f19004b926c1a11a49d875414184f27653,static-catalog/entry-argument-sites.jsonl,168,5c393012cb9096ead5f70d93abb6d214d4058a2704963c6c7c80c4ddb5ef9fd1,1936dfaebd5c60aa20944a69896884fcfb43748150c72dc17b98925041271ba3,ext/google/protobuf_c/message.c,1417,static-catalog/files-scanned.csv,fe76976976e2a77c37581f7075f8f322d5207e396e52255257617abff0d99936,43f52444d5dc1949b8788ce8b17dbce7517a78ef0d68c03f276b2895bdae5642,95db65d2edd025d1759b8670cd47158771fc883877f51ff0b1fed3843ebd286a,source_bytes_and_line_range_verified,open_evidence_gap,unchanged_not_reassessed
static-catalog/review-metadata/unresolved-rows.jsonl,169,4bcc2bc7ddc2b38a2b593896f43802e7b1485c9f949439118cd7d5d7fd264c57,36c21a817b133fb14e29c7abd9d4a7145f230343ec47f30059c1e2344907171a,static-catalog/entry-argument-sites.jsonl,169,5c393012cb9096ead5f70d93abb6d214d4058a2704963c6c7c80c4ddb5ef9fd1,ad7fbd7e51cf75db848305a3895c9e53bc8b6937233031fba0bc8afbd2976080,ext/google/protobuf_c/convert.c,27,static-catalog/files-scanned.csv,fe76976976e2a77c37581f7075f8f322d5207e396e52255257617abff0d99936,c3c33e495d036e9b6dbf4f8566669d0ffa1b0d99b8c22135821b0415defaa052,60087bab703c7e06c1c46e4c350b31bc766a94e8b6ac05d253e518f2c4060b76,source_bytes_and_line_range_verified,open_evidence_gap,unchanged_not_reassessed
static-catalog/review-metadata/unresolved-rows.jsonl,170,4bcc2bc7ddc2b38a2b593896f43802e7b1485c9f949439118cd7d5d7fd264c57,b2f206570e320e09081c58c12fe8068cea402a82b70da6165520ad9f6f7a145c,static-catalog/entry-argument-sites.jsonl,170,5c393012cb9096ead5f70d93abb6d214d4058a2704963c6c7c80c4ddb5ef9fd1,fd8e38eb54428ea027283e9a854ec75f0dd0be0d9cf60f08ef139dfa939ab78d,ext/google/protobuf_c/convert.c,44,static-catalog/files-scanned.csv,fe76976976e2a77c37581f7075f8f322d5207e396e52255257617abff0d99936,c3c33e495d036e9b6dbf4f8566669d0ffa1b0d99b8c22135821b0415defaa052,910fb6c8a2c47e3318d7bd5292f2de49ec37e019d261939628e2b57b281419ed,source_bytes_and_line_range_verified,open_evidence_gap,unchanged_not_reassessed
static-catalog/review-metadata/unresolved-rows.jsonl,171,4bcc2bc7ddc2b38a2b593896f43802e7b1485c9f949439118cd7d5d7fd264c57,51cac1b537a4b6c05bbaf5b73dc0219b620bf4d9e435123569c2b92be5c61b95,static-catalog/entry-argument-sites.jsonl,171,5c393012cb9096ead5f70d93abb6d214d4058a2704963c6c7c80c4ddb5ef9fd1,2becc0553d12c70060fef264fe1e9fe5294d80c51bc3c6f6bd9cac99f01916da,ext/google/protobuf_c/convert.c,55,static-catalog/files-scanned.csv,fe76976976e2a77c37581f7075f8f322d5207e396e52255257617abff0d99936,c3c33e495d036e9b6dbf4f8566669d0ffa1b0d99b8c22135821b0415defaa052,9b09c13a5dbc75aaa76a0a990b449efcb0e1a4425ae3c33eec8835cc79287cfb,source_bytes_and_line_range_verified,open_evidence_gap,unchanged_not_reassessed
static-catalog/review-metadata/unresolved-rows.jsonl,172,4bcc2bc7ddc2b38a2b593896f43802e7b1485c9f949439118cd7d5d7fd264c57,9db348a04b59dbbcf8766215f624160f646a462170d912a7f36738a133127b72,static-catalog/entry-argument-sites.jsonl,172,5c393012cb9096ead5f70d93abb6d214d4058a2704963c6c7c80c4ddb5ef9fd1,16ee2481e1abdc328c73bfa3cfd2476589246cb9f15d60f18e6cf049ace24efe,ext/google/protobuf_c/convert.c,63,static-catalog/files-scanned.csv,fe76976976e2a77c37581f7075f8f322d5207e396e52255257617abff0d99936,c3c33e495d036e9b6dbf4f8566669d0ffa1b0d99b8c22135821b0415defaa052,c9606ecd3e4a41f065f6760490c57cb0f24c0ee3d8739d1b08634b2bd539994b,source_bytes_and_line_range_verified,open_evidence_gap,unchanged_not_reassessed
static-catalog/review-metadata/unresolved-rows.jsonl,173,4bcc2bc7ddc2b38a2b593896f43802e7b1485c9f949439118cd7d5d7fd264c57,c3dd2f57bb8c8d663690c725218dba392f11093454883e5f32da07a6b5d37ff7,static-catalog/entry-argument-sites.jsonl,173,5c393012cb9096ead5f70d93abb6d214d4058a2704963c6c7c80c4ddb5ef9fd1,6edc8a4bb716cb8f1449aaf3ad6772e94d971b024d59960018a36f2f0c06767e,ext/google/protobuf_c/convert.c,142,static-catalog/files-scanned.csv,fe76976976e2a77c37581f7075f8f322d5207e396e52255257617abff0d99936,c3c33e495d036e9b6dbf4f8566669d0ffa1b0d99b8c22135821b0415defaa052,95db65d2edd025d1759b8670cd47158771fc883877f51ff0b1fed3843ebd286a,source_bytes_and_line_range_verified,open_evidence_gap,unchanged_not_reassessed
static-catalog/review-metadata/unresolved-rows.jsonl,174,4bcc2bc7ddc2b38a2b593896f43802e7b1485c9f949439118cd7d5d7fd264c57,773d953cfb68fb5e41cfb296a9f98ec3ae035d4ca6123aea91491e86443f3641,static-catalog/entry-argument-sites.jsonl,174,5c393012cb9096ead5f70d93abb6d214d4058a2704963c6c7c80c4ddb5ef9fd1,e38cd7b34e4fd1610a2dc1c6370d306520fee74f375754561d762b93abe6d407,ext/google/protobuf_c/convert.c,150,static-catalog/files-scanned.csv,fe76976976e2a77c37581f7075f8f322d5207e396e52255257617abff0d99936,c3c33e495d036e9b6dbf4f8566669d0ffa1b0d99b8c22135821b0415defaa052,95db65d2edd025d1759b8670cd47158771fc883877f51ff0b1fed3843ebd286a,source_bytes_and_line_range_verified,open_evidence_gap,unchanged_not_reassessed
static-catalog/review-metadata/unresolved-rows.jsonl,175,4bcc2bc7ddc2b38a2b593896f43802e7b1485c9f949439118cd7d5d7fd264c57,031055fe2c521b382e70219a223e9e3db8f7e4100c11ecc8eee6401bff75c3ec,static-catalog/entry-argument-sites.jsonl,175,5c393012cb9096ead5f70d93abb6d214d4058a2704963c6c7c80c4ddb5ef9fd1,684c2f296cc8c2780d8c47af5655e22f20474a9c584e584481e2c52abfdeadef,ext/google/protobuf_c/convert.c,162,static-catalog/files-scanned.csv,fe76976976e2a77c37581f7075f8f322d5207e396e52255257617abff0d99936,c3c33e495d036e9b6dbf4f8566669d0ffa1b0d99b8c22135821b0415defaa052,95db65d2edd025d1759b8670cd47158771fc883877f51ff0b1fed3843ebd286a,source_bytes_and_line_range_verified,open_evidence_gap,unchanged_not_reassessed
static-catalog/review-metadata/unresolved-rows.jsonl,176,4bcc2bc7ddc2b38a2b593896f43802e7b1485c9f949439118cd7d5d7fd264c57,5321391bc7e12d892767640aad97edf3f1caf932a1945fcc9ef4155ae0d60d29,static-catalog/entry-argument-sites.jsonl,176,5c393012cb9096ead5f70d93abb6d214d4058a2704963c6c7c80c4ddb5ef9fd1,c4af2f3a6ac23dd96ff241ac874a66be8253ffb8d1ae02be9b471c81861b8da1,ext/google/protobuf_c/convert.c,172,static-catalog/files-scanned.csv,fe76976976e2a77c37581f7075f8f322d5207e396e52255257617abff0d99936,c3c33e495d036e9b6dbf4f8566669d0ffa1b0d99b8c22135821b0415defaa052,95db65d2edd025d1759b8670cd47158771fc883877f51ff0b1fed3843ebd286a,source_bytes_and_line_range_verified,open_evidence_gap,unchanged_not_reassessed
static-catalog/review-metadata/unresolved-rows.jsonl,177,4bcc2bc7ddc2b38a2b593896f43802e7b1485c9f949439118cd7d5d7fd264c57,b021f1d88372b3a0ff6044be8dcbc7fe661d3f215d4ab463913c742a50af8db9,static-catalog/entry-argument-sites.jsonl,177,5c393012cb9096ead5f70d93abb6d214d4058a2704963c6c7c80c4ddb5ef9fd1,e454340c3a79de6a1352cc117891e8f3c68a38aecda457e614e00e7373ac02c9,ext/google/protobuf_c/convert.c,183,static-catalog/files-scanned.csv,fe76976976e2a77c37581f7075f8f322d5207e396e52255257617abff0d99936,c3c33e495d036e9b6dbf4f8566669d0ffa1b0d99b8c22135821b0415defaa052,95db65d2edd025d1759b8670cd47158771fc883877f51ff0b1fed3843ebd286a,source_bytes_and_line_range_verified,open_evidence_gap,unchanged_not_reassessed
static-catalog/review-metadata/unresolved-rows.jsonl,178,4bcc2bc7ddc2b38a2b593896f43802e7b1485c9f949439118cd7d5d7fd264c57,594a999508bc3eb2bbe99d0038be5c73cf027d362a64c0615ceaaf96d1433080,static-catalog/entry-argument-sites.jsonl,178,5c393012cb9096ead5f70d93abb6d214d4058a2704963c6c7c80c4ddb5ef9fd1,1fb59a039a639dff1800a93300eda538dbcddca8ec9d0732471df8db9d9f63d1,ext/google/protobuf_c/message.c,1417,static-catalog/files-scanned.csv,fe76976976e2a77c37581f7075f8f322d5207e396e52255257617abff0d99936,43f52444d5dc1949b8788ce8b17dbce7517a78ef0d68c03f276b2895bdae5642,95db65d2edd025d1759b8670cd47158771fc883877f51ff0b1fed3843ebd286a,source_bytes_and_line_range_verified,open_evidence_gap,unchanged_not_reassessed
static-catalog/review-metadata/unresolved-rows.jsonl,179,4bcc2bc7ddc2b38a2b593896f43802e7b1485c9f949439118cd7d5d7fd264c57,18f7434ab3558dae88c8416d188ea77b993c3904738b8d999a3793b2869cb78a,static-catalog/entry-argument-sites.jsonl,179,5c393012cb9096ead5f70d93abb6d214d4058a2704963c6c7c80c4ddb5ef9fd1,8c3e088c09aeb9308845a4460127d96a0c135722d45e3ef5913c7172be60e8c7,ext/google/protobuf_c/convert.c,27,static-catalog/files-scanned.csv,fe76976976e2a77c37581f7075f8f322d5207e396e52255257617abff0d99936,c3c33e495d036e9b6dbf4f8566669d0ffa1b0d99b8c22135821b0415defaa052,60087bab703c7e06c1c46e4c350b31bc766a94e8b6ac05d253e518f2c4060b76,source_bytes_and_line_range_verified,open_evidence_gap,unchanged_not_reassessed
static-catalog/review-metadata/unresolved-rows.jsonl,180,4bcc2bc7ddc2b38a2b593896f43802e7b1485c9f949439118cd7d5d7fd264c57,0e4c12c06af711d4ec6178a17c0e9d41433f8db5bdd28a1137c5965924cb50bb,static-catalog/entry-argument-sites.jsonl,180,5c393012cb9096ead5f70d93abb6d214d4058a2704963c6c7c80c4ddb5ef9fd1,1839722147a6b62c2f1ed8ccedd2e7fe2a79a27f5717078cd812d5433392c39a,ext/google/protobuf_c/convert.c,44,static-catalog/files-scanned.csv,fe76976976e2a77c37581f7075f8f322d5207e396e52255257617abff0d99936,c3c33e495d036e9b6dbf4f8566669d0ffa1b0d99b8c22135821b0415defaa052,910fb6c8a2c47e3318d7bd5292f2de49ec37e019d261939628e2b57b281419ed,source_bytes_and_line_range_verified,open_evidence_gap,unchanged_not_reassessed
static-catalog/review-metadata/unresolved-rows.jsonl,181,4bcc2bc7ddc2b38a2b593896f43802e7b1485c9f949439118cd7d5d7fd264c57,61f5c2d96ff0a453f20bf8f92558222605b7536df6faad9314fdd3bc68787df1,static-catalog/entry-argument-sites.jsonl,181,5c393012cb9096ead5f70d93abb6d214d4058a2704963c6c7c80c4ddb5ef9fd1,e844f917a8e0f21f5e9d4ea6ff2ff20e6748ccf5cb7a54de6efa19de5bc6dcb6,ext/google/protobuf_c/convert.c,55,static-catalog/files-scanned.csv,fe76976976e2a77c37581f7075f8f322d5207e396e52255257617abff0d99936,c3c33e495d036e9b6dbf4f8566669d0ffa1b0d99b8c22135821b0415defaa052,9b09c13a5dbc75aaa76a0a990b449efcb0e1a4425ae3c33eec8835cc79287cfb,source_bytes_and_line_range_verified,open_evidence_gap,unchanged_not_reassessed
static-catalog/review-metadata/unresolved-rows.jsonl,182,4bcc2bc7ddc2b38a2b593896f43802e7b1485c9f949439118cd7d5d7fd264c57,807fc2ef886c1fb89c3c27770523821d3c9619d2dd0fb5798c50a0627723239b,static-catalog/entry-argument-sites.jsonl,182,5c393012cb9096ead5f70d93abb6d214d4058a2704963c6c7c80c4ddb5ef9fd1,997d481cb56aebf55b890e8cb860b5eaf0938efbfa66e575cb35ba2093142307,ext/google/protobuf_c/convert.c,63,static-catalog/files-scanned.csv,fe76976976e2a77c37581f7075f8f322d5207e396e52255257617abff0d99936,c3c33e495d036e9b6dbf4f8566669d0ffa1b0d99b8c22135821b0415defaa052,c9606ecd3e4a41f065f6760490c57cb0f24c0ee3d8739d1b08634b2bd539994b,source_bytes_and_line_range_verified,open_evidence_gap,unchanged_not_reassessed
static-catalog/review-metadata/unresolved-rows.jsonl,183,4bcc2bc7ddc2b38a2b593896f43802e7b1485c9f949439118cd7d5d7fd264c57,6a08110d27d13f228994e719a990d456ded8010ee4d75849d8b7d46a4d9145af,static-catalog/entry-argument-sites.jsonl,183,5c393012cb9096ead5f70d93abb6d214d4058a2704963c6c7c80c4ddb5ef9fd1,c23340e400d17ff556f22a67c0677c88d69eddecfa6c2f1b36569d8e99abd70a,ext/google/protobuf_c/convert.c,142,static-catalog/files-scanned.csv,fe76976976e2a77c37581f7075f8f322d5207e396e52255257617abff0d99936,c3c33e495d036e9b6dbf4f8566669d0ffa1b0d99b8c22135821b0415defaa052,95db65d2edd025d1759b8670cd47158771fc883877f51ff0b1fed3843ebd286a,source_bytes_and_line_range_verified,open_evidence_gap,unchanged_not_reassessed
static-catalog/review-metadata/unresolved-rows.jsonl,184,4bcc2bc7ddc2b38a2b593896f43802e7b1485c9f949439118cd7d5d7fd264c57,a8347d7a69a4abbe79059dfc33ad95df12ea4688ad3398a12714a170a3b8ecd8,static-catalog/entry-argument-sites.jsonl,184,5c393012cb9096ead5f70d93abb6d214d4058a2704963c6c7c80c4ddb5ef9fd1,6d61e47607af202a2a13bdf1b8c7a84a98799ffafc2ed882894181ad8a0b8ce5,ext/google/protobuf_c/convert.c,150,static-catalog/files-scanned.csv,fe76976976e2a77c37581f7075f8f322d5207e396e52255257617abff0d99936,c3c33e495d036e9b6dbf4f8566669d0ffa1b0d99b8c22135821b0415defaa052,95db65d2edd025d1759b8670cd47158771fc883877f51ff0b1fed3843ebd286a,source_bytes_and_line_range_verified,open_evidence_gap,unchanged_not_reassessed
static-catalog/review-metadata/unresolved-rows.jsonl,185,4bcc2bc7ddc2b38a2b593896f43802e7b1485c9f949439118cd7d5d7fd264c57,ee850ac957f41439866beba792bb0c843e13ccb15f1ad3f13bf1ee3ec8559525,static-catalog/entry-argument-sites.jsonl,185,5c393012cb9096ead5f70d93abb6d214d4058a2704963c6c7c80c4ddb5ef9fd1,17e6e15ad1448a3faa88101014a23d479b64311319cd37753eeaaf0876ff2dfa,ext/google/protobuf_c/convert.c,162,static-catalog/files-scanned.csv,fe76976976e2a77c37581f7075f8f322d5207e396e52255257617abff0d99936,c3c33e495d036e9b6dbf4f8566669d0ffa1b0d99b8c22135821b0415defaa052,95db65d2edd025d1759b8670cd47158771fc883877f51ff0b1fed3843ebd286a,source_bytes_and_line_range_verified,open_evidence_gap,unchanged_not_reassessed
static-catalog/review-metadata/unresolved-rows.jsonl,186,4bcc2bc7ddc2b38a2b593896f43802e7b1485c9f949439118cd7d5d7fd264c57,346dd9c6aaf2f9bb742f2538c1ab975979652c0deba81e1ad06dee2836c1e6b2,static-catalog/entry-argument-sites.jsonl,186,5c393012cb9096ead5f70d93abb6d214d4058a2704963c6c7c80c4ddb5ef9fd1,dea11541e980b3a78b6368eaea24fd760f7f8e8f6fafa288e06cc5e75d6c1f1d,ext/google/protobuf_c/convert.c,172,static-catalog/files-scanned.csv,fe76976976e2a77c37581f7075f8f322d5207e396e52255257617abff0d99936,c3c33e495d036e9b6dbf4f8566669d0ffa1b0d99b8c22135821b0415defaa052,95db65d2edd025d1759b8670cd47158771fc883877f51ff0b1fed3843ebd286a,source_bytes_and_line_range_verified,open_evidence_gap,unchanged_not_reassessed
static-catalog/review-metadata/unresolved-rows.jsonl,187,4bcc2bc7ddc2b38a2b593896f43802e7b1485c9f949439118cd7d5d7fd264c57,4bea5208bd3893f2ab59d82b0d24b12cb7ff6291673a82ad3838920791d0a71f,static-catalog/entry-argument-sites.jsonl,187,5c393012cb9096ead5f70d93abb6d214d4058a2704963c6c7c80c4ddb5ef9fd1,f9357e0e85ff425858856692a43175aefeae65d4d005083df0508ddd91cf5d66,ext/google/protobuf_c/convert.c,183,static-catalog/files-scanned.csv,fe76976976e2a77c37581f7075f8f322d5207e396e52255257617abff0d99936,c3c33e495d036e9b6dbf4f8566669d0ffa1b0d99b8c22135821b0415defaa052,95db65d2edd025d1759b8670cd47158771fc883877f51ff0b1fed3843ebd286a,source_bytes_and_line_range_verified,open_evidence_gap,unchanged_not_reassessed
static-catalog/review-metadata/unresolved-rows.jsonl,188,4bcc2bc7ddc2b38a2b593896f43802e7b1485c9f949439118cd7d5d7fd264c57,13f406af09dd3bfc198e151c6c13f3293d14b7b25cbc755975611433045e20ee,static-catalog/entry-argument-sites.jsonl,188,5c393012cb9096ead5f70d93abb6d214d4058a2704963c6c7c80c4ddb5ef9fd1,c3992dfbf1361c9eeeb02956d630ab4db5502c0f451b19c093a4dc0640684957,ext/google/protobuf_c/message.c,1417,static-catalog/files-scanned.csv,fe76976976e2a77c37581f7075f8f322d5207e396e52255257617abff0d99936,43f52444d5dc1949b8788ce8b17dbce7517a78ef0d68c03f276b2895bdae5642,95db65d2edd025d1759b8670cd47158771fc883877f51ff0b1fed3843ebd286a,source_bytes_and_line_range_verified,open_evidence_gap,unchanged_not_reassessed
static-catalog/review-metadata/unresolved-rows.jsonl,189,4bcc2bc7ddc2b38a2b593896f43802e7b1485c9f949439118cd7d5d7fd264c57,f5d605be38ed429c56c45891f6b7ec7017cee1745a1aa32b80144bad48091e66,static-catalog/entry-argument-sites.jsonl,189,5c393012cb9096ead5f70d93abb6d214d4058a2704963c6c7c80c4ddb5ef9fd1,25f634ffa88af7c1e665e817e9cff93eff23b799d858b99e9aaec7400170ba08,ext/google/protobuf_c/convert.c,27,static-catalog/files-scanned.csv,fe76976976e2a77c37581f7075f8f322d5207e396e52255257617abff0d99936,c3c33e495d036e9b6dbf4f8566669d0ffa1b0d99b8c22135821b0415defaa052,60087bab703c7e06c1c46e4c350b31bc766a94e8b6ac05d253e518f2c4060b76,source_bytes_and_line_range_verified,open_evidence_gap,unchanged_not_reassessed
static-catalog/review-metadata/unresolved-rows.jsonl,190,4bcc2bc7ddc2b38a2b593896f43802e7b1485c9f949439118cd7d5d7fd264c57,bc31bc809a2967fba970f2c278c49fdf15905499422d57ad5cecb471bae983f6,static-catalog/entry-argument-sites.jsonl,190,5c393012cb9096ead5f70d93abb6d214d4058a2704963c6c7c80c4ddb5ef9fd1,7fe3aee3b868d9b1b367e4eb7811b2507b1392f2fa89cf8d98001bab3ff3dd24,ext/google/protobuf_c/convert.c,44,static-catalog/files-scanned.csv,fe76976976e2a77c37581f7075f8f322d5207e396e52255257617abff0d99936,c3c33e495d036e9b6dbf4f8566669d0ffa1b0d99b8c22135821b0415defaa052,910fb6c8a2c47e3318d7bd5292f2de49ec37e019d261939628e2b57b281419ed,source_bytes_and_line_range_verified,open_evidence_gap,unchanged_not_reassessed
static-catalog/review-metadata/unresolved-rows.jsonl,191,4bcc2bc7ddc2b38a2b593896f43802e7b1485c9f949439118cd7d5d7fd264c57,fc76a9a918539f3a9a4ec91991d7d36a0ceccc330be4ce11ac9587e9fe209e18,static-catalog/entry-argument-sites.jsonl,191,5c393012cb9096ead5f70d93abb6d214d4058a2704963c6c7c80c4ddb5ef9fd1,9e9f0709d704e8149384f448bc15a44b4d68325f0a71eb1975033797fe613eb7,ext/google/protobuf_c/convert.c,55,static-catalog/files-scanned.csv,fe76976976e2a77c37581f7075f8f322d5207e396e52255257617abff0d99936,c3c33e495d036e9b6dbf4f8566669d0ffa1b0d99b8c22135821b0415defaa052,9b09c13a5dbc75aaa76a0a990b449efcb0e1a4425ae3c33eec8835cc79287cfb,source_bytes_and_line_range_verified,open_evidence_gap,unchanged_not_reassessed
static-catalog/review-metadata/unresolved-rows.jsonl,192,4bcc2bc7ddc2b38a2b593896f43802e7b1485c9f949439118cd7d5d7fd264c57,a5e57c38411e6045771ab3619965706958524470bf8e500e4ad5accd356f40f9,static-catalog/entry-argument-sites.jsonl,192,5c393012cb9096ead5f70d93abb6d214d4058a2704963c6c7c80c4ddb5ef9fd1,593c326c3bb0a7759398b1b969986e0cbeee4fd903e9b2ef3ef5d996888469ba,ext/google/protobuf_c/convert.c,63,static-catalog/files-scanned.csv,fe76976976e2a77c37581f7075f8f322d5207e396e52255257617abff0d99936,c3c33e495d036e9b6dbf4f8566669d0ffa1b0d99b8c22135821b0415defaa052,c9606ecd3e4a41f065f6760490c57cb0f24c0ee3d8739d1b08634b2bd539994b,source_bytes_and_line_range_verified,open_evidence_gap,unchanged_not_reassessed
static-catalog/review-metadata/unresolved-rows.jsonl,193,4bcc2bc7ddc2b38a2b593896f43802e7b1485c9f949439118cd7d5d7fd264c57,ac11556556e2228667e621278c85e9965c4a7cb4b167324e28c01369ee4ce26e,static-catalog/entry-argument-sites.jsonl,193,5c393012cb9096ead5f70d93abb6d214d4058a2704963c6c7c80c4ddb5ef9fd1,2c2606944f0df82b4881fb66f2dd35ab0e8070be50e0bfdc80c81422baadbbce,ext/google/protobuf_c/convert.c,142,static-catalog/files-scanned.csv,fe76976976e2a77c37581f7075f8f322d5207e396e52255257617abff0d99936,c3c33e495d036e9b6dbf4f8566669d0ffa1b0d99b8c22135821b0415defaa052,95db65d2edd025d1759b8670cd47158771fc883877f51ff0b1fed3843ebd286a,source_bytes_and_line_range_verified,open_evidence_gap,unchanged_not_reassessed
static-catalog/review-metadata/unresolved-rows.jsonl,194,4bcc2bc7ddc2b38a2b593896f43802e7b1485c9f949439118cd7d5d7fd264c57,6d645ce63c4debb020ff98f00ca73bd0adf9497c24eba0c75c79c40b441a8192,static-catalog/entry-argument-sites.jsonl,194,5c393012cb9096ead5f70d93abb6d214d4058a2704963c6c7c80c4ddb5ef9fd1,266f760765b03f989da258dd501d699561e329277e025a9aff09c52d1aec6b1a,ext/google/protobuf_c/convert.c,150,static-catalog/files-scanned.csv,fe76976976e2a77c37581f7075f8f322d5207e396e52255257617abff0d99936,c3c33e495d036e9b6dbf4f8566669d0ffa1b0d99b8c22135821b0415defaa052,95db65d2edd025d1759b8670cd47158771fc883877f51ff0b1fed3843ebd286a,source_bytes_and_line_range_verified,open_evidence_gap,unchanged_not_reassessed
static-catalog/review-metadata/unresolved-rows.jsonl,195,4bcc2bc7ddc2b38a2b593896f43802e7b1485c9f949439118cd7d5d7fd264c57,173314abb07d63aa24316938069971961d09653926d34ea313f3f738730d2c95,static-catalog/entry-argument-sites.jsonl,195,5c393012cb9096ead5f70d93abb6d214d4058a2704963c6c7c80c4ddb5ef9fd1,1c7b608d2374e75b55d5a3a756681a7db8258200556dd46c97447bd7b827f6bd,ext/google/protobuf_c/convert.c,162,static-catalog/files-scanned.csv,fe76976976e2a77c37581f7075f8f322d5207e396e52255257617abff0d99936,c3c33e495d036e9b6dbf4f8566669d0ffa1b0d99b8c22135821b0415defaa052,95db65d2edd025d1759b8670cd47158771fc883877f51ff0b1fed3843ebd286a,source_bytes_and_line_range_verified,open_evidence_gap,unchanged_not_reassessed
static-catalog/review-metadata/unresolved-rows.jsonl,196,4bcc2bc7ddc2b38a2b593896f43802e7b1485c9f949439118cd7d5d7fd264c57,bcb34945f3e9386fabfa01394ab8dbf9dace82dad146a540958105f4329ee2e9,static-catalog/entry-argument-sites.jsonl,196,5c393012cb9096ead5f70d93abb6d214d4058a2704963c6c7c80c4ddb5ef9fd1,b23232b339d704f43b6dedfc99853b9c7dbe759f9ec1e4abe0847e855d38c998,ext/google/protobuf_c/convert.c,172,static-catalog/files-scanned.csv,fe76976976e2a77c37581f7075f8f322d5207e396e52255257617abff0d99936,c3c33e495d036e9b6dbf4f8566669d0ffa1b0d99b8c22135821b0415defaa052,95db65d2edd025d1759b8670cd47158771fc883877f51ff0b1fed3843ebd286a,source_bytes_and_line_range_verified,open_evidence_gap,unchanged_not_reassessed
static-catalog/review-metadata/unresolved-rows.jsonl,197,4bcc2bc7ddc2b38a2b593896f43802e7b1485c9f949439118cd7d5d7fd264c57,bfc3edc5afc61c68c35404ef0d5e9fb3087900c2606bf76c3d8abd29c22d0d80,static-catalog/entry-argument-sites.jsonl,197,5c393012cb9096ead5f70d93abb6d214d4058a2704963c6c7c80c4ddb5ef9fd1,1b09c683538132c712b8c8b3e851b3198e5f267048271054bf914e843a44f7cd,ext/google/protobuf_c/convert.c,183,static-catalog/files-scanned.csv,fe76976976e2a77c37581f7075f8f322d5207e396e52255257617abff0d99936,c3c33e495d036e9b6dbf4f8566669d0ffa1b0d99b8c22135821b0415defaa052,95db65d2edd025d1759b8670cd47158771fc883877f51ff0b1fed3843ebd286a,source_bytes_and_line_range_verified,open_evidence_gap,unchanged_not_reassessed
static-catalog/review-metadata/unresolved-rows.jsonl,198,4bcc2bc7ddc2b38a2b593896f43802e7b1485c9f949439118cd7d5d7fd264c57,c1aeed651f540afba79553fb345a322abf8340c2b1237adc837e757efbf198ae,static-catalog/entry-argument-sites.jsonl,198,5c393012cb9096ead5f70d93abb6d214d4058a2704963c6c7c80c4ddb5ef9fd1,5a503774f1bd84557d76158c57627354dc0eb7b72e2879d615f9f993f57202c0,ext/google/protobuf_c/message.c,1417,static-catalog/files-scanned.csv,fe76976976e2a77c37581f7075f8f322d5207e396e52255257617abff0d99936,43f52444d5dc1949b8788ce8b17dbce7517a78ef0d68c03f276b2895bdae5642,95db65d2edd025d1759b8670cd47158771fc883877f51ff0b1fed3843ebd286a,source_bytes_and_line_range_verified,open_evidence_gap,unchanged_not_reassessed
static-catalog/review-metadata/unresolved-rows.jsonl,199,4bcc2bc7ddc2b38a2b593896f43802e7b1485c9f949439118cd7d5d7fd264c57,7cd5c1686087590e0f94eea7dad385ea827392291bfb8450556c6cd3c39a0fcc,static-catalog/entry-argument-sites.jsonl,199,5c393012cb9096ead5f70d93abb6d214d4058a2704963c6c7c80c4ddb5ef9fd1,cf245cf705a724c2399ee7cab145eb0fb15f7a483c896aa8ef8693b71006f493,ext/google/protobuf_c/message.c,652,static-catalog/files-scanned.csv,fe76976976e2a77c37581f7075f8f322d5207e396e52255257617abff0d99936,43f52444d5dc1949b8788ce8b17dbce7517a78ef0d68c03f276b2895bdae5642,60764acdd74d902f07e8cfbb082d3350fb2320b16007c5a5af4e2d6bc012dcec,source_bytes_and_line_range_verified,open_evidence_gap,unchanged_not_reassessed
static-catalog/review-metadata/unresolved-rows.jsonl,200,4bcc2bc7ddc2b38a2b593896f43802e7b1485c9f949439118cd7d5d7fd264c57,943b4a36306fb3da529bda220e58e758e7f281ed042b21535415a1f65b3e5851,static-catalog/entry-argument-sites.jsonl,200,5c393012cb9096ead5f70d93abb6d214d4058a2704963c6c7c80c4ddb5ef9fd1,d7c7c598d0c7e99316e5ff8a7c2cb0bd7c7d21b053ca661ee87ec9cfa524c2bd,ext/google/protobuf_c/convert.c,27,static-catalog/files-scanned.csv,fe76976976e2a77c37581f7075f8f322d5207e396e52255257617abff0d99936,c3c33e495d036e9b6dbf4f8566669d0ffa1b0d99b8c22135821b0415defaa052,60087bab703c7e06c1c46e4c350b31bc766a94e8b6ac05d253e518f2c4060b76,source_bytes_and_line_range_verified,open_evidence_gap,unchanged_not_reassessed
static-catalog/review-metadata/unresolved-rows.jsonl,201,4bcc2bc7ddc2b38a2b593896f43802e7b1485c9f949439118cd7d5d7fd264c57,b35f8996edf4024688403e844b9c7d60f74ea4f527a650e6d940ffffe69d8d47,static-catalog/entry-argument-sites.jsonl,201,5c393012cb9096ead5f70d93abb6d214d4058a2704963c6c7c80c4ddb5ef9fd1,e89df0e06378351990671a68860b8e7663c63e7fe3bd9e7b180cc7a83083515a,ext/google/protobuf_c/convert.c,44,static-catalog/files-scanned.csv,fe76976976e2a77c37581f7075f8f322d5207e396e52255257617abff0d99936,c3c33e495d036e9b6dbf4f8566669d0ffa1b0d99b8c22135821b0415defaa052,910fb6c8a2c47e3318d7bd5292f2de49ec37e019d261939628e2b57b281419ed,source_bytes_and_line_range_verified,open_evidence_gap,unchanged_not_reassessed
static-catalog/review-metadata/unresolved-rows.jsonl,202,4bcc2bc7ddc2b38a2b593896f43802e7b1485c9f949439118cd7d5d7fd264c57,6462203f86e44e6803b05df4333aeb697a5da36a567bfbd8caa9c1d99aaec039,static-catalog/entry-argument-sites.jsonl,202,5c393012cb9096ead5f70d93abb6d214d4058a2704963c6c7c80c4ddb5ef9fd1,029bb7226deff14f6998adb09fa6f412f28a10541ad89705e3a47b31235dbf13,ext/google/protobuf_c/convert.c,55,static-catalog/files-scanned.csv,fe76976976e2a77c37581f7075f8f322d5207e396e52255257617abff0d99936,c3c33e495d036e9b6dbf4f8566669d0ffa1b0d99b8c22135821b0415defaa052,9b09c13a5dbc75aaa76a0a990b449efcb0e1a4425ae3c33eec8835cc79287cfb,source_bytes_and_line_range_verified,open_evidence_gap,unchanged_not_reassessed
static-catalog/review-metadata/unresolved-rows.jsonl,203,4bcc2bc7ddc2b38a2b593896f43802e7b1485c9f949439118cd7d5d7fd264c57,51d9e494f5d9332a32e23d257844dff7f1c64143829797d309d5ec3fca7208c8,static-catalog/entry-argument-sites.jsonl,203,5c393012cb9096ead5f70d93abb6d214d4058a2704963c6c7c80c4ddb5ef9fd1,5492685de0e9e6afb04dde3d29ad195ab710247efd2bb404732f515ab62b288b,ext/google/protobuf_c/convert.c,63,static-catalog/files-scanned.csv,fe76976976e2a77c37581f7075f8f322d5207e396e52255257617abff0d99936,c3c33e495d036e9b6dbf4f8566669d0ffa1b0d99b8c22135821b0415defaa052,c9606ecd3e4a41f065f6760490c57cb0f24c0ee3d8739d1b08634b2bd539994b,source_bytes_and_line_range_verified,open_evidence_gap,unchanged_not_reassessed
static-catalog/review-metadata/unresolved-rows.jsonl,204,4bcc2bc7ddc2b38a2b593896f43802e7b1485c9f949439118cd7d5d7fd264c57,8b6a99b190409b12ec43548822d2d6767c9cb3fe73a45674a8586de73fc5e638,static-catalog/entry-argument-sites.jsonl,204,5c393012cb9096ead5f70d93abb6d214d4058a2704963c6c7c80c4ddb5ef9fd1,c673255457e563bad8f12c1b1ae84093b167a04b1614f2abcf73dd7bc2f67d59,ext/google/protobuf_c/convert.c,142,static-catalog/files-scanned.csv,fe76976976e2a77c37581f7075f8f322d5207e396e52255257617abff0d99936,c3c33e495d036e9b6dbf4f8566669d0ffa1b0d99b8c22135821b0415defaa052,95db65d2edd025d1759b8670cd47158771fc883877f51ff0b1fed3843ebd286a,source_bytes_and_line_range_verified,open_evidence_gap,unchanged_not_reassessed
static-catalog/review-metadata/unresolved-rows.jsonl,205,4bcc2bc7ddc2b38a2b593896f43802e7b1485c9f949439118cd7d5d7fd264c57,dd99e33f41376e81cd3fd905db8312598771f4797012f98f3cafa7e15c3ba34a,static-catalog/entry-argument-sites.jsonl,205,5c393012cb9096ead5f70d93abb6d214d4058a2704963c6c7c80c4ddb5ef9fd1,52391a8dc97ee033bf3a6886691413eae702e99597cf6387998b342f002847fe,ext/google/protobuf_c/convert.c,150,static-catalog/files-scanned.csv,fe76976976e2a77c37581f7075f8f322d5207e396e52255257617abff0d99936,c3c33e495d036e9b6dbf4f8566669d0ffa1b0d99b8c22135821b0415defaa052,95db65d2edd025d1759b8670cd47158771fc883877f51ff0b1fed3843ebd286a,source_bytes_and_line_range_verified,open_evidence_gap,unchanged_not_reassessed
static-catalog/review-metadata/unresolved-rows.jsonl,206,4bcc2bc7ddc2b38a2b593896f43802e7b1485c9f949439118cd7d5d7fd264c57,2a00cd4e8900d3a0506b62e423b067edaaab6c0f7a2e782c3853507a583dafd0,static-catalog/entry-argument-sites.jsonl,206,5c393012cb9096ead5f70d93abb6d214d4058a2704963c6c7c80c4ddb5ef9fd1,ca359bd40af356354a94716f23db349410a72b7614529f1b51cdc1d19acb60df,ext/google/protobuf_c/convert.c,162,static-catalog/files-scanned.csv,fe76976976e2a77c37581f7075f8f322d5207e396e52255257617abff0d99936,c3c33e495d036e9b6dbf4f8566669d0ffa1b0d99b8c22135821b0415defaa052,95db65d2edd025d1759b8670cd47158771fc883877f51ff0b1fed3843ebd286a,source_bytes_and_line_range_verified,open_evidence_gap,unchanged_not_reassessed
static-catalog/review-metadata/unresolved-rows.jsonl,207,4bcc2bc7ddc2b38a2b593896f43802e7b1485c9f949439118cd7d5d7fd264c57,1aa5135e6017b4580f64e6651bbdf80bed145b06723c2bd6d4c2f54cef376dfc,static-catalog/entry-argument-sites.jsonl,207,5c393012cb9096ead5f70d93abb6d214d4058a2704963c6c7c80c4ddb5ef9fd1,768735b41dfd33bf70dfa74ecfa1bdedb03addec01620c6ee6aebde4c590215a,ext/google/protobuf_c/convert.c,172,static-catalog/files-scanned.csv,fe76976976e2a77c37581f7075f8f322d5207e396e52255257617abff0d99936,c3c33e495d036e9b6dbf4f8566669d0ffa1b0d99b8c22135821b0415defaa052,95db65d2edd025d1759b8670cd47158771fc883877f51ff0b1fed3843ebd286a,source_bytes_and_line_range_verified,open_evidence_gap,unchanged_not_reassessed
static-catalog/review-metadata/unresolved-rows.jsonl,208,4bcc2bc7ddc2b38a2b593896f43802e7b1485c9f949439118cd7d5d7fd264c57,382d45339aed2b1bea273130ee3a47cd8d05009a7fc605f01bc8be00d925e40d,static-catalog/entry-argument-sites.jsonl,208,5c393012cb9096ead5f70d93abb6d214d4058a2704963c6c7c80c4ddb5ef9fd1,207e5fbf52869ca392ab678c1786a0081681305f7034f49e2fd6f41ca60e1ec2,ext/google/protobuf_c/convert.c,183,static-catalog/files-scanned.csv,fe76976976e2a77c37581f7075f8f322d5207e396e52255257617abff0d99936,c3c33e495d036e9b6dbf4f8566669d0ffa1b0d99b8c22135821b0415defaa052,95db65d2edd025d1759b8670cd47158771fc883877f51ff0b1fed3843ebd286a,source_bytes_and_line_range_verified,open_evidence_gap,unchanged_not_reassessed
static-catalog/review-metadata/unresolved-rows.jsonl,209,4bcc2bc7ddc2b38a2b593896f43802e7b1485c9f949439118cd7d5d7fd264c57,0b8083f387fee98d495aa5d0c8747ea11759d3bbc8287ef13b7167dcb500c2d5,static-catalog/entry-argument-sites.jsonl,209,5c393012cb9096ead5f70d93abb6d214d4058a2704963c6c7c80c4ddb5ef9fd1,b12b876d41349245ff1020722d29a2d10bf269535e82ae454a3cdc0e613d38b9,ext/google/protobuf_c/message.c,1417,static-catalog/files-scanned.csv,fe76976976e2a77c37581f7075f8f322d5207e396e52255257617abff0d99936,43f52444d5dc1949b8788ce8b17dbce7517a78ef0d68c03f276b2895bdae5642,95db65d2edd025d1759b8670cd47158771fc883877f51ff0b1fed3843ebd286a,source_bytes_and_line_range_verified,open_evidence_gap,unchanged_not_reassessed
static-catalog/review-metadata/unresolved-rows.jsonl,210,4bcc2bc7ddc2b38a2b593896f43802e7b1485c9f949439118cd7d5d7fd264c57,06d9f70c7f6c03f8db1a5052fad8ceb5b434a8619de1800c42cfa996305c394c,static-catalog/entry-argument-sites.jsonl,210,5c393012cb9096ead5f70d93abb6d214d4058a2704963c6c7c80c4ddb5ef9fd1,f9f19cc69bf9efc234d97c5e92bb8858e3e566116f00089abd6ce152c6447cd6,ext/google/protobuf_c/convert.c,27,static-catalog/files-scanned.csv,fe76976976e2a77c37581f7075f8f322d5207e396e52255257617abff0d99936,c3c33e495d036e9b6dbf4f8566669d0ffa1b0d99b8c22135821b0415defaa052,60087bab703c7e06c1c46e4c350b31bc766a94e8b6ac05d253e518f2c4060b76,source_bytes_and_line_range_verified,open_evidence_gap,unchanged_not_reassessed
static-catalog/review-metadata/unresolved-rows.jsonl,211,4bcc2bc7ddc2b38a2b593896f43802e7b1485c9f949439118cd7d5d7fd264c57,c422bec2cb1d064c0e2c897713e1b47824ffd5f423fae7482b602a67c3420411,static-catalog/entry-argument-sites.jsonl,211,5c393012cb9096ead5f70d93abb6d214d4058a2704963c6c7c80c4ddb5ef9fd1,5cd2a16e7650754097eb5fa4eb8d01152385098015ee34527be3e7e423a96778,ext/google/protobuf_c/convert.c,44,static-catalog/files-scanned.csv,fe76976976e2a77c37581f7075f8f322d5207e396e52255257617abff0d99936,c3c33e495d036e9b6dbf4f8566669d0ffa1b0d99b8c22135821b0415defaa052,910fb6c8a2c47e3318d7bd5292f2de49ec37e019d261939628e2b57b281419ed,source_bytes_and_line_range_verified,open_evidence_gap,unchanged_not_reassessed
static-catalog/review-metadata/unresolved-rows.jsonl,212,4bcc2bc7ddc2b38a2b593896f43802e7b1485c9f949439118cd7d5d7fd264c57,1268ce4674d50ee3c6aae27fd47d6a488ce511318c4f066004f8090090d5e767,static-catalog/entry-argument-sites.jsonl,212,5c393012cb9096ead5f70d93abb6d214d4058a2704963c6c7c80c4ddb5ef9fd1,0db96929031cd054793d09436c40d299a71d6073ddf4065f3b857660978a86f2,ext/google/protobuf_c/convert.c,55,static-catalog/files-scanned.csv,fe76976976e2a77c37581f7075f8f322d5207e396e52255257617abff0d99936,c3c33e495d036e9b6dbf4f8566669d0ffa1b0d99b8c22135821b0415defaa052,9b09c13a5dbc75aaa76a0a990b449efcb0e1a4425ae3c33eec8835cc79287cfb,source_bytes_and_line_range_verified,open_evidence_gap,unchanged_not_reassessed
static-catalog/review-metadata/unresolved-rows.jsonl,213,4bcc2bc7ddc2b38a2b593896f43802e7b1485c9f949439118cd7d5d7fd264c57,6e1c04e17a11dc948c8062125bd93eaf61bbd99d93b131e2b135c605e47fdd84,static-catalog/entry-argument-sites.jsonl,213,5c393012cb9096ead5f70d93abb6d214d4058a2704963c6c7c80c4ddb5ef9fd1,3d2c4ba1b9967f806d8b82b9069c20b29db49e321b693448b53a69bd5bf87c27,ext/google/protobuf_c/convert.c,63,static-catalog/files-scanned.csv,fe76976976e2a77c37581f7075f8f322d5207e396e52255257617abff0d99936,c3c33e495d036e9b6dbf4f8566669d0ffa1b0d99b8c22135821b0415defaa052,c9606ecd3e4a41f065f6760490c57cb0f24c0ee3d8739d1b08634b2bd539994b,source_bytes_and_line_range_verified,open_evidence_gap,unchanged_not_reassessed
static-catalog/review-metadata/unresolved-rows.jsonl,214,4bcc2bc7ddc2b38a2b593896f43802e7b1485c9f949439118cd7d5d7fd264c57,ead12439cf7bce8880ed4fc05f0ff48c6eb559b74af3b9eccae2690c7b209d14,static-catalog/entry-argument-sites.jsonl,214,5c393012cb9096ead5f70d93abb6d214d4058a2704963c6c7c80c4ddb5ef9fd1,621fcdc52e2d77f6a05bea9d800e88ddc77ef35b85141f34f0d02a605bead53f,ext/google/protobuf_c/convert.c,142,static-catalog/files-scanned.csv,fe76976976e2a77c37581f7075f8f322d5207e396e52255257617abff0d99936,c3c33e495d036e9b6dbf4f8566669d0ffa1b0d99b8c22135821b0415defaa052,95db65d2edd025d1759b8670cd47158771fc883877f51ff0b1fed3843ebd286a,source_bytes_and_line_range_verified,open_evidence_gap,unchanged_not_reassessed
static-catalog/review-metadata/unresolved-rows.jsonl,215,4bcc2bc7ddc2b38a2b593896f43802e7b1485c9f949439118cd7d5d7fd264c57,e4d58366f7338c0fccd0b786b41a8d71750e84d43a5a81c8b78ba88ae92be39d,static-catalog/entry-argument-sites.jsonl,215,5c393012cb9096ead5f70d93abb6d214d4058a2704963c6c7c80c4ddb5ef9fd1,cbe4e74af60ef7c5c24b66e4545c2f35df0a7bd67cbe8884bc81821f8bd1b95b,ext/google/protobuf_c/convert.c,150,static-catalog/files-scanned.csv,fe76976976e2a77c37581f7075f8f322d5207e396e52255257617abff0d99936,c3c33e495d036e9b6dbf4f8566669d0ffa1b0d99b8c22135821b0415defaa052,95db65d2edd025d1759b8670cd47158771fc883877f51ff0b1fed3843ebd286a,source_bytes_and_line_range_verified,open_evidence_gap,unchanged_not_reassessed
static-catalog/review-metadata/unresolved-rows.jsonl,216,4bcc2bc7ddc2b38a2b593896f43802e7b1485c9f949439118cd7d5d7fd264c57,404dd42d11d6b79545b7fb88ed2f08f06e47956b977a0089142c3a235a438cea,static-catalog/entry-argument-sites.jsonl,216,5c393012cb9096ead5f70d93abb6d214d4058a2704963c6c7c80c4ddb5ef9fd1,fbbf59807d6c8ad64213b352d1dfcbae87fb1d5f770301191e37f5f1af0f678e,ext/google/protobuf_c/convert.c,162,static-catalog/files-scanned.csv,fe76976976e2a77c37581f7075f8f322d5207e396e52255257617abff0d99936,c3c33e495d036e9b6dbf4f8566669d0ffa1b0d99b8c22135821b0415defaa052,95db65d2edd025d1759b8670cd47158771fc883877f51ff0b1fed3843ebd286a,source_bytes_and_line_range_verified,open_evidence_gap,unchanged_not_reassessed
static-catalog/review-metadata/unresolved-rows.jsonl,217,4bcc2bc7ddc2b38a2b593896f43802e7b1485c9f949439118cd7d5d7fd264c57,a366d92002e4814cb5811d7087ecaeed86eb384ac57a05984d9254331e2e5b8a,static-catalog/entry-argument-sites.jsonl,217,5c393012cb9096ead5f70d93abb6d214d4058a2704963c6c7c80c4ddb5ef9fd1,5a2ebe774a757dadeae5ec30859074c643ccf0680b6a3dbfcdffe6a2a79fb8a5,ext/google/protobuf_c/convert.c,172,static-catalog/files-scanned.csv,fe76976976e2a77c37581f7075f8f322d5207e396e52255257617abff0d99936,c3c33e495d036e9b6dbf4f8566669d0ffa1b0d99b8c22135821b0415defaa052,95db65d2edd025d1759b8670cd47158771fc883877f51ff0b1fed3843ebd286a,source_bytes_and_line_range_verified,open_evidence_gap,unchanged_not_reassessed
static-catalog/review-metadata/unresolved-rows.jsonl,218,4bcc2bc7ddc2b38a2b593896f43802e7b1485c9f949439118cd7d5d7fd264c57,46bfd1e95afeb8aef2b879f1da9aa6e34279b70615d00d968d84ac5f12ed5a56,static-catalog/entry-argument-sites.jsonl,218,5c393012cb9096ead5f70d93abb6d214d4058a2704963c6c7c80c4ddb5ef9fd1,757d7f2576bb8bd1486d1c2bca21efd3c5daeaeb5c1675e494c9fb79b8896728,ext/google/protobuf_c/convert.c,183,static-catalog/files-scanned.csv,fe76976976e2a77c37581f7075f8f322d5207e396e52255257617abff0d99936,c3c33e495d036e9b6dbf4f8566669d0ffa1b0d99b8c22135821b0415defaa052,95db65d2edd025d1759b8670cd47158771fc883877f51ff0b1fed3843ebd286a,source_bytes_and_line_range_verified,open_evidence_gap,unchanged_not_reassessed
static-catalog/review-metadata/unresolved-rows.jsonl,219,4bcc2bc7ddc2b38a2b593896f43802e7b1485c9f949439118cd7d5d7fd264c57,6fa56381f2c96f1b90ba07940ed7014f32cf42aea3b9209952dbc9da05a8b5fc,static-catalog/entry-argument-sites.jsonl,219,5c393012cb9096ead5f70d93abb6d214d4058a2704963c6c7c80c4ddb5ef9fd1,72f71a5360bc1a51dbb0b1a897669d4d58c49003be268aa87c424ca60778eb69,ext/google/protobuf_c/message.c,1417,static-catalog/files-scanned.csv,fe76976976e2a77c37581f7075f8f322d5207e396e52255257617abff0d99936,43f52444d5dc1949b8788ce8b17dbce7517a78ef0d68c03f276b2895bdae5642,95db65d2edd025d1759b8670cd47158771fc883877f51ff0b1fed3843ebd286a,source_bytes_and_line_range_verified,open_evidence_gap,unchanged_not_reassessed
static-catalog/review-metadata/unresolved-rows.jsonl,220,4bcc2bc7ddc2b38a2b593896f43802e7b1485c9f949439118cd7d5d7fd264c57,94ca0ae1705d8c69dbd6d6d94f63f1ebd0559a2f25f3819b7705dc8da2ea8c21,static-catalog/entry-argument-sites.jsonl,220,5c393012cb9096ead5f70d93abb6d214d4058a2704963c6c7c80c4ddb5ef9fd1,f14c274bfdcbf4f3e618f6e3639baf9fe83404673880c4c0bf615df65c893fcc,ext/gpgme/gpgme_n.c,2529,static-catalog/files-scanned.csv,fe76976976e2a77c37581f7075f8f322d5207e396e52255257617abff0d99936,8739742fc66d53c6ad01d489f8d2a817520ee6d5d0238a635911fa41d4e073b6,9a57c2f802ca9f1536cd7cc8be3696a48bdee14ecb43744a342133d3d500a8f6,source_bytes_and_line_range_verified,open_evidence_gap,unchanged_not_reassessed
static-catalog/review-metadata/unresolved-rows.jsonl,221,4bcc2bc7ddc2b38a2b593896f43802e7b1485c9f949439118cd7d5d7fd264c57,716e286e9ad3d69099b0385c4da807c7876c04678f3c6fab6200fab975702ab9,static-catalog/entry-argument-sites.jsonl,221,5c393012cb9096ead5f70d93abb6d214d4058a2704963c6c7c80c4ddb5ef9fd1,bfe643e57a3c2a93d200e8b78462dff39f4d319dd0c547afae36d2ce306b0625,ext/gpgme/gpgme_n.c,2634,static-catalog/files-scanned.csv,fe76976976e2a77c37581f7075f8f322d5207e396e52255257617abff0d99936,8739742fc66d53c6ad01d489f8d2a817520ee6d5d0238a635911fa41d4e073b6,9a57c2f802ca9f1536cd7cc8be3696a48bdee14ecb43744a342133d3d500a8f6,source_bytes_and_line_range_verified,open_evidence_gap,unchanged_not_reassessed
static-catalog/review-metadata/unresolved-rows.jsonl,222,4bcc2bc7ddc2b38a2b593896f43802e7b1485c9f949439118cd7d5d7fd264c57,accaf9df9023e4765108c6142468396c47bc839e4c7bbbece797727e7fec6f31,static-catalog/entry-argument-sites.jsonl,222,5c393012cb9096ead5f70d93abb6d214d4058a2704963c6c7c80c4ddb5ef9fd1,f5962d3b5b476745129a53c28932ce2ff4576a4b8edde5f16533be61350bfe45,ext/gpgme/gpgme_n.c,2673,static-catalog/files-scanned.csv,fe76976976e2a77c37581f7075f8f322d5207e396e52255257617abff0d99936,8739742fc66d53c6ad01d489f8d2a817520ee6d5d0238a635911fa41d4e073b6,9a57c2f802ca9f1536cd7cc8be3696a48bdee14ecb43744a342133d3d500a8f6,source_bytes_and_line_range_verified,open_evidence_gap,unchanged_not_reassessed
static-catalog/review-metadata/unresolved-rows.jsonl,223,4bcc2bc7ddc2b38a2b593896f43802e7b1485c9f949439118cd7d5d7fd264c57,293b363867d04d761e7043cc50b6e30a398c3d0aed613aa80b0694f4d5cd6999,static-catalog/entry-argument-sites.jsonl,223,5c393012cb9096ead5f70d93abb6d214d4058a2704963c6c7c80c4ddb5ef9fd1,e07ad5e3558a33899e89bb20cf59ef01c86a43a2c5c62ef518bc086782a23389,ext/gpgme/gpgme_n.c,2568,static-catalog/files-scanned.csv,fe76976976e2a77c37581f7075f8f322d5207e396e52255257617abff0d99936,8739742fc66d53c6ad01d489f8d2a817520ee6d5d0238a635911fa41d4e073b6,9a57c2f802ca9f1536cd7cc8be3696a48bdee14ecb43744a342133d3d500a8f6,source_bytes_and_line_range_verified,open_evidence_gap,unchanged_not_reassessed
static-catalog/review-metadata/unresolved-rows.jsonl,224,4bcc2bc7ddc2b38a2b593896f43802e7b1485c9f949439118cd7d5d7fd264c57,20052b0f2d07bf010823606a475d47808a8581f61d48329f19b6225751c622e9,static-catalog/entry-argument-sites.jsonl,224,5c393012cb9096ead5f70d93abb6d214d4058a2704963c6c7c80c4ddb5ef9fd1,522cf0f57efb44c9316181bd1065fe92aea72f647558469483d8b2200eb9bede,ext/gpgme/gpgme_n.c,1407,static-catalog/files-scanned.csv,fe76976976e2a77c37581f7075f8f322d5207e396e52255257617abff0d99936,8739742fc66d53c6ad01d489f8d2a817520ee6d5d0238a635911fa41d4e073b6,a35fde7c5cf9e8560ed2035af4095e2125d2e2cfaf5474b5a5af8db280810436,source_bytes_and_line_range_verified,open_evidence_gap,unchanged_not_reassessed
static-catalog/review-metadata/unresolved-rows.jsonl,225,4bcc2bc7ddc2b38a2b593896f43802e7b1485c9f949439118cd7d5d7fd264c57,cce87761e80bd35783bf9f6d17be1cb6309b5e7bfa31e99fc06fdd74dd9b2daa,static-catalog/entry-argument-sites.jsonl,225,5c393012cb9096ead5f70d93abb6d214d4058a2704963c6c7c80c4ddb5ef9fd1,0b01b5789cbdbaaa9c8f0f7189505080fb763882bc7b4354a074426af5c53011,ext/gpgme/gpgme_n.c,1433,static-catalog/files-scanned.csv,fe76976976e2a77c37581f7075f8f322d5207e396e52255257617abff0d99936,8739742fc66d53c6ad01d489f8d2a817520ee6d5d0238a635911fa41d4e073b6,a35fde7c5cf9e8560ed2035af4095e2125d2e2cfaf5474b5a5af8db280810436,source_bytes_and_line_range_verified,open_evidence_gap,unchanged_not_reassessed
static-catalog/review-metadata/unresolved-rows.jsonl,226,4bcc2bc7ddc2b38a2b593896f43802e7b1485c9f949439118cd7d5d7fd264c57,aaa720e6ef2352a98171efab6520da280d9e09ce7e7ecc003f106bc59cb27aa7,static-catalog/entry-argument-sites.jsonl,226,5c393012cb9096ead5f70d93abb6d214d4058a2704963c6c7c80c4ddb5ef9fd1,bba1bbcbd9c839849e9848b05da2cc7caca8a16a2c71046ed7bb86c8ce2eb3a1,ext/gpgme/gpgme_n.c,1495,static-catalog/files-scanned.csv,fe76976976e2a77c37581f7075f8f322d5207e396e52255257617abff0d99936,8739742fc66d53c6ad01d489f8d2a817520ee6d5d0238a635911fa41d4e073b6,a35fde7c5cf9e8560ed2035af4095e2125d2e2cfaf5474b5a5af8db280810436,source_bytes_and_line_range_verified,open_evidence_gap,unchanged_not_reassessed
static-catalog/review-metadata/unresolved-rows.jsonl,227,4bcc2bc7ddc2b38a2b593896f43802e7b1485c9f949439118cd7d5d7fd264c57,2fb31c9403bef169ee8ce87925aa46c13b78c57b612d81ec80f16a7e55fa7913,static-catalog/entry-argument-sites.jsonl,227,5c393012cb9096ead5f70d93abb6d214d4058a2704963c6c7c80c4ddb5ef9fd1,79c8ca07c81aa53173c79725fb35bf58855eb7e574e72352a375c1dc78ae9a4f,ext/gpgme/gpgme_n.c,1518,static-catalog/files-scanned.csv,fe76976976e2a77c37581f7075f8f322d5207e396e52255257617abff0d99936,8739742fc66d53c6ad01d489f8d2a817520ee6d5d0238a635911fa41d4e073b6,a35fde7c5cf9e8560ed2035af4095e2125d2e2cfaf5474b5a5af8db280810436,source_bytes_and_line_range_verified,open_evidence_gap,unchanged_not_reassessed
static-catalog/review-metadata/unresolved-rows.jsonl,228,4bcc2bc7ddc2b38a2b593896f43802e7b1485c9f949439118cd7d5d7fd264c57,7d8d5694868515cb7a8173a57fd8782e6de0440d9d4d10c3c6438b810a608540,static-catalog/entry-argument-sites.jsonl,228,5c393012cb9096ead5f70d93abb6d214d4058a2704963c6c7c80c4ddb5ef9fd1,02a947ec641be859d423088c2c7f93d590e2f1d39faab237edec21020ec0eb54,src/ruby/ext/grpc/rb_server.c,347,static-catalog/files-scanned.csv,fe76976976e2a77c37581f7075f8f322d5207e396e52255257617abff0d99936,b646556f3a26bd692ef24d92654563d0dc39adc50a4fab9bc2358337e6f1a3fc,a06665c69889c871374922d3ad97b0c20bc23601225db6c81309387fce7cffea,source_bytes_and_line_range_verified,open_evidence_gap,unchanged_not_reassessed
static-catalog/review-metadata/unresolved-rows.jsonl,229,4bcc2bc7ddc2b38a2b593896f43802e7b1485c9f949439118cd7d5d7fd264c57,6daac350843c5b0475118df99fcae480e66b192f8033cf5ba45fa78b029f82db,static-catalog/entry-argument-sites.jsonl,229,5c393012cb9096ead5f70d93abb6d214d4058a2704963c6c7c80c4ddb5ef9fd1,8a861e23a11b1306061550d2e1f294d4f62c1df8df67937faf1b697dc85fffd2,src/ruby/ext/grpc/rb_server.c,367,static-catalog/files-scanned.csv,fe76976976e2a77c37581f7075f8f322d5207e396e52255257617abff0d99936,b646556f3a26bd692ef24d92654563d0dc39adc50a4fab9bc2358337e6f1a3fc,a06665c69889c871374922d3ad97b0c20bc23601225db6c81309387fce7cffea,source_bytes_and_line_range_verified,open_evidence_gap,unchanged_not_reassessed
static-catalog/review-metadata/unresolved-rows.jsonl,230,4bcc2bc7ddc2b38a2b593896f43802e7b1485c9f949439118cd7d5d7fd264c57,dc031b7c5fc8c400d01e0a997892f2e6c517b824e409bdd319e706123b811647,static-catalog/entry-argument-sites.jsonl,230,5c393012cb9096ead5f70d93abb6d214d4058a2704963c6c7c80c4ddb5ef9fd1,45c8012b09807741d414f7afd5472a49e2c577ad3407ac81bb54e983af0fc379,src/ruby/ext/grpc/rb_grpc.c,118,static-catalog/files-scanned.csv,fe76976976e2a77c37581f7075f8f322d5207e396e52255257617abff0d99936,80be9e6c754b6111e9236a5b038d6f9c29d13566261e9319551c225ca44ef7d0,8baf94da1ea27278061d0c0f4ef0e1fecb7d15f69f47d65cf72ff935e93fea3f,source_bytes_and_line_range_verified,open_evidence_gap,unchanged_not_reassessed
static-catalog/review-metadata/unresolved-rows.jsonl,231,4bcc2bc7ddc2b38a2b593896f43802e7b1485c9f949439118cd7d5d7fd264c57,9a9efa5aa2827631454df8b24c58f7f66a6bbbee7632ce90cbd4aa948a891d01,static-catalog/entry-argument-sites.jsonl,231,5c393012cb9096ead5f70d93abb6d214d4058a2704963c6c7c80c4ddb5ef9fd1,3855138805772127b6bdfae5370800cea3806685070fd19db0ba4b5499546517,src/ruby/ext/grpc/rb_grpc.c,143,static-catalog/files-scanned.csv,fe76976976e2a77c37581f7075f8f322d5207e396e52255257617abff0d99936,80be9e6c754b6111e9236a5b038d6f9c29d13566261e9319551c225ca44ef7d0,49725584826b698fc512d425d855df1de31188fdcd9c2136bbd2543ec4687c17,source_bytes_and_line_range_verified,open_evidence_gap,unchanged_not_reassessed
static-catalog/review-metadata/unresolved-rows.jsonl,232,4bcc2bc7ddc2b38a2b593896f43802e7b1485c9f949439118cd7d5d7fd264c57,7d761bee00138fd9bd56d10c321c538dc2e8c4be08ca500d15b103f754ea2464,static-catalog/entry-argument-sites.jsonl,232,5c393012cb9096ead5f70d93abb6d214d4058a2704963c6c7c80c4ddb5ef9fd1,b087e7c23b27a610c6e8764762f5f71a1f51700164db797bf80a4deddea7e6bb,src/ruby/ext/grpc/rb_grpc.c,157,static-catalog/files-scanned.csv,fe76976976e2a77c37581f7075f8f322d5207e396e52255257617abff0d99936,80be9e6c754b6111e9236a5b038d6f9c29d13566261e9319551c225ca44ef7d0,c79f3b577e1c8531f03874d488bb76a54533526dcd0832389958be4bc70c3abf,source_bytes_and_line_range_verified,open_evidence_gap,unchanged_not_reassessed
static-catalog/review-metadata/unresolved-rows.jsonl,233,4bcc2bc7ddc2b38a2b593896f43802e7b1485c9f949439118cd7d5d7fd264c57,d6fed3d9c7e6602471b5694ba98e52eeea9a388a37680b56af0ff5af250882f3,static-catalog/entry-argument-sites.jsonl,233,5c393012cb9096ead5f70d93abb6d214d4058a2704963c6c7c80c4ddb5ef9fd1,af8e75679ceccb22876b5806c256c3d2e6ab242755eb6f109ec78119574b8fe1,src/ruby/ext/grpc/rb_server_credentials.c,154,static-catalog/files-scanned.csv,fe76976976e2a77c37581f7075f8f322d5207e396e52255257617abff0d99936,4a50f97d52e81171818ce426cd34facd398f0828ca5a50d83504e644b13f4898,abd92015f4ceedbcf3ac2eb37c2e9219d97025a124c9aa0e9f0bd2f526166fea,source_bytes_and_line_range_verified,open_evidence_gap,unchanged_not_reassessed
static-catalog/review-metadata/unresolved-rows.jsonl,234,4bcc2bc7ddc2b38a2b593896f43802e7b1485c9f949439118cd7d5d7fd264c57,9eca8cb1fb6cdc67c35fcb611fc441545d7e45f5aa9903d2d59140bca5579481,static-catalog/entry-argument-sites.jsonl,234,5c393012cb9096ead5f70d93abb6d214d4058a2704963c6c7c80c4ddb5ef9fd1,0df0094a7cb14bc15e52596d94ca8215754e348ae150d59292ed5d71148e0546,src/ruby/ext/grpc/rb_server_credentials.c,148,static-catalog/files-scanned.csv,fe76976976e2a77c37581f7075f8f322d5207e396e52255257617abff0d99936,4a50f97d52e81171818ce426cd34facd398f0828ca5a50d83504e644b13f4898,2ea4053effef12790d3f75e297ad880ba13fa2ec9be8035854fffdf4d801c838,source_bytes_and_line_range_verified,open_evidence_gap,unchanged_not_reassessed
static-catalog/review-metadata/unresolved-rows.jsonl,235,4bcc2bc7ddc2b38a2b593896f43802e7b1485c9f949439118cd7d5d7fd264c57,1f5a354f6c0add5f25cc542cbd2dda0b8034dbc3e98c9834d9021fdd39e70405,static-catalog/entry-argument-sites.jsonl,235,5c393012cb9096ead5f70d93abb6d214d4058a2704963c6c7c80c4ddb5ef9fd1,b072d1dce4e4fc378cda27c9562b26f144ed9a79efb79fd6c46d24f4b37b4827,src/ruby/ext/grpc/rb_call.c,306,static-catalog/files-scanned.csv,fe76976976e2a77c37581f7075f8f322d5207e396e52255257617abff0d99936,98a9bc0a5c634071c764de5729d2a945e22c43ca1ad836961412215952f86900,84e30bd019589c2d3f05ed0d9a48765247c3f99169bfe3ac38df353d5355774e,source_bytes_and_line_range_verified,open_evidence_gap,unchanged_not_reassessed
static-catalog/review-metadata/unresolved-rows.jsonl,236,4bcc2bc7ddc2b38a2b593896f43802e7b1485c9f949439118cd7d5d7fd264c57,88d064664c9be91231eb041f5095d0bd1d7f9b4cb6a24ae8ea410d3509b6fb4a,static-catalog/entry-argument-sites.jsonl,236,5c393012cb9096ead5f70d93abb6d214d4058a2704963c6c7c80c4ddb5ef9fd1,0670d66156c796eed1d4cc20c6008e64ef4063280f1ac21b91c84be31bc86ca3,src/ruby/ext/grpc/rb_grpc.c,118,static-catalog/files-scanned.csv,fe76976976e2a77c37581f7075f8f322d5207e396e52255257617abff0d99936,80be9e6c754b6111e9236a5b038d6f9c29d13566261e9319551c225ca44ef7d0,8baf94da1ea27278061d0c0f4ef0e1fecb7d15f69f47d65cf72ff935e93fea3f,source_bytes_and_line_range_verified,open_evidence_gap,unchanged_not_reassessed
static-catalog/review-metadata/unresolved-rows.jsonl,237,4bcc2bc7ddc2b38a2b593896f43802e7b1485c9f949439118cd7d5d7fd264c57,148117da6ea336c798bd30826f93464a6f7c82d5398f43d5de0f7d1fbd5563dd,static-catalog/entry-argument-sites.jsonl,237,5c393012cb9096ead5f70d93abb6d214d4058a2704963c6c7c80c4ddb5ef9fd1,0dbba3819070a41b0b5960e4689cb717e6b5a1ddc316705923b188866d136c34,src/ruby/ext/grpc/rb_grpc.c,143,static-catalog/files-scanned.csv,fe76976976e2a77c37581f7075f8f322d5207e396e52255257617abff0d99936,80be9e6c754b6111e9236a5b038d6f9c29d13566261e9319551c225ca44ef7d0,49725584826b698fc512d425d855df1de31188fdcd9c2136bbd2543ec4687c17,source_bytes_and_line_range_verified,open_evidence_gap,unchanged_not_reassessed
static-catalog/review-metadata/unresolved-rows.jsonl,238,4bcc2bc7ddc2b38a2b593896f43802e7b1485c9f949439118cd7d5d7fd264c57,e80142d985c4af8073d0d04664130039e4005ecf3da9da785587053c11d7f777,static-catalog/entry-argument-sites.jsonl,238,5c393012cb9096ead5f70d93abb6d214d4058a2704963c6c7c80c4ddb5ef9fd1,aa1209192b14d2761c0870ad76ce1a067d66e40811e3751e427f312c180b86a7,src/ruby/ext/grpc/rb_grpc.c,157,static-catalog/files-scanned.csv,fe76976976e2a77c37581f7075f8f322d5207e396e52255257617abff0d99936,80be9e6c754b6111e9236a5b038d6f9c29d13566261e9319551c225ca44ef7d0,c79f3b577e1c8531f03874d488bb76a54533526dcd0832389958be4bc70c3abf,source_bytes_and_line_range_verified,open_evidence_gap,unchanged_not_reassessed
static-catalog/review-metadata/unresolved-rows.jsonl,239,4bcc2bc7ddc2b38a2b593896f43802e7b1485c9f949439118cd7d5d7fd264c57,61cce60e9908c88cbae6d1729bd94f446982ee570057b60f69f7f8482ad9c7c9,static-catalog/entry-argument-sites.jsonl,239,5c393012cb9096ead5f70d93abb6d214d4058a2704963c6c7c80c4ddb5ef9fd1,438044873a0a1346823075626e996ede1ba3075cc362ad56bac07884c62009c9,src/ruby/ext/grpc/rb_call.c,282,static-catalog/files-scanned.csv,fe76976976e2a77c37581f7075f8f322d5207e396e52255257617abff0d99936,98a9bc0a5c634071c764de5729d2a945e22c43ca1ad836961412215952f86900,2070a650bf08bc14af332d89c8cabf40cb959d172b27da0df82502617c92a052,source_bytes_and_line_range_verified,open_evidence_gap,unchanged_not_reassessed
static-catalog/review-metadata/unresolved-rows.jsonl,240,4bcc2bc7ddc2b38a2b593896f43802e7b1485c9f949439118cd7d5d7fd264c57,1cf3062087579d68551a4964e9b1a38e86957771ba7c9f7654f5f21b13534187,static-catalog/entry-argument-sites.jsonl,240,5c393012cb9096ead5f70d93abb6d214d4058a2704963c6c7c80c4ddb5ef9fd1,a5fb40806febf1ef79bf0bcd936c2ca0c2661d7f94fbe3161d960dc1210f8945,src/ruby/ext/grpc/rb_call.c,330,static-catalog/files-scanned.csv,fe76976976e2a77c37581f7075f8f322d5207e396e52255257617abff0d99936,98a9bc0a5c634071c764de5729d2a945e22c43ca1ad836961412215952f86900,84e30bd019589c2d3f05ed0d9a48765247c3f99169bfe3ac38df353d5355774e,source_bytes_and_line_range_verified,open_evidence_gap,unchanged_not_reassessed
static-catalog/review-metadata/unresolved-rows.jsonl,241,4bcc2bc7ddc2b38a2b593896f43802e7b1485c9f949439118cd7d5d7fd264c57,82cf164218c56c67cbc9dc17d28bd8c6a317b56381174bc73c0395dd3bd4a3f2,static-catalog/entry-argument-sites.jsonl,241,5c393012cb9096ead5f70d93abb6d214d4058a2704963c6c7c80c4ddb5ef9fd1,b88a7bf58c6b63ca7759dfb6d8595f055b85e5d98a34d373448f354e11210d18,src/ruby/ext/grpc/rb_grpc.c,118,static-catalog/files-scanned.csv,fe76976976e2a77c37581f7075f8f322d5207e396e52255257617abff0d99936,80be9e6c754b6111e9236a5b038d6f9c29d13566261e9319551c225ca44ef7d0,8baf94da1ea27278061d0c0f4ef0e1fecb7d15f69f47d65cf72ff935e93fea3f,source_bytes_and_line_range_verified,open_evidence_gap,unchanged_not_reassessed
static-catalog/review-metadata/unresolved-rows.jsonl,242,4bcc2bc7ddc2b38a2b593896f43802e7b1485c9f949439118cd7d5d7fd264c57,4360444c137d51970c8d7f9dbae0ed295c306a84373ee6526a34d040971a17a6,static-catalog/entry-argument-sites.jsonl,242,5c393012cb9096ead5f70d93abb6d214d4058a2704963c6c7c80c4ddb5ef9fd1,74033591c5a8db78ac7b9839ef91365c92ce65e1e3164c38e7cec024abf1678c,src/ruby/ext/grpc/rb_grpc.c,143,static-catalog/files-scanned.csv,fe76976976e2a77c37581f7075f8f322d5207e396e52255257617abff0d99936,80be9e6c754b6111e9236a5b038d6f9c29d13566261e9319551c225ca44ef7d0,49725584826b698fc512d425d855df1de31188fdcd9c2136bbd2543ec4687c17,source_bytes_and_line_range_verified,open_evidence_gap,unchanged_not_reassessed
static-catalog/review-metadata/unresolved-rows.jsonl,243,4bcc2bc7ddc2b38a2b593896f43802e7b1485c9f949439118cd7d5d7fd264c57,28113dd349f60584bb572b50fc8ed769cfb6318dd07c0703d816776253ca0140,static-catalog/entry-argument-sites.jsonl,243,5c393012cb9096ead5f70d93abb6d214d4058a2704963c6c7c80c4ddb5ef9fd1,1c04b21b0fe1fab1b688e2bc00f6c053960b63672087f4a0090b931d1f4b512e,src/ruby/ext/grpc/rb_grpc.c,157,static-catalog/files-scanned.csv,fe76976976e2a77c37581f7075f8f322d5207e396e52255257617abff0d99936,80be9e6c754b6111e9236a5b038d6f9c29d13566261e9319551c225ca44ef7d0,c79f3b577e1c8531f03874d488bb76a54533526dcd0832389958be4bc70c3abf,source_bytes_and_line_range_verified,open_evidence_gap,unchanged_not_reassessed
static-catalog/review-metadata/unresolved-rows.jsonl,244,4bcc2bc7ddc2b38a2b593896f43802e7b1485c9f949439118cd7d5d7fd264c57,12e3a0c2457d20055aa90e96232153234e674a97be0d05da7d12eb9e58a7b9ed,static-catalog/entry-argument-sites.jsonl,244,5c393012cb9096ead5f70d93abb6d214d4058a2704963c6c7c80c4ddb5ef9fd1,355819398a09df030056e293df3f52bb6028c1632faa7a9f1e92503c17e0dd6d,src/ruby/ext/grpc/rb_call.c,354,static-catalog/files-scanned.csv,fe76976976e2a77c37581f7075f8f322d5207e396e52255257617abff0d99936,98a9bc0a5c634071c764de5729d2a945e22c43ca1ad836961412215952f86900,fac7d6b92c66217d8b48a506ee1b29191dc13ca13cc184e91b83007eaf5a357e,source_bytes_and_line_range_verified,open_evidence_gap,unchanged_not_reassessed
static-catalog/review-metadata/unresolved-rows.jsonl,245,4bcc2bc7ddc2b38a2b593896f43802e7b1485c9f949439118cd7d5d7fd264c57,0c4833fd1acf476a1e3fa248ba8f8ab6c2ddbfd8c3c16933df761f47fc0a329c,static-catalog/entry-argument-sites.jsonl,245,5c393012cb9096ead5f70d93abb6d214d4058a2704963c6c7c80c4ddb5ef9fd1,95ee1cb3b05dd51a78666d9222032c2d373951a06a3843d80e1dfb0cf9987475,ext/io/console/console.c,1089,static-catalog/files-scanned.csv,fe76976976e2a77c37581f7075f8f322d5207e396e52255257617abff0d99936,378031dec22a8821b6e1c257622478f65a23af8d2d7c7599279fc2d9a7861236,1a5aa0d2f71c7f0833244438372dcd2dee953df1cdbecbfee61d9fa09ba7551d,source_bytes_and_line_range_verified,open_evidence_gap,unchanged_not_reassessed
static-catalog/review-metadata/unresolved-rows.jsonl,246,4bcc2bc7ddc2b38a2b593896f43802e7b1485c9f949439118cd7d5d7fd264c57,ad3b7902cf50d83fc27c1fb5de0b8381e2e726b8422fa7718525b6f235a7e62f,static-catalog/entry-argument-sites.jsonl,246,5c393012cb9096ead5f70d93abb6d214d4058a2704963c6c7c80c4ddb5ef9fd1,670ef1734415a85e553d868373f4b90b366e2ce8a4820b8b381579e5ef6be58f,ext/io/console/console.c,1089,static-catalog/files-scanned.csv,fe76976976e2a77c37581f7075f8f322d5207e396e52255257617abff0d99936,378031dec22a8821b6e1c257622478f65a23af8d2d7c7599279fc2d9a7861236,1a5aa0d2f71c7f0833244438372dcd2dee953df1cdbecbfee61d9fa09ba7551d,source_bytes_and_line_range_verified,open_evidence_gap,unchanged_not_reassessed
static-catalog/review-metadata/unresolved-rows.jsonl,247,4bcc2bc7ddc2b38a2b593896f43802e7b1485c9f949439118cd7d5d7fd264c57,07b00c6c59bbfc2e1b7e165f58671045fb6ca308431f9b0d457508dcec165b5e,static-catalog/entry-argument-sites.jsonl,247,5c393012cb9096ead5f70d93abb6d214d4058a2704963c6c7c80c4ddb5ef9fd1,0f96a1d3c2d0c7747b97e2bf1bad14ee9ea7f019df819aa427bd641001c5184f,ext/io/console/console.c,1320,static-catalog/files-scanned.csv,fe76976976e2a77c37581f7075f8f322d5207e396e52255257617abff0d99936,378031dec22a8821b6e1c257622478f65a23af8d2d7c7599279fc2d9a7861236,8d81a86ab2ad3643a764ae12556b3d5996defcc14e92c2ab17715c56f6f71a7d,source_bytes_and_line_range_verified,open_evidence_gap,unchanged_not_reassessed
static-catalog/review-metadata/unresolved-rows.jsonl,248,4bcc2bc7ddc2b38a2b593896f43802e7b1485c9f949439118cd7d5d7fd264c57,70bffd3f245f4686aacf3e178e403918675d494237c7c0c4fa56a37deca37bd1,static-catalog/entry-argument-sites.jsonl,248,5c393012cb9096ead5f70d93abb6d214d4058a2704963c6c7c80c4ddb5ef9fd1,8c2e79475cb0c7ed7ae57bb43734fb87f42a8a765392903380cef6bae5854a96,ext/io/console/console.c,1320,static-catalog/files-scanned.csv,fe76976976e2a77c37581f7075f8f322d5207e396e52255257617abff0d99936,378031dec22a8821b6e1c257622478f65a23af8d2d7c7599279fc2d9a7861236,8d81a86ab2ad3643a764ae12556b3d5996defcc14e92c2ab17715c56f6f71a7d,source_bytes_and_line_range_verified,open_evidence_gap,unchanged_not_reassessed
static-catalog/review-metadata/unresolved-rows.jsonl,249,4bcc2bc7ddc2b38a2b593896f43802e7b1485c9f949439118cd7d5d7fd264c57,36f9b319b4771570a1ed4b9cf2b964dcbae047323c40766d348f710266267663,static-catalog/entry-argument-sites.jsonl,249,5c393012cb9096ead5f70d93abb6d214d4058a2704963c6c7c80c4ddb5ef9fd1,67ab27ac12fac9b24047cd90e521b91d39f320ef4bcaeaa8a28b58d7231da635,ext/io/console/console.c,1380,static-catalog/files-scanned.csv,fe76976976e2a77c37581f7075f8f322d5207e396e52255257617abff0d99936,378031dec22a8821b6e1c257622478f65a23af8d2d7c7599279fc2d9a7861236,9ee82f6dd99534799db256b409654d5828bb23b97ad07caaebd0a3205b1b0dae,source_bytes_and_line_range_verified,open_evidence_gap,unchanged_not_reassessed
static-catalog/review-metadata/unresolved-rows.jsonl,250,4bcc2bc7ddc2b38a2b593896f43802e7b1485c9f949439118cd7d5d7fd264c57,3d81c394dfcbc64083eb50019c9bf18c50843652848554abccd731767aeaf847,static-catalog/entry-argument-sites.jsonl,250,5c393012cb9096ead5f70d93abb6d214d4058a2704963c6c7c80c4ddb5ef9fd1,c3e4b36121b229f6bc21cd6c0b8eb286482a929bea2b228c321c23b6026c0f4b,ext/io/console/console.c,1171,static-catalog/files-scanned.csv,fe76976976e2a77c37581f7075f8f322d5207e396e52255257617abff0d99936,378031dec22a8821b6e1c257622478f65a23af8d2d7c7599279fc2d9a7861236,068b2f962c7f7452927e0ce977762d97bdac1d973cac2b5ffc4afe1fff714b93,source_bytes_and_line_range_verified,open_evidence_gap,unchanged_not_reassessed
static-catalog/review-metadata/unresolved-rows.jsonl,251,4bcc2bc7ddc2b38a2b593896f43802e7b1485c9f949439118cd7d5d7fd264c57,45ebf65184a2cff81eb4a0ee4b6a96b3cdba7100ebe4a939d43c5206673eb2e8,static-catalog/entry-argument-sites.jsonl,251,5c393012cb9096ead5f70d93abb6d214d4058a2704963c6c7c80c4ddb5ef9fd1,4c0792e74609da54733bcfcbb970fdca2204fe61cc65eafb8f4241ce244591e5,ext/msgpack/buffer_class.c,240,static-catalog/files-scanned.csv,fe76976976e2a77c37581f7075f8f322d5207e396e52255257617abff0d99936,a78b5dec85ce55f0f8c6309246ef2963c58ee1d9d33d1b03b84f0a9f49b41bc9,4c74062ae093a1978a7dc273770e931d2126340078993edb6c2c239f4676ff1b,source_bytes_and_line_range_verified,open_evidence_gap,unchanged_not_reassessed
static-catalog/review-metadata/unresolved-rows.jsonl,252,4bcc2bc7ddc2b38a2b593896f43802e7b1485c9f949439118cd7d5d7fd264c57,dc5b918f2c0b29ae7da17c206717849337eadc9a30ba42a74225bc9621d9d2ee,static-catalog/entry-argument-sites.jsonl,252,5c393012cb9096ead5f70d93abb6d214d4058a2704963c6c7c80c4ddb5ef9fd1,2ca3bf819d0adcd4505622768c043de2ce8131d0b787ecb65b6be2ac833647f9,ext/msgpack/unpacker_class.c,116,static-catalog/files-scanned.csv,fe76976976e2a77c37581f7075f8f322d5207e396e52255257617abff0d99936,6e65c33c8ab07c790e9f04868599979d76c57e5bdb5e8fc1fb17ac69b52529e2,1ac0f96548301ced2b002dfe17013a2d808ace1c6ba724cd85095146fe33f255,source_bytes_and_line_range_verified,open_evidence_gap,unchanged_not_reassessed
static-catalog/review-metadata/unresolved-rows.jsonl,253,4bcc2bc7ddc2b38a2b593896f43802e7b1485c9f949439118cd7d5d7fd264c57,20c5040cfc715046a7221fb72887694653ab5f8a161814160ddd6f18aba87277,static-catalog/entry-argument-sites.jsonl,253,5c393012cb9096ead5f70d93abb6d214d4058a2704963c6c7c80c4ddb5ef9fd1,b7bf4cfd0a18165294884f6d2dbe4b83c1d61a4060c38ee8bd6c907b080d73ac,ext/msgpack/factory_class.c,210,static-catalog/files-scanned.csv,fe76976976e2a77c37581f7075f8f322d5207e396e52255257617abff0d99936,beff1915ed7611b02d705bddc59e8da2426b7cf541d370cdf1cba54ad531a49a,1eda54055f1840cac38f30a8f95d1ee8e6add550ba5ec56886613c03090abac4,source_bytes_and_line_range_verified,open_evidence_gap,unchanged_not_reassessed
static-catalog/review-metadata/unresolved-rows.jsonl,254,4bcc2bc7ddc2b38a2b593896f43802e7b1485c9f949439118cd7d5d7fd264c57,c97e15add35d24cd8da2990a0f77d98f5dfccfc463a987c211bb13f3d76de62e,static-catalog/entry-argument-sites.jsonl,254,5c393012cb9096ead5f70d93abb6d214d4058a2704963c6c7c80c4ddb5ef9fd1,47173047bffe8392bfa154466e82a4d138ef5a816c4ed28a22a8e37369b2959a,ext/msgpack/unpacker_class.c,116,static-catalog/files-scanned.csv,fe76976976e2a77c37581f7075f8f322d5207e396e52255257617abff0d99936,6e65c33c8ab07c790e9f04868599979d76c57e5bdb5e8fc1fb17ac69b52529e2,1ac0f96548301ced2b002dfe17013a2d808ace1c6ba724cd85095146fe33f255,source_bytes_and_line_range_verified,open_evidence_gap,unchanged_not_reassessed
static-catalog/review-metadata/unresolved-rows.jsonl,255,4bcc2bc7ddc2b38a2b593896f43802e7b1485c9f949439118cd7d5d7fd264c57,cc1da3d54ca40e20c98a8968d2c7b4ee81f1a1d2490dcdf1325b21a0cb896d97,static-catalog/entry-argument-sites.jsonl,255,5c393012cb9096ead5f70d93abb6d214d4058a2704963c6c7c80c4ddb5ef9fd1,2247be5ed1bf410b3373f293b06219ef85029725e20d6a4ad76a88bb23cf6e3c,ext/nio4r/monitor.c,295,static-catalog/files-scanned.csv,fe76976976e2a77c37581f7075f8f322d5207e396e52255257617abff0d99936,2fe0986a42f3591e0602ec92d521254e5a1da96b0cfc720a55f62ac08b28396f,1f63db6906c74ee43296165c7d08ed0655176c982c59b47bf001519ba65a6988,source_bytes_and_line_range_verified,open_evidence_gap,unchanged_not_reassessed
static-catalog/review-metadata/unresolved-rows.jsonl,256,4bcc2bc7ddc2b38a2b593896f43802e7b1485c9f949439118cd7d5d7fd264c57,becc6e7881407311c6d614acb56795f81e45e6cafab646783d3a51727ec1231a,static-catalog/entry-argument-sites.jsonl,256,5c393012cb9096ead5f70d93abb6d214d4058a2704963c6c7c80c4ddb5ef9fd1,cded14631528c6ec5e2716613eccf56dbcfb4636ed6dcced2eb622915363d278,ext/nokogiri/xml_node.c,304,static-catalog/files-scanned.csv,fe76976976e2a77c37581f7075f8f322d5207e396e52255257617abff0d99936,8beeb092a9512840303e485a2a9ac16c739dc84baa14e60aaf7866a8aaaa5050,43d0cb16b4c6a409c3c866cecbe04d618d61b132274ea31cd318025f18f0a60f,source_bytes_and_line_range_verified,open_evidence_gap,unchanged_not_reassessed
static-catalog/review-metadata/unresolved-rows.jsonl,257,4bcc2bc7ddc2b38a2b593896f43802e7b1485c9f949439118cd7d5d7fd264c57,d4c348e5b956eb1459487102877840d3570969e2c399272508aa49b40136064b,static-catalog/entry-argument-sites.jsonl,257,5c393012cb9096ead5f70d93abb6d214d4058a2704963c6c7c80c4ddb5ef9fd1,14bdd29a804aeba5bbd1ae376d03c5ce3d4faf71f221761c0045efb79e15ffe5,ext/nokogiri/xml_node.c,304,static-catalog/files-scanned.csv,fe76976976e2a77c37581f7075f8f322d5207e396e52255257617abff0d99936,8beeb092a9512840303e485a2a9ac16c739dc84baa14e60aaf7866a8aaaa5050,43d0cb16b4c6a409c3c866cecbe04d618d61b132274ea31cd318025f18f0a60f,source_bytes_and_line_range_verified,open_evidence_gap,unchanged_not_reassessed
static-catalog/review-metadata/unresolved-rows.jsonl,258,4bcc2bc7ddc2b38a2b593896f43802e7b1485c9f949439118cd7d5d7fd264c57,ef71af02e6d629fad6a0fb216243137d3364527fc97ebf06f7ed2c19db0a26d2,static-catalog/entry-argument-sites.jsonl,258,5c393012cb9096ead5f70d93abb6d214d4058a2704963c6c7c80c4ddb5ef9fd1,2ad4c385035c85c5cdbc5545006efb3b2d9928d6da0f4854b345343515eebaaa,ext/nokogiri/xml_node.c,304,static-catalog/files-scanned.csv,fe76976976e2a77c37581f7075f8f322d5207e396e52255257617abff0d99936,8beeb092a9512840303e485a2a9ac16c739dc84baa14e60aaf7866a8aaaa5050,43d0cb16b4c6a409c3c866cecbe04d618d61b132274ea31cd318025f18f0a60f,source_bytes_and_line_range_verified,open_evidence_gap,unchanged_not_reassessed
static-catalog/review-metadata/unresolved-rows.jsonl,259,4bcc2bc7ddc2b38a2b593896f43802e7b1485c9f949439118cd7d5d7fd264c57,016ecd3eb0be546c92f0d99cd8c6cd41e2bd38438bdd982a122b021558ac93f7,static-catalog/entry-argument-sites.jsonl,259,5c393012cb9096ead5f70d93abb6d214d4058a2704963c6c7c80c4ddb5ef9fd1,0a4327ea3077bf5632b0b807187a5e94d718f9df872038db7d38f2d5b9b71688,ext/nokogiri/xml_schema.c,184,static-catalog/files-scanned.csv,fe76976976e2a77c37581f7075f8f322d5207e396e52255257617abff0d99936,c85217d5c28eb9bb13fa6dde5d857d99db4eea84e8c5774f829fa7231d271c10,2ea4053effef12790d3f75e297ad880ba13fa2ec9be8035854fffdf4d801c838,source_bytes_and_line_range_verified,open_evidence_gap,unchanged_not_reassessed
static-catalog/review-metadata/unresolved-rows.jsonl,260,4bcc2bc7ddc2b38a2b593896f43802e7b1485c9f949439118cd7d5d7fd264c57,76a1847efe644f8cc74e96b504df40ad6c05787bc80ce944f9b6da3f6a7501f7,static-catalog/entry-argument-sites.jsonl,260,5c393012cb9096ead5f70d93abb6d214d4058a2704963c6c7c80c4ddb5ef9fd1,3c1119853debc54d1348b943870cfedb72033c5cb6c9c7f3cecf9618454cc942,ext/nokogiri/xml_document.c,717,static-catalog/files-scanned.csv,fe76976976e2a77c37581f7075f8f322d5207e396e52255257617abff0d99936,86e9d194f3bc851a27f2578009289582182534e9ddcee2764d1069328e06eb41,6014a1a30a3c8e2ed99b811d6cd99af4f50fefc949b2bcd4cbdc779341f332ca,source_bytes_and_line_range_verified,open_evidence_gap,unchanged_not_reassessed
static-catalog/review-metadata/unresolved-rows.jsonl,261,4bcc2bc7ddc2b38a2b593896f43802e7b1485c9f949439118cd7d5d7fd264c57,452c855fc2ec82de6a015ae5c7c74b894010daa78a4644137693395b71b65114,static-catalog/entry-argument-sites.jsonl,261,5c393012cb9096ead5f70d93abb6d214d4058a2704963c6c7c80c4ddb5ef9fd1,5228771a55fd4c84719a7f32d15869eb833c85b67082b1f5cecc583e734a2cd0,ext/nokogiri/xml_reader.c,694,static-catalog/files-scanned.csv,fe76976976e2a77c37581f7075f8f322d5207e396e52255257617abff0d99936,c224d9ddda4d518bcbdf06b4458d86532f030933806b8351ef1f7105baccbcb7,2729c90ff63cbe400a39aff164b4d0d19aa619ae465d411076ab02cc44f1126a,source_bytes_and_line_range_verified,open_evidence_gap,unchanged_not_reassessed
static-catalog/review-metadata/unresolved-rows.jsonl,262,4bcc2bc7ddc2b38a2b593896f43802e7b1485c9f949439118cd7d5d7fd264c57,3ef165370b8d7e0c9a76f5d4a0940a9904b491a02e1a1c429290595a9bbe6f52,static-catalog/entry-argument-sites.jsonl,262,5c393012cb9096ead5f70d93abb6d214d4058a2704963c6c7c80c4ddb5ef9fd1,7ece1461764987fac57cd3643d3e294c74bd4dd096c8905eff0cf21f123a6e1b,ext/nokogiri/xml_reader.c,695,static-catalog/files-scanned.csv,fe76976976e2a77c37581f7075f8f322d5207e396e52255257617abff0d99936,c224d9ddda4d518bcbdf06b4458d86532f030933806b8351ef1f7105baccbcb7,beeaba248c94b27b7ad1efefb9815f369677358664190501d51ea822a37af181,source_bytes_and_line_range_verified,open_evidence_gap,unchanged_not_reassessed
static-catalog/review-metadata/unresolved-rows.jsonl,263,4bcc2bc7ddc2b38a2b593896f43802e7b1485c9f949439118cd7d5d7fd264c57,2800a78b73333a589939dbbdbab1844af66f7a9b5138f579a5e0610003b9b560,static-catalog/entry-argument-sites.jsonl,263,5c393012cb9096ead5f70d93abb6d214d4058a2704963c6c7c80c4ddb5ef9fd1,ad7c20e7579c0521cb58ee97ccad958359d54ed6ba6e8bf023b8f2b5ae203b22,ext/nokogiri/xml_reader.c,696,static-catalog/files-scanned.csv,fe76976976e2a77c37581f7075f8f322d5207e396e52255257617abff0d99936,c224d9ddda4d518bcbdf06b4458d86532f030933806b8351ef1f7105baccbcb7,ec7a135940e0fc8217a187e26497f563d832506776e6c567b125fd44892af30c,source_bytes_and_line_range_verified,open_evidence_gap,unchanged_not_reassessed
static-catalog/review-metadata/unresolved-rows.jsonl,264,4bcc2bc7ddc2b38a2b593896f43802e7b1485c9f949439118cd7d5d7fd264c57,8d7f60e40d1f23cd42230b2e4fb2c67a1bce1615dbf37e08f4adc32fa17823ec,static-catalog/entry-argument-sites.jsonl,264,5c393012cb9096ead5f70d93abb6d214d4058a2704963c6c7c80c4ddb5ef9fd1,13aa8a0d698ae69aa04218347bee50f121e4de3c95fa439911a6837bbc9938fb,ext/nokogiri/xml_reader.c,646,static-catalog/files-scanned.csv,fe76976976e2a77c37581f7075f8f322d5207e396e52255257617abff0d99936,c224d9ddda4d518bcbdf06b4458d86532f030933806b8351ef1f7105baccbcb7,fbe6041eb226da7ecf8711168391cdb312e305403d33d95a5f535870268a17d8,source_bytes_and_line_range_verified,open_evidence_gap,unchanged_not_reassessed
static-catalog/review-metadata/unresolved-rows.jsonl,265,4bcc2bc7ddc2b38a2b593896f43802e7b1485c9f949439118cd7d5d7fd264c57,ca0866074ca42ba03e2f955f9061bce241df87e13abac8dd53cedce93815aee5,static-catalog/entry-argument-sites.jsonl,265,5c393012cb9096ead5f70d93abb6d214d4058a2704963c6c7c80c4ddb5ef9fd1,75f953b41f14b4f1ca5ad7369870794d9532a2528a75a7eb6fb379740615a519,ext/nokogiri/xml_reader.c,647,static-catalog/files-scanned.csv,fe76976976e2a77c37581f7075f8f322d5207e396e52255257617abff0d99936,c224d9ddda4d518bcbdf06b4458d86532f030933806b8351ef1f7105baccbcb7,beeaba248c94b27b7ad1efefb9815f369677358664190501d51ea822a37af181,source_bytes_and_line_range_verified,open_evidence_gap,unchanged_not_reassessed
static-catalog/review-metadata/unresolved-rows.jsonl,266,4bcc2bc7ddc2b38a2b593896f43802e7b1485c9f949439118cd7d5d7fd264c57,8e0ad707433c9da1f94066bbd6b140cda3201f93228baa09b268702f81f82b79,static-catalog/entry-argument-sites.jsonl,266,5c393012cb9096ead5f70d93abb6d214d4058a2704963c6c7c80c4ddb5ef9fd1,9124210cc9eb5c7879cdefa555502c7a769f2d50c7a465d8862374051c6e0bd6,ext/nokogiri/xml_reader.c,648,static-catalog/files-scanned.csv,fe76976976e2a77c37581f7075f8f322d5207e396e52255257617abff0d99936,c224d9ddda4d518bcbdf06b4458d86532f030933806b8351ef1f7105baccbcb7,ec7a135940e0fc8217a187e26497f563d832506776e6c567b125fd44892af30c,source_bytes_and_line_range_verified,open_evidence_gap,unchanged_not_reassessed
static-catalog/review-metadata/unresolved-rows.jsonl,267,4bcc2bc7ddc2b38a2b593896f43802e7b1485c9f949439118cd7d5d7fd264c57,f3a596282fd80482b725782008fb631bf2ba9bea9d804a293791e8df81ddf318,static-catalog/entry-argument-sites.jsonl,267,5c393012cb9096ead5f70d93abb6d214d4058a2704963c6c7c80c4ddb5ef9fd1,3fa8b9eb6ee0819426aec56b5967e882717695fbe9d889df18a551ce9c7fae59,ext/nokogiri/xml_document.c,717,static-catalog/files-scanned.csv,fe76976976e2a77c37581f7075f8f322d5207e396e52255257617abff0d99936,86e9d194f3bc851a27f2578009289582182534e9ddcee2764d1069328e06eb41,6014a1a30a3c8e2ed99b811d6cd99af4f50fefc949b2bcd4cbdc779341f332ca,source_bytes_and_line_range_verified,open_evidence_gap,unchanged_not_reassessed
static-catalog/review-metadata/unresolved-rows.jsonl,268,4bcc2bc7ddc2b38a2b593896f43802e7b1485c9f949439118cd7d5d7fd264c57,11fa68f0eac3f99213e36007cb21446cb129dcd5c3ee3a75a73516829c98fc3f,static-catalog/entry-argument-sites.jsonl,268,5c393012cb9096ead5f70d93abb6d214d4058a2704963c6c7c80c4ddb5ef9fd1,ec0bd11f8061e86cc44b0c270370af515cb0186ab1191db054dbc2bd809e2c7d,ext/nokogiri/xml_document.c,717,static-catalog/files-scanned.csv,fe76976976e2a77c37581f7075f8f322d5207e396e52255257617abff0d99936,86e9d194f3bc851a27f2578009289582182534e9ddcee2764d1069328e06eb41,6014a1a30a3c8e2ed99b811d6cd99af4f50fefc949b2bcd4cbdc779341f332ca,source_bytes_and_line_range_verified,open_evidence_gap,unchanged_not_reassessed
static-catalog/review-metadata/unresolved-rows.jsonl,269,4bcc2bc7ddc2b38a2b593896f43802e7b1485c9f949439118cd7d5d7fd264c57,f464c3cfd9d868f0491d8e3b494fdeef05f8be0218d83a2726f1ec46522c8ec2,static-catalog/entry-argument-sites.jsonl,269,5c393012cb9096ead5f70d93abb6d214d4058a2704963c6c7c80c4ddb5ef9fd1,be0e2a6099b117dff831e7b59595f2fa02dde4e5445b7c1fd3b39231b037fb54,ext/nokogiri/xml_document.c,717,static-catalog/files-scanned.csv,fe76976976e2a77c37581f7075f8f322d5207e396e52255257617abff0d99936,86e9d194f3bc851a27f2578009289582182534e9ddcee2764d1069328e06eb41,6014a1a30a3c8e2ed99b811d6cd99af4f50fefc949b2bcd4cbdc779341f332ca,source_bytes_and_line_range_verified,open_evidence_gap,unchanged_not_reassessed
static-catalog/review-metadata/unresolved-rows.jsonl,270,4bcc2bc7ddc2b38a2b593896f43802e7b1485c9f949439118cd7d5d7fd264c57,be5f817551cd9da0a1e8ecf34caee6d1df1395c398933bb37a48af5cec9b0c0d,static-catalog/entry-argument-sites.jsonl,270,5c393012cb9096ead5f70d93abb6d214d4058a2704963c6c7c80c4ddb5ef9fd1,c2727bf22b0726c29cb459c60b206e1f477896abc94ba818bf9668e464121da4,ext/nokogiri/xml_cdata.c,28,static-catalog/files-scanned.csv,fe76976976e2a77c37581f7075f8f322d5207e396e52255257617abff0d99936,acd19d8980fec238a701b7d2b412d04aaccf36eafc0114aeb0403c4cc6c5599a,2ea4053effef12790d3f75e297ad880ba13fa2ec9be8035854fffdf4d801c838,source_bytes_and_line_range_verified,open_evidence_gap,unchanged_not_reassessed
static-catalog/review-metadata/unresolved-rows.jsonl,271,4bcc2bc7ddc2b38a2b593896f43802e7b1485c9f949439118cd7d5d7fd264c57,1acbd1fba4fd159c572c4857a54002a5d09d3e675c59cbda339b6fb371ee96ca,static-catalog/entry-argument-sites.jsonl,271,5c393012cb9096ead5f70d93abb6d214d4058a2704963c6c7c80c4ddb5ef9fd1,b91a5607e1626ebaefa6e01b3db4bc738228875522cd210ca8ebf97285684c94,ext/nokogiri/xml_document.c,717,static-catalog/files-scanned.csv,fe76976976e2a77c37581f7075f8f322d5207e396e52255257617abff0d99936,86e9d194f3bc851a27f2578009289582182534e9ddcee2764d1069328e06eb41,6014a1a30a3c8e2ed99b811d6cd99af4f50fefc949b2bcd4cbdc779341f332ca,source_bytes_and_line_range_verified,open_evidence_gap,unchanged_not_reassessed
static-catalog/review-metadata/unresolved-rows.jsonl,272,4bcc2bc7ddc2b38a2b593896f43802e7b1485c9f949439118cd7d5d7fd264c57,392d40445c20cb0296f3dae8c6c6c50aec8820b9bcd19dfad250a63494783598,static-catalog/entry-argument-sites.jsonl,272,5c393012cb9096ead5f70d93abb6d214d4058a2704963c6c7c80c4ddb5ef9fd1,f9bc887bc7d792063f6d92a9b08e19151c63f99de0905644f002e94f57eec5da,ext/nokogiri/xml_text.c,25,static-catalog/files-scanned.csv,fe76976976e2a77c37581f7075f8f322d5207e396e52255257617abff0d99936,aad16601b237e7396921f74e1ecd6e4d7859f50ac1e95ebe460e3f8ec525667e,2ea4053effef12790d3f75e297ad880ba13fa2ec9be8035854fffdf4d801c838,source_bytes_and_line_range_verified,open_evidence_gap,unchanged_not_reassessed
static-catalog/review-metadata/unresolved-rows.jsonl,273,4bcc2bc7ddc2b38a2b593896f43802e7b1485c9f949439118cd7d5d7fd264c57,521e761b7b5882acc2781192ce3f52eb34beab28ec2830bb26ac9dbe4e07d3d4,static-catalog/entry-argument-sites.jsonl,273,5c393012cb9096ead5f70d93abb6d214d4058a2704963c6c7c80c4ddb5ef9fd1,c50be5f83c7ae0a7fbcfb20e6c5ae80dd6d142eca13c8a42a7575a4e34f16ef8,ext/nokogiri/xml_document.c,717,static-catalog/files-scanned.csv,fe76976976e2a77c37581f7075f8f322d5207e396e52255257617abff0d99936,86e9d194f3bc851a27f2578009289582182534e9ddcee2764d1069328e06eb41,6014a1a30a3c8e2ed99b811d6cd99af4f50fefc949b2bcd4cbdc779341f332ca,source_bytes_and_line_range_verified,open_evidence_gap,unchanged_not_reassessed
static-catalog/review-metadata/unresolved-rows.jsonl,274,4bcc2bc7ddc2b38a2b593896f43802e7b1485c9f949439118cd7d5d7fd264c57,f16b25768f140b1ee9ba4c4b01f27019b1fd0529e5a903456f1f7885bcc9e26a,static-catalog/entry-argument-sites.jsonl,274,5c393012cb9096ead5f70d93abb6d214d4058a2704963c6c7c80c4ddb5ef9fd1,6f05cc44c3041d721a306905bae722b4cf37bf9473dd74eec630ecb154508106,ext/nokogiri/xml_document.c,717,static-catalog/files-scanned.csv,fe76976976e2a77c37581f7075f8f322d5207e396e52255257617abff0d99936,86e9d194f3bc851a27f2578009289582182534e9ddcee2764d1069328e06eb41,6014a1a30a3c8e2ed99b811d6cd99af4f50fefc949b2bcd4cbdc779341f332ca,source_bytes_and_line_range_verified,open_evidence_gap,unchanged_not_reassessed
static-catalog/review-metadata/unresolved-rows.jsonl,275,4bcc2bc7ddc2b38a2b593896f43802e7b1485c9f949439118cd7d5d7fd264c57,450bd130342aba15db1d091d2b349cb670639a0bc7a3000fe03f4110ebb0fe7e,static-catalog/entry-argument-sites.jsonl,275,5c393012cb9096ead5f70d93abb6d214d4058a2704963c6c7c80c4ddb5ef9fd1,3793e12da8852c458b9d3edf72c07fc94f8431638fc97861f24f9ee066907490,ext/nokogiri/xml_node.c,304,static-catalog/files-scanned.csv,fe76976976e2a77c37581f7075f8f322d5207e396e52255257617abff0d99936,8beeb092a9512840303e485a2a9ac16c739dc84baa14e60aaf7866a8aaaa5050,43d0cb16b4c6a409c3c866cecbe04d618d61b132274ea31cd318025f18f0a60f,source_bytes_and_line_range_verified,open_evidence_gap,unchanged_not_reassessed
static-catalog/review-metadata/unresolved-rows.jsonl,276,4bcc2bc7ddc2b38a2b593896f43802e7b1485c9f949439118cd7d5d7fd264c57,6e694fa7b9237dafc39bbbda1e61cd78ba3ce1a67171d7d00a9909c206fdcac4,static-catalog/entry-argument-sites.jsonl,276,5c393012cb9096ead5f70d93abb6d214d4058a2704963c6c7c80c4ddb5ef9fd1,c2f05f979becb173e23d1fa6685024c5ccaf540ec4e0426167777c5de83c06c8,ext/nokogiri/xml_document.c,260,static-catalog/files-scanned.csv,fe76976976e2a77c37581f7075f8f322d5207e396e52255257617abff0d99936,86e9d194f3bc851a27f2578009289582182534e9ddcee2764d1069328e06eb41,d91e1914f195a94dc96b1c3340b6145e674492227bb4ce2e44aef1c64d75395a,source_bytes_and_line_range_verified,open_evidence_gap,unchanged_not_reassessed
static-catalog/review-metadata/unresolved-rows.jsonl,277,4bcc2bc7ddc2b38a2b593896f43802e7b1485c9f949439118cd7d5d7fd264c57,52e3f632b52a544f8b4132b4a24f346f7d6da94a42b855e35ca9a36330263656,static-catalog/entry-argument-sites.jsonl,277,5c393012cb9096ead5f70d93abb6d214d4058a2704963c6c7c80c4ddb5ef9fd1,6f2c4b4b764f5530381ef74e31abdb9a6f404e5565f7a2b7c4b6b4ec28f27a31,ext/nokogiri/xml_document.c,717,static-catalog/files-scanned.csv,fe76976976e2a77c37581f7075f8f322d5207e396e52255257617abff0d99936,86e9d194f3bc851a27f2578009289582182534e9ddcee2764d1069328e06eb41,6014a1a30a3c8e2ed99b811d6cd99af4f50fefc949b2bcd4cbdc779341f332ca,source_bytes_and_line_range_verified,open_evidence_gap,unchanged_not_reassessed
static-catalog/review-metadata/unresolved-rows.jsonl,278,4bcc2bc7ddc2b38a2b593896f43802e7b1485c9f949439118cd7d5d7fd264c57,b86de6489ce22f501437f66e7428daf07d964f8ef1d43366e1ef26fcb7aa032e,static-catalog/entry-argument-sites.jsonl,278,5c393012cb9096ead5f70d93abb6d214d4058a2704963c6c7c80c4ddb5ef9fd1,55f2a3b12c67116e4f9685e2a08825c67ccb56296f59e4f457ad7369adfa36d1,ext/nokogiri/xml_document.c,717,static-catalog/files-scanned.csv,fe76976976e2a77c37581f7075f8f322d5207e396e52255257617abff0d99936,86e9d194f3bc851a27f2578009289582182534e9ddcee2764d1069328e06eb41,6014a1a30a3c8e2ed99b811d6cd99af4f50fefc949b2bcd4cbdc779341f332ca,source_bytes_and_line_range_verified,open_evidence_gap,unchanged_not_reassessed
static-catalog/review-metadata/unresolved-rows.jsonl,279,4bcc2bc7ddc2b38a2b593896f43802e7b1485c9f949439118cd7d5d7fd264c57,db028c830051f5a6a8a40164890645064ab40ac5bf251564f76b25dad32aec59,static-catalog/entry-argument-sites.jsonl,279,5c393012cb9096ead5f70d93abb6d214d4058a2704963c6c7c80c4ddb5ef9fd1,a1b5b42da55f4a9f199fb78340af9a3855518f284d23032225f591c5be20d9f4,ext/nokogiri/xml_document.c,717,static-catalog/files-scanned.csv,fe76976976e2a77c37581f7075f8f322d5207e396e52255257617abff0d99936,86e9d194f3bc851a27f2578009289582182534e9ddcee2764d1069328e06eb41,6014a1a30a3c8e2ed99b811d6cd99af4f50fefc949b2bcd4cbdc779341f332ca,source_bytes_and_line_range_verified,open_evidence_gap,unchanged_not_reassessed
static-catalog/review-metadata/unresolved-rows.jsonl,280,4bcc2bc7ddc2b38a2b593896f43802e7b1485c9f949439118cd7d5d7fd264c57,74595ed64d1c6aad22fbfcbcbff97faa3510d9f485b9b3e9ce9a707408396c51,static-catalog/entry-argument-sites.jsonl,280,5c393012cb9096ead5f70d93abb6d214d4058a2704963c6c7c80c4ddb5ef9fd1,b9b29648e9a930d8bd8526126224c7d9e21a9c7f1bc79d9bcdf634eaecb74e50,ext/nokogiri/xml_document.c,717,static-catalog/files-scanned.csv,fe76976976e2a77c37581f7075f8f322d5207e396e52255257617abff0d99936,86e9d194f3bc851a27f2578009289582182534e9ddcee2764d1069328e06eb41,6014a1a30a3c8e2ed99b811d6cd99af4f50fefc949b2bcd4cbdc779341f332ca,source_bytes_and_line_range_verified,open_evidence_gap,unchanged_not_reassessed
static-catalog/review-metadata/unresolved-rows.jsonl,281,4bcc2bc7ddc2b38a2b593896f43802e7b1485c9f949439118cd7d5d7fd264c57,08d7ea88f332152b276fd32e752c8df5bacbd5dd25f56538d58c202d5300bae5,static-catalog/entry-argument-sites.jsonl,281,5c393012cb9096ead5f70d93abb6d214d4058a2704963c6c7c80c4ddb5ef9fd1,34f31ad6b2251bf49f8d3e0fe0e5bcf7bbcae47726653734c621e189f29ea178,ext/oj/fast.c,1149,static-catalog/files-scanned.csv,fe76976976e2a77c37581f7075f8f322d5207e396e52255257617abff0d99936,d7342690fae9c1cafcd68d7fb77598f4344765b7fcd94f6bc48a2f56de8c7072,5878e73de1fd0a4756ee5cbc0ca0ffe73f5de9d6034d9f132bbffd354a43b487,source_bytes_and_line_range_verified,open_evidence_gap,unchanged_not_reassessed
static-catalog/review-metadata/unresolved-rows.jsonl,282,4bcc2bc7ddc2b38a2b593896f43802e7b1485c9f949439118cd7d5d7fd264c57,14626c48e550c3ca1f5bab8ffcca16204e8a10bb86061b0b0c90f50b13d4509f,static-catalog/entry-argument-sites.jsonl,282,5c393012cb9096ead5f70d93abb6d214d4058a2704963c6c7c80c4ddb5ef9fd1,078ff81d9e884ecf151a0bd1b214dec291f56ad80117dd8ea5570f024abfeb98,ext/oj/fast.c,1149,static-catalog/files-scanned.csv,fe76976976e2a77c37581f7075f8f322d5207e396e52255257617abff0d99936,d7342690fae9c1cafcd68d7fb77598f4344765b7fcd94f6bc48a2f56de8c7072,5878e73de1fd0a4756ee5cbc0ca0ffe73f5de9d6034d9f132bbffd354a43b487,source_bytes_and_line_range_verified,open_evidence_gap,unchanged_not_reassessed
static-catalog/review-metadata/unresolved-rows.jsonl,283,4bcc2bc7ddc2b38a2b593896f43802e7b1485c9f949439118cd7d5d7fd264c57,6ec8c66a93d56d723ffa4ce9e431c3214d3c90d929d3a7d2467604f0889e0f55,static-catalog/entry-argument-sites.jsonl,283,5c393012cb9096ead5f70d93abb6d214d4058a2704963c6c7c80c4ddb5ef9fd1,993ba44bec08e55e86be328ea60552e2a9786876a371551d9ebc64d3590b62c2,ext/oj/mimic_json.c,486,static-catalog/files-scanned.csv,fe76976976e2a77c37581f7075f8f322d5207e396e52255257617abff0d99936,840221008b91afdd8114bc83fd3b07e1de68ec0bb38a32876fa5ef3f5d01b989,4331deae49ce715ac876916394646a2650493837919259fedbde04237d0474d2,source_bytes_and_line_range_verified,open_evidence_gap,unchanged_not_reassessed
static-catalog/review-metadata/unresolved-rows.jsonl,284,4bcc2bc7ddc2b38a2b593896f43802e7b1485c9f949439118cd7d5d7fd264c57,268a87e231b024c31351a384af57f0d1e1b53aa388f78b88ad4e0cbf4416cc5d,static-catalog/entry-argument-sites.jsonl,284,5c393012cb9096ead5f70d93abb6d214d4058a2704963c6c7c80c4ddb5ef9fd1,c28b40f3c91e2b77c8332ba33d8cc9598c95b4bd2b9bdc5800f598aecfff8765,ext/oj/mimic_json.c,486,static-catalog/files-scanned.csv,fe76976976e2a77c37581f7075f8f322d5207e396e52255257617abff0d99936,840221008b91afdd8114bc83fd3b07e1de68ec0bb38a32876fa5ef3f5d01b989,4331deae49ce715ac876916394646a2650493837919259fedbde04237d0474d2,source_bytes_and_line_range_verified,open_evidence_gap,unchanged_not_reassessed
static-catalog/review-metadata/unresolved-rows.jsonl,285,4bcc2bc7ddc2b38a2b593896f43802e7b1485c9f949439118cd7d5d7fd264c57,55806c1012f129545286ecf9777e86be87e190409062f8805d0cb6172bcc7deb,static-catalog/entry-argument-sites.jsonl,285,5c393012cb9096ead5f70d93abb6d214d4058a2704963c6c7c80c4ddb5ef9fd1,39a64cb4114289691ac1ab7b53638db66deb652952167d46a233ea13d4277da5,ext/oj/dump_strict.c,25,static-catalog/files-scanned.csv,fe76976976e2a77c37581f7075f8f322d5207e396e52255257617abff0d99936,dd6ab143094785b2d81245abb41c4eeb83b2c976cfb46cf75f2ab26b33a61e95,1cdf345bd05f8570e9094e07917c020657abeb094af1932d84be7db7683cdd52,source_bytes_and_line_range_verified,open_evidence_gap,unchanged_not_reassessed
static-catalog/review-metadata/unresolved-rows.jsonl,286,4bcc2bc7ddc2b38a2b593896f43802e7b1485c9f949439118cd7d5d7fd264c57,33e46169ef145fe8cc39a833790d1b737c7d83b80bdb9ffb035a7310a01d44ee,static-catalog/entry-argument-sites.jsonl,286,5c393012cb9096ead5f70d93abb6d214d4058a2704963c6c7c80c4ddb5ef9fd1,c5f38f41da449801969d4d447c9950c2646bfa72beae505f00647fdc8e8f78ea,ext/oj/wab.c,79,static-catalog/files-scanned.csv,fe76976976e2a77c37581f7075f8f322d5207e396e52255257617abff0d99936,25f9566eda5f6983a5be7c9635d2ae8e24a5cdbb881488157935359efa1fcc80,e0a54d82a606ebeecbed0cca555b1b7ca7468a6a87f2425ae52994361ec83890,source_bytes_and_line_range_verified,open_evidence_gap,unchanged_not_reassessed
static-catalog/review-metadata/unresolved-rows.jsonl,287,4bcc2bc7ddc2b38a2b593896f43802e7b1485c9f949439118cd7d5d7fd264c57,8b1bb6701fc8f66c6d8f2975dee4173aa5d4f23d689ccde7e66da5b11812b4ca,static-catalog/entry-argument-sites.jsonl,287,5c393012cb9096ead5f70d93abb6d214d4058a2704963c6c7c80c4ddb5ef9fd1,4e84ade23a5adebec43cecb938e0f342a0b83c9323539f93c4898da97a91feb1,ext/openssl/ossl_cipher.c,224,static-catalog/files-scanned.csv,fe76976976e2a77c37581f7075f8f322d5207e396e52255257617abff0d99936,791365c984bfafbc9f4ab27a357709d15f66abfd37c230463bd71aa0e93ce55f,67315629194778b1774a1d2c1fe6373404fdeaaccc7b3b0bfc003af968161ac4,source_bytes_and_line_range_verified,open_evidence_gap,unchanged_not_reassessed
static-catalog/review-metadata/unresolved-rows.jsonl,288,4bcc2bc7ddc2b38a2b593896f43802e7b1485c9f949439118cd7d5d7fd264c57,d5dc27d4483fbb4ca2103dfe152795a87f104bd1822664a4d7886a7426ecec63,static-catalog/entry-argument-sites.jsonl,288,5c393012cb9096ead5f70d93abb6d214d4058a2704963c6c7c80c4ddb5ef9fd1,31a036cb810fedef383de6c65b8a6d3b2b2fa02c22f97de731453c6a059b21ce,ext/openssl/ossl_cipher.c,226,static-catalog/files-scanned.csv,fe76976976e2a77c37581f7075f8f322d5207e396e52255257617abff0d99936,791365c984bfafbc9f4ab27a357709d15f66abfd37c230463bd71aa0e93ce55f,4fff6aa4a54ff5c32c705aebd711a1d5b9db97f19d381f0598cf25c7c0d06593,source_bytes_and_line_range_verified,open_evidence_gap,unchanged_not_reassessed
static-catalog/review-metadata/unresolved-rows.jsonl,289,4bcc2bc7ddc2b38a2b593896f43802e7b1485c9f949439118cd7d5d7fd264c57,8da015c98de4517a24eea6a056d476469af193205666cfc64739e196118b44c1,static-catalog/entry-argument-sites.jsonl,289,5c393012cb9096ead5f70d93abb6d214d4058a2704963c6c7c80c4ddb5ef9fd1,ee1e84cd6859330688fe8a96d0d61afccc8a2d639c26becabff4668529207d71,ext/openssl/ossl_pkey.c,277,static-catalog/files-scanned.csv,fe76976976e2a77c37581f7075f8f322d5207e396e52255257617abff0d99936,45f5d8251c4e0ece1f3766a8b7635db871de1996440d33f0ada0a9b08106adbc,e06b285afcc028e98d61bbce62fdfccfe6bb9300a3d977afda25f0cc989f8c64,source_bytes_and_line_range_verified,open_evidence_gap,unchanged_not_reassessed
static-catalog/review-metadata/unresolved-rows.jsonl,290,4bcc2bc7ddc2b38a2b593896f43802e7b1485c9f949439118cd7d5d7fd264c57,08b7e4c27d9857dd04948fb71eb96b263b0f5ea703aee47d9e230563d575542f,static-catalog/entry-argument-sites.jsonl,290,5c393012cb9096ead5f70d93abb6d214d4058a2704963c6c7c80c4ddb5ef9fd1,4c55c703d1140e41cef53f544283e9daaf0c1de4b9838baadb5f23d08bdd61b3,ext/openssl/ossl_cipher.c,224,static-catalog/files-scanned.csv,fe76976976e2a77c37581f7075f8f322d5207e396e52255257617abff0d99936,791365c984bfafbc9f4ab27a357709d15f66abfd37c230463bd71aa0e93ce55f,67315629194778b1774a1d2c1fe6373404fdeaaccc7b3b0bfc003af968161ac4,source_bytes_and_line_range_verified,open_evidence_gap,unchanged_not_reassessed
static-catalog/review-metadata/unresolved-rows.jsonl,291,4bcc2bc7ddc2b38a2b593896f43802e7b1485c9f949439118cd7d5d7fd264c57,5c1e5e3ee65e20e8a917db96a2ac7bc6e5a9b4639795ad5a79d6e0272c9498f5,static-catalog/entry-argument-sites.jsonl,291,5c393012cb9096ead5f70d93abb6d214d4058a2704963c6c7c80c4ddb5ef9fd1,308c352d8d0fe0610593949f3dc52a46a29bd76dca8a2a388da97c7faeee05ac,ext/openssl/ossl_cipher.c,226,static-catalog/files-scanned.csv,fe76976976e2a77c37581f7075f8f322d5207e396e52255257617abff0d99936,791365c984bfafbc9f4ab27a357709d15f66abfd37c230463bd71aa0e93ce55f,4fff6aa4a54ff5c32c705aebd711a1d5b9db97f19d381f0598cf25c7c0d06593,source_bytes_and_line_range_verified,open_evidence_gap,unchanged_not_reassessed
static-catalog/review-metadata/unresolved-rows.jsonl,292,4bcc2bc7ddc2b38a2b593896f43802e7b1485c9f949439118cd7d5d7fd264c57,55916533b99fc7845c75f0b37da2d80c32cab70f0655d3a70b452360c9e4a76a,static-catalog/entry-argument-sites.jsonl,292,5c393012cb9096ead5f70d93abb6d214d4058a2704963c6c7c80c4ddb5ef9fd1,ab8a96cb3ae3469124922d013878bc09cafe680cffb5caea727dbe08e1432c17,ext/openssl/ossl_pkey.c,277,static-catalog/files-scanned.csv,fe76976976e2a77c37581f7075f8f322d5207e396e52255257617abff0d99936,45f5d8251c4e0ece1f3766a8b7635db871de1996440d33f0ada0a9b08106adbc,e06b285afcc028e98d61bbce62fdfccfe6bb9300a3d977afda25f0cc989f8c64,source_bytes_and_line_range_verified,open_evidence_gap,unchanged_not_reassessed
static-catalog/review-metadata/unresolved-rows.jsonl,293,4bcc2bc7ddc2b38a2b593896f43802e7b1485c9f949439118cd7d5d7fd264c57,712b8963a8b6c4f5d42f6e9c8f5b7bbf0431baf8669690f54796946357e8de7c,static-catalog/entry-argument-sites.jsonl,293,5c393012cb9096ead5f70d93abb6d214d4058a2704963c6c7c80c4ddb5ef9fd1,d90bf9c5771092d967ce07eabb2407a962e7eac3eff2e3fd5920af3b0b518312,ext/openssl/ossl_pkey.c,277,static-catalog/files-scanned.csv,fe76976976e2a77c37581f7075f8f322d5207e396e52255257617abff0d99936,45f5d8251c4e0ece1f3766a8b7635db871de1996440d33f0ada0a9b08106adbc,e06b285afcc028e98d61bbce62fdfccfe6bb9300a3d977afda25f0cc989f8c64,source_bytes_and_line_range_verified,open_evidence_gap,unchanged_not_reassessed
static-catalog/review-metadata/unresolved-rows.jsonl,294,4bcc2bc7ddc2b38a2b593896f43802e7b1485c9f949439118cd7d5d7fd264c57,91b2e69ef252cddd6a5b439bf1e7e5bf9237b4d4e95ee445b27c53b1ef85f5c0,static-catalog/entry-argument-sites.jsonl,294,5c393012cb9096ead5f70d93abb6d214d4058a2704963c6c7c80c4ddb5ef9fd1,a7370670880fb004de4b3c1b53150b375db769913bba7858a331e35d29ac20db,ext/openssl/ossl_pkey.c,277,static-catalog/files-scanned.csv,fe76976976e2a77c37581f7075f8f322d5207e396e52255257617abff0d99936,45f5d8251c4e0ece1f3766a8b7635db871de1996440d33f0ada0a9b08106adbc,e06b285afcc028e98d61bbce62fdfccfe6bb9300a3d977afda25f0cc989f8c64,source_bytes_and_line_range_verified,open_evidence_gap,unchanged_not_reassessed
static-catalog/review-metadata/unresolved-rows.jsonl,295,4bcc2bc7ddc2b38a2b593896f43802e7b1485c9f949439118cd7d5d7fd264c57,5c82e177c29e9932ee1f2b7be748bb24248313294e9be3d57cd677ac7672ac73,static-catalog/entry-argument-sites.jsonl,295,5c393012cb9096ead5f70d93abb6d214d4058a2704963c6c7c80c4ddb5ef9fd1,22f4e331787dd04a50b37fb09375cc203ab39b54d6b39f83eef20543a214c3ff,ext/openssl/ossl_pkey.c,277,static-catalog/files-scanned.csv,fe76976976e2a77c37581f7075f8f322d5207e396e52255257617abff0d99936,45f5d8251c4e0ece1f3766a8b7635db871de1996440d33f0ada0a9b08106adbc,e06b285afcc028e98d61bbce62fdfccfe6bb9300a3d977afda25f0cc989f8c64,source_bytes_and_line_range_verified,open_evidence_gap,unchanged_not_reassessed
static-catalog/review-metadata/unresolved-rows.jsonl,296,4bcc2bc7ddc2b38a2b593896f43802e7b1485c9f949439118cd7d5d7fd264c57,6113f5e04dbe19c1f1b47b017bfea9299745c5bba05515c6e948cb494b8f8136,static-catalog/entry-argument-sites.jsonl,296,5c393012cb9096ead5f70d93abb6d214d4058a2704963c6c7c80c4ddb5ef9fd1,879ca89b64dec85020168878203d94fd532bd4c11b91cde42bae92b37b752624,ext/openssl/ossl_pkey.c,277,static-catalog/files-scanned.csv,fe76976976e2a77c37581f7075f8f322d5207e396e52255257617abff0d99936,45f5d8251c4e0ece1f3766a8b7635db871de1996440d33f0ada0a9b08106adbc,e06b285afcc028e98d61bbce62fdfccfe6bb9300a3d977afda25f0cc989f8c64,source_bytes_and_line_range_verified,open_evidence_gap,unchanged_not_reassessed
static-catalog/review-metadata/unresolved-rows.jsonl,297,4bcc2bc7ddc2b38a2b593896f43802e7b1485c9f949439118cd7d5d7fd264c57,b466f8b2e4278b36c7076ffe2e6fd3641d9b73c0001463017b9f00cfe7eab4a7,static-catalog/entry-argument-sites.jsonl,297,5c393012cb9096ead5f70d93abb6d214d4058a2704963c6c7c80c4ddb5ef9fd1,8f2c0e66570dbb67bd36523921d95aa30d9a18e0296c27c80ed78f35ccbaf0e2,ext/openssl/ossl_pkey.c,277,static-catalog/files-scanned.csv,fe76976976e2a77c37581f7075f8f322d5207e396e52255257617abff0d99936,45f5d8251c4e0ece1f3766a8b7635db871de1996440d33f0ada0a9b08106adbc,e06b285afcc028e98d61bbce62fdfccfe6bb9300a3d977afda25f0cc989f8c64,source_bytes_and_line_range_verified,open_evidence_gap,unchanged_not_reassessed
static-catalog/review-metadata/unresolved-rows.jsonl,298,4bcc2bc7ddc2b38a2b593896f43802e7b1485c9f949439118cd7d5d7fd264c57,10ae816a54b0850fdd971f8dc7e2ab42ba7e2b89f60dc06b2d395f491b7a356b,static-catalog/entry-argument-sites.jsonl,298,5c393012cb9096ead5f70d93abb6d214d4058a2704963c6c7c80c4ddb5ef9fd1,51a00cdcf1310ecf8035efbb5e0de60044510ea60f045336cb455c989397cfed,ext/openssl/ossl_pkey.c,277,static-catalog/files-scanned.csv,fe76976976e2a77c37581f7075f8f322d5207e396e52255257617abff0d99936,45f5d8251c4e0ece1f3766a8b7635db871de1996440d33f0ada0a9b08106adbc,e06b285afcc028e98d61bbce62fdfccfe6bb9300a3d977afda25f0cc989f8c64,source_bytes_and_line_range_verified,open_evidence_gap,unchanged_not_reassessed
static-catalog/review-metadata/unresolved-rows.jsonl,299,4bcc2bc7ddc2b38a2b593896f43802e7b1485c9f949439118cd7d5d7fd264c57,7c4f823cf63e2586c0c38541264da9bda2f302ace8b43d4d5b59ea8276c45a71,static-catalog/entry-argument-sites.jsonl,299,5c393012cb9096ead5f70d93abb6d214d4058a2704963c6c7c80c4ddb5ef9fd1,aaeb335850ba756962f0de4bd1a75d341c937fc59930f2f8d24f975fb34494ae,ext/openssl/ossl_pkey.c,277,static-catalog/files-scanned.csv,fe76976976e2a77c37581f7075f8f322d5207e396e52255257617abff0d99936,45f5d8251c4e0ece1f3766a8b7635db871de1996440d33f0ada0a9b08106adbc,e06b285afcc028e98d61bbce62fdfccfe6bb9300a3d977afda25f0cc989f8c64,source_bytes_and_line_range_verified,open_evidence_gap,unchanged_not_reassessed
static-catalog/review-metadata/unresolved-rows.jsonl,300,4bcc2bc7ddc2b38a2b593896f43802e7b1485c9f949439118cd7d5d7fd264c57,b5c95b6b12b7c616b7a01e6eea80213f0c9a577e1f9898a5d9a15ddb8aacb089,static-catalog/entry-argument-sites.jsonl,300,5c393012cb9096ead5f70d93abb6d214d4058a2704963c6c7c80c4ddb5ef9fd1,5dc20eaeb12295b075e05217d088add0faf59bd2f38656abaa5192b761c9e4dd,ext/pg_type_map_by_oid.c,355,static-catalog/files-scanned.csv,fe76976976e2a77c37581f7075f8f322d5207e396e52255257617abff0d99936,659859d99eb60e40a240acff2ee4dfbd81ff00db4ed88fe8d18e776929b61506,f14a61c04a02737c91d130e515edbc6ec1fdd8d0388b2caf8c123fb0871481c4,source_bytes_and_line_range_verified,open_evidence_gap,unchanged_not_reassessed
static-catalog/review-metadata/unresolved-rows.jsonl,301,4bcc2bc7ddc2b38a2b593896f43802e7b1485c9f949439118cd7d5d7fd264c57,60851433aee0b7bb57f54dd204450a89faba2f56850e50f674e3bb0230427209,static-catalog/entry-argument-sites.jsonl,301,5c393012cb9096ead5f70d93abb6d214d4058a2704963c6c7c80c4ddb5ef9fd1,4859fd411ac9eadb42fa7a392ba1a7c6d8756da66e3bc3081b5698a8f5691ae2,ext/pg_coder.c,491,static-catalog/files-scanned.csv,fe76976976e2a77c37581f7075f8f322d5207e396e52255257617abff0d99936,5b67e79029d1b4c5e125dd5631ddf9f085aa85d0ce3938945b40f196a97ff008,541710271ff325d018fd7872b9209cab6cd99dbbc6ba27dc22951978decc9a1d,source_bytes_and_line_range_verified,open_evidence_gap,unchanged_not_reassessed
static-catalog/review-metadata/unresolved-rows.jsonl,302,4bcc2bc7ddc2b38a2b593896f43802e7b1485c9f949439118cd7d5d7fd264c57,babbaa65d0b1ae41b7deb64805a8e87398e90bfc0fd37a4cb6fb2a8479a2e4b4,static-catalog/entry-argument-sites.jsonl,302,5c393012cb9096ead5f70d93abb6d214d4058a2704963c6c7c80c4ddb5ef9fd1,011291443f076d944130297ffa5fbc3dae5c9320e071ba02e375c3d3526c6a27,ext/pg_result.c,1720,static-catalog/files-scanned.csv,fe76976976e2a77c37581f7075f8f322d5207e396e52255257617abff0d99936,01832bb834c165cfaf996d93cfd8053d7ced1894ad9b8aff03b0195a8db082a5,64f3803ee04da5c8a968c27c365c7c70b6cf2693d8cf6768146f000e5ec18586,source_bytes_and_line_range_verified,open_evidence_gap,unchanged_not_reassessed
static-catalog/review-metadata/unresolved-rows.jsonl,303,4bcc2bc7ddc2b38a2b593896f43802e7b1485c9f949439118cd7d5d7fd264c57,702fab3d7016f78a4b8b3096de2b38ef5168b26a85bc1a1eabec0c67d8bc27e0,static-catalog/entry-argument-sites.jsonl,303,5c393012cb9096ead5f70d93abb6d214d4058a2704963c6c7c80c4ddb5ef9fd1,1ac60df042d87972caf6400cad47d6287189cac9de3333163277b9e64b1e4110,ext/pg_connection.c,4647,static-catalog/files-scanned.csv,fe76976976e2a77c37581f7075f8f322d5207e396e52255257617abff0d99936,0d72ef1baeda77c793d4050bde95ba35eee298d8999bef8c47922601eaa6a495,64f3803ee04da5c8a968c27c365c7c70b6cf2693d8cf6768146f000e5ec18586,source_bytes_and_line_range_verified,open_evidence_gap,unchanged_not_reassessed
static-catalog/review-metadata/unresolved-rows.jsonl,304,4bcc2bc7ddc2b38a2b593896f43802e7b1485c9f949439118cd7d5d7fd264c57,043a4c8e74ec1e09806b2dd24b0982619aaa673d3833a8e3519c4d4d054a1761,static-catalog/entry-argument-sites.jsonl,304,5c393012cb9096ead5f70d93abb6d214d4058a2704963c6c7c80c4ddb5ef9fd1,7428159997739b357c7ec73bd5bc1b541116bc3b1c60e9aef0f8c66d76470237,ext/pg_result.c,837,static-catalog/files-scanned.csv,fe76976976e2a77c37581f7075f8f322d5207e396e52255257617abff0d99936,01832bb834c165cfaf996d93cfd8053d7ced1894ad9b8aff03b0195a8db082a5,0ce293ac61f3cbe03cef93343a56ef38f899a68d1e3039cb4d47874c5796cad5,source_bytes_and_line_range_verified,open_evidence_gap,unchanged_not_reassessed
static-catalog/review-metadata/unresolved-rows.jsonl,305,4bcc2bc7ddc2b38a2b593896f43802e7b1485c9f949439118cd7d5d7fd264c57,07233aed88f17a835686fb0fa8d5b1b6ced9ef185bc1a3e553fdf4e10ba17918,static-catalog/entry-argument-sites.jsonl,305,5c393012cb9096ead5f70d93abb6d214d4058a2704963c6c7c80c4ddb5ef9fd1,621c23939ab8a39225e3310dc6f8b626788a85c81345249f36493d50b044d614,ext/pg_record_coder.c,91,static-catalog/files-scanned.csv,fe76976976e2a77c37581f7075f8f322d5207e396e52255257617abff0d99936,707f14b6f2094c7939d25355b885c868d2a9bb9e9f96375cea16a84b7ec09585,15e8c5f89ffa2bee2f1a032374a53384e96e44755cb40cf3f46d5f4380c22467,source_bytes_and_line_range_verified,open_evidence_gap,unchanged_not_reassessed
static-catalog/review-metadata/unresolved-rows.jsonl,306,4bcc2bc7ddc2b38a2b593896f43802e7b1485c9f949439118cd7d5d7fd264c57,400a6ee4fcb056ca27ff0190cb2bf213dda23a565d322437ff118c4c1d8ab7f7,static-catalog/entry-argument-sites.jsonl,306,5c393012cb9096ead5f70d93abb6d214d4058a2704963c6c7c80c4ddb5ef9fd1,215f1f72857cc15799b390cf97d2a39e2fb28caed90b274979abcf49ac0e814c,ext/pg_copy_coder.c,165,static-catalog/files-scanned.csv,fe76976976e2a77c37581f7075f8f322d5207e396e52255257617abff0d99936,a21ee51a6456e2b901668798e18bb26de172dc482052506eb1ba3a301b476651,15e8c5f89ffa2bee2f1a032374a53384e96e44755cb40cf3f46d5f4380c22467,source_bytes_and_line_range_verified,open_evidence_gap,unchanged_not_reassessed
static-catalog/review-metadata/unresolved-rows.jsonl,307,4bcc2bc7ddc2b38a2b593896f43802e7b1485c9f949439118cd7d5d7fd264c57,df07b14c2ce943c6e1e81f587feeca9645a7ea9f0a988582459e5bce5477e39d,static-catalog/entry-argument-sites.jsonl,307,5c393012cb9096ead5f70d93abb6d214d4058a2704963c6c7c80c4ddb5ef9fd1,28ab221606d59ca5be105b8eab2756c4f1fa7bff9bbf14f974e592294376f38c,ext/pg_query/pg_query_ruby.c,224,static-catalog/files-scanned.csv,fe76976976e2a77c37581f7075f8f322d5207e396e52255257617abff0d99936,cb5fbeb46e03976f584581ae13efb3ec882ba082edd671a3fb44aca555a44515,d6a766c5c328cd5898c5ea54c5558962fc9142b03ddce0c0784978995b3ffeda,source_bytes_and_line_range_verified,open_evidence_gap,unchanged_not_reassessed
static-catalog/review-metadata/unresolved-rows.jsonl,308,4bcc2bc7ddc2b38a2b593896f43802e7b1485c9f949439118cd7d5d7fd264c57,6a081e809919161c2e238d19f4465e0c2fd0b8abab41cc5ef5a76bc4543f76db,static-catalog/entry-argument-sites.jsonl,308,5c393012cb9096ead5f70d93abb6d214d4058a2704963c6c7c80c4ddb5ef9fd1,76d56c863c79f3a5d391b78b5ba14b5b67b847c18375748538dd5212ca2fb417,ext/prism/extension.c,60,static-catalog/files-scanned.csv,fe76976976e2a77c37581f7075f8f322d5207e396e52255257617abff0d99936,867185a61b0b9a4230beb2e78fc1440f34674dc53d111281c10bb87134a9e64d,7b40f5c64c47e1794226207e8ee57f956dbe234a12e0376559bd9a25f83a15a2,source_bytes_and_line_range_verified,open_evidence_gap,unchanged_not_reassessed
static-catalog/review-metadata/unresolved-rows.jsonl,309,4bcc2bc7ddc2b38a2b593896f43802e7b1485c9f949439118cd7d5d7fd264c57,c5169d0ccc2bc6046f722d876e17465a32dc46b28fd62344e3120c09550dbb25,static-catalog/entry-argument-sites.jsonl,309,5c393012cb9096ead5f70d93abb6d214d4058a2704963c6c7c80c4ddb5ef9fd1,ed86a739257b4fa207cb09fa1990aec1c520f9749930150515b814031981873d,ext/prism/extension.c,74,static-catalog/files-scanned.csv,fe76976976e2a77c37581f7075f8f322d5207e396e52255257617abff0d99936,867185a61b0b9a4230beb2e78fc1440f34674dc53d111281c10bb87134a9e64d,355d3f1f1712899dccd41dcdcca4705a630d6af3f1aca4e3d99fc47c4682a51f,source_bytes_and_line_range_verified,open_evidence_gap,unchanged_not_reassessed
static-catalog/review-metadata/unresolved-rows.jsonl,310,4bcc2bc7ddc2b38a2b593896f43802e7b1485c9f949439118cd7d5d7fd264c57,3fdb016d78008bb14c3a175a73198e162aa788501a89bf39296b1adaea57803e,static-catalog/entry-argument-sites.jsonl,310,5c393012cb9096ead5f70d93abb6d214d4058a2704963c6c7c80c4ddb5ef9fd1,4faafef92aaa2b10b2c5281c3972acf512a272e013a8d43b605c935ff92cb688,ext/prism/extension.c,74,static-catalog/files-scanned.csv,fe76976976e2a77c37581f7075f8f322d5207e396e52255257617abff0d99936,867185a61b0b9a4230beb2e78fc1440f34674dc53d111281c10bb87134a9e64d,355d3f1f1712899dccd41dcdcca4705a630d6af3f1aca4e3d99fc47c4682a51f,source_bytes_and_line_range_verified,open_evidence_gap,unchanged_not_reassessed
static-catalog/review-metadata/unresolved-rows.jsonl,311,4bcc2bc7ddc2b38a2b593896f43802e7b1485c9f949439118cd7d5d7fd264c57,fff8a13159bc012554a58b0beb10dc27396537e812145c2dad056451c5a0efe5,static-catalog/entry-argument-sites.jsonl,311,5c393012cb9096ead5f70d93abb6d214d4058a2704963c6c7c80c4ddb5ef9fd1,ead99db3f4f1101f6c219393a9c4e965f6cd25c59b00b38e6536bcf684700758,ext/prism/extension.c,60,static-catalog/files-scanned.csv,fe76976976e2a77c37581f7075f8f322d5207e396e52255257617abff0d99936,867185a61b0b9a4230beb2e78fc1440f34674dc53d111281c10bb87134a9e64d,7b40f5c64c47e1794226207e8ee57f956dbe234a12e0376559bd9a25f83a15a2,source_bytes_and_line_range_verified,open_evidence_gap,unchanged_not_reassessed
static-catalog/review-metadata/unresolved-rows.jsonl,312,4bcc2bc7ddc2b38a2b593896f43802e7b1485c9f949439118cd7d5d7fd264c57,12cdcbe98ab5c89c51c3ebbc4ba8a330aa203d2e20cdda0529b8886bd4b824fe,static-catalog/entry-argument-sites.jsonl,312,5c393012cb9096ead5f70d93abb6d214d4058a2704963c6c7c80c4ddb5ef9fd1,b5e99008049d09498a2d15b00923253c53ad8e4c3431df1c1ed04f8178ab55c2,ext/prism/extension.c,60,static-catalog/files-scanned.csv,fe76976976e2a77c37581f7075f8f322d5207e396e52255257617abff0d99936,867185a61b0b9a4230beb2e78fc1440f34674dc53d111281c10bb87134a9e64d,7b40f5c64c47e1794226207e8ee57f956dbe234a12e0376559bd9a25f83a15a2,source_bytes_and_line_range_verified,open_evidence_gap,unchanged_not_reassessed
static-catalog/review-metadata/unresolved-rows.jsonl,313,4bcc2bc7ddc2b38a2b593896f43802e7b1485c9f949439118cd7d5d7fd264c57,743a9322703be3d28712598013879b1eee7dde1a80ab3d6d7bf285085f0d1b50,static-catalog/entry-argument-sites.jsonl,313,5c393012cb9096ead5f70d93abb6d214d4058a2704963c6c7c80c4ddb5ef9fd1,fa41443cb3e2e25346e3ab495969e0cef6e174f0ad9eb211838d630a7fa3731a,ext/prism/extension.c,74,static-catalog/files-scanned.csv,fe76976976e2a77c37581f7075f8f322d5207e396e52255257617abff0d99936,867185a61b0b9a4230beb2e78fc1440f34674dc53d111281c10bb87134a9e64d,355d3f1f1712899dccd41dcdcca4705a630d6af3f1aca4e3d99fc47c4682a51f,source_bytes_and_line_range_verified,open_evidence_gap,unchanged_not_reassessed
static-catalog/review-metadata/unresolved-rows.jsonl,314,4bcc2bc7ddc2b38a2b593896f43802e7b1485c9f949439118cd7d5d7fd264c57,051ae5922285a98780820c956c3d97e281c644d48db0d8e503e1fdd0157bc81d,static-catalog/entry-argument-sites.jsonl,314,5c393012cb9096ead5f70d93abb6d214d4058a2704963c6c7c80c4ddb5ef9fd1,0ca7ec52a89df847eccdcf79f3ae27d11841e739ae0d91ba46b5b031674cd285,ext/prism/extension.c,74,static-catalog/files-scanned.csv,fe76976976e2a77c37581f7075f8f322d5207e396e52255257617abff0d99936,867185a61b0b9a4230beb2e78fc1440f34674dc53d111281c10bb87134a9e64d,355d3f1f1712899dccd41dcdcca4705a630d6af3f1aca4e3d99fc47c4682a51f,source_bytes_and_line_range_verified,open_evidence_gap,unchanged_not_reassessed
static-catalog/review-metadata/unresolved-rows.jsonl,315,4bcc2bc7ddc2b38a2b593896f43802e7b1485c9f949439118cd7d5d7fd264c57,c95ebe37e8008aef0abb1d4abbe8559ad111bc87af6ea78f44c754357f8f5211,static-catalog/entry-argument-sites.jsonl,315,5c393012cb9096ead5f70d93abb6d214d4058a2704963c6c7c80c4ddb5ef9fd1,bd64fc87301ae5d10ae45326202c306b4a1f96c34ef60cbc53ee7bfa06e4b175,ext/prism/extension.c,74,static-catalog/files-scanned.csv,fe76976976e2a77c37581f7075f8f322d5207e396e52255257617abff0d99936,867185a61b0b9a4230beb2e78fc1440f34674dc53d111281c10bb87134a9e64d,355d3f1f1712899dccd41dcdcca4705a630d6af3f1aca4e3d99fc47c4682a51f,source_bytes_and_line_range_verified,open_evidence_gap,unchanged_not_reassessed
static-catalog/review-metadata/unresolved-rows.jsonl,316,4bcc2bc7ddc2b38a2b593896f43802e7b1485c9f949439118cd7d5d7fd264c57,05338a1c599609e65cc06ca4b3b9639e967e5a56a654ee911c4dbc8d8491a7cb,static-catalog/entry-argument-sites.jsonl,316,5c393012cb9096ead5f70d93abb6d214d4058a2704963c6c7c80c4ddb5ef9fd1,47edc46f6f06c064f45979a08901d12659cabec9653d927318ace46c16f4ce96,ext/prism/extension.c,74,static-catalog/files-scanned.csv,fe76976976e2a77c37581f7075f8f322d5207e396e52255257617abff0d99936,867185a61b0b9a4230beb2e78fc1440f34674dc53d111281c10bb87134a9e64d,355d3f1f1712899dccd41dcdcca4705a630d6af3f1aca4e3d99fc47c4682a51f,source_bytes_and_line_range_verified,open_evidence_gap,unchanged_not_reassessed
static-catalog/review-metadata/unresolved-rows.jsonl,317,4bcc2bc7ddc2b38a2b593896f43802e7b1485c9f949439118cd7d5d7fd264c57,3659a167ed4c3594170262f4ec029e010fd4529c494e52062fd9fe4354810a43,static-catalog/entry-argument-sites.jsonl,317,5c393012cb9096ead5f70d93abb6d214d4058a2704963c6c7c80c4ddb5ef9fd1,2b8ec09a0b1f67fc861774e924f94b824114e3bb1bacbc4512f2a85317c6e28b,ext/prism/extension.c,74,static-catalog/files-scanned.csv,fe76976976e2a77c37581f7075f8f322d5207e396e52255257617abff0d99936,867185a61b0b9a4230beb2e78fc1440f34674dc53d111281c10bb87134a9e64d,355d3f1f1712899dccd41dcdcca4705a630d6af3f1aca4e3d99fc47c4682a51f,source_bytes_and_line_range_verified,open_evidence_gap,unchanged_not_reassessed
static-catalog/review-metadata/unresolved-rows.jsonl,318,4bcc2bc7ddc2b38a2b593896f43802e7b1485c9f949439118cd7d5d7fd264c57,dddf09b06c22ba8af4d0068fa1f178c68da5cb0c97c78d6476ec7e0eb24c3463,static-catalog/entry-argument-sites.jsonl,318,5c393012cb9096ead5f70d93abb6d214d4058a2704963c6c7c80c4ddb5ef9fd1,b19149a5aab060db40e36e3a62420cbeace34139b196d02f4cbcd0acd600fbb0,ext/prism/extension.c,74,static-catalog/files-scanned.csv,fe76976976e2a77c37581f7075f8f322d5207e396e52255257617abff0d99936,867185a61b0b9a4230beb2e78fc1440f34674dc53d111281c10bb87134a9e64d,355d3f1f1712899dccd41dcdcca4705a630d6af3f1aca4e3d99fc47c4682a51f,source_bytes_and_line_range_verified,open_evidence_gap,unchanged_not_reassessed
static-catalog/review-metadata/unresolved-rows.jsonl,319,4bcc2bc7ddc2b38a2b593896f43802e7b1485c9f949439118cd7d5d7fd264c57,2330bf045c37a7644b524c82d9008ca53c2619c9bf3471de6e107e7d2de5b741,static-catalog/entry-argument-sites.jsonl,319,5c393012cb9096ead5f70d93abb6d214d4058a2704963c6c7c80c4ddb5ef9fd1,d812815469fbabde3068925dd85c724ffe25e4d58937345133e7102a91b83c65,ext/psych/psych_parser.c,297,static-catalog/files-scanned.csv,fe76976976e2a77c37581f7075f8f322d5207e396e52255257617abff0d99936,4d2c30c25ee5d234d06e4c025f352ba69c0726bfeeab8f46da1bff4d817c7136,4427563d49d132b52edc40af932f46a6865ea1e6d23d8f45d6d1cd596b0c4232,source_bytes_and_line_range_verified,open_evidence_gap,unchanged_not_reassessed
static-catalog/review-metadata/unresolved-rows.jsonl,320,4bcc2bc7ddc2b38a2b593896f43802e7b1485c9f949439118cd7d5d7fd264c57,e04afcc782d2ba2042e30434cb907948b9a80fa9bb7c1f2125743e2b57ae4c08,static-catalog/entry-argument-sites.jsonl,320,5c393012cb9096ead5f70d93abb6d214d4058a2704963c6c7c80c4ddb5ef9fd1,747dc326ee00a8762b7a19eab7f117869c6b5be91435c1a277f7ae192f363a16,ext/psych/psych_parser.c,309,static-catalog/files-scanned.csv,fe76976976e2a77c37581f7075f8f322d5207e396e52255257617abff0d99936,4d2c30c25ee5d234d06e4c025f352ba69c0726bfeeab8f46da1bff4d817c7136,6fe3e900905444c51a548ca7ad59ebc2ec852b70ec79d9cec1b19aaa22171b31,source_bytes_and_line_range_verified,open_evidence_gap,unchanged_not_reassessed
static-catalog/review-metadata/unresolved-rows.jsonl,321,4bcc2bc7ddc2b38a2b593896f43802e7b1485c9f949439118cd7d5d7fd264c57,352d09687e376880d5dc3464b998e002e6afcc6edc22be54fb2bf9a503e81348,static-catalog/entry-argument-sites.jsonl,321,5c393012cb9096ead5f70d93abb6d214d4058a2704963c6c7c80c4ddb5ef9fd1,facb3c4b36ce33bd07b6bcdbd0edf58ea0a7ebb257c2831d371ec1233eef84ee,ext/psych/psych_parser.c,348,static-catalog/files-scanned.csv,fe76976976e2a77c37581f7075f8f322d5207e396e52255257617abff0d99936,4d2c30c25ee5d234d06e4c025f352ba69c0726bfeeab8f46da1bff4d817c7136,5b833f56c650758e5d5d1e805cea6288e6fce6c4ff1e8eb139e95d2df100986a,source_bytes_and_line_range_verified,open_evidence_gap,unchanged_not_reassessed
static-catalog/review-metadata/unresolved-rows.jsonl,322,4bcc2bc7ddc2b38a2b593896f43802e7b1485c9f949439118cd7d5d7fd264c57,9b5829825598aaa74f50ceb94078796e89b2cc87ec988f2677ba3303b292e09d,static-catalog/entry-argument-sites.jsonl,322,5c393012cb9096ead5f70d93abb6d214d4058a2704963c6c7c80c4ddb5ef9fd1,05e6fea92799da08699cb1a32c55954efbf934c4b12fd98b07c67e39eb2077d8,ext/psych/psych_parser.c,359,static-catalog/files-scanned.csv,fe76976976e2a77c37581f7075f8f322d5207e396e52255257617abff0d99936,4d2c30c25ee5d234d06e4c025f352ba69c0726bfeeab8f46da1bff4d817c7136,5b833f56c650758e5d5d1e805cea6288e6fce6c4ff1e8eb139e95d2df100986a,source_bytes_and_line_range_verified,open_evidence_gap,unchanged_not_reassessed
static-catalog/review-metadata/unresolved-rows.jsonl,323,4bcc2bc7ddc2b38a2b593896f43802e7b1485c9f949439118cd7d5d7fd264c57,f88d9125694cc777dac0aadfae648c4e3d7bc52405d4d7a6829886aeafa77ff3,static-catalog/entry-argument-sites.jsonl,323,5c393012cb9096ead5f70d93abb6d214d4058a2704963c6c7c80c4ddb5ef9fd1,0581db0233a927099143e68dcffdb598f70e68b3c729e312b620038d1eb024e8,ext/psych/psych_parser.c,373,static-catalog/files-scanned.csv,fe76976976e2a77c37581f7075f8f322d5207e396e52255257617abff0d99936,4d2c30c25ee5d234d06e4c025f352ba69c0726bfeeab8f46da1bff4d817c7136,5b833f56c650758e5d5d1e805cea6288e6fce6c4ff1e8eb139e95d2df100986a,source_bytes_and_line_range_verified,open_evidence_gap,unchanged_not_reassessed
static-catalog/review-metadata/unresolved-rows.jsonl,324,4bcc2bc7ddc2b38a2b593896f43802e7b1485c9f949439118cd7d5d7fd264c57,ad925a23a306b36109e7cfdd9b6c8863b7e9e6d6fe95ded6479ec8558c7313eb,static-catalog/entry-argument-sites.jsonl,324,5c393012cb9096ead5f70d93abb6d214d4058a2704963c6c7c80c4ddb5ef9fd1,9ff6f47d21ec8687252c35eb7508f2b389cc0a5c09bb1cad1183674f1e1262ff,ext/psych/psych_parser.c,409,static-catalog/files-scanned.csv,fe76976976e2a77c37581f7075f8f322d5207e396e52255257617abff0d99936,4d2c30c25ee5d234d06e4c025f352ba69c0726bfeeab8f46da1bff4d817c7136,5b833f56c650758e5d5d1e805cea6288e6fce6c4ff1e8eb139e95d2df100986a,source_bytes_and_line_range_verified,open_evidence_gap,unchanged_not_reassessed
static-catalog/review-metadata/unresolved-rows.jsonl,325,4bcc2bc7ddc2b38a2b593896f43802e7b1485c9f949439118cd7d5d7fd264c57,c0fa6a8899583f1329437446d42afa1ea8bb89cd70353b2e1cd10733603aa470,static-catalog/entry-argument-sites.jsonl,325,5c393012cb9096ead5f70d93abb6d214d4058a2704963c6c7c80c4ddb5ef9fd1,2bef33ad4d048ac5ecfc7e78f68c80ffad6706ea5c105751bdbdeafa3ff74964,ext/psych/psych_parser.c,441,static-catalog/files-scanned.csv,fe76976976e2a77c37581f7075f8f322d5207e396e52255257617abff0d99936,4d2c30c25ee5d234d06e4c025f352ba69c0726bfeeab8f46da1bff4d817c7136,5b833f56c650758e5d5d1e805cea6288e6fce6c4ff1e8eb139e95d2df100986a,source_bytes_and_line_range_verified,open_evidence_gap,unchanged_not_reassessed
static-catalog/review-metadata/unresolved-rows.jsonl,326,4bcc2bc7ddc2b38a2b593896f43802e7b1485c9f949439118cd7d5d7fd264c57,583ca1f270864bea899a4b586efb26f13f77e878167ee43225c89cddadc64984,static-catalog/entry-argument-sites.jsonl,326,5c393012cb9096ead5f70d93abb6d214d4058a2704963c6c7c80c4ddb5ef9fd1,d5fa51f896e024e01a4c693fc19900e450a0474644334f22bc46f3170daabc40,ext/psych/psych_parser.c,474,static-catalog/files-scanned.csv,fe76976976e2a77c37581f7075f8f322d5207e396e52255257617abff0d99936,4d2c30c25ee5d234d06e4c025f352ba69c0726bfeeab8f46da1bff4d817c7136,5b833f56c650758e5d5d1e805cea6288e6fce6c4ff1e8eb139e95d2df100986a,source_bytes_and_line_range_verified,open_evidence_gap,unchanged_not_reassessed
static-catalog/review-metadata/unresolved-rows.jsonl,327,4bcc2bc7ddc2b38a2b593896f43802e7b1485c9f949439118cd7d5d7fd264c57,89fb085352da546f77226b76f8f0e6415506c475f51a722d2d1240a8e5c90651,static-catalog/entry-argument-sites.jsonl,327,5c393012cb9096ead5f70d93abb6d214d4058a2704963c6c7c80c4ddb5ef9fd1,f5f91b8aee944e0e0886267e8ed963095a58bcd045f10201db25fea9fea60e1a,ext/rbs_extension/parserstate.c,367,static-catalog/files-scanned.csv,fe76976976e2a77c37581f7075f8f322d5207e396e52255257617abff0d99936,3a3d5b1f0cd88cedb5c95eaeeb49d6ef10987195658a1acb275bcc7be2fea3ba,f0bc4e42bf3b2f3aa76dfd81c5e92de4295c5642c70d953e3cff3f4b7a46fd47,source_bytes_and_line_range_verified,open_evidence_gap,unchanged_not_reassessed
static-catalog/review-metadata/unresolved-rows.jsonl,328,4bcc2bc7ddc2b38a2b593896f43802e7b1485c9f949439118cd7d5d7fd264c57,836f5e3ff86643b92ceceb44f71d9015aa29d9a142f4bcdb4b53e344ac721325,static-catalog/entry-argument-sites.jsonl,328,5c393012cb9096ead5f70d93abb6d214d4058a2704963c6c7c80c4ddb5ef9fd1,b95e7d06768fa3f8712fb051c52a8709ff9d7bddb75e9028cc4676f3caa1db41,ext/rbs_extension/parserstate.c,367,static-catalog/files-scanned.csv,fe76976976e2a77c37581f7075f8f322d5207e396e52255257617abff0d99936,3a3d5b1f0cd88cedb5c95eaeeb49d6ef10987195658a1acb275bcc7be2fea3ba,f0bc4e42bf3b2f3aa76dfd81c5e92de4295c5642c70d953e3cff3f4b7a46fd47,source_bytes_and_line_range_verified,open_evidence_gap,unchanged_not_reassessed
static-catalog/review-metadata/unresolved-rows.jsonl,329,4bcc2bc7ddc2b38a2b593896f43802e7b1485c9f949439118cd7d5d7fd264c57,79dc0b82441f857782a55ae0d0d3486376bb87a57ef0e62fc35429667034b0f6,static-catalog/entry-argument-sites.jsonl,329,5c393012cb9096ead5f70d93abb6d214d4058a2704963c6c7c80c4ddb5ef9fd1,5b36e976b3d91777ff96e0f9e58b4f59a6b9708a0feb9bc9d41590d4d771cd3f,ext/rugged/rugged_tag_collection.c,53,static-catalog/files-scanned.csv,fe76976976e2a77c37581f7075f8f322d5207e396e52255257617abff0d99936,dc39d7a86f670cdfd3f711ac663c16ac67914e84f1ad181ffe9da1450cfbcfc1,f2219521e72cb64ec6aaf22415ad1f0142669a07272c050eee5f8cf20c9d70da,source_bytes_and_line_range_verified,open_evidence_gap,unchanged_not_reassessed
static-catalog/review-metadata/unresolved-rows.jsonl,330,4bcc2bc7ddc2b38a2b593896f43802e7b1485c9f949439118cd7d5d7fd264c57,9a40e4745592755744f815e1313945262c8655b4e7d2f79dd1dc81f4c6e3c1c9,static-catalog/entry-argument-sites.jsonl,330,5c393012cb9096ead5f70d93abb6d214d4058a2704963c6c7c80c4ddb5ef9fd1,2ec454d9ef518fc7e2e91032cfa481d658cd6cdc3c25aeee48eded54e2861879,ext/rugged/rugged.c,451,static-catalog/files-scanned.csv,fe76976976e2a77c37581f7075f8f322d5207e396e52255257617abff0d99936,f385fe0922cd34576bbe88eae0c71175a885a42265aa1fa22095316fed53961e,3732b7ffb6aef35fc301fed9cb5ac2e926139cfc9d3f22797679d0ad92ed75e8,source_bytes_and_line_range_verified,open_evidence_gap,unchanged_not_reassessed
static-catalog/review-metadata/unresolved-rows.jsonl,331,4bcc2bc7ddc2b38a2b593896f43802e7b1485c9f949439118cd7d5d7fd264c57,75c3283bc9499035d476af3704c4df8557955e7f77ef5d9bd6ad69e5e059d951,static-catalog/entry-argument-sites.jsonl,331,5c393012cb9096ead5f70d93abb6d214d4058a2704963c6c7c80c4ddb5ef9fd1,01fc72d7e6f97634b57ddca1f7ecce6cd99d3242ff6aba5e6ac5bbb9d94f0544,ext/rugged/rugged_tag_collection.c,53,static-catalog/files-scanned.csv,fe76976976e2a77c37581f7075f8f322d5207e396e52255257617abff0d99936,dc39d7a86f670cdfd3f711ac663c16ac67914e84f1ad181ffe9da1450cfbcfc1,f2219521e72cb64ec6aaf22415ad1f0142669a07272c050eee5f8cf20c9d70da,source_bytes_and_line_range_verified,open_evidence_gap,unchanged_not_reassessed
static-catalog/review-metadata/unresolved-rows.jsonl,332,4bcc2bc7ddc2b38a2b593896f43802e7b1485c9f949439118cd7d5d7fd264c57,9f26f180c1fa4bcd4c2b3b6feaa71bb78a6e414bea456ae264b26f0185081e9d,static-catalog/entry-argument-sites.jsonl,332,5c393012cb9096ead5f70d93abb6d214d4058a2704963c6c7c80c4ddb5ef9fd1,3c1543d2261d22f22df457229e49bf1d3676af6987ddfe77c2c167eb344f5545,ext/rugged/rugged_blob.c,488,static-catalog/files-scanned.csv,fe76976976e2a77c37581f7075f8f322d5207e396e52255257617abff0d99936,357974d2b26172118c1525ea6bd1f5770f6e2030f0501cf12886a6cfcbe7f1a9,71a63758ff636934adb5524b0b557bf05b694d2464a67f294303fafdb4495fb0,source_bytes_and_line_range_verified,open_evidence_gap,unchanged_not_reassessed
static-catalog/review-metadata/unresolved-rows.jsonl,333,4bcc2bc7ddc2b38a2b593896f43802e7b1485c9f949439118cd7d5d7fd264c57,8ec12e57cd46015bfeef2030617a1a3139afaf58c056ae91cc82de9e4362691b,static-catalog/entry-argument-sites.jsonl,333,5c393012cb9096ead5f70d93abb6d214d4058a2704963c6c7c80c4ddb5ef9fd1,a7bc772693202a800ea83a0d3c8c83256f8d1d35895f5b3b2f5e1c2ba70727bb,ext/rugged/rugged.c,451,static-catalog/files-scanned.csv,fe76976976e2a77c37581f7075f8f322d5207e396e52255257617abff0d99936,f385fe0922cd34576bbe88eae0c71175a885a42265aa1fa22095316fed53961e,3732b7ffb6aef35fc301fed9cb5ac2e926139cfc9d3f22797679d0ad92ed75e8,source_bytes_and_line_range_verified,open_evidence_gap,unchanged_not_reassessed
static-catalog/review-metadata/unresolved-rows.jsonl,334,4bcc2bc7ddc2b38a2b593896f43802e7b1485c9f949439118cd7d5d7fd264c57,a8c5f3841fcd0fea393757bc31592416dde392818835bdd95ec668ba2a208d8c,static-catalog/entry-argument-sites.jsonl,334,5c393012cb9096ead5f70d93abb6d214d4058a2704963c6c7c80c4ddb5ef9fd1,443b4255fcc6c936650724aa7a0497788a5635157379736a565d769040714774,ext/rugged/rugged_blob.c,268,static-catalog/files-scanned.csv,fe76976976e2a77c37581f7075f8f322d5207e396e52255257617abff0d99936,357974d2b26172118c1525ea6bd1f5770f6e2030f0501cf12886a6cfcbe7f1a9,a76ff74e835ca06a76387fed48856223fb27e56f2275e850c2a177b5bafb125f,source_bytes_and_line_range_verified,open_evidence_gap,unchanged_not_reassessed
static-catalog/review-metadata/unresolved-rows.jsonl,335,4bcc2bc7ddc2b38a2b593896f43802e7b1485c9f949439118cd7d5d7fd264c57,5b90b7ed84a8f29614d8be5ef31804e55106ea0343b306b519a6715a4669a040,static-catalog/entry-argument-sites.jsonl,335,5c393012cb9096ead5f70d93abb6d214d4058a2704963c6c7c80c4ddb5ef9fd1,eb808d14f25760b637f20243368554b399c5ce7a370350f60eac9c90bf7469ba,ext/rugged/rugged.c,451,static-catalog/files-scanned.csv,fe76976976e2a77c37581f7075f8f322d5207e396e52255257617abff0d99936,f385fe0922cd34576bbe88eae0c71175a885a42265aa1fa22095316fed53961e,3732b7ffb6aef35fc301fed9cb5ac2e926139cfc9d3f22797679d0ad92ed75e8,source_bytes_and_line_range_verified,open_evidence_gap,unchanged_not_reassessed
static-catalog/review-metadata/unresolved-rows.jsonl,336,4bcc2bc7ddc2b38a2b593896f43802e7b1485c9f949439118cd7d5d7fd264c57,b3f45d28ccf720d6fa3c057d9d582c3dd170201d4edcd7d405d78fdfa2910779,static-catalog/entry-argument-sites.jsonl,336,5c393012cb9096ead5f70d93abb6d214d4058a2704963c6c7c80c4ddb5ef9fd1,ae6803548af2eafaf6fac4e348cd2d1d757333638b3cc35bd7d378304b654ac4,ext/rugged/rugged.c,451,static-catalog/files-scanned.csv,fe76976976e2a77c37581f7075f8f322d5207e396e52255257617abff0d99936,f385fe0922cd34576bbe88eae0c71175a885a42265aa1fa22095316fed53961e,3732b7ffb6aef35fc301fed9cb5ac2e926139cfc9d3f22797679d0ad92ed75e8,source_bytes_and_line_range_verified,open_evidence_gap,unchanged_not_reassessed
static-catalog/review-metadata/unresolved-rows.jsonl,337,4bcc2bc7ddc2b38a2b593896f43802e7b1485c9f949439118cd7d5d7fd264c57,af0b32ed41ebee034e6279db77cafd55859b1ca8f9457449cbe8b5aebcc148aa,static-catalog/entry-argument-sites.jsonl,337,5c393012cb9096ead5f70d93abb6d214d4058a2704963c6c7c80c4ddb5ef9fd1,7b618898582c3cf8cd8470867869e8e740444a425d8ad9d1e5504b9405c67d56,ext/rugged/rugged.c,451,static-catalog/files-scanned.csv,fe76976976e2a77c37581f7075f8f322d5207e396e52255257617abff0d99936,f385fe0922cd34576bbe88eae0c71175a885a42265aa1fa22095316fed53961e,3732b7ffb6aef35fc301fed9cb5ac2e926139cfc9d3f22797679d0ad92ed75e8,source_bytes_and_line_range_verified,open_evidence_gap,unchanged_not_reassessed
static-catalog/review-metadata/unresolved-rows.jsonl,338,4bcc2bc7ddc2b38a2b593896f43802e7b1485c9f949439118cd7d5d7fd264c57,4e3eeb99362bfed0ee67e72a36d3fc15c5352c87da84ffc24485a2f249984e35,static-catalog/entry-argument-sites.jsonl,338,5c393012cb9096ead5f70d93abb6d214d4058a2704963c6c7c80c4ddb5ef9fd1,2aa2177951976ce71a336800a22deb4b3ce7a541245cad0da1c6a1b64b9b7759,ext/stringio/stringio.c,1740,static-catalog/files-scanned.csv,fe76976976e2a77c37581f7075f8f322d5207e396e52255257617abff0d99936,d8d29c2e1d571e9b0b137de0616eaab2761e55a11b04119e295693a33f05e3a1,7770c778b0759d7ab9fe4c546fe47f1c00cf34dcf6aba36f3bc355a51edfb989,source_bytes_and_line_range_verified,open_evidence_gap,unchanged_not_reassessed
static-catalog/review-metadata/unresolved-rows.jsonl,339,4bcc2bc7ddc2b38a2b593896f43802e7b1485c9f949439118cd7d5d7fd264c57,4ad9feaf5c7791d7c8bcd3ec9086f2f2419422c446ca2303c804ce65be03deb9,static-catalog/entry-argument-sites.jsonl,339,5c393012cb9096ead5f70d93abb6d214d4058a2704963c6c7c80c4ddb5ef9fd1,d500b17ed053f89adc3f836200767acaebe067a2040e9eccbff5dc5a69e0bf6a,ext/stringio/stringio.c,1751,static-catalog/files-scanned.csv,fe76976976e2a77c37581f7075f8f322d5207e396e52255257617abff0d99936,d8d29c2e1d571e9b0b137de0616eaab2761e55a11b04119e295693a33f05e3a1,2d46a924a0b1a57c3b97f3720316f2870a51a18788368202bf2b76922b9c9520,source_bytes_and_line_range_verified,open_evidence_gap,unchanged_not_reassessed
static-catalog/review-metadata/unresolved-rows.jsonl,340,4bcc2bc7ddc2b38a2b593896f43802e7b1485c9f949439118cd7d5d7fd264c57,b8e8e027ed7482a6e14c9f5aae9ba633cc5d386ec502fe0559cb4ee663bfed81,static-catalog/entry-argument-sites.jsonl,340,5c393012cb9096ead5f70d93abb6d214d4058a2704963c6c7c80c4ddb5ef9fd1,890fdd7a38bedea5564a61c5e8e0bfd21e4922bbc4495083d04a49ccc2a1c1e4,ext/stringio/stringio.c,1768,static-catalog/files-scanned.csv,fe76976976e2a77c37581f7075f8f322d5207e396e52255257617abff0d99936,d8d29c2e1d571e9b0b137de0616eaab2761e55a11b04119e295693a33f05e3a1,072554fc487434db388750354d9e79316e699149b549f21f812d7d71d3cd2b1f,source_bytes_and_line_range_verified,open_evidence_gap,unchanged_not_reassessed
static-catalog/review-metadata/unresolved-rows.jsonl,341,4bcc2bc7ddc2b38a2b593896f43802e7b1485c9f949439118cd7d5d7fd264c57,e5a2513e579730a7940c961a80f6798ce703ee565ccdf054fe5481c20d908713,static-catalog/entry-argument-sites.jsonl,341,5c393012cb9096ead5f70d93abb6d214d4058a2704963c6c7c80c4ddb5ef9fd1,24c8d24f1e2e6991d06c4b33a35f36ca4dd492ae34f2b6452e3b3901c3757b23,ext/stringio/stringio.c,1715,static-catalog/files-scanned.csv,fe76976976e2a77c37581f7075f8f322d5207e396e52255257617abff0d99936,d8d29c2e1d571e9b0b137de0616eaab2761e55a11b04119e295693a33f05e3a1,ccbf3a2dfebc7e5a692700e6fdd0c79391360361a6f928a9b3719d590cfdb086,source_bytes_and_line_range_verified,open_evidence_gap,unchanged_not_reassessed
static-catalog/review-metadata/unresolved-rows.jsonl,342,4bcc2bc7ddc2b38a2b593896f43802e7b1485c9f949439118cd7d5d7fd264c57,39068e213a186050ab16e48c2605b00ecbc1e98431d3a266c1b01f76d91bb3fd,static-catalog/entry-argument-sites.jsonl,342,5c393012cb9096ead5f70d93abb6d214d4058a2704963c6c7c80c4ddb5ef9fd1,93b434e4f45f282b4072fd5dd2e3d5a06174de3c5ef3b9d78d42b8254f73d7a9,ext/stringio/stringio.c,1715,static-catalog/files-scanned.csv,fe76976976e2a77c37581f7075f8f322d5207e396e52255257617abff0d99936,d8d29c2e1d571e9b0b137de0616eaab2761e55a11b04119e295693a33f05e3a1,ccbf3a2dfebc7e5a692700e6fdd0c79391360361a6f928a9b3719d590cfdb086,source_bytes_and_line_range_verified,open_evidence_gap,unchanged_not_reassessed
static-catalog/review-metadata/unresolved-rows.jsonl,343,4bcc2bc7ddc2b38a2b593896f43802e7b1485c9f949439118cd7d5d7fd264c57,613ee2585a81390394173c0095bd0854aea44693da80678aa0bff3e6f7da4c82,static-catalog/entry-argument-sites.jsonl,343,5c393012cb9096ead5f70d93abb6d214d4058a2704963c6c7c80c4ddb5ef9fd1,8192f51a6de3b79cef4539ca77304072c00d13d7a5a8c8b33ab7af2df8e18d7e,ext/memory_buffer.c,108,static-catalog/files-scanned.csv,fe76976976e2a77c37581f7075f8f322d5207e396e52255257617abff0d99936,8c2314e8e87a235c8fd9f2bb4a0275881bd5fc3c175a5a3f9d4f65b4ae58d970,7b81cb1813ce33afbd9095b3cfbd3573639273205838e96df93e0088334e804e,source_bytes_and_line_range_verified,open_evidence_gap,unchanged_not_reassessed
static-catalog/review-metadata/unresolved-rows.jsonl,344,4bcc2bc7ddc2b38a2b593896f43802e7b1485c9f949439118cd7d5d7fd264c57,1216042658bfbfa437636becb9d7645b77cfcae919b665c428623df62a08de3f,static-catalog/entry-argument-sites.jsonl,344,5c393012cb9096ead5f70d93abb6d214d4058a2704963c6c7c80c4ddb5ef9fd1,13b4e8eb360afec83f418a9ecc9fd47730736800b3251fc4e58c137af221bbe5,ext/yajl/yajl_ext.c,1013,static-catalog/files-scanned.csv,fe76976976e2a77c37581f7075f8f322d5207e396e52255257617abff0d99936,b709867c9205c00baf3b3e1be49274b1c9d47183ab730603188b0d7e2d7f3e5f,66df57b7c7a4c75bfd746d8f0bf507be6ffd6ab8525ab74c8ff3d066d471786b,source_bytes_and_line_range_verified,open_evidence_gap,unchanged_not_reassessed
static-catalog/review-metadata/unresolved-rows.jsonl,345,4bcc2bc7ddc2b38a2b593896f43802e7b1485c9f949439118cd7d5d7fd264c57,8ee18f81263feeed9c9431a4d629c89b2558716c4b71ff9df361e1d50456f7c6,static-catalog/entry-argument-sites.jsonl,345,5c393012cb9096ead5f70d93abb6d214d4058a2704963c6c7c80c4ddb5ef9fd1,c61bc68349b40af5698fc5ccca2dd872e089433f743b388b0c6fed062e851d35,ext/zlib/zlib.c,415,static-catalog/files-scanned.csv,fe76976976e2a77c37581f7075f8f322d5207e396e52255257617abff0d99936,44d03d339a90425c8320a20f066a697f145a5ab0acbd5f63ae37479065087656,9e19e08b3d4f98460427d2b748535b02c57a433411f88eba5d1134b15a29a89f,source_bytes_and_line_range_verified,open_evidence_gap,unchanged_not_reassessed
static-catalog/review-metadata/unresolved-rows.jsonl,346,4bcc2bc7ddc2b38a2b593896f43802e7b1485c9f949439118cd7d5d7fd264c57,51049f3ddeed7f21773fd22ed7dfc46b247faef0c5f4283b41ac85920299d380,static-catalog/entry-argument-sites.jsonl,346,5c393012cb9096ead5f70d93abb6d214d4058a2704963c6c7c80c4ddb5ef9fd1,6e03ba677ef9ba8c64036b7e672ee28569644737c2716f94e026692d600ea0ef,ext/zlib/zlib.c,1783,static-catalog/files-scanned.csv,fe76976976e2a77c37581f7075f8f322d5207e396e52255257617abff0d99936,44d03d339a90425c8320a20f066a697f145a5ab0acbd5f63ae37479065087656,c0cb02fa107cc9b3c7048f47a46cd5f851ccd08408f24eb5f122b4dbc70d2dc0,source_bytes_and_line_range_verified,open_evidence_gap,unchanged_not_reassessed
static-catalog/review-metadata/unresolved-rows.jsonl,347,4bcc2bc7ddc2b38a2b593896f43802e7b1485c9f949439118cd7d5d7fd264c57,cf3e6a7d642bfabfef277e2dafac9f66215235d828e40a4c86f9a2769d752fbe,static-catalog/entry-argument-sites.jsonl,347,5c393012cb9096ead5f70d93abb6d214d4058a2704963c6c7c80c4ddb5ef9fd1,889459705800419c914c0706a608a3f7b41c87354b0f2f8e6dfb12dfa326d9c0,ext/zlib/zlib.c,4612,static-catalog/files-scanned.csv,fe76976976e2a77c37581f7075f8f322d5207e396e52255257617abff0d99936,44d03d339a90425c8320a20f066a697f145a5ab0acbd5f63ae37479065087656,c0cb02fa107cc9b3c7048f47a46cd5f851ccd08408f24eb5f122b4dbc70d2dc0,source_bytes_and_line_range_verified,open_evidence_gap,unchanged_not_reassessed
static-catalog/review-metadata/unresolved-rows.jsonl,348,4bcc2bc7ddc2b38a2b593896f43802e7b1485c9f949439118cd7d5d7fd264c57,b545e636f8f63457dde46833b85e72b342ce0881e6147559b8d3997cffb90884,static-catalog/entry-argument-sites.jsonl,348,5c393012cb9096ead5f70d93abb6d214d4058a2704963c6c7c80c4ddb5ef9fd1,5defa94222cf5f170fd6cbbbf24fd6929bc9c8e28c06e7d3285a5f70dc914b64,ext/zlib/zlib.c,2109,static-catalog/files-scanned.csv,fe76976976e2a77c37581f7075f8f322d5207e396e52255257617abff0d99936,44d03d339a90425c8320a20f066a697f145a5ab0acbd5f63ae37479065087656,c0cb02fa107cc9b3c7048f47a46cd5f851ccd08408f24eb5f122b4dbc70d2dc0,source_bytes_and_line_range_verified,open_evidence_gap,unchanged_not_reassessed
static-catalog/review-metadata/unresolved-rows.jsonl,349,4bcc2bc7ddc2b38a2b593896f43802e7b1485c9f949439118cd7d5d7fd264c57,f43ee51d228dc00df14f445a42e70211d2a0a911c7c9d7b6f6db0dcd0310fd6c,static-catalog/entry-argument-sites.jsonl,349,5c393012cb9096ead5f70d93abb6d214d4058a2704963c6c7c80c4ddb5ef9fd1,3c77870e6940406a98a12bcfeb7cb906df41122040d9be57350d4a13de7a37d8,ext/zlib/zlib.c,3313,static-catalog/files-scanned.csv,fe76976976e2a77c37581f7075f8f322d5207e396e52255257617abff0d99936,44d03d339a90425c8320a20f066a697f145a5ab0acbd5f63ae37479065087656,d27c4f6bac6a029ed7f5a8a758d31e4585ea99651b32dfe587cdcf1fc45aa66c,source_bytes_and_line_range_verified,open_evidence_gap,unchanged_not_reassessed
static-catalog/review-metadata/unresolved-rows.jsonl,350,4bcc2bc7ddc2b38a2b593896f43802e7b1485c9f949439118cd7d5d7fd264c57,9b694e5c86a19f31872754a95d7deef740e099698ae462c59adc88f7e083a337,static-catalog/entry-argument-sites.jsonl,350,5c393012cb9096ead5f70d93abb6d214d4058a2704963c6c7c80c4ddb5ef9fd1,5414aa18c5a0618aeef62824bf75c926f070641e28592f4c1b0dcd4d51b61f3a,ext/zlib/zlib.c,832,static-catalog/files-scanned.csv,fe76976976e2a77c37581f7075f8f322d5207e396e52255257617abff0d99936,44d03d339a90425c8320a20f066a697f145a5ab0acbd5f63ae37479065087656,578bbd1a3ae99e13b552f50c571c65f400dd38258fab0880132eb7e1c92ebd7a,source_bytes_and_line_range_verified,open_evidence_gap,unchanged_not_reassessed
static-catalog/review-metadata/unresolved-rows.jsonl,351,4bcc2bc7ddc2b38a2b593896f43802e7b1485c9f949439118cd7d5d7fd264c57,1fc729fc618a31229b7ecd5d51939946aac040c67bcdf14a84e2b684dd9673e4,static-catalog/entry-argument-sites.jsonl,351,5c393012cb9096ead5f70d93abb6d214d4058a2704963c6c7c80c4ddb5ef9fd1,08fb3d96757af9b39054786f109ba7d120708332fe2208ef7f7aa55fb1c77dbd,ext/zlib/zlib.c,841,static-catalog/files-scanned.csv,fe76976976e2a77c37581f7075f8f322d5207e396e52255257617abff0d99936,44d03d339a90425c8320a20f066a697f145a5ab0acbd5f63ae37479065087656,83d67b2bdee9f2fe204764f5e3dc9f44d82d075724d9a728b9b474ef802c3534,source_bytes_and_line_range_verified,open_evidence_gap,unchanged_not_reassessed
static-catalog/review-metadata/unresolved-rows.jsonl,352,4bcc2bc7ddc2b38a2b593896f43802e7b1485c9f949439118cd7d5d7fd264c57,1cf4a83fb85309d5ed3fffc4b4116f0a32ec0fe790e70e0de2cf9795fe46e959,static-catalog/entry-argument-sites.jsonl,352,5c393012cb9096ead5f70d93abb6d214d4058a2704963c6c7c80c4ddb5ef9fd1,b23ba8dbf87448089cedcb0bc4fe86491fc2ea4e7f320e138821ecc6d45cbca0,ext/zlib/zlib.c,832,static-catalog/files-scanned.csv,fe76976976e2a77c37581f7075f8f322d5207e396e52255257617abff0d99936,44d03d339a90425c8320a20f066a697f145a5ab0acbd5f63ae37479065087656,578bbd1a3ae99e13b552f50c571c65f400dd38258fab0880132eb7e1c92ebd7a,source_bytes_and_line_range_verified,open_evidence_gap,unchanged_not_reassessed
static-catalog/review-metadata/unresolved-rows.jsonl,353,4bcc2bc7ddc2b38a2b593896f43802e7b1485c9f949439118cd7d5d7fd264c57,26dd4c7a2f1daab76aba792ec48af26431a36a6fca3b18e189d14e91d4947a62,static-catalog/entry-argument-sites.jsonl,353,5c393012cb9096ead5f70d93abb6d214d4058a2704963c6c7c80c4ddb5ef9fd1,76f867aeeb4acd13182c9766b5ac8ec9cb5f163665b6212beb1c6175d683b2aa,ext/zlib/zlib.c,841,static-catalog/files-scanned.csv,fe76976976e2a77c37581f7075f8f322d5207e396e52255257617abff0d99936,44d03d339a90425c8320a20f066a697f145a5ab0acbd5f63ae37479065087656,83d67b2bdee9f2fe204764f5e3dc9f44d82d075724d9a728b9b474ef802c3534,source_bytes_and_line_range_verified,open_evidence_gap,unchanged_not_reassessed
static-catalog/registration-provenance/unresolved-rows.jsonl,1,192cf184081dba4dd017a22009024bccdf867291eda9471480c8a6d1de594e49,24a813ebd8fcb1cbcecdf7dd33fc096eee6f320ccfd3e5fc34aa12d48c0d2688,static-catalog/argument-inventory-roots.jsonl,1,77ab3512fc5bc771fdefa93c0751ab519e9885868520a5f45a1550c96dd865f5,52acc5e2c028f8a7953dcb71e773f1d91ad7bde464ee086a61f7aff60d6d8874,ext/redcloth_scan/redcloth_scan.c,24400,static-catalog/files-scanned.csv,fe76976976e2a77c37581f7075f8f322d5207e396e52255257617abff0d99936,1fd0ce66902214e24f756987c3bb6088f2d52fa707ec94d6e981a50fbb5d846e,213abb7b557518bb72e20072eb1a6c1e6b417db3de80f6365a45644b9fe3cf7b,source_bytes_and_line_range_verified,open_evidence_gap,unchanged_not_reassessed
static-catalog/registration-provenance/unresolved-rows.jsonl,2,192cf184081dba4dd017a22009024bccdf867291eda9471480c8a6d1de594e49,04ffe8ae8ac51105465bed601be5da413f9e8fa1f3922ace8cc26983d375d48a,static-catalog/argument-inventory-roots.jsonl,6,77ab3512fc5bc771fdefa93c0751ab519e9885868520a5f45a1550c96dd865f5,583288b4160c650d4b226cc39eb37495b74818a070b37b37744168ec5e012b5e,ext/amatch_ext.c,1782,static-catalog/files-scanned.csv,fe76976976e2a77c37581f7075f8f322d5207e396e52255257617abff0d99936,789a71b9966da018a5e19457fad1077639b8bf77e1e35854e939230779e0a190,f5523fc5733c08f24603fc83ad0f29176ea88eacd47be74d0a14702f4bbbb803,source_bytes_and_line_range_verified,open_evidence_gap,unchanged_not_reassessed
static-catalog/registration-provenance/unresolved-rows.jsonl,3,192cf184081dba4dd017a22009024bccdf867291eda9471480c8a6d1de594e49,efc3be4d54609ae42b6e0574cb4b35f0d843bc2cf50cab9d3a10f283fe6bc074,static-catalog/argument-inventory-roots.jsonl,8,77ab3512fc5bc771fdefa93c0751ab519e9885868520a5f45a1550c96dd865f5,b45290ca50bc302dadc3bd8c86930a33e143fcba3ea7ed038b6a5ea83793cbf6,ext/amatch_ext.c,1784,static-catalog/files-scanned.csv,fe76976976e2a77c37581f7075f8f322d5207e396e52255257617abff0d99936,789a71b9966da018a5e19457fad1077639b8bf77e1e35854e939230779e0a190,e8d97b6109fadf558a462b7a5114fa1b332d16ee176a075e8813545d9ff9470e,source_bytes_and_line_range_verified,open_evidence_gap,unchanged_not_reassessed
static-catalog/registration-provenance/unresolved-rows.jsonl,4,192cf184081dba4dd017a22009024bccdf867291eda9471480c8a6d1de594e49,927cff9548dddc88a027635fb0a2c160bf950c3625503741ee5126b2bcaef6cb,static-catalog/argument-inventory-roots.jsonl,9,77ab3512fc5bc771fdefa93c0751ab519e9885868520a5f45a1550c96dd865f5,cc0dcb851997efdfd4fe12bb526eda5343817c2a7ef6198a1e1e3616848c6c26,ext/amatch_ext.c,1785,static-catalog/files-scanned.csv,fe76976976e2a77c37581f7075f8f322d5207e396e52255257617abff0d99936,789a71b9966da018a5e19457fad1077639b8bf77e1e35854e939230779e0a190,2e3e56cd0c69eb8511af5c0c3310da1b18c12973d317eb4ff08ea2b40025c710,source_bytes_and_line_range_verified,open_evidence_gap,unchanged_not_reassessed
static-catalog/registration-provenance/unresolved-rows.jsonl,5,192cf184081dba4dd017a22009024bccdf867291eda9471480c8a6d1de594e49,7e27b943ecb74a15e5a7ae624c5e0f35e87ff85edebb07bc6d4bfa218910e67d,static-catalog/argument-inventory-roots.jsonl,14,77ab3512fc5bc771fdefa93c0751ab519e9885868520a5f45a1550c96dd865f5,2543d20feee0616ff296d62fd5c1554feed98137c1268311ac118a6cd42b2f89,ext/amatch_ext.c,1793,static-catalog/files-scanned.csv,fe76976976e2a77c37581f7075f8f322d5207e396e52255257617abff0d99936,789a71b9966da018a5e19457fad1077639b8bf77e1e35854e939230779e0a190,b9f8dd5e90f51b4e28fbdc5a9ab09599029cf40b34aadeae76e29d1da8b3d94c,source_bytes_and_line_range_verified,open_evidence_gap,unchanged_not_reassessed
static-catalog/registration-provenance/unresolved-rows.jsonl,6,192cf184081dba4dd017a22009024bccdf867291eda9471480c8a6d1de594e49,1f9cac298bba94d96b601fd1b85adeb8e24aa23d5d33e44f715b873ad15a9d16,static-catalog/argument-inventory-roots.jsonl,16,77ab3512fc5bc771fdefa93c0751ab519e9885868520a5f45a1550c96dd865f5,0f67f42522f4b0b183563a0621f540f0865ad19e3ea659ad0afc4822d2a3f3ba,ext/amatch_ext.c,1795,static-catalog/files-scanned.csv,fe76976976e2a77c37581f7075f8f322d5207e396e52255257617abff0d99936,789a71b9966da018a5e19457fad1077639b8bf77e1e35854e939230779e0a190,f906a67f72400b2840901131ca53d12419026d1d503868e6247f73e98ee0fdb3,source_bytes_and_line_range_verified,open_evidence_gap,unchanged_not_reassessed
static-catalog/registration-provenance/unresolved-rows.jsonl,7,192cf184081dba4dd017a22009024bccdf867291eda9471480c8a6d1de594e49,47642fc1d8929668d89b34dc39b80e0b26eb12156ba628bd86e350deadc35088,static-catalog/argument-inventory-roots.jsonl,17,77ab3512fc5bc771fdefa93c0751ab519e9885868520a5f45a1550c96dd865f5,c15e3089cf328023fd159ad27e238b3e7ed54617e57b79d4953dc50549c87101,ext/amatch_ext.c,1796,static-catalog/files-scanned.csv,fe76976976e2a77c37581f7075f8f322d5207e396e52255257617abff0d99936,789a71b9966da018a5e19457fad1077639b8bf77e1e35854e939230779e0a190,f6167c341d2a3a8fa72290fa722989e2d85164bc7f6a249a62fc8e2e032fc03a,source_bytes_and_line_range_verified,open_evidence_gap,unchanged_not_reassessed
static-catalog/registration-provenance/unresolved-rows.jsonl,8,192cf184081dba4dd017a22009024bccdf867291eda9471480c8a6d1de594e49,36d55d3473c6cee6f2efc6ca9b2ea3f91704b9dc997c9b1c19fdb1530ed49b94,static-catalog/argument-inventory-roots.jsonl,22,77ab3512fc5bc771fdefa93c0751ab519e9885868520a5f45a1550c96dd865f5,36a3039c6c8c53c64cda6fd6cf1f871a733a917e310fa32c7514b30b599596df,ext/amatch_ext.c,1804,static-catalog/files-scanned.csv,fe76976976e2a77c37581f7075f8f322d5207e396e52255257617abff0d99936,789a71b9966da018a5e19457fad1077639b8bf77e1e35854e939230779e0a190,ce49b38a273de8d5e93c91eb9a9141886f2dcc42fb614c59b0d4cdbe73bd86d6,source_bytes_and_line_range_verified,open_evidence_gap,unchanged_not_reassessed
static-catalog/registration-provenance/unresolved-rows.jsonl,9,192cf184081dba4dd017a22009024bccdf867291eda9471480c8a6d1de594e49,c17ca56fc41368456dbb8102369615d833b3d768ef95368764c08b31e407c342,static-catalog/argument-inventory-roots.jsonl,24,77ab3512fc5bc771fdefa93c0751ab519e9885868520a5f45a1550c96dd865f5,1c93416cabe1d5d91a1f3bcad609ee9eaf27b7870ea1a500396d6547a4b70d58,ext/amatch_ext.c,1806,static-catalog/files-scanned.csv,fe76976976e2a77c37581f7075f8f322d5207e396e52255257617abff0d99936,789a71b9966da018a5e19457fad1077639b8bf77e1e35854e939230779e0a190,dc90ac06c260c82c51e8a287ec1e91e5ea27cc8444ea318807a00e7eb1158fe8,source_bytes_and_line_range_verified,open_evidence_gap,unchanged_not_reassessed
static-catalog/registration-provenance/unresolved-rows.jsonl,10,192cf184081dba4dd017a22009024bccdf867291eda9471480c8a6d1de594e49,e2bb79660461f99f6c66503a3ae3acb0096e7f0c02e1c83345a013016de89de8,static-catalog/argument-inventory-roots.jsonl,25,77ab3512fc5bc771fdefa93c0751ab519e9885868520a5f45a1550c96dd865f5,3ddcd46f3ef7b8e0dcaaef5867b50773e201a012aa25b3a0608625e6b89cf6c8,ext/amatch_ext.c,1807,static-catalog/files-scanned.csv,fe76976976e2a77c37581f7075f8f322d5207e396e52255257617abff0d99936,789a71b9966da018a5e19457fad1077639b8bf77e1e35854e939230779e0a190,10619fd00a0fd2723d635ebfed87c73c078f6e1679f70761949c5262c63d5a1a,source_bytes_and_line_range_verified,open_evidence_gap,unchanged_not_reassessed
static-catalog/registration-provenance/unresolved-rows.jsonl,11,192cf184081dba4dd017a22009024bccdf867291eda9471480c8a6d1de594e49,57ed1fd63fd62428e41e4cf7f24010d74c9c089aa4cafabf928ddc5ddae73841,static-catalog/argument-inventory-roots.jsonl,26,77ab3512fc5bc771fdefa93c0751ab519e9885868520a5f45a1550c96dd865f5,fd7d2d18ba8ba5b425b62467ebe10dc5b646fde8872044a7e95e37fe74e62e5c,ext/amatch_ext.c,1808,static-catalog/files-scanned.csv,fe76976976e2a77c37581f7075f8f322d5207e396e52255257617abff0d99936,789a71b9966da018a5e19457fad1077639b8bf77e1e35854e939230779e0a190,4884488941dc9fdff9f62257aa456b2004f3c9712072bd3f88b426919239f4c2,source_bytes_and_line_range_verified,open_evidence_gap,unchanged_not_reassessed
static-catalog/registration-provenance/unresolved-rows.jsonl,12,192cf184081dba4dd017a22009024bccdf867291eda9471480c8a6d1de594e49,d0f2a04f082314bf9bb13537c4b49591966ae129eeb0acbcccfa5e136c10a3bf,static-catalog/argument-inventory-roots.jsonl,27,77ab3512fc5bc771fdefa93c0751ab519e9885868520a5f45a1550c96dd865f5,a7182ce68c38d4c9514bf6ae5c8dbe3dc6bf75985099a28d00a63deeae3178f7,ext/amatch_ext.c,1809,static-catalog/files-scanned.csv,fe76976976e2a77c37581f7075f8f322d5207e396e52255257617abff0d99936,789a71b9966da018a5e19457fad1077639b8bf77e1e35854e939230779e0a190,73779470de2b650152bf81fd3f086355de7b69ffe1370bd5cb09f4214c5aca10,source_bytes_and_line_range_verified,open_evidence_gap,unchanged_not_reassessed
static-catalog/registration-provenance/unresolved-rows.jsonl,13,192cf184081dba4dd017a22009024bccdf867291eda9471480c8a6d1de594e49,1001e3af9eb93379f531aaba0d3cef3e03921c7c899dbf56a048e01ae67d88d8,static-catalog/argument-inventory-roots.jsonl,28,77ab3512fc5bc771fdefa93c0751ab519e9885868520a5f45a1550c96dd865f5,74c04b38ffa2127627657ab3eaec508147a8bf4d236e0023b5c02d1d79f04b57,ext/amatch_ext.c,1810,static-catalog/files-scanned.csv,fe76976976e2a77c37581f7075f8f322d5207e396e52255257617abff0d99936,789a71b9966da018a5e19457fad1077639b8bf77e1e35854e939230779e0a190,4d8c15450edbb3b22774683b74fcff94cbb1e2270c980a867163a582ac7e5719,source_bytes_and_line_range_verified,open_evidence_gap,unchanged_not_reassessed
static-catalog/registration-provenance/unresolved-rows.jsonl,14,192cf184081dba4dd017a22009024bccdf867291eda9471480c8a6d1de594e49,ea11519ffc83f8b101ee16fdd51de5d1846187d1890f658aa665a788e1b8a9de,static-catalog/argument-inventory-roots.jsonl,29,77ab3512fc5bc771fdefa93c0751ab519e9885868520a5f45a1550c96dd865f5,8abdcb88072ea76068819a0069aa96a07fc66b3edc2aef945cddc402703bb9fd,ext/amatch_ext.c,1811,static-catalog/files-scanned.csv,fe76976976e2a77c37581f7075f8f322d5207e396e52255257617abff0d99936,789a71b9966da018a5e19457fad1077639b8bf77e1e35854e939230779e0a190,08ebe40b9dc4da1f21ee2db5b2459ea2a39cd0912b4a91b458f4c65e72961195,source_bytes_and_line_range_verified,open_evidence_gap,unchanged_not_reassessed
static-catalog/registration-provenance/unresolved-rows.jsonl,15,192cf184081dba4dd017a22009024bccdf867291eda9471480c8a6d1de594e49,29167865f50e0877fe7c0728b64b77def84d853f4a95bc06fa09112006f14c91,static-catalog/argument-inventory-roots.jsonl,30,77ab3512fc5bc771fdefa93c0751ab519e9885868520a5f45a1550c96dd865f5,ce5691de835802aed503029422a8399565d581e091c38b666d853efaef34b479,ext/amatch_ext.c,1812,static-catalog/files-scanned.csv,fe76976976e2a77c37581f7075f8f322d5207e396e52255257617abff0d99936,789a71b9966da018a5e19457fad1077639b8bf77e1e35854e939230779e0a190,1a969f03d38e9b823a0c9f1771836bdc4baf173550b65a1df3057a5768a15988,source_bytes_and_line_range_verified,open_evidence_gap,unchanged_not_reassessed
static-catalog/registration-provenance/unresolved-rows.jsonl,16,192cf184081dba4dd017a22009024bccdf867291eda9471480c8a6d1de594e49,cf1b81c9b032465c88415120b0e1f9361f851aafcff48efceddac8898e28287d,static-catalog/argument-inventory-roots.jsonl,31,77ab3512fc5bc771fdefa93c0751ab519e9885868520a5f45a1550c96dd865f5,4203d5c15f18f7e6f1648a9a39bb7ff248c94fc11c89efe361e3345a520f8908,ext/amatch_ext.c,1813,static-catalog/files-scanned.csv,fe76976976e2a77c37581f7075f8f322d5207e396e52255257617abff0d99936,789a71b9966da018a5e19457fad1077639b8bf77e1e35854e939230779e0a190,3f282149259c725d669ff61f5e3ebbc28f9a46935ac6338bcf266f525324b684,source_bytes_and_line_range_verified,open_evidence_gap,unchanged_not_reassessed
static-catalog/registration-provenance/unresolved-rows.jsonl,17,192cf184081dba4dd017a22009024bccdf867291eda9471480c8a6d1de594e49,bbedfe500021345b4f6daa34d0e37d760bd7225d27cb7bd6b325ecdabac40a0c,static-catalog/argument-inventory-roots.jsonl,36,77ab3512fc5bc771fdefa93c0751ab519e9885868520a5f45a1550c96dd865f5,548fc88ae733cb5c2e8509cc8bf864c82e1321490b9bfdeacc914a2adaeaf7a1,ext/amatch_ext.c,1821,static-catalog/files-scanned.csv,fe76976976e2a77c37581f7075f8f322d5207e396e52255257617abff0d99936,789a71b9966da018a5e19457fad1077639b8bf77e1e35854e939230779e0a190,22a420201e75e2e2e5effc8a5220a06522d3ccd7dfc7faedc84aecc91c0def14,source_bytes_and_line_range_verified,open_evidence_gap,unchanged_not_reassessed
static-catalog/registration-provenance/unresolved-rows.jsonl,18,192cf184081dba4dd017a22009024bccdf867291eda9471480c8a6d1de594e49,ecbb5bcf6d5aaaad544d7b15000c39e17523332338c86ee929501a01985cd162,static-catalog/argument-inventory-roots.jsonl,38,77ab3512fc5bc771fdefa93c0751ab519e9885868520a5f45a1550c96dd865f5,e3ab7888fba496773ff76118cff3dfd9f032343f965223092f9c8f3a5391175b,ext/amatch_ext.c,1823,static-catalog/files-scanned.csv,fe76976976e2a77c37581f7075f8f322d5207e396e52255257617abff0d99936,789a71b9966da018a5e19457fad1077639b8bf77e1e35854e939230779e0a190,1cd54a1389a475063c6cd13d9f257db7547dfef8e484e864c7b1a45964301420,source_bytes_and_line_range_verified,open_evidence_gap,unchanged_not_reassessed
static-catalog/registration-provenance/unresolved-rows.jsonl,19,192cf184081dba4dd017a22009024bccdf867291eda9471480c8a6d1de594e49,62f109c85ef45b2c3bd429ddcf5b98ac0aceb5c1b6e296aadac53c13e64a7dd0,static-catalog/argument-inventory-roots.jsonl,39,77ab3512fc5bc771fdefa93c0751ab519e9885868520a5f45a1550c96dd865f5,38782696b17392988d51db3166c36610ce7fd42cea42dbd60e42495d20beac51,ext/amatch_ext.c,1824,static-catalog/files-scanned.csv,fe76976976e2a77c37581f7075f8f322d5207e396e52255257617abff0d99936,789a71b9966da018a5e19457fad1077639b8bf77e1e35854e939230779e0a190,85658d34dc132a5c7162fe0dbabdbc39b0f9796deee8842b83fc7dd8e6aed925,source_bytes_and_line_range_verified,open_evidence_gap,unchanged_not_reassessed
static-catalog/registration-provenance/unresolved-rows.jsonl,20,192cf184081dba4dd017a22009024bccdf867291eda9471480c8a6d1de594e49,c281230274f576ca30297eb4fdfff8e693ee2984d34f5d66ce2ce520be9d78c5,static-catalog/argument-inventory-roots.jsonl,43,77ab3512fc5bc771fdefa93c0751ab519e9885868520a5f45a1550c96dd865f5,e38471222a830d139201364e7e77e2c4230485361b6b8663a32150a7e56a727c,ext/amatch_ext.c,1831,static-catalog/files-scanned.csv,fe76976976e2a77c37581f7075f8f322d5207e396e52255257617abff0d99936,789a71b9966da018a5e19457fad1077639b8bf77e1e35854e939230779e0a190,d7af63e0198712b392cd92a90cb871152166c12daea7cbfef95b985dbea701ba,source_bytes_and_line_range_verified,open_evidence_gap,unchanged_not_reassessed
static-catalog/registration-provenance/unresolved-rows.jsonl,21,192cf184081dba4dd017a22009024bccdf867291eda9471480c8a6d1de594e49,ef25809fbbc36e1798adb321d51ef1877dfe366bf353ee435275d108c860ec94,static-catalog/argument-inventory-roots.jsonl,45,77ab3512fc5bc771fdefa93c0751ab519e9885868520a5f45a1550c96dd865f5,6c310b1d5af358c913de44c1e330b8141b2cfe571dbeb3389e64bb1dc87109d3,ext/amatch_ext.c,1833,static-catalog/files-scanned.csv,fe76976976e2a77c37581f7075f8f322d5207e396e52255257617abff0d99936,789a71b9966da018a5e19457fad1077639b8bf77e1e35854e939230779e0a190,58cbb673acad849636d8b24f6efc93f287f00b0008e11f7a528254dd5a16d80f,source_bytes_and_line_range_verified,open_evidence_gap,unchanged_not_reassessed
static-catalog/registration-provenance/unresolved-rows.jsonl,22,192cf184081dba4dd017a22009024bccdf867291eda9471480c8a6d1de594e49,9f5ec94a315b69f175b05d97cadbb41443a93aae627e01efa41666fb18d37718,static-catalog/argument-inventory-roots.jsonl,46,77ab3512fc5bc771fdefa93c0751ab519e9885868520a5f45a1550c96dd865f5,aba8b8f9b3ce5d559c25633e8800484e8e544055f0ea14040915df27f8d2dcb6,ext/amatch_ext.c,1834,static-catalog/files-scanned.csv,fe76976976e2a77c37581f7075f8f322d5207e396e52255257617abff0d99936,789a71b9966da018a5e19457fad1077639b8bf77e1e35854e939230779e0a190,e5576fc228a485e45eacbefd7f03fdeda952851b4e448cb42d7dead1541cd69c,source_bytes_and_line_range_verified,open_evidence_gap,unchanged_not_reassessed
static-catalog/registration-provenance/unresolved-rows.jsonl,23,192cf184081dba4dd017a22009024bccdf867291eda9471480c8a6d1de594e49,930029f2087a10ce661cab4facb4e3756cd6574a6049c03d3bf26a24156bf981,static-catalog/argument-inventory-roots.jsonl,49,77ab3512fc5bc771fdefa93c0751ab519e9885868520a5f45a1550c96dd865f5,d6f2aad74fcd9731e7b5191ea821e21903351284b017f27dd66b9b76a7d96e80,ext/amatch_ext.c,1841,static-catalog/files-scanned.csv,fe76976976e2a77c37581f7075f8f322d5207e396e52255257617abff0d99936,789a71b9966da018a5e19457fad1077639b8bf77e1e35854e939230779e0a190,373a50da6f356a1f7e05bbaa91dd7e2b9eb1def78eb31c95caa158088cb9cdcb,source_bytes_and_line_range_verified,open_evidence_gap,unchanged_not_reassessed
static-catalog/registration-provenance/unresolved-rows.jsonl,24,192cf184081dba4dd017a22009024bccdf867291eda9471480c8a6d1de594e49,189787769608993603de872e79fc1625f463b300856dfff7e4d07e17271c3736,static-catalog/argument-inventory-roots.jsonl,51,77ab3512fc5bc771fdefa93c0751ab519e9885868520a5f45a1550c96dd865f5,a5289933a1063f0dc16b373900b37a42e0f511b558e9a89ab08c05e480a0d93a,ext/amatch_ext.c,1843,static-catalog/files-scanned.csv,fe76976976e2a77c37581f7075f8f322d5207e396e52255257617abff0d99936,789a71b9966da018a5e19457fad1077639b8bf77e1e35854e939230779e0a190,a3ab0584b2b76366a06efb87241ba7dd72c4136ec927a87cf690ca9957863782,source_bytes_and_line_range_verified,open_evidence_gap,unchanged_not_reassessed
static-catalog/registration-provenance/unresolved-rows.jsonl,25,192cf184081dba4dd017a22009024bccdf867291eda9471480c8a6d1de594e49,028354afc2118b7a3556016b5bb6b92ed08003662067f7deea2529bc3795d9f9,static-catalog/argument-inventory-roots.jsonl,52,77ab3512fc5bc771fdefa93c0751ab519e9885868520a5f45a1550c96dd865f5,88c1d557cc7a664233219afe0ccb812c457e71f01235ef032fb56d39b04732b1,ext/amatch_ext.c,1844,static-catalog/files-scanned.csv,fe76976976e2a77c37581f7075f8f322d5207e396e52255257617abff0d99936,789a71b9966da018a5e19457fad1077639b8bf77e1e35854e939230779e0a190,1623864cbdb7270ec987718f5fc1f5bbbf03c8d7c2f9b7e4f876617a1a77e5c5,source_bytes_and_line_range_verified,open_evidence_gap,unchanged_not_reassessed
static-catalog/registration-provenance/unresolved-rows.jsonl,26,192cf184081dba4dd017a22009024bccdf867291eda9471480c8a6d1de594e49,086157cb59aa5093d21d7c2786e45dc14e07e62b7f990baa69f4d042fd6ee194,static-catalog/argument-inventory-roots.jsonl,56,77ab3512fc5bc771fdefa93c0751ab519e9885868520a5f45a1550c96dd865f5,85368cbd56fa594ac39a4ae4bdc0ebcf26532d8d3f98a980500c15c2e65c897e,ext/amatch_ext.c,1851,static-catalog/files-scanned.csv,fe76976976e2a77c37581f7075f8f322d5207e396e52255257617abff0d99936,789a71b9966da018a5e19457fad1077639b8bf77e1e35854e939230779e0a190,6192497b8e1c7c0d35b9b87cfe44bf1d7cc4c731719f4954f96e9bfcf91bcb27,source_bytes_and_line_range_verified,open_evidence_gap,unchanged_not_reassessed
static-catalog/registration-provenance/unresolved-rows.jsonl,27,192cf184081dba4dd017a22009024bccdf867291eda9471480c8a6d1de594e49,71ccaf93c8627a1f71201642951ae38104f096f5f9f8a65eadcf25c888734247,static-catalog/argument-inventory-roots.jsonl,58,77ab3512fc5bc771fdefa93c0751ab519e9885868520a5f45a1550c96dd865f5,4dcd11206aa0c97c251f140b7593e8558a9f3f20cb052eeffc64668a334730e0,ext/amatch_ext.c,1853,static-catalog/files-scanned.csv,fe76976976e2a77c37581f7075f8f322d5207e396e52255257617abff0d99936,789a71b9966da018a5e19457fad1077639b8bf77e1e35854e939230779e0a190,63e5fc3bcf7a6e2f55f7b04827a553e851b6c16ddafb88421b6a8d45a5226162,source_bytes_and_line_range_verified,open_evidence_gap,unchanged_not_reassessed
static-catalog/registration-provenance/unresolved-rows.jsonl,28,192cf184081dba4dd017a22009024bccdf867291eda9471480c8a6d1de594e49,8151bb63a187e58123e43db1350720b941269c3fd9684f4c128df127af21c015,static-catalog/argument-inventory-roots.jsonl,59,77ab3512fc5bc771fdefa93c0751ab519e9885868520a5f45a1550c96dd865f5,ad8a5a2e5d27b97413ee96b6bf51185b3da275e3277a6e022ffdcfcc8479a777,ext/amatch_ext.c,1854,static-catalog/files-scanned.csv,fe76976976e2a77c37581f7075f8f322d5207e396e52255257617abff0d99936,789a71b9966da018a5e19457fad1077639b8bf77e1e35854e939230779e0a190,7ec4b8d4486a09b84e21578ac1c7bdc6ec76cde1030bf1d20756bf1b94423b91,source_bytes_and_line_range_verified,open_evidence_gap,unchanged_not_reassessed
static-catalog/registration-provenance/unresolved-rows.jsonl,29,192cf184081dba4dd017a22009024bccdf867291eda9471480c8a6d1de594e49,534dfbedbed067257b565d7906c2008c7aeb9d2e99dd54c0adb5905418055365,static-catalog/argument-inventory-roots.jsonl,63,77ab3512fc5bc771fdefa93c0751ab519e9885868520a5f45a1550c96dd865f5,9ceb3d17784a5f92b0e4b0c2702b17a96a466f75e93289f00ff8b12ce29eb25d,ext/amatch_ext.c,1861,static-catalog/files-scanned.csv,fe76976976e2a77c37581f7075f8f322d5207e396e52255257617abff0d99936,789a71b9966da018a5e19457fad1077639b8bf77e1e35854e939230779e0a190,da5c5aad8dff498f20771c099a914f902f171e85a668019f6e809035258a411f,source_bytes_and_line_range_verified,open_evidence_gap,unchanged_not_reassessed
static-catalog/registration-provenance/unresolved-rows.jsonl,30,192cf184081dba4dd017a22009024bccdf867291eda9471480c8a6d1de594e49,9cfbb53077bffca538e39e67c8ade883e7c71ca282a1fc5ee744afb947180116,static-catalog/argument-inventory-roots.jsonl,65,77ab3512fc5bc771fdefa93c0751ab519e9885868520a5f45a1550c96dd865f5,09b7df27a6b2a112390d15a92aae1591ab51ac9b0440f3b1f580d2a8fb521095,ext/amatch_ext.c,1863,static-catalog/files-scanned.csv,fe76976976e2a77c37581f7075f8f322d5207e396e52255257617abff0d99936,789a71b9966da018a5e19457fad1077639b8bf77e1e35854e939230779e0a190,fc3047a1d46c5ee5ea877bb473d10672a1193c42fd24d42fcc892340e49c457a,source_bytes_and_line_range_verified,open_evidence_gap,unchanged_not_reassessed
static-catalog/registration-provenance/unresolved-rows.jsonl,31,192cf184081dba4dd017a22009024bccdf867291eda9471480c8a6d1de594e49,3dfe4743ddeeecda6ec76f8be836d24d9ee440466314f07fea04bea6fa0b271d,static-catalog/argument-inventory-roots.jsonl,66,77ab3512fc5bc771fdefa93c0751ab519e9885868520a5f45a1550c96dd865f5,12e632e543db5c1d1af6ab9b27de4af2705a3e7b06a112e2e2278bf729059a15,ext/amatch_ext.c,1864,static-catalog/files-scanned.csv,fe76976976e2a77c37581f7075f8f322d5207e396e52255257617abff0d99936,789a71b9966da018a5e19457fad1077639b8bf77e1e35854e939230779e0a190,0e697f1cd1f64ebb2d6e39080b91348c2def77cd3ade4c7b33e17bb4844fe166,source_bytes_and_line_range_verified,open_evidence_gap,unchanged_not_reassessed
static-catalog/registration-provenance/unresolved-rows.jsonl,32,192cf184081dba4dd017a22009024bccdf867291eda9471480c8a6d1de594e49,e72abe56ad504608002f0ed85de1fe92875a97427345c84fcc2a909f02f6752f,static-catalog/argument-inventory-roots.jsonl,67,77ab3512fc5bc771fdefa93c0751ab519e9885868520a5f45a1550c96dd865f5,d2f65a4277730bb726a2e7aa82c5b869934efeaf1344641168cb0b8507f3aef5,ext/amatch_ext.c,1865,static-catalog/files-scanned.csv,fe76976976e2a77c37581f7075f8f322d5207e396e52255257617abff0d99936,789a71b9966da018a5e19457fad1077639b8bf77e1e35854e939230779e0a190,7376c540da54979814df38ce55cfe65389a6e41e80b8d24dc390442037bacbbf,source_bytes_and_line_range_verified,open_evidence_gap,unchanged_not_reassessed
static-catalog/registration-provenance/unresolved-rows.jsonl,33,192cf184081dba4dd017a22009024bccdf867291eda9471480c8a6d1de594e49,8e6464bdd5c41ec5f71705b1def65fc07539529d9eb859b775705611ed7b584b,static-catalog/argument-inventory-roots.jsonl,68,77ab3512fc5bc771fdefa93c0751ab519e9885868520a5f45a1550c96dd865f5,4732a2162386a12c632b03214c98d6b0b0ae106f3106e8b2b307d548645d7de8,ext/amatch_ext.c,1866,static-catalog/files-scanned.csv,fe76976976e2a77c37581f7075f8f322d5207e396e52255257617abff0d99936,789a71b9966da018a5e19457fad1077639b8bf77e1e35854e939230779e0a190,e172fffa8e752491fe290d4315bc908c53c307cdeede44dd56e05feb0b05cbe8,source_bytes_and_line_range_verified,open_evidence_gap,unchanged_not_reassessed
static-catalog/registration-provenance/unresolved-rows.jsonl,34,192cf184081dba4dd017a22009024bccdf867291eda9471480c8a6d1de594e49,5c586cb23c0ed6a0ae874597f081c47b2e27e84523097a046dd1845fd9d84865,static-catalog/argument-inventory-roots.jsonl,71,77ab3512fc5bc771fdefa93c0751ab519e9885868520a5f45a1550c96dd865f5,24c78f55fa12e0e4856255da55fa8364626049093bf8802481b302ad7daaa970,ext/amatch_ext.c,1873,static-catalog/files-scanned.csv,fe76976976e2a77c37581f7075f8f322d5207e396e52255257617abff0d99936,789a71b9966da018a5e19457fad1077639b8bf77e1e35854e939230779e0a190,d1eff4de7335636f5ac7289139bb71d1ad1015d5c8170ec67e882991f3a5e4b0,source_bytes_and_line_range_verified,open_evidence_gap,unchanged_not_reassessed
static-catalog/registration-provenance/unresolved-rows.jsonl,35,192cf184081dba4dd017a22009024bccdf867291eda9471480c8a6d1de594e49,4875ddd35a76d1de77926a32b65b809bc659ee25577734ba20221b6ba4ea6d3d,static-catalog/argument-inventory-roots.jsonl,73,77ab3512fc5bc771fdefa93c0751ab519e9885868520a5f45a1550c96dd865f5,85bee2b211936e79bebe906159e7842b79814dc6b395e8b72766288ffb3b5798,ext/amatch_ext.c,1875,static-catalog/files-scanned.csv,fe76976976e2a77c37581f7075f8f322d5207e396e52255257617abff0d99936,789a71b9966da018a5e19457fad1077639b8bf77e1e35854e939230779e0a190,e33da393ae17aa306fcf9f50ba23a85748c2ef8b96ce0454b9623f112f2e6581,source_bytes_and_line_range_verified,open_evidence_gap,unchanged_not_reassessed
static-catalog/registration-provenance/unresolved-rows.jsonl,36,192cf184081dba4dd017a22009024bccdf867291eda9471480c8a6d1de594e49,59f0cc860773d7d6d57208f38afc67c92589dc2591d27c4769a5a785575e1872,static-catalog/argument-inventory-roots.jsonl,74,77ab3512fc5bc771fdefa93c0751ab519e9885868520a5f45a1550c96dd865f5,baf6ca1b3f391afa6cb1236a7d9d03b3654775389a99a3861a2ab06e4fb3cbdd,ext/amatch_ext.c,1876,static-catalog/files-scanned.csv,fe76976976e2a77c37581f7075f8f322d5207e396e52255257617abff0d99936,789a71b9966da018a5e19457fad1077639b8bf77e1e35854e939230779e0a190,dbf9d188d86bdb0700a479c529176247042cea379a3069630167f0f20043371a,source_bytes_and_line_range_verified,open_evidence_gap,unchanged_not_reassessed
static-catalog/registration-provenance/unresolved-rows.jsonl,37,192cf184081dba4dd017a22009024bccdf867291eda9471480c8a6d1de594e49,0125b64dca4aee26ae7581bde8c850fc900f477cdd71fa663728cf599de52631,static-catalog/argument-inventory-roots.jsonl,75,77ab3512fc5bc771fdefa93c0751ab519e9885868520a5f45a1550c96dd865f5,51f4e56180ad9c591df6ce007503ae2054a971d671ec7c4d6ec1a9f551f03c83,ext/amatch_ext.c,1877,static-catalog/files-scanned.csv,fe76976976e2a77c37581f7075f8f322d5207e396e52255257617abff0d99936,789a71b9966da018a5e19457fad1077639b8bf77e1e35854e939230779e0a190,739f9f39f25fbcc26ded247a6c98915145c90a63b7b00dad4cfe187044c518da,source_bytes_and_line_range_verified,open_evidence_gap,unchanged_not_reassessed
static-catalog/registration-provenance/unresolved-rows.jsonl,38,192cf184081dba4dd017a22009024bccdf867291eda9471480c8a6d1de594e49,41fc52d5bc16358199052f5ae8836a70fd0ff188a72a831fd89bb441090cfe31,static-catalog/argument-inventory-roots.jsonl,76,77ab3512fc5bc771fdefa93c0751ab519e9885868520a5f45a1550c96dd865f5,e740f8df29da74492f2720f2ba2e2d31f3c5e0c8c5854e2f61a891565f209c3a,ext/amatch_ext.c,1878,static-catalog/files-scanned.csv,fe76976976e2a77c37581f7075f8f322d5207e396e52255257617abff0d99936,789a71b9966da018a5e19457fad1077639b8bf77e1e35854e939230779e0a190,21e9b742524c96226bcf39d63a3c08761adc1b6db32de9af62a1290dee678454,source_bytes_and_line_range_verified,open_evidence_gap,unchanged_not_reassessed
static-catalog/registration-provenance/unresolved-rows.jsonl,39,192cf184081dba4dd017a22009024bccdf867291eda9471480c8a6d1de594e49,b8075f8d4dc724b80b54cc770c69890ecd1b52c0174cc88386aed352aaafbe10,static-catalog/argument-inventory-roots.jsonl,77,77ab3512fc5bc771fdefa93c0751ab519e9885868520a5f45a1550c96dd865f5,763e554001d62ee0358d389e33e88ab1707afe6d3e8c97eff93c128c440207a1,ext/amatch_ext.c,1879,static-catalog/files-scanned.csv,fe76976976e2a77c37581f7075f8f322d5207e396e52255257617abff0d99936,789a71b9966da018a5e19457fad1077639b8bf77e1e35854e939230779e0a190,56d559942403f98ebebc4ce8cc417df00ea5215d71f82ae5cd2fc5f5b6bfbe88,source_bytes_and_line_range_verified,open_evidence_gap,unchanged_not_reassessed
static-catalog/registration-provenance/unresolved-rows.jsonl,40,192cf184081dba4dd017a22009024bccdf867291eda9471480c8a6d1de594e49,975eb61c183c32028bed74cea82d2c549b0f4a51e95f6b3140b3ac8cd7ae90d4,static-catalog/argument-inventory-roots.jsonl,78,77ab3512fc5bc771fdefa93c0751ab519e9885868520a5f45a1550c96dd865f5,88b2c8393550b2057fb1ed8ffc3a57eb161e24b0e6f674e7aaeeff666bd74738,ext/amatch_ext.c,1880,static-catalog/files-scanned.csv,fe76976976e2a77c37581f7075f8f322d5207e396e52255257617abff0d99936,789a71b9966da018a5e19457fad1077639b8bf77e1e35854e939230779e0a190,a9e7a5a7f38e559bdf913434e5fd190fd1e2f7e77641b25cc3b1a1362ab15dc2,source_bytes_and_line_range_verified,open_evidence_gap,unchanged_not_reassessed
static-catalog/registration-provenance/unresolved-rows.jsonl,41,192cf184081dba4dd017a22009024bccdf867291eda9471480c8a6d1de594e49,e2cca81401174cfc85474ac6c0669ee06812d527f1ef2807f2ef3bb32795848f,static-catalog/argument-inventory-roots.jsonl,585,77ab3512fc5bc771fdefa93c0751ab519e9885868520a5f45a1550c96dd865f5,73b00f84fa3ea86d5bcdf800d08922a8033b2974ffbb8582340249f5c01b3d6a,ext/debug/debug.c,210,static-catalog/files-scanned.csv,fe76976976e2a77c37581f7075f8f322d5207e396e52255257617abff0d99936,2e6f31a3a83a7ba183d7148c3b268ac44523ab2fd077ed6eabb1132439d83371,2f66df94f5f31f05d95c25d7dfee2f602b098b40896e660b40473f5873cbb7aa,source_bytes_and_line_range_verified,open_evidence_gap,unchanged_not_reassessed
static-catalog/registration-provenance/unresolved-rows.jsonl,42,192cf184081dba4dd017a22009024bccdf867291eda9471480c8a6d1de594e49,fc6b6fc927c0ff1fcb79db110c6f4cd355845e014a1eea0af601496b8c31c955,static-catalog/argument-inventory-roots.jsonl,638,77ab3512fc5bc771fdefa93c0751ab519e9885868520a5f45a1550c96dd865f5,7153b97fe9e628d96d3179b339b4812b47864e6e583bb37c3860925b519ae791,ext/ffi_c/AbstractMemory.c,870,static-catalog/files-scanned.csv,fe76976976e2a77c37581f7075f8f322d5207e396e52255257617abff0d99936,23f92a528305f3a99c79dcce280894dbece91554f6520c704724cafea0c58f1f,0a27071b267a2111a47b704db5aca697e2159f3a0fdfef8bbd1ef452cb527ae3,source_bytes_and_line_range_verified,open_evidence_gap,unchanged_not_reassessed
static-catalog/registration-provenance/unresolved-rows.jsonl,43,192cf184081dba4dd017a22009024bccdf867291eda9471480c8a6d1de594e49,16f7c18ed7132abea85481e5d20dbd5304431c4edb0310ba9af7512502bbfa76,static-catalog/argument-inventory-roots.jsonl,639,77ab3512fc5bc771fdefa93c0751ab519e9885868520a5f45a1550c96dd865f5,c42e799e2878952e0597d08b1dfca03c9d1f6d0c8a3fa7deb091ed1589f6f51b,ext/ffi_c/AbstractMemory.c,878,static-catalog/files-scanned.csv,fe76976976e2a77c37581f7075f8f322d5207e396e52255257617abff0d99936,23f92a528305f3a99c79dcce280894dbece91554f6520c704724cafea0c58f1f,4cc552d2b386975bf70dc01415597a568e98c00ee017479af128fb8cd18424bd,source_bytes_and_line_range_verified,open_evidence_gap,unchanged_not_reassessed
static-catalog/registration-provenance/unresolved-rows.jsonl,44,192cf184081dba4dd017a22009024bccdf867291eda9471480c8a6d1de594e49,78864aed66c69460bac0a39851002af9973f7c3bcc3087cd0343cba8e1e2465e,static-catalog/argument-inventory-roots.jsonl,640,77ab3512fc5bc771fdefa93c0751ab519e9885868520a5f45a1550c96dd865f5,108b367a2230f0cbed6db04dc41065a0187c74d3d989d9a7c90f477c94833eb5,ext/ffi_c/AbstractMemory.c,891,static-catalog/files-scanned.csv,fe76976976e2a77c37581f7075f8f322d5207e396e52255257617abff0d99936,23f92a528305f3a99c79dcce280894dbece91554f6520c704724cafea0c58f1f,7835485f29ca0906e61af127cb70b0983131a6e3ecf9c1dad869deead602cb45,source_bytes_and_line_range_verified,open_evidence_gap,unchanged_not_reassessed
static-catalog/registration-provenance/unresolved-rows.jsonl,45,192cf184081dba4dd017a22009024bccdf867291eda9471480c8a6d1de594e49,de5493ae8338f524d34a3f200a293d4a68ab7d1123835590dd664f8b4fd7ec00,static-catalog/argument-inventory-roots.jsonl,641,77ab3512fc5bc771fdefa93c0751ab519e9885868520a5f45a1550c96dd865f5,19ecf344522ce65a00c445d7c3a4ca78faf6877c648263c44ae4fbd5a305c99f,ext/ffi_c/AbstractMemory.c,901,static-catalog/files-scanned.csv,fe76976976e2a77c37581f7075f8f322d5207e396e52255257617abff0d99936,23f92a528305f3a99c79dcce280894dbece91554f6520c704724cafea0c58f1f,85959fbf255b1d354ef999d7aa916f8ffa1b27050e8a3b544d945f2d6bc66ae8,source_bytes_and_line_range_verified,open_evidence_gap,unchanged_not_reassessed
static-catalog/registration-provenance/unresolved-rows.jsonl,46,192cf184081dba4dd017a22009024bccdf867291eda9471480c8a6d1de594e49,05cd37a3fca01962290d4338107ad816aae0cc67e374960d73fbee6a674b53f5,static-catalog/argument-inventory-roots.jsonl,642,77ab3512fc5bc771fdefa93c0751ab519e9885868520a5f45a1550c96dd865f5,660d9a78e6a205ba6a9e60f58e3b5d54a8b7cd68dd05c5c4060c42db2349d280,ext/ffi_c/AbstractMemory.c,910,static-catalog/files-scanned.csv,fe76976976e2a77c37581f7075f8f322d5207e396e52255257617abff0d99936,23f92a528305f3a99c79dcce280894dbece91554f6520c704724cafea0c58f1f,23fd08dfa75d1e30374d2bea36567d7e838e054946e3169d868bb8b5131cbb67,source_bytes_and_line_range_verified,open_evidence_gap,unchanged_not_reassessed
static-catalog/registration-provenance/unresolved-rows.jsonl,47,192cf184081dba4dd017a22009024bccdf867291eda9471480c8a6d1de594e49,899b768342f7492b335b8dfe04d0793edc5950ecf87bff9eadd150c9c6f9fdc8,static-catalog/argument-inventory-roots.jsonl,643,77ab3512fc5bc771fdefa93c0751ab519e9885868520a5f45a1550c96dd865f5,73c8c2a48ef6f04095109faf748cceed985b10d7aa92d3b1d35eac9070bfe045,ext/ffi_c/AbstractMemory.c,919,static-catalog/files-scanned.csv,fe76976976e2a77c37581f7075f8f322d5207e396e52255257617abff0d99936,23f92a528305f3a99c79dcce280894dbece91554f6520c704724cafea0c58f1f,f0a1f26323c55bb9ce51614b81448181aacc75a6022b71d829ed36b29b3ba294,source_bytes_and_line_range_verified,open_evidence_gap,unchanged_not_reassessed
static-catalog/registration-provenance/unresolved-rows.jsonl,48,192cf184081dba4dd017a22009024bccdf867291eda9471480c8a6d1de594e49,5678e5ab2cea8fa9d973f17ee64d99372e74162ca2fb3b9629d6cdc78af7de46,static-catalog/argument-inventory-roots.jsonl,644,77ab3512fc5bc771fdefa93c0751ab519e9885868520a5f45a1550c96dd865f5,b1a72219e9e3dfda482536c9a2c44c7180cf0f07e9f4ae6ceedb20afa433a69a,ext/ffi_c/AbstractMemory.c,930,static-catalog/files-scanned.csv,fe76976976e2a77c37581f7075f8f322d5207e396e52255257617abff0d99936,23f92a528305f3a99c79dcce280894dbece91554f6520c704724cafea0c58f1f,b90dc2dcce5554f08241958bcdc1dc360d35338b81143aea21330758df159db7,source_bytes_and_line_range_verified,open_evidence_gap,unchanged_not_reassessed
static-catalog/registration-provenance/unresolved-rows.jsonl,49,192cf184081dba4dd017a22009024bccdf867291eda9471480c8a6d1de594e49,ccfe21290da2bc991b41763314ba75ac089251d38c451f7abb5a796efa487c29,static-catalog/argument-inventory-roots.jsonl,645,77ab3512fc5bc771fdefa93c0751ab519e9885868520a5f45a1550c96dd865f5,540518f6fc2b82b5b552d126d63cff5e1b7c02c01480149fc77de24af75b2b03,ext/ffi_c/AbstractMemory.c,941,static-catalog/files-scanned.csv,fe76976976e2a77c37581f7075f8f322d5207e396e52255257617abff0d99936,23f92a528305f3a99c79dcce280894dbece91554f6520c704724cafea0c58f1f,061b2edcd863c16b75018a42199e6c3e9ae91a16fee4676950f53614e03b8417,source_bytes_and_line_range_verified,open_evidence_gap,unchanged_not_reassessed
static-catalog/registration-provenance/unresolved-rows.jsonl,50,192cf184081dba4dd017a22009024bccdf867291eda9471480c8a6d1de594e49,d6f5e10e6f94759f8e1f3d5bb28086e7974202581210069585c6a9c5a2f99668,static-catalog/argument-inventory-roots.jsonl,646,77ab3512fc5bc771fdefa93c0751ab519e9885868520a5f45a1550c96dd865f5,4deb8505c45a7db400d65061e1c4839c6272e56220159af08fc01189883aa081,ext/ffi_c/AbstractMemory.c,952,static-catalog/files-scanned.csv,fe76976976e2a77c37581f7075f8f322d5207e396e52255257617abff0d99936,23f92a528305f3a99c79dcce280894dbece91554f6520c704724cafea0c58f1f,3207c4205e092bc9af12a28bb200c3c97c2c6320ad133ce4dec23f77d0523db1,source_bytes_and_line_range_verified,open_evidence_gap,unchanged_not_reassessed
static-catalog/registration-provenance/unresolved-rows.jsonl,51,192cf184081dba4dd017a22009024bccdf867291eda9471480c8a6d1de594e49,289810a40f567eadae2667570fbcc7ba4052574acc4299cda691eace6786d5f3,static-catalog/argument-inventory-roots.jsonl,647,77ab3512fc5bc771fdefa93c0751ab519e9885868520a5f45a1550c96dd865f5,ff80b4c163714152451659230f6e70e0e943c5c42a3319d520b745355bea0c50,ext/ffi_c/AbstractMemory.c,960,static-catalog/files-scanned.csv,fe76976976e2a77c37581f7075f8f322d5207e396e52255257617abff0d99936,23f92a528305f3a99c79dcce280894dbece91554f6520c704724cafea0c58f1f,0c45c3b84b17990b604be73ba17ab9792949d107f3568b2baef710217d944c2a,source_bytes_and_line_range_verified,open_evidence_gap,unchanged_not_reassessed
static-catalog/registration-provenance/unresolved-rows.jsonl,52,192cf184081dba4dd017a22009024bccdf867291eda9471480c8a6d1de594e49,295dfe370c290362d1ce14bb9e79fadc25f2fe4173770829a9d13a5f47d4a5f0,static-catalog/argument-inventory-roots.jsonl,648,77ab3512fc5bc771fdefa93c0751ab519e9885868520a5f45a1550c96dd865f5,0eaee78207a58c3c30248cd33331399ddb9ad7b66d149b329de59aeda0455a89,ext/ffi_c/AbstractMemory.c,973,static-catalog/files-scanned.csv,fe76976976e2a77c37581f7075f8f322d5207e396e52255257617abff0d99936,23f92a528305f3a99c79dcce280894dbece91554f6520c704724cafea0c58f1f,46a7db3dd110272d83b053c883d463798bff9bec0401b2f5b455c7e2647bcf3a,source_bytes_and_line_range_verified,open_evidence_gap,unchanged_not_reassessed
static-catalog/registration-provenance/unresolved-rows.jsonl,53,192cf184081dba4dd017a22009024bccdf867291eda9471480c8a6d1de594e49,8a54a4f76b2ac063f04189cc3c6c2d7aa1e59020c35cc6d2ce8d2beea9179c20,static-catalog/argument-inventory-roots.jsonl,649,77ab3512fc5bc771fdefa93c0751ab519e9885868520a5f45a1550c96dd865f5,71f1e86ddc2d647b2eefccb8071bf7c062288096f312fc1dfc9a0d8c0db7b429,ext/ffi_c/AbstractMemory.c,983,static-catalog/files-scanned.csv,fe76976976e2a77c37581f7075f8f322d5207e396e52255257617abff0d99936,23f92a528305f3a99c79dcce280894dbece91554f6520c704724cafea0c58f1f,9c9d1e3d87eeac52232682b8ff6c82f58a42198eee5fdc92b960921d87d53342,source_bytes_and_line_range_verified,open_evidence_gap,unchanged_not_reassessed
static-catalog/registration-provenance/unresolved-rows.jsonl,54,192cf184081dba4dd017a22009024bccdf867291eda9471480c8a6d1de594e49,2712e6dd2d07b7f6691e596b62ba0d1194ce52368695fe2b3dd5716e3c7cfeb2,static-catalog/argument-inventory-roots.jsonl,650,77ab3512fc5bc771fdefa93c0751ab519e9885868520a5f45a1550c96dd865f5,03179d4a68682792a8d488f2bf6a117eca259ad201247becd0f540eb6c5c39a8,ext/ffi_c/AbstractMemory.c,992,static-catalog/files-scanned.csv,fe76976976e2a77c37581f7075f8f322d5207e396e52255257617abff0d99936,23f92a528305f3a99c79dcce280894dbece91554f6520c704724cafea0c58f1f,fafe7eac80e266ddaa0fb879454b8e9e3bafcf6f92ab08ea3b460d5bf4dc08c0,source_bytes_and_line_range_verified,open_evidence_gap,unchanged_not_reassessed
static-catalog/registration-provenance/unresolved-rows.jsonl,55,192cf184081dba4dd017a22009024bccdf867291eda9471480c8a6d1de594e49,8a2d3ab8bec2760f82efb426e183c01669d537ff170ea983cf0b7a06974f2598,static-catalog/argument-inventory-roots.jsonl,651,77ab3512fc5bc771fdefa93c0751ab519e9885868520a5f45a1550c96dd865f5,375741edb2641cd7d9d652a67bde3ca9016148898c2e6a8710799cfe8136d681,ext/ffi_c/AbstractMemory.c,1001,static-catalog/files-scanned.csv,fe76976976e2a77c37581f7075f8f322d5207e396e52255257617abff0d99936,23f92a528305f3a99c79dcce280894dbece91554f6520c704724cafea0c58f1f,a786f30ebe6db9a303c6e52e329e540ea228d902a00fc39db79eff510fb39def,source_bytes_and_line_range_verified,open_evidence_gap,unchanged_not_reassessed
static-catalog/registration-provenance/unresolved-rows.jsonl,56,192cf184081dba4dd017a22009024bccdf867291eda9471480c8a6d1de594e49,2d6ba3a132dc42543c2010ffd0f5e7a3ec0eddc9f21228bda09001ccee9a95bf,static-catalog/argument-inventory-roots.jsonl,652,77ab3512fc5bc771fdefa93c0751ab519e9885868520a5f45a1550c96dd865f5,13339d45b255ab60142a164b6240143c1428e1dd33ce768611889d5a51bf7c02,ext/ffi_c/AbstractMemory.c,1012,static-catalog/files-scanned.csv,fe76976976e2a77c37581f7075f8f322d5207e396e52255257617abff0d99936,23f92a528305f3a99c79dcce280894dbece91554f6520c704724cafea0c58f1f,aece5f2cc36cb6c5b59f859ef040013296242d527a185423da7e1dab6c99f434,source_bytes_and_line_range_verified,open_evidence_gap,unchanged_not_reassessed
static-catalog/registration-provenance/unresolved-rows.jsonl,57,192cf184081dba4dd017a22009024bccdf867291eda9471480c8a6d1de594e49,93ddde6553a17b38145f7d656db014a5284abb1cbbcec56ebc93982729f55266,static-catalog/argument-inventory-roots.jsonl,653,77ab3512fc5bc771fdefa93c0751ab519e9885868520a5f45a1550c96dd865f5,4684e2c639117527a653bfc2f406e3b6dfa4d34cc86b3d55bfee7a3b40d75c89,ext/ffi_c/AbstractMemory.c,1023,static-catalog/files-scanned.csv,fe76976976e2a77c37581f7075f8f322d5207e396e52255257617abff0d99936,23f92a528305f3a99c79dcce280894dbece91554f6520c704724cafea0c58f1f,82ee8107b6b22cb49dddd64ec6e3ea32827068a508bcc766de2a3ef5d3c68d57,source_bytes_and_line_range_verified,open_evidence_gap,unchanged_not_reassessed
static-catalog/registration-provenance/unresolved-rows.jsonl,58,192cf184081dba4dd017a22009024bccdf867291eda9471480c8a6d1de594e49,5f68676ec5492eb8b729056872283f75f5e2b0897218d69b122c2eafab25dfd6,static-catalog/argument-inventory-roots.jsonl,654,77ab3512fc5bc771fdefa93c0751ab519e9885868520a5f45a1550c96dd865f5,2520f08f212c5a9a3ac2d8f015d100605afdf77fd0e5217cd87afccb2d430226,ext/ffi_c/AbstractMemory.c,1034,static-catalog/files-scanned.csv,fe76976976e2a77c37581f7075f8f322d5207e396e52255257617abff0d99936,23f92a528305f3a99c79dcce280894dbece91554f6520c704724cafea0c58f1f,f7c53c7be3de35fe0e0c75816fe4578b10315efdbcae9c28d090c417e7955223,source_bytes_and_line_range_verified,open_evidence_gap,unchanged_not_reassessed
static-catalog/registration-provenance/unresolved-rows.jsonl,59,192cf184081dba4dd017a22009024bccdf867291eda9471480c8a6d1de594e49,7bc75d0af0632f97e6e580fe35d2cf142eeb98c8a0d990a68c82f0eff98d48f6,static-catalog/argument-inventory-roots.jsonl,655,77ab3512fc5bc771fdefa93c0751ab519e9885868520a5f45a1550c96dd865f5,6e757e72a165c7b8a9fab57e09e7a72e940a702ba1117fa065a7c16f35d80c30,ext/ffi_c/AbstractMemory.c,1042,static-catalog/files-scanned.csv,fe76976976e2a77c37581f7075f8f322d5207e396e52255257617abff0d99936,23f92a528305f3a99c79dcce280894dbece91554f6520c704724cafea0c58f1f,aa1eadbe74dd87d18b3ff063c837d0f55b2be858cbd1851b035f631cbe6d6718,source_bytes_and_line_range_verified,open_evidence_gap,unchanged_not_reassessed
static-catalog/registration-provenance/unresolved-rows.jsonl,60,192cf184081dba4dd017a22009024bccdf867291eda9471480c8a6d1de594e49,7da40faf911171d4461fe10d77fdbe41f67d9a8b24d8b560cfc6314b405ad9d5,static-catalog/argument-inventory-roots.jsonl,656,77ab3512fc5bc771fdefa93c0751ab519e9885868520a5f45a1550c96dd865f5,b39247c7973b62d9b670295d91e6ea017729c723a3a94a4f434c7bf8a7fb2ca3,ext/ffi_c/AbstractMemory.c,1053,static-catalog/files-scanned.csv,fe76976976e2a77c37581f7075f8f322d5207e396e52255257617abff0d99936,23f92a528305f3a99c79dcce280894dbece91554f6520c704724cafea0c58f1f,f559b47452c6c6bba6289ceb838aa5c59018cdb4e96325b9548fff943590de1f,source_bytes_and_line_range_verified,open_evidence_gap,unchanged_not_reassessed
static-catalog/registration-provenance/unresolved-rows.jsonl,61,192cf184081dba4dd017a22009024bccdf867291eda9471480c8a6d1de594e49,a6083d91edcc00e9ef50b4585d4b63d664bfd590e888e3d30b5bbf090ffc2255,static-catalog/argument-inventory-roots.jsonl,657,77ab3512fc5bc771fdefa93c0751ab519e9885868520a5f45a1550c96dd865f5,3ba6c52942d62094c3588b309a792a95c6f6ad7d21aac6b317fb7254b37630fc,ext/ffi_c/AbstractMemory.c,1063,static-catalog/files-scanned.csv,fe76976976e2a77c37581f7075f8f322d5207e396e52255257617abff0d99936,23f92a528305f3a99c79dcce280894dbece91554f6520c704724cafea0c58f1f,85849fdb555fad1d747f8131a649d1c30817b239de556c3a600e48dceb50ac87,source_bytes_and_line_range_verified,open_evidence_gap,unchanged_not_reassessed
static-catalog/registration-provenance/unresolved-rows.jsonl,62,192cf184081dba4dd017a22009024bccdf867291eda9471480c8a6d1de594e49,ca68e73075db67c7570d3438205cf9c3f5630417bfa3c10428066bc1c899b9cc,static-catalog/argument-inventory-roots.jsonl,658,77ab3512fc5bc771fdefa93c0751ab519e9885868520a5f45a1550c96dd865f5,5b75e4b0b3de077eb7f6013cd15ff29bc2891fcac6a0731e732d2e0c869f1e94,ext/ffi_c/AbstractMemory.c,1072,static-catalog/files-scanned.csv,fe76976976e2a77c37581f7075f8f322d5207e396e52255257617abff0d99936,23f92a528305f3a99c79dcce280894dbece91554f6520c704724cafea0c58f1f,6b21d3698a410c00d899d47437344b6828c2a485eec711fbc3b03b3657ff2a58,source_bytes_and_line_range_verified,open_evidence_gap,unchanged_not_reassessed
static-catalog/registration-provenance/unresolved-rows.jsonl,63,192cf184081dba4dd017a22009024bccdf867291eda9471480c8a6d1de594e49,d69a5dbc6f99d129b98712473b14f4dd3a6c9ba4112063f84692bb51779233a1,static-catalog/argument-inventory-roots.jsonl,659,77ab3512fc5bc771fdefa93c0751ab519e9885868520a5f45a1550c96dd865f5,916053247612a23104bd3c478481356638012b3d0fb465104ab65dce6860e738,ext/ffi_c/AbstractMemory.c,1081,static-catalog/files-scanned.csv,fe76976976e2a77c37581f7075f8f322d5207e396e52255257617abff0d99936,23f92a528305f3a99c79dcce280894dbece91554f6520c704724cafea0c58f1f,63f1219ae28f547c181945be0ef0efaa21829de368220a4f1501f06640c87162,source_bytes_and_line_range_verified,open_evidence_gap,unchanged_not_reassessed
static-catalog/registration-provenance/unresolved-rows.jsonl,64,192cf184081dba4dd017a22009024bccdf867291eda9471480c8a6d1de594e49,e02d6206d7bd9b31e94c0626acc8ec6404e3393cbd9e1fdcda4103ccdc562169,static-catalog/argument-inventory-roots.jsonl,660,77ab3512fc5bc771fdefa93c0751ab519e9885868520a5f45a1550c96dd865f5,f945ed7755f9f369c7fc1ce40c3dc44332bd508155f6a3dadbc0be966b2f750b,ext/ffi_c/AbstractMemory.c,1092,static-catalog/files-scanned.csv,fe76976976e2a77c37581f7075f8f322d5207e396e52255257617abff0d99936,23f92a528305f3a99c79dcce280894dbece91554f6520c704724cafea0c58f1f,b3a5f8e273e943841d47feebc675ca256076987d1eb53ff41db00e383ea781a8,source_bytes_and_line_range_verified,open_evidence_gap,unchanged_not_reassessed
static-catalog/registration-provenance/unresolved-rows.jsonl,65,192cf184081dba4dd017a22009024bccdf867291eda9471480c8a6d1de594e49,c1900dc00b9628936be13b8a2c6e173bd3c46af117cf7d9f0ea9659ec883cb16,static-catalog/argument-inventory-roots.jsonl,661,77ab3512fc5bc771fdefa93c0751ab519e9885868520a5f45a1550c96dd865f5,3488e6565c0597462e1b5490ba17e60b0e1d2de865d7bb6b302e70b735ada3b0,ext/ffi_c/AbstractMemory.c,1103,static-catalog/files-scanned.csv,fe76976976e2a77c37581f7075f8f322d5207e396e52255257617abff0d99936,23f92a528305f3a99c79dcce280894dbece91554f6520c704724cafea0c58f1f,f0d88a3bc4a180e9f36a960f47ce971c4f1101586f1aebd8ba12b21eafd10d7e,source_bytes_and_line_range_verified,open_evidence_gap,unchanged_not_reassessed
static-catalog/registration-provenance/unresolved-rows.jsonl,66,192cf184081dba4dd017a22009024bccdf867291eda9471480c8a6d1de594e49,ea498d72e63ca6affe9ae62b2ec36798e364f9c5fd9b36e8011d73a0562f50ee,static-catalog/argument-inventory-roots.jsonl,703,77ab3512fc5bc771fdefa93c0751ab519e9885868520a5f45a1550c96dd865f5,8e3e92ffdd9064c4a91eb658f2dc167b87c2ef165639415831a1826faf8903a3,ext/ffi_c/Function.c,532,static-catalog/files-scanned.csv,fe76976976e2a77c37581f7075f8f322d5207e396e52255257617abff0d99936,e1404ec0050f5824c05d60122893440bdd224eae3fdba19685fc593806a5b160,7a45fde56545fbfba957900314d3d02af1b8234ab12c7133d0d5f50c9bc3ebea,source_bytes_and_line_range_verified,open_evidence_gap,unchanged_not_reassessed
static-catalog/registration-provenance/unresolved-rows.jsonl,67,192cf184081dba4dd017a22009024bccdf867291eda9471480c8a6d1de594e49,ccc10183328502911ad8787d89f5ca4cdf29a0725eaa610fb626babfc8ceba74,static-catalog/argument-inventory-roots.jsonl,704,77ab3512fc5bc771fdefa93c0751ab519e9885868520a5f45a1550c96dd865f5,d67e7e49ad0e03528586d521ed437b2aace989ef4d15000e2ae74a1349386acc,ext/ffi_c/Function.c,536,static-catalog/files-scanned.csv,fe76976976e2a77c37581f7075f8f322d5207e396e52255257617abff0d99936,e1404ec0050f5824c05d60122893440bdd224eae3fdba19685fc593806a5b160,673b5b648d9b8fa2b715dc0cf70792d4176b65472c4701600fd52ce7c6ddb8d7,source_bytes_and_line_range_verified,open_evidence_gap,unchanged_not_reassessed
static-catalog/registration-provenance/unresolved-rows.jsonl,68,192cf184081dba4dd017a22009024bccdf867291eda9471480c8a6d1de594e49,2bfa66892aec54c00780ca2ea1628c51632ee9e7a52a2b619fee3c20525a7093,static-catalog/argument-inventory-roots.jsonl,1037,77ab3512fc5bc771fdefa93c0751ab519e9885868520a5f45a1550c96dd865f5,166b991f7869ee42788518e21a09130278c6b837c0ca872e75a2bc1419eefb1b,ext/gpgme/gpgme_n.c,3077,static-catalog/files-scanned.csv,fe76976976e2a77c37581f7075f8f322d5207e396e52255257617abff0d99936,8739742fc66d53c6ad01d489f8d2a817520ee6d5d0238a635911fa41d4e073b6,f54152cc63ab35a91f26c24d757a328c395a209ad079068081c303724e50be9b,source_bytes_and_line_range_verified,open_evidence_gap,unchanged_not_reassessed
static-catalog/registration-provenance/unresolved-rows.jsonl,69,192cf184081dba4dd017a22009024bccdf867291eda9471480c8a6d1de594e49,b3c6213114abc9c3d309f499fccc971acd8301fd573bb7fc84b040a1fe0de1c2,static-catalog/argument-inventory-roots.jsonl,1038,77ab3512fc5bc771fdefa93c0751ab519e9885868520a5f45a1550c96dd865f5,6936c21eaa2acb616c5f1f0ab3a5966ab44891e27bfcc715c1ccd962a723f962,ext/gpgme/gpgme_n.c,3079,static-catalog/files-scanned.csv,fe76976976e2a77c37581f7075f8f322d5207e396e52255257617abff0d99936,8739742fc66d53c6ad01d489f8d2a817520ee6d5d0238a635911fa41d4e073b6,73737ef285eea45edd3273ebe162ead47e4023fccec2fdc7a45d6195af355454,source_bytes_and_line_range_verified,open_evidence_gap,unchanged_not_reassessed
static-catalog/registration-provenance/unresolved-rows.jsonl,70,192cf184081dba4dd017a22009024bccdf867291eda9471480c8a6d1de594e49,5ff5192656594cd91725c9ea6cb32399da24e3e093baf4d65130339cfdf4e807,static-catalog/argument-inventory-roots.jsonl,1039,77ab3512fc5bc771fdefa93c0751ab519e9885868520a5f45a1550c96dd865f5,0a517701aede601f0222a3954ead4d6a044440b02fb152648e579241a327ceba,ext/gpgme/gpgme_n.c,3081,static-catalog/files-scanned.csv,fe76976976e2a77c37581f7075f8f322d5207e396e52255257617abff0d99936,8739742fc66d53c6ad01d489f8d2a817520ee6d5d0238a635911fa41d4e073b6,f7957db116269fdb578bb55cdc28d19d87c183cd249688e2c22cf4558dbb9fae,source_bytes_and_line_range_verified,open_evidence_gap,unchanged_not_reassessed
static-catalog/registration-provenance/unresolved-rows.jsonl,71,192cf184081dba4dd017a22009024bccdf867291eda9471480c8a6d1de594e49,2353683702ef0287e62a4a143e8cebc520bdf0a618caa013cb436998cbc18350,static-catalog/argument-inventory-roots.jsonl,1040,77ab3512fc5bc771fdefa93c0751ab519e9885868520a5f45a1550c96dd865f5,3d80087fbdc8648f04d48f1a25b7e3f4fdc2fd533b00cf87a176f1cafa6f9979,ext/gpgme/gpgme_n.c,3083,static-catalog/files-scanned.csv,fe76976976e2a77c37581f7075f8f322d5207e396e52255257617abff0d99936,8739742fc66d53c6ad01d489f8d2a817520ee6d5d0238a635911fa41d4e073b6,fb7a584b48db715a248e369fe17c3c3a3396a449cb35bf088dd5cdb084d0a595,source_bytes_and_line_range_verified,open_evidence_gap,unchanged_not_reassessed
static-catalog/registration-provenance/unresolved-rows.jsonl,72,192cf184081dba4dd017a22009024bccdf867291eda9471480c8a6d1de594e49,afae10e29cccd2c0c18d8a12e21ce587a46e0b7772eb79501655cdaed40b0b4d,static-catalog/argument-inventory-roots.jsonl,1116,77ab3512fc5bc771fdefa93c0751ab519e9885868520a5f45a1550c96dd865f5,f971dea7cdfd54b73c1c4942c0762d9ad7e03612765245dbfef2e13aa3bfdbbf,src/ruby/ext/grpc/rb_grpc.c,496,static-catalog/files-scanned.csv,fe76976976e2a77c37581f7075f8f322d5207e396e52255257617abff0d99936,80be9e6c754b6111e9236a5b038d6f9c29d13566261e9319551c225ca44ef7d0,9fc7a9a19324a0ca752fdb9ce8a2500cc83fb05bd1f0f015959f6819610de5e4,source_bytes_and_line_range_verified,open_evidence_gap,unchanged_not_reassessed
static-catalog/registration-provenance/unresolved-rows.jsonl,73,192cf184081dba4dd017a22009024bccdf867291eda9471480c8a6d1de594e49,dbb372fc3a1f9247c19a5aa0525eb4aab267150292a2db555adab5e1bb8ecf1f,static-catalog/argument-inventory-roots.jsonl,1117,77ab3512fc5bc771fdefa93c0751ab519e9885868520a5f45a1550c96dd865f5,ab013f6b29a46a9b8e02319d7fb2bbdf6963e78f8531b4de455d19c13d455e35,src/ruby/ext/grpc/rb_grpc.c,498,static-catalog/files-scanned.csv,fe76976976e2a77c37581f7075f8f322d5207e396e52255257617abff0d99936,80be9e6c754b6111e9236a5b038d6f9c29d13566261e9319551c225ca44ef7d0,c663b7abcf6f03a4a20838d031219eb4c0eb44eb6cc4c10044bae2449b568a1e,source_bytes_and_line_range_verified,open_evidence_gap,unchanged_not_reassessed
static-catalog/registration-provenance/unresolved-rows.jsonl,74,192cf184081dba4dd017a22009024bccdf867291eda9471480c8a6d1de594e49,e00855a235206c00ab7d16a94cdafb111a3d3ac3b9bd443a996a25ae8630c368,static-catalog/argument-inventory-roots.jsonl,1799,77ab3512fc5bc771fdefa93c0751ab519e9885868520a5f45a1550c96dd865f5,ee1abaaf942826ec3318474b158ece85788792e597972b4eddc2dbd59db7f1cf,ext/openssl/ossl_bn.c,1223,static-catalog/files-scanned.csv,fe76976976e2a77c37581f7075f8f322d5207e396e52255257617abff0d99936,653613568749c88e719a0eef11ec69f7ed6313e5b99aab37331bcb1471dbda09,c4a1a5782379bac01babd812b2491608f23f2bd1df92d1f8ed424ca06e5599c7,source_bytes_and_line_range_verified,open_evidence_gap,unchanged_not_reassessed
static-catalog/registration-provenance/unresolved-rows.jsonl,75,192cf184081dba4dd017a22009024bccdf867291eda9471480c8a6d1de594e49,4fd6aabfd183418e9b0bcbd31a6a9cfcee90f59280ba4ec890146f4c9d425df6,static-catalog/argument-inventory-roots.jsonl,1800,77ab3512fc5bc771fdefa93c0751ab519e9885868520a5f45a1550c96dd865f5,613873bd59045ff1f7cfd42a2df2bb672526f00a86136281d701531c1afa7f21,ext/openssl/ossl_bn.c,1224,static-catalog/files-scanned.csv,fe76976976e2a77c37581f7075f8f322d5207e396e52255257617abff0d99936,653613568749c88e719a0eef11ec69f7ed6313e5b99aab37331bcb1471dbda09,f2401c7af1be012ae0d184f833862080e574b7d087b0ea0b4027196618c83c93,source_bytes_and_line_range_verified,open_evidence_gap,unchanged_not_reassessed
static-catalog/registration-provenance/unresolved-rows.jsonl,76,192cf184081dba4dd017a22009024bccdf867291eda9471480c8a6d1de594e49,8aab4deed6cc24fec9a289ecf70951603d80a3c3a2658433925dbaadd3f47d58,static-catalog/argument-inventory-roots.jsonl,1801,77ab3512fc5bc771fdefa93c0751ab519e9885868520a5f45a1550c96dd865f5,892d9d36d7cc1a833bcfda8221ebebde3a0235ab92551772789a402708753dcc,ext/openssl/ossl_bn.c,1228,static-catalog/files-scanned.csv,fe76976976e2a77c37581f7075f8f322d5207e396e52255257617abff0d99936,653613568749c88e719a0eef11ec69f7ed6313e5b99aab37331bcb1471dbda09,a11a5edafacce020aae66e9750a94aac3eb70aea6b9392d2b7230d29bfc8d7b4,source_bytes_and_line_range_verified,open_evidence_gap,unchanged_not_reassessed
static-catalog/registration-provenance/unresolved-rows.jsonl,77,192cf184081dba4dd017a22009024bccdf867291eda9471480c8a6d1de594e49,a17c491e0d17c0b127d5a9d41d36602c52a6543b03d08ee1e3ad0d04fed6cebc,static-catalog/argument-inventory-roots.jsonl,1802,77ab3512fc5bc771fdefa93c0751ab519e9885868520a5f45a1550c96dd865f5,78709961da2f81c728de34a7587788cc7c8937f83e1d7af5badeae218dc88b23,ext/openssl/ossl_bn.c,1229,static-catalog/files-scanned.csv,fe76976976e2a77c37581f7075f8f322d5207e396e52255257617abff0d99936,653613568749c88e719a0eef11ec69f7ed6313e5b99aab37331bcb1471dbda09,a9c9e9b87c81b6a9465f94288e182dba24c5eb86745d4fff2cc1f672e7eaa13a,source_bytes_and_line_range_verified,open_evidence_gap,unchanged_not_reassessed
static-catalog/registration-provenance/unresolved-rows.jsonl,78,192cf184081dba4dd017a22009024bccdf867291eda9471480c8a6d1de594e49,539061645ab61ef8c0c16eb12989bed98102bc258736bfe79792aa0c1955807e,static-catalog/argument-inventory-roots.jsonl,1806,77ab3512fc5bc771fdefa93c0751ab519e9885868520a5f45a1550c96dd865f5,0b8164825b8c1c1ef861ed5291b29b2fd6b0c992b057d996c9eed501edd253b9,ext/openssl/ossl_bn.c,1236,static-catalog/files-scanned.csv,fe76976976e2a77c37581f7075f8f322d5207e396e52255257617abff0d99936,653613568749c88e719a0eef11ec69f7ed6313e5b99aab37331bcb1471dbda09,9449bb11b534c2533355d1ca9d0724a8b3c339fefdd6ac4d02c15a19d3cc3cc6,source_bytes_and_line_range_verified,open_evidence_gap,unchanged_not_reassessed
static-catalog/registration-provenance/unresolved-rows.jsonl,79,192cf184081dba4dd017a22009024bccdf867291eda9471480c8a6d1de594e49,57adee8e648bb3c72092f330b6831bd18da55ba812cce3e49fa4bc85d7edf6d5,static-catalog/argument-inventory-roots.jsonl,1807,77ab3512fc5bc771fdefa93c0751ab519e9885868520a5f45a1550c96dd865f5,d57b050a7661d39c1a85be5f4cefb3186965149150549aaf647a7b4d58367062,ext/openssl/ossl_bn.c,1237,static-catalog/files-scanned.csv,fe76976976e2a77c37581f7075f8f322d5207e396e52255257617abff0d99936,653613568749c88e719a0eef11ec69f7ed6313e5b99aab37331bcb1471dbda09,f8a3c39e41cac3c0eab7f25a0e06021472404c8659d362cd98e96be7d752f859,source_bytes_and_line_range_verified,open_evidence_gap,unchanged_not_reassessed
static-catalog/registration-provenance/unresolved-rows.jsonl,80,192cf184081dba4dd017a22009024bccdf867291eda9471480c8a6d1de594e49,0ced9d80694cde61e6f766eaacf42f3a6df54322c513de370f6180bdc4a1b95f,static-catalog/argument-inventory-roots.jsonl,1808,77ab3512fc5bc771fdefa93c0751ab519e9885868520a5f45a1550c96dd865f5,3225001d495f455866cb96053a417a9c081f236e8a7c758a7c39e9d82f2be8b5,ext/openssl/ossl_bn.c,1238,static-catalog/files-scanned.csv,fe76976976e2a77c37581f7075f8f322d5207e396e52255257617abff0d99936,653613568749c88e719a0eef11ec69f7ed6313e5b99aab37331bcb1471dbda09,3465a3305016dfca795b0d4e1dea97f29cc1c23eed0c5055da70653b85c9e215,source_bytes_and_line_range_verified,open_evidence_gap,unchanged_not_reassessed
static-catalog/registration-provenance/unresolved-rows.jsonl,81,192cf184081dba4dd017a22009024bccdf867291eda9471480c8a6d1de594e49,9249915da753a15b828cf39c7e554a1bde511d62edfe70103cc3fb32fb259548,static-catalog/argument-inventory-roots.jsonl,1809,77ab3512fc5bc771fdefa93c0751ab519e9885868520a5f45a1550c96dd865f5,1ba4f7183d385e6761c81b37c28289c966c1a8d8c92d6e99d3195638b7a2e31a,ext/openssl/ossl_bn.c,1239,static-catalog/files-scanned.csv,fe76976976e2a77c37581f7075f8f322d5207e396e52255257617abff0d99936,653613568749c88e719a0eef11ec69f7ed6313e5b99aab37331bcb1471dbda09,2923bb46b2239d8057eee074e0ee06935db0791658cd439a0e69142710626c0f,source_bytes_and_line_range_verified,open_evidence_gap,unchanged_not_reassessed
static-catalog/registration-provenance/unresolved-rows.jsonl,82,192cf184081dba4dd017a22009024bccdf867291eda9471480c8a6d1de594e49,0367fb3224b13b9f2257506cfe43b3e08fb36fa3db7895722a73890aadba859a,static-catalog/argument-inventory-roots.jsonl,1810,77ab3512fc5bc771fdefa93c0751ab519e9885868520a5f45a1550c96dd865f5,d752127043589e487e312052620f530d6c045e19911064ddb60ce60a9792b5d0,ext/openssl/ossl_bn.c,1240,static-catalog/files-scanned.csv,fe76976976e2a77c37581f7075f8f322d5207e396e52255257617abff0d99936,653613568749c88e719a0eef11ec69f7ed6313e5b99aab37331bcb1471dbda09,357c28aac3f28db7edc3a477698cf0cf630ecdabf0456fa89a18fad8e897b90c,source_bytes_and_line_range_verified,open_evidence_gap,unchanged_not_reassessed
static-catalog/registration-provenance/unresolved-rows.jsonl,83,192cf184081dba4dd017a22009024bccdf867291eda9471480c8a6d1de594e49,ad0bda8e1332683b9ace477e2ed0785b94f4eaa5418d667a24785ff31ea53622,static-catalog/argument-inventory-roots.jsonl,1811,77ab3512fc5bc771fdefa93c0751ab519e9885868520a5f45a1550c96dd865f5,2b9489f1d58c46582eddafa770d2d448105f0cbb9dbdb309d45b8a28bb4c935f,ext/openssl/ossl_bn.c,1241,static-catalog/files-scanned.csv,fe76976976e2a77c37581f7075f8f322d5207e396e52255257617abff0d99936,653613568749c88e719a0eef11ec69f7ed6313e5b99aab37331bcb1471dbda09,68aad4727c36d77160339e233fa923e389c64981fd22da21be38c10263c3a3ca,source_bytes_and_line_range_verified,open_evidence_gap,unchanged_not_reassessed
static-catalog/registration-provenance/unresolved-rows.jsonl,84,192cf184081dba4dd017a22009024bccdf867291eda9471480c8a6d1de594e49,67928820bea947aae3ff7754beb7e22cb63b9e961e4a8ccf1b1978e50d284a19,static-catalog/argument-inventory-roots.jsonl,1812,77ab3512fc5bc771fdefa93c0751ab519e9885868520a5f45a1550c96dd865f5,dc75846f30c1d389f6a1267173ebfe6a43313ca6bb94b6a4800cf4e2a952e9b0,ext/openssl/ossl_bn.c,1244,static-catalog/files-scanned.csv,fe76976976e2a77c37581f7075f8f322d5207e396e52255257617abff0d99936,653613568749c88e719a0eef11ec69f7ed6313e5b99aab37331bcb1471dbda09,489a3ebe1d8386dae5db2f99e19b650b0b585948d25c86f606f5120fc98f73f2,source_bytes_and_line_range_verified,open_evidence_gap,unchanged_not_reassessed
static-catalog/registration-provenance/unresolved-rows.jsonl,85,192cf184081dba4dd017a22009024bccdf867291eda9471480c8a6d1de594e49,e50f98db0674e25bc822777f3cbeb91b6427e8c3b5a7266f91531ef3552d6cf5,static-catalog/argument-inventory-roots.jsonl,1813,77ab3512fc5bc771fdefa93c0751ab519e9885868520a5f45a1550c96dd865f5,27ee49f8520626150890b9e8e8b3e23f55f7b0b17405b1d642bf033b5be37aad,ext/openssl/ossl_bn.c,1245,static-catalog/files-scanned.csv,fe76976976e2a77c37581f7075f8f322d5207e396e52255257617abff0d99936,653613568749c88e719a0eef11ec69f7ed6313e5b99aab37331bcb1471dbda09,121142cf6a7a4cf3a2f8a23652aaa23e063cf7543d7c880ae9b2133773b8928a,source_bytes_and_line_range_verified,open_evidence_gap,unchanged_not_reassessed
static-catalog/registration-provenance/unresolved-rows.jsonl,86,192cf184081dba4dd017a22009024bccdf867291eda9471480c8a6d1de594e49,9e2e8ac9191ca624d7b61aa306365f1be1003cb9baa9beb623eea1ee371b6337,static-catalog/argument-inventory-roots.jsonl,1814,77ab3512fc5bc771fdefa93c0751ab519e9885868520a5f45a1550c96dd865f5,ed4e72908b2505b9ee514e166bc4fa0191e854b1c956da21b87096af98feba55,ext/openssl/ossl_bn.c,1246,static-catalog/files-scanned.csv,fe76976976e2a77c37581f7075f8f322d5207e396e52255257617abff0d99936,653613568749c88e719a0eef11ec69f7ed6313e5b99aab37331bcb1471dbda09,7a045cde9c62332e7a0b4092acc480127c7517e14ca7cdf1f724156d1d11a7e2,source_bytes_and_line_range_verified,open_evidence_gap,unchanged_not_reassessed
static-catalog/registration-provenance/unresolved-rows.jsonl,87,192cf184081dba4dd017a22009024bccdf867291eda9471480c8a6d1de594e49,413e519a7d5687f0e3a1e780d0dd56b68563eedb7241fc9abe81a85d07fc183d,static-catalog/argument-inventory-roots.jsonl,1815,77ab3512fc5bc771fdefa93c0751ab519e9885868520a5f45a1550c96dd865f5,d5d7f65038d6b154935a229cc17f6e2b1b2123760bc23562d54cfa64d0d49d8b,ext/openssl/ossl_bn.c,1247,static-catalog/files-scanned.csv,fe76976976e2a77c37581f7075f8f322d5207e396e52255257617abff0d99936,653613568749c88e719a0eef11ec69f7ed6313e5b99aab37331bcb1471dbda09,fb72460551e8cadba8cd5c0f42b055039df4ba0bb3be04430da09af1e45b2825,source_bytes_and_line_range_verified,open_evidence_gap,unchanged_not_reassessed
static-catalog/registration-provenance/unresolved-rows.jsonl,88,192cf184081dba4dd017a22009024bccdf867291eda9471480c8a6d1de594e49,0988753bc3972de647972c7d4c46225ec97953adb7be935d006477b67dd15f2f,static-catalog/argument-inventory-roots.jsonl,1816,77ab3512fc5bc771fdefa93c0751ab519e9885868520a5f45a1550c96dd865f5,4031f92aafff2bfc9dff86ae0878078a3ba6f60a828ad2f293e604f97d0839ec,ext/openssl/ossl_bn.c,1248,static-catalog/files-scanned.csv,fe76976976e2a77c37581f7075f8f322d5207e396e52255257617abff0d99936,653613568749c88e719a0eef11ec69f7ed6313e5b99aab37331bcb1471dbda09,826bce24047329eaffe5459c2a5eeb0c7ff3fef6ca3fc742ddb8539f8be63ac5,source_bytes_and_line_range_verified,open_evidence_gap,unchanged_not_reassessed
static-catalog/registration-provenance/unresolved-rows.jsonl,89,192cf184081dba4dd017a22009024bccdf867291eda9471480c8a6d1de594e49,226413b8d12e1d0f48cfd779cc497b3fad6ca73eec5d1c3617ef7317ae8a8680,static-catalog/argument-inventory-roots.jsonl,1817,77ab3512fc5bc771fdefa93c0751ab519e9885868520a5f45a1550c96dd865f5,810f112e5f818db70fae67ea97f8cc440056da84ec2a1778b6caef522ade17c8,ext/openssl/ossl_bn.c,1249,static-catalog/files-scanned.csv,fe76976976e2a77c37581f7075f8f322d5207e396e52255257617abff0d99936,653613568749c88e719a0eef11ec69f7ed6313e5b99aab37331bcb1471dbda09,cd1ccae0f9fc7dda91fabdb51a6b1def330e45cf74aad67abd8386930e957433,source_bytes_and_line_range_verified,open_evidence_gap,unchanged_not_reassessed
static-catalog/registration-provenance/unresolved-rows.jsonl,90,192cf184081dba4dd017a22009024bccdf867291eda9471480c8a6d1de594e49,d48646c9dc612ab75a25083b5475b412e7b7b08f6a7c73f518928f14984b4811,static-catalog/argument-inventory-roots.jsonl,1818,77ab3512fc5bc771fdefa93c0751ab519e9885868520a5f45a1550c96dd865f5,8f4fbc69c0d4d68322bab566c1d12acd32d0f5a737cce9c35d0c2b7781d01253,ext/openssl/ossl_bn.c,1250,static-catalog/files-scanned.csv,fe76976976e2a77c37581f7075f8f322d5207e396e52255257617abff0d99936,653613568749c88e719a0eef11ec69f7ed6313e5b99aab37331bcb1471dbda09,ae06ab04c590043a0d0182de895f0a1ad7bd4092d5df77d3a8201b2634c82a67,source_bytes_and_line_range_verified,open_evidence_gap,unchanged_not_reassessed
static-catalog/registration-provenance/unresolved-rows.jsonl,91,192cf184081dba4dd017a22009024bccdf867291eda9471480c8a6d1de594e49,30db3af1089ad997acf8635a859c67ee4d55474e27f1f36e1a657cfea6578a74,static-catalog/argument-inventory-roots.jsonl,1819,77ab3512fc5bc771fdefa93c0751ab519e9885868520a5f45a1550c96dd865f5,49f9da1285732695cf76426ff5d6178f279fec85535ff40358b5ed5903f76f55,ext/openssl/ossl_bn.c,1251,static-catalog/files-scanned.csv,fe76976976e2a77c37581f7075f8f322d5207e396e52255257617abff0d99936,653613568749c88e719a0eef11ec69f7ed6313e5b99aab37331bcb1471dbda09,46eb6f977f0f8ba65c0157ccc8a46291d5788b7e61c1420c021de457af1f5278,source_bytes_and_line_range_verified,open_evidence_gap,unchanged_not_reassessed
static-catalog/registration-provenance/unresolved-rows.jsonl,92,192cf184081dba4dd017a22009024bccdf867291eda9471480c8a6d1de594e49,2f8200242da67eb94c3f96f3b0807526a3fd520b04fedc44cdec52e1ba354f7e,static-catalog/argument-inventory-roots.jsonl,1820,77ab3512fc5bc771fdefa93c0751ab519e9885868520a5f45a1550c96dd865f5,47285b52bb0c79114077745b24c12e38f70825d56b678ef59f5dd55c4017028e,ext/openssl/ossl_bn.c,1259,static-catalog/files-scanned.csv,fe76976976e2a77c37581f7075f8f322d5207e396e52255257617abff0d99936,653613568749c88e719a0eef11ec69f7ed6313e5b99aab37331bcb1471dbda09,8dd7fabe43b8b037cdc4464d6eeddcc4b93d328864cb62f81338ade50f991ef6,source_bytes_and_line_range_verified,open_evidence_gap,unchanged_not_reassessed
static-catalog/registration-provenance/unresolved-rows.jsonl,93,192cf184081dba4dd017a22009024bccdf867291eda9471480c8a6d1de594e49,aac20439f54ed40b1578f630378d65c2548084fb61719ff4b4b075250b64277c,static-catalog/argument-inventory-roots.jsonl,1821,77ab3512fc5bc771fdefa93c0751ab519e9885868520a5f45a1550c96dd865f5,bb173f81835322e2cab13d60496ca502ce9a86cf909b3be1821483b4897993b8,ext/openssl/ossl_bn.c,1261,static-catalog/files-scanned.csv,fe76976976e2a77c37581f7075f8f322d5207e396e52255257617abff0d99936,653613568749c88e719a0eef11ec69f7ed6313e5b99aab37331bcb1471dbda09,7a8f8c90649bab243c4f2fdec2e7f9a875e300fbfaf65faf229af4b5b045daf6,source_bytes_and_line_range_verified,open_evidence_gap,unchanged_not_reassessed
static-catalog/registration-provenance/unresolved-rows.jsonl,94,192cf184081dba4dd017a22009024bccdf867291eda9471480c8a6d1de594e49,5d969eb1efdad4e891db845dca5975793494a1d4bf75ff1feec02aa6ddbd5306,static-catalog/argument-inventory-roots.jsonl,1824,77ab3512fc5bc771fdefa93c0751ab519e9885868520a5f45a1550c96dd865f5,565fca7aafbf213bc873ed2ae853377f2353cb72321602baf9e92acd36bf15b6,ext/openssl/ossl_bn.c,1264,static-catalog/files-scanned.csv,fe76976976e2a77c37581f7075f8f322d5207e396e52255257617abff0d99936,653613568749c88e719a0eef11ec69f7ed6313e5b99aab37331bcb1471dbda09,24b2386f60f56ea2ffc71a9565345077b8ec3d7f7721ad4e899c53008df08329,source_bytes_and_line_range_verified,open_evidence_gap,unchanged_not_reassessed
static-catalog/registration-provenance/unresolved-rows.jsonl,95,192cf184081dba4dd017a22009024bccdf867291eda9471480c8a6d1de594e49,0bd853b29c7aa8097aadf45e9182f49b647670d37590248c0ec1ef9771548fa1,static-catalog/argument-inventory-roots.jsonl,1825,77ab3512fc5bc771fdefa93c0751ab519e9885868520a5f45a1550c96dd865f5,1c9243e4e9a882ea481392fbfb87f4642e214ac8095059b3aec427581e57025e,ext/openssl/ossl_bn.c,1266,static-catalog/files-scanned.csv,fe76976976e2a77c37581f7075f8f322d5207e396e52255257617abff0d99936,653613568749c88e719a0eef11ec69f7ed6313e5b99aab37331bcb1471dbda09,5ba44bdebb60a6c36a0bb56e4878d26fa8b101243ad9fc96856c90edcb3f223c,source_bytes_and_line_range_verified,open_evidence_gap,unchanged_not_reassessed
static-catalog/registration-provenance/unresolved-rows.jsonl,96,192cf184081dba4dd017a22009024bccdf867291eda9471480c8a6d1de594e49,891e3567520ee192a50ae53386a21ad505b068f32e88e5d61c727aba8593fb5b,static-catalog/argument-inventory-roots.jsonl,1826,77ab3512fc5bc771fdefa93c0751ab519e9885868520a5f45a1550c96dd865f5,e33a4ccf2f3947a0a5c5a7695a6b2773d33ebe4413537018deacd957995eee00,ext/openssl/ossl_bn.c,1267,static-catalog/files-scanned.csv,fe76976976e2a77c37581f7075f8f322d5207e396e52255257617abff0d99936,653613568749c88e719a0eef11ec69f7ed6313e5b99aab37331bcb1471dbda09,25c338bc2ccb7f6b57b78c5091ccf455b3c4ef9fad29263d54b23e2c93d20bd5,source_bytes_and_line_range_verified,open_evidence_gap,unchanged_not_reassessed
static-catalog/registration-provenance/unresolved-rows.jsonl,97,192cf184081dba4dd017a22009024bccdf867291eda9471480c8a6d1de594e49,7f0ed5d4a1ca1b37586f11c830cdf151e6ccdea829f4f80be094bf8eb525efd3,static-catalog/argument-inventory-roots.jsonl,1827,77ab3512fc5bc771fdefa93c0751ab519e9885868520a5f45a1550c96dd865f5,25440653516e58075c5dd79a2d25581d6c88c3111415fd29b58713029160eded,ext/openssl/ossl_bn.c,1269,static-catalog/files-scanned.csv,fe76976976e2a77c37581f7075f8f322d5207e396e52255257617abff0d99936,653613568749c88e719a0eef11ec69f7ed6313e5b99aab37331bcb1471dbda09,3101f8b3083bb08e1343c8d08b1db522c605932f797f31c37829308f04d9fb72,source_bytes_and_line_range_verified,open_evidence_gap,unchanged_not_reassessed
static-catalog/registration-provenance/unresolved-rows.jsonl,98,192cf184081dba4dd017a22009024bccdf867291eda9471480c8a6d1de594e49,9ffebdcb814863c3c976e5dec9e39bab36492baa3f10155069ae7929dc5cb582,static-catalog/argument-inventory-roots.jsonl,1828,77ab3512fc5bc771fdefa93c0751ab519e9885868520a5f45a1550c96dd865f5,c6e5a48a02f28cd3ae3b5e0ba419ca3b1ba6d1f68ae38470751b2f60f124bc19,ext/openssl/ossl_bn.c,1270,static-catalog/files-scanned.csv,fe76976976e2a77c37581f7075f8f322d5207e396e52255257617abff0d99936,653613568749c88e719a0eef11ec69f7ed6313e5b99aab37331bcb1471dbda09,ac058deea477cc2d26fc986b5449cf29ffa8c36a00896be207716fd99a29068d,source_bytes_and_line_range_verified,open_evidence_gap,unchanged_not_reassessed
static-catalog/registration-provenance/unresolved-rows.jsonl,99,192cf184081dba4dd017a22009024bccdf867291eda9471480c8a6d1de594e49,b6ca75f3d6582e72b6b99bd06fc0d269ed89c04a824312b5a88c692533e21559,static-catalog/argument-inventory-roots.jsonl,1829,77ab3512fc5bc771fdefa93c0751ab519e9885868520a5f45a1550c96dd865f5,fbd10f3aca7f33a6555dacb17fa8bb4eccf6908cb85dc7b916d309687e48f71b,ext/openssl/ossl_bn.c,1278,static-catalog/files-scanned.csv,fe76976976e2a77c37581f7075f8f322d5207e396e52255257617abff0d99936,653613568749c88e719a0eef11ec69f7ed6313e5b99aab37331bcb1471dbda09,964a3206844ea72253dde053b86d3f13cda7723f5604463aac61a229e3a74f33,source_bytes_and_line_range_verified,open_evidence_gap,unchanged_not_reassessed
static-catalog/registration-provenance/unresolved-rows.jsonl,100,192cf184081dba4dd017a22009024bccdf867291eda9471480c8a6d1de594e49,b5544eb9ac1118512647ab607b0148d35f0d0220d3ab6ee809b7db3c66f669a7,static-catalog/argument-inventory-roots.jsonl,1830,77ab3512fc5bc771fdefa93c0751ab519e9885868520a5f45a1550c96dd865f5,c78bded64134ce38045768e435bfa224401a651efef461485006825666fd7e3d,ext/openssl/ossl_bn.c,1279,static-catalog/files-scanned.csv,fe76976976e2a77c37581f7075f8f322d5207e396e52255257617abff0d99936,653613568749c88e719a0eef11ec69f7ed6313e5b99aab37331bcb1471dbda09,45d39de7f6acc29080e886f79b7db615bf7da0b7bcd333fbbffeeff3c9b3f6e3,source_bytes_and_line_range_verified,open_evidence_gap,unchanged_not_reassessed
static-catalog/registration-provenance/unresolved-rows.jsonl,101,192cf184081dba4dd017a22009024bccdf867291eda9471480c8a6d1de594e49,3e22a3fbfa9bd6e26017dbc6b30154d33dec162ce30f9fb537a6eba8e8acefe4,static-catalog/argument-inventory-roots.jsonl,1831,77ab3512fc5bc771fdefa93c0751ab519e9885868520a5f45a1550c96dd865f5,95a82ec73c7440960a9fac44e2fe05f22a94bee2a8917eef426b9ba64717f34a,ext/openssl/ossl_bn.c,1283,static-catalog/files-scanned.csv,fe76976976e2a77c37581f7075f8f322d5207e396e52255257617abff0d99936,653613568749c88e719a0eef11ec69f7ed6313e5b99aab37331bcb1471dbda09,f658a58a5b7b9036fec30eaa90a888300e31861112d4383530c2cebf1e8483f6,source_bytes_and_line_range_verified,open_evidence_gap,unchanged_not_reassessed
static-catalog/registration-provenance/unresolved-rows.jsonl,102,192cf184081dba4dd017a22009024bccdf867291eda9471480c8a6d1de594e49,6b7a484790fb5bee7f93da33bd98509edfe71d97e333cae2d1ad36da06a50eac,static-catalog/argument-inventory-roots.jsonl,1834,77ab3512fc5bc771fdefa93c0751ab519e9885868520a5f45a1550c96dd865f5,90531554ced0420930a5e99c5612a43ad98f519f6babae277887007545a94f64,ext/openssl/ossl_bn.c,1287,static-catalog/files-scanned.csv,fe76976976e2a77c37581f7075f8f322d5207e396e52255257617abff0d99936,653613568749c88e719a0eef11ec69f7ed6313e5b99aab37331bcb1471dbda09,3e6bea0700e07b3a4280d9dba71fe753fb80b5def45ca1da60a9342877fdb297,source_bytes_and_line_range_verified,open_evidence_gap,unchanged_not_reassessed
static-catalog/registration-provenance/unresolved-rows.jsonl,103,192cf184081dba4dd017a22009024bccdf867291eda9471480c8a6d1de594e49,015d9ff5cb3a9b2f3c2eb44dbe2225c464862113193bbe1beef2f61ea6eef5c6,static-catalog/argument-inventory-roots.jsonl,1835,77ab3512fc5bc771fdefa93c0751ab519e9885868520a5f45a1550c96dd865f5,2429b0395f658374662e2f1992e2c705885f586d2ab4ee30dbcd5a61246bd80f,ext/openssl/ossl_bn.c,1288,static-catalog/files-scanned.csv,fe76976976e2a77c37581f7075f8f322d5207e396e52255257617abff0d99936,653613568749c88e719a0eef11ec69f7ed6313e5b99aab37331bcb1471dbda09,83b33b345cd3bd640a099545ba9f43c6d93d1adf776e0e59966d707ec28773c3,source_bytes_and_line_range_verified,open_evidence_gap,unchanged_not_reassessed
static-catalog/registration-provenance/unresolved-rows.jsonl,104,192cf184081dba4dd017a22009024bccdf867291eda9471480c8a6d1de594e49,ff5af9610b31258f8928679977a03380f5d36e5c53d28dd2f468a53404c3d46f,static-catalog/argument-inventory-roots.jsonl,1836,77ab3512fc5bc771fdefa93c0751ab519e9885868520a5f45a1550c96dd865f5,be3dc43806b313acfddb9b200f580fd51dc0645dca71027e23bd6cc66cce9b4d,ext/openssl/ossl_bn.c,1289,static-catalog/files-scanned.csv,fe76976976e2a77c37581f7075f8f322d5207e396e52255257617abff0d99936,653613568749c88e719a0eef11ec69f7ed6313e5b99aab37331bcb1471dbda09,a250c096dc97377c13064d1b3a4e388091877110fb97798b5dffd7a007ca7dc6,source_bytes_and_line_range_verified,open_evidence_gap,unchanged_not_reassessed
static-catalog/registration-provenance/unresolved-rows.jsonl,105,192cf184081dba4dd017a22009024bccdf867291eda9471480c8a6d1de594e49,db16e8091556a5495ab277dafb5938275788ee1bb7b51f1b9b7bdd919a82235e,static-catalog/argument-inventory-roots.jsonl,1837,77ab3512fc5bc771fdefa93c0751ab519e9885868520a5f45a1550c96dd865f5,163c508b81876993639c0b11ed86128b68f2585385a69c31aaf9478851cf6544,ext/openssl/ossl_bn.c,1290,static-catalog/files-scanned.csv,fe76976976e2a77c37581f7075f8f322d5207e396e52255257617abff0d99936,653613568749c88e719a0eef11ec69f7ed6313e5b99aab37331bcb1471dbda09,95deae8386f7cc5f710584401d147cc222899eb99416b5f97a813975d7e0db9c,source_bytes_and_line_range_verified,open_evidence_gap,unchanged_not_reassessed
static-catalog/registration-provenance/unresolved-rows.jsonl,106,192cf184081dba4dd017a22009024bccdf867291eda9471480c8a6d1de594e49,ebad0d887ca80a042c5aeac3475bf846e5a530fe60a0d3cbb841ee07ced4ed6a,static-catalog/argument-inventory-roots.jsonl,1838,77ab3512fc5bc771fdefa93c0751ab519e9885868520a5f45a1550c96dd865f5,fd5200f779d70e468e6911e17b09d758e5c77140072981b9aaa58b613107b324,ext/openssl/ossl_bn.c,1291,static-catalog/files-scanned.csv,fe76976976e2a77c37581f7075f8f322d5207e396e52255257617abff0d99936,653613568749c88e719a0eef11ec69f7ed6313e5b99aab37331bcb1471dbda09,cf3cf4246e9a54b5a477ef069343ab386a22c663b6a9fdd9c0830f3479e76db3,source_bytes_and_line_range_verified,open_evidence_gap,unchanged_not_reassessed
static-catalog/registration-provenance/unresolved-rows.jsonl,107,192cf184081dba4dd017a22009024bccdf867291eda9471480c8a6d1de594e49,436ea9248e81934e3c475450d02264988c8bfe1e84fd9899a52ab991dd8973c9,static-catalog/argument-inventory-roots.jsonl,1839,77ab3512fc5bc771fdefa93c0751ab519e9885868520a5f45a1550c96dd865f5,8f84d88e8a8547c2dd73d40c9a3414d371db3f25de45c92bf4bc09468b5866c8,ext/openssl/ossl_bn.c,1292,static-catalog/files-scanned.csv,fe76976976e2a77c37581f7075f8f322d5207e396e52255257617abff0d99936,653613568749c88e719a0eef11ec69f7ed6313e5b99aab37331bcb1471dbda09,46bc59ca92923f0301579c83a4456f821ed46a792ff20d8b9f3ffd31c73f8ae7,source_bytes_and_line_range_verified,open_evidence_gap,unchanged_not_reassessed
static-catalog/registration-provenance/unresolved-rows.jsonl,108,192cf184081dba4dd017a22009024bccdf867291eda9471480c8a6d1de594e49,f649f1fa3b877af7b03a915e5c25360192799d7fda21f2cf74b5f542b3ce5a8b,static-catalog/argument-inventory-roots.jsonl,1840,77ab3512fc5bc771fdefa93c0751ab519e9885868520a5f45a1550c96dd865f5,447306b69810d38d0cb936323338142a622da606d158117ec3050354549f58be,ext/openssl/ossl_bn.c,1293,static-catalog/files-scanned.csv,fe76976976e2a77c37581f7075f8f322d5207e396e52255257617abff0d99936,653613568749c88e719a0eef11ec69f7ed6313e5b99aab37331bcb1471dbda09,32ef0fc102c24ce2c8a1108d361cfdc81891a9b423c99321d769cf380acd48be,source_bytes_and_line_range_verified,open_evidence_gap,unchanged_not_reassessed
static-catalog/registration-provenance/unresolved-rows.jsonl,109,192cf184081dba4dd017a22009024bccdf867291eda9471480c8a6d1de594e49,873b80e484064af2331ddd6167f177c3bdc853d3b98eeb4017ea5e5658f376d3,static-catalog/argument-inventory-roots.jsonl,1841,77ab3512fc5bc771fdefa93c0751ab519e9885868520a5f45a1550c96dd865f5,c066c385aa3aa05c9d347a861bc79a5028357cdd147617fa735362d3aae529fd,ext/openssl/ossl_bn.c,1294,static-catalog/files-scanned.csv,fe76976976e2a77c37581f7075f8f322d5207e396e52255257617abff0d99936,653613568749c88e719a0eef11ec69f7ed6313e5b99aab37331bcb1471dbda09,71cfa4c07b3be9375418a7d1e48f32d76df3a127b5c1e07e05830448a1b5bc8b,source_bytes_and_line_range_verified,open_evidence_gap,unchanged_not_reassessed
static-catalog/registration-provenance/unresolved-rows.jsonl,110,192cf184081dba4dd017a22009024bccdf867291eda9471480c8a6d1de594e49,8f3826e794e5663ecb9241743b0a64ba44d4a17f6bc7cfad8ae408ec50d5d993,static-catalog/argument-inventory-roots.jsonl,1848,77ab3512fc5bc771fdefa93c0751ab519e9885868520a5f45a1550c96dd865f5,c74231cd93a4cef40a22864bdf8eda37f9a71e535306ba1587930920592dabbd,ext/openssl/ossl_bn.c,1340,static-catalog/files-scanned.csv,fe76976976e2a77c37581f7075f8f322d5207e396e52255257617abff0d99936,653613568749c88e719a0eef11ec69f7ed6313e5b99aab37331bcb1471dbda09,6feba795e8a50cd3bf91935e5de730a88e8479a00b7bc6cbb448b6031621ffaa,source_bytes_and_line_range_verified,open_evidence_gap,unchanged_not_reassessed
static-catalog/registration-provenance/unresolved-rows.jsonl,111,192cf184081dba4dd017a22009024bccdf867291eda9471480c8a6d1de594e49,bdbc1857b04764048f27dddefdea1654e5990aa2f78275f59570b1156eeac394,static-catalog/argument-inventory-roots.jsonl,2062,77ab3512fc5bc771fdefa93c0751ab519e9885868520a5f45a1550c96dd865f5,88e91365912e0e927b2baf784684ba5719991eda4113e8bc0a925390801f7466,ext/openssl/ossl_pkey_dh.c,446,static-catalog/files-scanned.csv,fe76976976e2a77c37581f7075f8f322d5207e396e52255257617abff0d99936,7d51753144e15833c551a5a0af25c7248cd76a21bb2fc44f37798fd7d94529ea,519dc37dd0e956e3401c6e4d110669cc3dd0883091447ef38a3c65a664de36e0,source_bytes_and_line_range_verified,open_evidence_gap,unchanged_not_reassessed
static-catalog/registration-provenance/unresolved-rows.jsonl,112,192cf184081dba4dd017a22009024bccdf867291eda9471480c8a6d1de594e49,575833f0a6a1ed0f618d23c512b18125d07c1c48cd4f33767e4d2a655b0087f0,static-catalog/argument-inventory-roots.jsonl,2063,77ab3512fc5bc771fdefa93c0751ab519e9885868520a5f45a1550c96dd865f5,39b5a4996770bd7839e221166300314e854c441dadd1fdd88448aa46720f4d28,ext/openssl/ossl_pkey_dh.c,447,static-catalog/files-scanned.csv,fe76976976e2a77c37581f7075f8f322d5207e396e52255257617abff0d99936,7d51753144e15833c551a5a0af25c7248cd76a21bb2fc44f37798fd7d94529ea,3e211a8c8c84a37dae79496778801471dd6555885deeeeafe65d7858cd2abaf3,source_bytes_and_line_range_verified,open_evidence_gap,unchanged_not_reassessed
static-catalog/registration-provenance/unresolved-rows.jsonl,113,192cf184081dba4dd017a22009024bccdf867291eda9471480c8a6d1de594e49,27c917ae2924d6d935193dcecac6e0b54d04e3b18f662d12bbe1ab916289e557,static-catalog/argument-inventory-roots.jsonl,2071,77ab3512fc5bc771fdefa93c0751ab519e9885868520a5f45a1550c96dd865f5,28b76b78397a810b29f7c2c509c03a99326b20bdae8771d7983b0719cdf0942a,ext/openssl/ossl_pkey_dsa.c,399,static-catalog/files-scanned.csv,fe76976976e2a77c37581f7075f8f322d5207e396e52255257617abff0d99936,58f17c241c1b7a69227ecfd961d81f453f3d97222e75df10a91f60264a5831fa,ef0d819aeda30b54c5435e6509555d2c7f78916e7726f8927a3f8946eeb48d39,source_bytes_and_line_range_verified,open_evidence_gap,unchanged_not_reassessed
static-catalog/registration-provenance/unresolved-rows.jsonl,114,192cf184081dba4dd017a22009024bccdf867291eda9471480c8a6d1de594e49,77553cd653e7fa61c98ad425d3ebf12fbe7862da18abdb07ef42a95c33f227c7,static-catalog/argument-inventory-roots.jsonl,2072,77ab3512fc5bc771fdefa93c0751ab519e9885868520a5f45a1550c96dd865f5,556ad19a9f3e5b1043816a953fe0b79f7727a814be53f03e1b0346cc0de6f554,ext/openssl/ossl_pkey_dsa.c,400,static-catalog/files-scanned.csv,fe76976976e2a77c37581f7075f8f322d5207e396e52255257617abff0d99936,58f17c241c1b7a69227ecfd961d81f453f3d97222e75df10a91f60264a5831fa,03e8dd97c353fd96d29b341c1e9f9e3c85b3b559e23b291cb78b28933fdcfb66,source_bytes_and_line_range_verified,open_evidence_gap,unchanged_not_reassessed
static-catalog/registration-provenance/unresolved-rows.jsonl,115,192cf184081dba4dd017a22009024bccdf867291eda9471480c8a6d1de594e49,f6b0dc6655f808e7f7ee7202dc722d793559cf4d4d8b07243a78fb6010568096,static-catalog/argument-inventory-roots.jsonl,2129,77ab3512fc5bc771fdefa93c0751ab519e9885868520a5f45a1550c96dd865f5,5fd680280dc688ce9166cc4cbc075851912c518df182f16c9f7cf3e79fb5484d,ext/openssl/ossl_pkey_rsa.c,618,static-catalog/files-scanned.csv,fe76976976e2a77c37581f7075f8f322d5207e396e52255257617abff0d99936,5798671618e81a150550607317c7f877771969261e15f251e4cec170141ca131,35d0f1d1202509c5ff79e779bd5ebeca2190bc7a7199705b2cc2b3f71ca41090,source_bytes_and_line_range_verified,open_evidence_gap,unchanged_not_reassessed
static-catalog/registration-provenance/unresolved-rows.jsonl,116,192cf184081dba4dd017a22009024bccdf867291eda9471480c8a6d1de594e49,37425a507338574d1ff038e17ea8b49c72651798fec9e46153497b11146bdc9d,static-catalog/argument-inventory-roots.jsonl,2130,77ab3512fc5bc771fdefa93c0751ab519e9885868520a5f45a1550c96dd865f5,3d73d2482930e6d9d07057fa2a92b83d83669a3f63dbd4150e7cd7e952319939,ext/openssl/ossl_pkey_rsa.c,619,static-catalog/files-scanned.csv,fe76976976e2a77c37581f7075f8f322d5207e396e52255257617abff0d99936,5798671618e81a150550607317c7f877771969261e15f251e4cec170141ca131,0e0fc2254951ec302828a29b3a56b4af51420322b397a544a409af3a9eea5d9e,source_bytes_and_line_range_verified,open_evidence_gap,unchanged_not_reassessed
static-catalog/registration-provenance/unresolved-rows.jsonl,117,192cf184081dba4dd017a22009024bccdf867291eda9471480c8a6d1de594e49,3f9026dd7aec99b647bf4de8c3d06141d27bafb06a19cea6835b02434fe126cb,static-catalog/argument-inventory-roots.jsonl,2131,77ab3512fc5bc771fdefa93c0751ab519e9885868520a5f45a1550c96dd865f5,5ba980d8d1781ac8e9a4c0744b45f9297e826414ce01be108466cb739d6c743b,ext/openssl/ossl_pkey_rsa.c,620,static-catalog/files-scanned.csv,fe76976976e2a77c37581f7075f8f322d5207e396e52255257617abff0d99936,5798671618e81a150550607317c7f877771969261e15f251e4cec170141ca131,0fcf181690ecd6e92ffb6cd5521f10fe83315b997ac78e991c455f024a4403c1,source_bytes_and_line_range_verified,open_evidence_gap,unchanged_not_reassessed
static-catalog/registration-provenance/unresolved-rows.jsonl,118,192cf184081dba4dd017a22009024bccdf867291eda9471480c8a6d1de594e49,02c235c06509fa317f757ed17e48af4feca62e36fc4c33dda666300cdd3cc63e,static-catalog/argument-inventory-roots.jsonl,2540,77ab3512fc5bc771fdefa93c0751ab519e9885868520a5f45a1550c96dd865f5,c8a53bbe198edaaa8b0c6ba8eacae27f02459b3891c357a94416aca08e012376,ext/pg_connection.c,4867,static-catalog/files-scanned.csv,fe76976976e2a77c37581f7075f8f322d5207e396e52255257617abff0d99936,0d72ef1baeda77c793d4050bde95ba35eee298d8999bef8c47922601eaa6a495,fe34fc77226fa9e8df213a1259bb4f6f07236c74934e4f7cf49523f4d5db5889,source_bytes_and_line_range_verified,open_evidence_gap,unchanged_not_reassessed
static-catalog/registration-provenance/unresolved-rows.jsonl,119,192cf184081dba4dd017a22009024bccdf867291eda9471480c8a6d1de594e49,2333c79b57de79ba930a447bf4bc5ca032a0f6b64bdea4336aeb4e1cca29e6a5,static-catalog/argument-inventory-roots.jsonl,2541,77ab3512fc5bc771fdefa93c0751ab519e9885868520a5f45a1550c96dd865f5,539991d1c33763020688a5c1dd95269fc989a44a19e2fd3a3653b4fe5efeceb4,ext/pg_connection.c,4869,static-catalog/files-scanned.csv,fe76976976e2a77c37581f7075f8f322d5207e396e52255257617abff0d99936,0d72ef1baeda77c793d4050bde95ba35eee298d8999bef8c47922601eaa6a495,4bb03e6bec989da464a17ac19bbf37b8f4bd8655eb7d1562511b91fb923a01ce,source_bytes_and_line_range_verified,open_evidence_gap,unchanged_not_reassessed
static-catalog/registration-provenance/unresolved-rows.jsonl,120,192cf184081dba4dd017a22009024bccdf867291eda9471480c8a6d1de594e49,e02a61338c468f5531feebb772ac33fdece3b65bef362c4c17654d28d9e8244f,static-catalog/argument-inventory-roots.jsonl,2548,77ab3512fc5bc771fdefa93c0751ab519e9885868520a5f45a1550c96dd865f5,73d4281be7d2cf358ef16bfdedf69446345b97d8d59e57a9589ea1610ea2aac4,ext/pg_connection.c,4885,static-catalog/files-scanned.csv,fe76976976e2a77c37581f7075f8f322d5207e396e52255257617abff0d99936,0d72ef1baeda77c793d4050bde95ba35eee298d8999bef8c47922601eaa6a495,2b5993b4f45337b72d99cc21cb690844f90330e027137e1bc381f8d5ef1c2a9e,source_bytes_and_line_range_verified,open_evidence_gap,unchanged_not_reassessed
static-catalog/registration-provenance/unresolved-rows.jsonl,121,192cf184081dba4dd017a22009024bccdf867291eda9471480c8a6d1de594e49,f38b32efcc7de9c469fb384c766233476f8b19964e815adf2cdc155da09f4436,static-catalog/argument-inventory-roots.jsonl,2549,77ab3512fc5bc771fdefa93c0751ab519e9885868520a5f45a1550c96dd865f5,8b49fdcdbca5285a53ee3b5ef7926a05a2cc6acbb8915e6259b5732f5ec7f556,ext/pg_connection.c,4887,static-catalog/files-scanned.csv,fe76976976e2a77c37581f7075f8f322d5207e396e52255257617abff0d99936,0d72ef1baeda77c793d4050bde95ba35eee298d8999bef8c47922601eaa6a495,a8719945ed0efa02cf15e2ac15d517d1641f2a13a1549810b2daed99d08ba004,source_bytes_and_line_range_verified,open_evidence_gap,unchanged_not_reassessed
static-catalog/registration-provenance/unresolved-rows.jsonl,122,192cf184081dba4dd017a22009024bccdf867291eda9471480c8a6d1de594e49,f14bfbd39e4f5f1d309a942befbe45404e1a2efd8f3b04195fcceb5d3f35da12,static-catalog/argument-inventory-roots.jsonl,2550,77ab3512fc5bc771fdefa93c0751ab519e9885868520a5f45a1550c96dd865f5,938d04822e7625475f4c5cedfb7e77aea15a95c55a88238c9dbc352f8f9064e4,ext/pg_connection.c,4889,static-catalog/files-scanned.csv,fe76976976e2a77c37581f7075f8f322d5207e396e52255257617abff0d99936,0d72ef1baeda77c793d4050bde95ba35eee298d8999bef8c47922601eaa6a495,1587312cea98822d68ff9bd36f2686ef040627b8357ceba8424b9797cba23e6b,source_bytes_and_line_range_verified,open_evidence_gap,unchanged_not_reassessed
static-catalog/registration-provenance/unresolved-rows.jsonl,123,192cf184081dba4dd017a22009024bccdf867291eda9471480c8a6d1de594e49,1ab527c523b092026615cabec14904d8eefa1dc3a01bd0c858dde35c997fbe23,static-catalog/argument-inventory-roots.jsonl,2551,77ab3512fc5bc771fdefa93c0751ab519e9885868520a5f45a1550c96dd865f5,8f20b485735205c0405c3c11dadef5c2fd043e15916438c8cb4e9b23a21f773f,ext/pg_connection.c,4891,static-catalog/files-scanned.csv,fe76976976e2a77c37581f7075f8f322d5207e396e52255257617abff0d99936,0d72ef1baeda77c793d4050bde95ba35eee298d8999bef8c47922601eaa6a495,2d6fa9122e20f53699b9a43b1c7369e059ecbd10d3b999a1c8d72f595249f872,source_bytes_and_line_range_verified,open_evidence_gap,unchanged_not_reassessed
static-catalog/registration-provenance/unresolved-rows.jsonl,124,192cf184081dba4dd017a22009024bccdf867291eda9471480c8a6d1de594e49,353db03189a7966227fa360f73d5393f72a31da20756601cc7d4419d38d90b3e,static-catalog/argument-inventory-roots.jsonl,2733,77ab3512fc5bc771fdefa93c0751ab519e9885868520a5f45a1550c96dd865f5,8389770d29db873abc8b6a55e2f2f7f79535325eab163215a5ffe86b35045799,ext/puma_http11/mini_ssl.c,850,static-catalog/files-scanned.csv,fe76976976e2a77c37581f7075f8f322d5207e396e52255257617abff0d99936,7ac9fb42f34b5d8b0ad1271a9a29443c1b77b1dc03dc1b8f11f9f0abe66e9a43,82774ea3cc9f9a00d44e85357550d3619a92854abc29e6ccdc82757ffaa40b37,source_bytes_and_line_range_verified,open_evidence_gap,unchanged_not_reassessed
static-catalog/registration-provenance/unresolved-rows.jsonl,125,192cf184081dba4dd017a22009024bccdf867291eda9471480c8a6d1de594e49,511756ec168db05d9251b93c6f710cce458600bb04de969bdb941092d555f696,static-catalog/argument-inventory-roots.jsonl,2762,77ab3512fc5bc771fdefa93c0751ab519e9885868520a5f45a1550c96dd865f5,11d27c602728e9bb37a0af90c8f82814bc2e83c5d3c40dcb8990c42894937494,ext/re2/re2.cc,2775,static-catalog/files-scanned.csv,fe76976976e2a77c37581f7075f8f322d5207e396e52255257617abff0d99936,348f0f53feb9891f96d146eb51eea6e45aaf5bdadbc78baf38f2651bc5b63392,117e54f26995cac2957c72fa95d6c4dcbfa81f24d1a5a36db5325368d524cb8d,source_bytes_and_line_range_verified,open_evidence_gap,unchanged_not_reassessed
static-catalog/registration-provenance/unresolved-rows.jsonl,126,192cf184081dba4dd017a22009024bccdf867291eda9471480c8a6d1de594e49,c61de7579fe20cbfe8640a907082ae5725c5c1e89347f2c9b6335f88e04ffa63,static-catalog/argument-inventory-roots.jsonl,2763,77ab3512fc5bc771fdefa93c0751ab519e9885868520a5f45a1550c96dd865f5,c191b4c7b4d6b1fd0784f86b5dc32827fa43e7e066cdda56c170b8bc46fe9f70,ext/re2/re2.cc,2777,static-catalog/files-scanned.csv,fe76976976e2a77c37581f7075f8f322d5207e396e52255257617abff0d99936,348f0f53feb9891f96d146eb51eea6e45aaf5bdadbc78baf38f2651bc5b63392,5c89c76b0b9bb7aa0d3747c3ec3a2f284778eb53c8956e803a083bfe1195d0d1,source_bytes_and_line_range_verified,open_evidence_gap,unchanged_not_reassessed
static-catalog/registration-provenance/unresolved-rows.jsonl,127,192cf184081dba4dd017a22009024bccdf867291eda9471480c8a6d1de594e49,46137066fef0caa8126dbdb340e3cb4853e5089263f28cac25282753c071892f,static-catalog/argument-inventory-roots.jsonl,2764,77ab3512fc5bc771fdefa93c0751ab519e9885868520a5f45a1550c96dd865f5,673ebc749701cb5d432f84d7249029dc5bc1b97be3d8325e62dc8f95590dade0,ext/re2/re2.cc,2779,static-catalog/files-scanned.csv,fe76976976e2a77c37581f7075f8f322d5207e396e52255257617abff0d99936,348f0f53feb9891f96d146eb51eea6e45aaf5bdadbc78baf38f2651bc5b63392,625e9513e6827fc05e6acce03e87d41d38ec082e906ede506328a1c6be5b8fb2,source_bytes_and_line_range_verified,open_evidence_gap,unchanged_not_reassessed
static-catalog/registration-provenance/unresolved-rows.jsonl,128,192cf184081dba4dd017a22009024bccdf867291eda9471480c8a6d1de594e49,84a2e04f2a6389fd829a80e0d4cf14d820b110bc9d7542be386065fed1664b92,static-catalog/argument-inventory-roots.jsonl,2765,77ab3512fc5bc771fdefa93c0751ab519e9885868520a5f45a1550c96dd865f5,6a2f90ae78aada6dbf824ff28344c50091a0a93934386e65b3adb3462af0e988,ext/re2/re2.cc,2781,static-catalog/files-scanned.csv,fe76976976e2a77c37581f7075f8f322d5207e396e52255257617abff0d99936,348f0f53feb9891f96d146eb51eea6e45aaf5bdadbc78baf38f2651bc5b63392,29b90e95df480929d8f0de1552d94637a66eebffc83ac2dcda83f67914464df4,source_bytes_and_line_range_verified,open_evidence_gap,unchanged_not_reassessed
static-catalog/registration-provenance/unresolved-rows.jsonl,129,192cf184081dba4dd017a22009024bccdf867291eda9471480c8a6d1de594e49,09dcfdd95842ac3435ef07483b72d523df6b339167ff0407833cfc5302afbd61,static-catalog/argument-inventory-roots.jsonl,2766,77ab3512fc5bc771fdefa93c0751ab519e9885868520a5f45a1550c96dd865f5,2f12e3aa9a39212983cda8c835026ec42eaac1c6bc40d5c1dd4480b18c5ed287,ext/re2/re2.cc,2784,static-catalog/files-scanned.csv,fe76976976e2a77c37581f7075f8f322d5207e396e52255257617abff0d99936,348f0f53feb9891f96d146eb51eea6e45aaf5bdadbc78baf38f2651bc5b63392,0de0b8ef6d5d85dac75d7967d95d65b2782dc978c4e593b575f742cc126ddb97,source_bytes_and_line_range_verified,open_evidence_gap,unchanged_not_reassessed
static-catalog/registration-provenance/unresolved-rows.jsonl,130,192cf184081dba4dd017a22009024bccdf867291eda9471480c8a6d1de594e49,fc5458aa89378f5107c0a460b9744227d1bbe2ed07cfb6c347687f083cad234f,static-catalog/argument-inventory-roots.jsonl,2767,77ab3512fc5bc771fdefa93c0751ab519e9885868520a5f45a1550c96dd865f5,2b65a855a29a6083bf602ebb78d1ff20692a1bb316ffe493aa380e24d0f5bdbb,ext/re2/re2.cc,2786,static-catalog/files-scanned.csv,fe76976976e2a77c37581f7075f8f322d5207e396e52255257617abff0d99936,348f0f53feb9891f96d146eb51eea6e45aaf5bdadbc78baf38f2651bc5b63392,02e0e3c50907260e9eab9e39ea8a334ecf1ce22b86d59697ffa11fdaaae959b4,source_bytes_and_line_range_verified,open_evidence_gap,unchanged_not_reassessed
static-catalog/registration-provenance/unresolved-rows.jsonl,131,192cf184081dba4dd017a22009024bccdf867291eda9471480c8a6d1de594e49,234559580512ef1c7546b45978a62ae2c2d32c7c38d9e5697524e91da51b20f1,static-catalog/argument-inventory-roots.jsonl,2768,77ab3512fc5bc771fdefa93c0751ab519e9885868520a5f45a1550c96dd865f5,fe081cae13d5c4325fd8fd9033d5fe6bbe3a427bfb4e98121372f6e4d3343c39,ext/re2/re2.cc,2788,static-catalog/files-scanned.csv,fe76976976e2a77c37581f7075f8f322d5207e396e52255257617abff0d99936,348f0f53feb9891f96d146eb51eea6e45aaf5bdadbc78baf38f2651bc5b63392,93cb258b4e24c8f78705e9f9b12af5a84b7c4154a7e93bb3a2833350d9eca8e4,source_bytes_and_line_range_verified,open_evidence_gap,unchanged_not_reassessed
static-catalog/registration-provenance/unresolved-rows.jsonl,132,192cf184081dba4dd017a22009024bccdf867291eda9471480c8a6d1de594e49,14b2d0dae5055337d25aba5db2432398d621896b92fd108a78bdfa820db9c2aa,static-catalog/argument-inventory-roots.jsonl,2769,77ab3512fc5bc771fdefa93c0751ab519e9885868520a5f45a1550c96dd865f5,5b516e98f3a7b1daefd7379f2ff0931213d23ef4d49aa3a289fe5400e0da0868,ext/re2/re2.cc,2790,static-catalog/files-scanned.csv,fe76976976e2a77c37581f7075f8f322d5207e396e52255257617abff0d99936,348f0f53feb9891f96d146eb51eea6e45aaf5bdadbc78baf38f2651bc5b63392,e9da08555516dc704def459e0fb615adef949e4d65268e4bcd01190f116c4631,source_bytes_and_line_range_verified,open_evidence_gap,unchanged_not_reassessed
static-catalog/registration-provenance/unresolved-rows.jsonl,133,192cf184081dba4dd017a22009024bccdf867291eda9471480c8a6d1de594e49,99295738775e02461b32c431c97bed7ffce68468a17e8b693b3b724de23431da,static-catalog/argument-inventory-roots.jsonl,2770,77ab3512fc5bc771fdefa93c0751ab519e9885868520a5f45a1550c96dd865f5,06c514fbc6a50164a5b00059f952c9f8163c96ec762c9c862231c20dda6cdef2,ext/re2/re2.cc,2792,static-catalog/files-scanned.csv,fe76976976e2a77c37581f7075f8f322d5207e396e52255257617abff0d99936,348f0f53feb9891f96d146eb51eea6e45aaf5bdadbc78baf38f2651bc5b63392,4454f8b78c9cdad908f974435ca1d0800a22568d3deaba0901f0942acf2dec8a,source_bytes_and_line_range_verified,open_evidence_gap,unchanged_not_reassessed
static-catalog/registration-provenance/unresolved-rows.jsonl,134,192cf184081dba4dd017a22009024bccdf867291eda9471480c8a6d1de594e49,8a72e3cddd9c4ca7b974d1a1d740382c3c3540741f1bfbb017e67a057d865ad3,static-catalog/argument-inventory-roots.jsonl,2771,77ab3512fc5bc771fdefa93c0751ab519e9885868520a5f45a1550c96dd865f5,93a60aace7cfdbf17d3f77811b5e24e2d8d69d87081deead308a14a1fdd8d24c,ext/re2/re2.cc,2794,static-catalog/files-scanned.csv,fe76976976e2a77c37581f7075f8f322d5207e396e52255257617abff0d99936,348f0f53feb9891f96d146eb51eea6e45aaf5bdadbc78baf38f2651bc5b63392,1d847d9d772d0136a99d2defd24026c38b1ffe58e1e1601838032f1dfce73f01,source_bytes_and_line_range_verified,open_evidence_gap,unchanged_not_reassessed
static-catalog/registration-provenance/unresolved-rows.jsonl,135,192cf184081dba4dd017a22009024bccdf867291eda9471480c8a6d1de594e49,cc0c91b069cde2f396bcda68cc81c314e667d6c0a4da95a02582e794d83f7114,static-catalog/argument-inventory-roots.jsonl,2772,77ab3512fc5bc771fdefa93c0751ab519e9885868520a5f45a1550c96dd865f5,c5ac0412d5611c357aeeb1edf649f9d637256746f8f3839bc1027a26adb26af0,ext/re2/re2.cc,2796,static-catalog/files-scanned.csv,fe76976976e2a77c37581f7075f8f322d5207e396e52255257617abff0d99936,348f0f53feb9891f96d146eb51eea6e45aaf5bdadbc78baf38f2651bc5b63392,9c94b96deaf740b96399044dddd6f710b4f4ac0b920d2c672a553ee7524763b7,source_bytes_and_line_range_verified,open_evidence_gap,unchanged_not_reassessed
static-catalog/registration-provenance/unresolved-rows.jsonl,136,192cf184081dba4dd017a22009024bccdf867291eda9471480c8a6d1de594e49,c6e45ab633870f3cdd62f06f9034f159b2cbb3e060af16c05af818923ec3039c,static-catalog/argument-inventory-roots.jsonl,2773,77ab3512fc5bc771fdefa93c0751ab519e9885868520a5f45a1550c96dd865f5,55861d954b631b511a08bf4676baa94b2b9231ebc225195212a2087b1ca341c7,ext/re2/re2.cc,2798,static-catalog/files-scanned.csv,fe76976976e2a77c37581f7075f8f322d5207e396e52255257617abff0d99936,348f0f53feb9891f96d146eb51eea6e45aaf5bdadbc78baf38f2651bc5b63392,4011b2bdf593f76b5d66195d614fadd1bdefc780c32f0989521e5b90647f44be,source_bytes_and_line_range_verified,open_evidence_gap,unchanged_not_reassessed
static-catalog/registration-provenance/unresolved-rows.jsonl,137,192cf184081dba4dd017a22009024bccdf867291eda9471480c8a6d1de594e49,981fd28b74bdaa5712bc01925d141cb0f1cba68f1796d9557fed3d1a795eb023,static-catalog/argument-inventory-roots.jsonl,2774,77ab3512fc5bc771fdefa93c0751ab519e9885868520a5f45a1550c96dd865f5,ce5c29aedae5fa377a54d57a3b49b2f1032a0af01d0b49ff57e32d47a4090363,ext/re2/re2.cc,2800,static-catalog/files-scanned.csv,fe76976976e2a77c37581f7075f8f322d5207e396e52255257617abff0d99936,348f0f53feb9891f96d146eb51eea6e45aaf5bdadbc78baf38f2651bc5b63392,1c56df8df1c4cadcd2e87278232a8544a453276b58629f2f131314fa45643715,source_bytes_and_line_range_verified,open_evidence_gap,unchanged_not_reassessed
static-catalog/registration-provenance/unresolved-rows.jsonl,138,192cf184081dba4dd017a22009024bccdf867291eda9471480c8a6d1de594e49,d170676b474f0c416627d489e60551ac68078c33ac9e6782a7388dafbbc778db,static-catalog/argument-inventory-roots.jsonl,2775,77ab3512fc5bc771fdefa93c0751ab519e9885868520a5f45a1550c96dd865f5,50f39496c20d0d687772afcf0795898cfa6cc5c67384d485d818bec6a5e7674f,ext/re2/re2.cc,2802,static-catalog/files-scanned.csv,fe76976976e2a77c37581f7075f8f322d5207e396e52255257617abff0d99936,348f0f53feb9891f96d146eb51eea6e45aaf5bdadbc78baf38f2651bc5b63392,88d56bbcbcf579fde0af527b8691def0a7c556e8025545c6fddd30bc92f8c425,source_bytes_and_line_range_verified,open_evidence_gap,unchanged_not_reassessed
static-catalog/registration-provenance/unresolved-rows.jsonl,139,192cf184081dba4dd017a22009024bccdf867291eda9471480c8a6d1de594e49,5f233812318a13819b75a874c1308ccd2fac6922ab7ca6d85d98ad71115acb4b,static-catalog/argument-inventory-roots.jsonl,2776,77ab3512fc5bc771fdefa93c0751ab519e9885868520a5f45a1550c96dd865f5,4ca415bf0267964a4812be1bf66c30b37259f23ca3d3bbff3f66f30be5f03a45,ext/re2/re2.cc,2804,static-catalog/files-scanned.csv,fe76976976e2a77c37581f7075f8f322d5207e396e52255257617abff0d99936,348f0f53feb9891f96d146eb51eea6e45aaf5bdadbc78baf38f2651bc5b63392,eb524b5a313ab9aab2b35054d716703433e3212045af2608da64911843adba35,source_bytes_and_line_range_verified,open_evidence_gap,unchanged_not_reassessed
static-catalog/registration-provenance/unresolved-rows.jsonl,140,192cf184081dba4dd017a22009024bccdf867291eda9471480c8a6d1de594e49,5f2de9a27537f888deee654e7c7542cb107802bc16d484a6dd5a5b2689c42a7e,static-catalog/argument-inventory-roots.jsonl,2777,77ab3512fc5bc771fdefa93c0751ab519e9885868520a5f45a1550c96dd865f5,ecc180c69c28c9d03584de58b7529e3e3f49f0beedbebf1415d22c407197ae2b,ext/re2/re2.cc,2806,static-catalog/files-scanned.csv,fe76976976e2a77c37581f7075f8f322d5207e396e52255257617abff0d99936,348f0f53feb9891f96d146eb51eea6e45aaf5bdadbc78baf38f2651bc5b63392,ade0c80d5e939ebc2e486adfcb403d4d52e58bf10961fa5aea9570c8daa3dc0f,source_bytes_and_line_range_verified,open_evidence_gap,unchanged_not_reassessed
static-catalog/registration-provenance/unresolved-rows.jsonl,141,192cf184081dba4dd017a22009024bccdf867291eda9471480c8a6d1de594e49,121ab2103849e918297427474496165e788ebf2842daad424d5a9afde2569d0d,static-catalog/argument-inventory-roots.jsonl,2778,77ab3512fc5bc771fdefa93c0751ab519e9885868520a5f45a1550c96dd865f5,252785713419a9842dad8a0467be705d1bd95bdff06b23eca33ece27a341a880,ext/re2/re2.cc,2808,static-catalog/files-scanned.csv,fe76976976e2a77c37581f7075f8f322d5207e396e52255257617abff0d99936,348f0f53feb9891f96d146eb51eea6e45aaf5bdadbc78baf38f2651bc5b63392,1239e48dcbd53e21786e4d7ce048ebb0b31cf21766a7a0d9e6eacb5b2254eb75,source_bytes_and_line_range_verified,open_evidence_gap,unchanged_not_reassessed
static-catalog/registration-provenance/unresolved-rows.jsonl,142,192cf184081dba4dd017a22009024bccdf867291eda9471480c8a6d1de594e49,94aba65a4024812ef591794e22d6c622f7ed80cb0e484bdd04832336b5ab5557,static-catalog/argument-inventory-roots.jsonl,2779,77ab3512fc5bc771fdefa93c0751ab519e9885868520a5f45a1550c96dd865f5,246d9bdd4dc5f56f03d469acf411238f40668c32842f4c34e77bee113a601262,ext/re2/re2.cc,2810,static-catalog/files-scanned.csv,fe76976976e2a77c37581f7075f8f322d5207e396e52255257617abff0d99936,348f0f53feb9891f96d146eb51eea6e45aaf5bdadbc78baf38f2651bc5b63392,77d33f9029b62d440f5adabcda8f3365088fcc557f2ae268eb33fb30d81abfd9,source_bytes_and_line_range_verified,open_evidence_gap,unchanged_not_reassessed
static-catalog/registration-provenance/unresolved-rows.jsonl,143,192cf184081dba4dd017a22009024bccdf867291eda9471480c8a6d1de594e49,5e376e9541a011f62677e40bf4991e3900805ba21d86fa2097dc4db3361d1b99,static-catalog/argument-inventory-roots.jsonl,2780,77ab3512fc5bc771fdefa93c0751ab519e9885868520a5f45a1550c96dd865f5,4f518b744440dd7038d56c14a4b474caf205f7c940877cd7220ee2e22dca1bea,ext/re2/re2.cc,2812,static-catalog/files-scanned.csv,fe76976976e2a77c37581f7075f8f322d5207e396e52255257617abff0d99936,348f0f53feb9891f96d146eb51eea6e45aaf5bdadbc78baf38f2651bc5b63392,a9e6eb85ada73f1b5d648d961247338f3b445b8107cec31b5c07e25dd54eade5,source_bytes_and_line_range_verified,open_evidence_gap,unchanged_not_reassessed
static-catalog/registration-provenance/unresolved-rows.jsonl,144,192cf184081dba4dd017a22009024bccdf867291eda9471480c8a6d1de594e49,3775c3febe872eb359e6cec5737bbf5a6c90f73f2fe16dfbb397dbef2d9f1a5d,static-catalog/argument-inventory-roots.jsonl,2781,77ab3512fc5bc771fdefa93c0751ab519e9885868520a5f45a1550c96dd865f5,7cdc31130d504e783807227068286bc93f649cb4271da89ea3053b1ca720d136,ext/re2/re2.cc,2814,static-catalog/files-scanned.csv,fe76976976e2a77c37581f7075f8f322d5207e396e52255257617abff0d99936,348f0f53feb9891f96d146eb51eea6e45aaf5bdadbc78baf38f2651bc5b63392,458383bc4bd43db7fc3ac195eb991e135a997b696393fba79e0ff4d4080bae38,source_bytes_and_line_range_verified,open_evidence_gap,unchanged_not_reassessed
static-catalog/registration-provenance/unresolved-rows.jsonl,145,192cf184081dba4dd017a22009024bccdf867291eda9471480c8a6d1de594e49,b2db1c808aa04727b5afaf8cc9116bf9bf6594963befda913d995eb9f7627935,static-catalog/argument-inventory-roots.jsonl,2782,77ab3512fc5bc771fdefa93c0751ab519e9885868520a5f45a1550c96dd865f5,a9fe2dc67b53644e7416d5e406f2055fda4ddea1e8b73db6a371dac33efd5a8e,ext/re2/re2.cc,2816,static-catalog/files-scanned.csv,fe76976976e2a77c37581f7075f8f322d5207e396e52255257617abff0d99936,348f0f53feb9891f96d146eb51eea6e45aaf5bdadbc78baf38f2651bc5b63392,d3377417c02bd60668b0c0e43515f7fd3ef3237c9e008443b153252dcab61e99,source_bytes_and_line_range_verified,open_evidence_gap,unchanged_not_reassessed
static-catalog/registration-provenance/unresolved-rows.jsonl,146,192cf184081dba4dd017a22009024bccdf867291eda9471480c8a6d1de594e49,830492939a56d3864a877d68f7778ab89a51f75978130e77963a3134f0950437,static-catalog/argument-inventory-roots.jsonl,2783,77ab3512fc5bc771fdefa93c0751ab519e9885868520a5f45a1550c96dd865f5,f7886a5f0fd7240976e922a7f943ac7fea9a0c716f50d0465140fb59f7921147,ext/re2/re2.cc,2818,static-catalog/files-scanned.csv,fe76976976e2a77c37581f7075f8f322d5207e396e52255257617abff0d99936,348f0f53feb9891f96d146eb51eea6e45aaf5bdadbc78baf38f2651bc5b63392,7711abf709392fdd6fbe2becdcbb6d14a058e8aea9e8000337b5aab6e37acfff,source_bytes_and_line_range_verified,open_evidence_gap,unchanged_not_reassessed
static-catalog/registration-provenance/unresolved-rows.jsonl,147,192cf184081dba4dd017a22009024bccdf867291eda9471480c8a6d1de594e49,d0ddd492a9ce2c0af5842978c026fed6eed5c0b0ff1e75676fae1573fd8f91b5,static-catalog/argument-inventory-roots.jsonl,2784,77ab3512fc5bc771fdefa93c0751ab519e9885868520a5f45a1550c96dd865f5,647705218ae99a476a588999582f34774a6bf7dfed7009f3e2f51857bdd1fd7e,ext/re2/re2.cc,2820,static-catalog/files-scanned.csv,fe76976976e2a77c37581f7075f8f322d5207e396e52255257617abff0d99936,348f0f53feb9891f96d146eb51eea6e45aaf5bdadbc78baf38f2651bc5b63392,7476620ba55af44333df5f9c18a1bc51e69036cb6e71247692f5a751cbcb5d5a,source_bytes_and_line_range_verified,open_evidence_gap,unchanged_not_reassessed
static-catalog/registration-provenance/unresolved-rows.jsonl,148,192cf184081dba4dd017a22009024bccdf867291eda9471480c8a6d1de594e49,6de6ee488932e822d8bb12c86b6be58c2c4a354d39db8f8d48e9ecc40d1000f9,static-catalog/argument-inventory-roots.jsonl,2785,77ab3512fc5bc771fdefa93c0751ab519e9885868520a5f45a1550c96dd865f5,97a9d63f281d245f5070f56477a61f0a9c7267345d161b45abbe96563f348689,ext/re2/re2.cc,2822,static-catalog/files-scanned.csv,fe76976976e2a77c37581f7075f8f322d5207e396e52255257617abff0d99936,348f0f53feb9891f96d146eb51eea6e45aaf5bdadbc78baf38f2651bc5b63392,b6455e37aa6d330cb3eb594187fe0a0b48584aaf41f47f8892931c86f645c0a0,source_bytes_and_line_range_verified,open_evidence_gap,unchanged_not_reassessed
static-catalog/registration-provenance/unresolved-rows.jsonl,149,192cf184081dba4dd017a22009024bccdf867291eda9471480c8a6d1de594e49,d8fa7da43147ba20e10ea7f6e4bd907371d9479643d3641b55aacd751f92b694,static-catalog/argument-inventory-roots.jsonl,2786,77ab3512fc5bc771fdefa93c0751ab519e9885868520a5f45a1550c96dd865f5,8fabe8a5866296ee54224ae6955ec3ffedf4f82bfad0e28bab275b095430a0e9,ext/re2/re2.cc,2824,static-catalog/files-scanned.csv,fe76976976e2a77c37581f7075f8f322d5207e396e52255257617abff0d99936,348f0f53feb9891f96d146eb51eea6e45aaf5bdadbc78baf38f2651bc5b63392,5bcd35bbf858cb928983cd5365300913cc826c318547d11973684849e37bfd7c,source_bytes_and_line_range_verified,open_evidence_gap,unchanged_not_reassessed
static-catalog/registration-provenance/unresolved-rows.jsonl,150,192cf184081dba4dd017a22009024bccdf867291eda9471480c8a6d1de594e49,2af1efd69f038c153057c6021af21818d02d7cd0223e288d68fce2ec88376868,static-catalog/argument-inventory-roots.jsonl,2787,77ab3512fc5bc771fdefa93c0751ab519e9885868520a5f45a1550c96dd865f5,446d526cf0f1d80d9242ce8062ab9ac0bdaae199f6613708686c4bf60ec0f6c2,ext/re2/re2.cc,2827,static-catalog/files-scanned.csv,fe76976976e2a77c37581f7075f8f322d5207e396e52255257617abff0d99936,348f0f53feb9891f96d146eb51eea6e45aaf5bdadbc78baf38f2651bc5b63392,6895c130f7cbffb8a27c2f39f1447e65fe0c32bfed50cb4f557de33690f0ac14,source_bytes_and_line_range_verified,open_evidence_gap,unchanged_not_reassessed
static-catalog/registration-provenance/unresolved-rows.jsonl,151,192cf184081dba4dd017a22009024bccdf867291eda9471480c8a6d1de594e49,c2da420e22cb6918ba2bd7bcbcf473807d44341a9628da4910f74ccffa7b3554,static-catalog/argument-inventory-roots.jsonl,2788,77ab3512fc5bc771fdefa93c0751ab519e9885868520a5f45a1550c96dd865f5,1ec8945465bc013236542f4ce4eec955d7f8ef6f5241668962c2ddb767679496,ext/re2/re2.cc,2829,static-catalog/files-scanned.csv,fe76976976e2a77c37581f7075f8f322d5207e396e52255257617abff0d99936,348f0f53feb9891f96d146eb51eea6e45aaf5bdadbc78baf38f2651bc5b63392,5f0f94fdce6bf2116c9885b7f79aa96ae84daba49c060813551af5f7db2ccb43,source_bytes_and_line_range_verified,open_evidence_gap,unchanged_not_reassessed
static-catalog/registration-provenance/unresolved-rows.jsonl,152,192cf184081dba4dd017a22009024bccdf867291eda9471480c8a6d1de594e49,ee278fe5335aca898b6ccb7b492c8b0e73ce10f6e8d3ecb861e6f66509268111,static-catalog/argument-inventory-roots.jsonl,2789,77ab3512fc5bc771fdefa93c0751ab519e9885868520a5f45a1550c96dd865f5,5f874319e9bc85c06e425a55eae7eba44c91c3a6f131262ae8e2f51467ea59a8,ext/re2/re2.cc,2831,static-catalog/files-scanned.csv,fe76976976e2a77c37581f7075f8f322d5207e396e52255257617abff0d99936,348f0f53feb9891f96d146eb51eea6e45aaf5bdadbc78baf38f2651bc5b63392,385a97e4bec3bab3600ab33c6a1f225cae0528db766018a68006e5a9f87e096b,source_bytes_and_line_range_verified,open_evidence_gap,unchanged_not_reassessed
static-catalog/registration-provenance/unresolved-rows.jsonl,153,192cf184081dba4dd017a22009024bccdf867291eda9471480c8a6d1de594e49,d8a899bf8f93e6b6809eb330a7f2c9507cc9c1239d868a298a51edb550f0c370,static-catalog/argument-inventory-roots.jsonl,2790,77ab3512fc5bc771fdefa93c0751ab519e9885868520a5f45a1550c96dd865f5,fbed793c19a66c09c742a954663260fb43f0544a365937be6ea754d78bbad606,ext/re2/re2.cc,2833,static-catalog/files-scanned.csv,fe76976976e2a77c37581f7075f8f322d5207e396e52255257617abff0d99936,348f0f53feb9891f96d146eb51eea6e45aaf5bdadbc78baf38f2651bc5b63392,bc611eaccfb467398420c07dd7c24eb6ece8ffc782ead0480f9145558002b599,source_bytes_and_line_range_verified,open_evidence_gap,unchanged_not_reassessed
static-catalog/registration-provenance/unresolved-rows.jsonl,154,192cf184081dba4dd017a22009024bccdf867291eda9471480c8a6d1de594e49,c88ca9fb44373e2f034cc244cae596724e41fe4d2a13900c62550e08f9f9e0ed,static-catalog/argument-inventory-roots.jsonl,2791,77ab3512fc5bc771fdefa93c0751ab519e9885868520a5f45a1550c96dd865f5,c471d079508588498f7ba86cb21127780a02241a478a4c049b62bb60f471b17a,ext/re2/re2.cc,2835,static-catalog/files-scanned.csv,fe76976976e2a77c37581f7075f8f322d5207e396e52255257617abff0d99936,348f0f53feb9891f96d146eb51eea6e45aaf5bdadbc78baf38f2651bc5b63392,550401b6d1b4db6cef4f011b5a3b665a4ca4cd7b8895b2ee242537f60a2f0852,source_bytes_and_line_range_verified,open_evidence_gap,unchanged_not_reassessed
static-catalog/registration-provenance/unresolved-rows.jsonl,155,192cf184081dba4dd017a22009024bccdf867291eda9471480c8a6d1de594e49,d28d9ce7316d454623612b22addbd388f80dc1983aba6e54d6ea213561871722,static-catalog/argument-inventory-roots.jsonl,2792,77ab3512fc5bc771fdefa93c0751ab519e9885868520a5f45a1550c96dd865f5,ebefa303fb44ab27e6482a15c2398566ee495bd1d2b6a313092a959b9e3e06d4,ext/re2/re2.cc,2837,static-catalog/files-scanned.csv,fe76976976e2a77c37581f7075f8f322d5207e396e52255257617abff0d99936,348f0f53feb9891f96d146eb51eea6e45aaf5bdadbc78baf38f2651bc5b63392,ba8b6a1eb35b52692a31bcea3dbb9d92350f5c314af57a563eef733d27a69735,source_bytes_and_line_range_verified,open_evidence_gap,unchanged_not_reassessed
static-catalog/registration-provenance/unresolved-rows.jsonl,156,192cf184081dba4dd017a22009024bccdf867291eda9471480c8a6d1de594e49,68b5e14fa263107de0d512da5aa6aab6ac33a08f9739fd58b68421e538f45b31,static-catalog/argument-inventory-roots.jsonl,2793,77ab3512fc5bc771fdefa93c0751ab519e9885868520a5f45a1550c96dd865f5,6d8026a2bc4c623407c112904363f4c43ffcdd40e58a274d8eb9f06075b153ff,ext/re2/re2.cc,2840,static-catalog/files-scanned.csv,fe76976976e2a77c37581f7075f8f322d5207e396e52255257617abff0d99936,348f0f53feb9891f96d146eb51eea6e45aaf5bdadbc78baf38f2651bc5b63392,4b25c37cecf9ee30524c4e97b8e1f4e11ca4f950b292c8139306a56b86eb1837,source_bytes_and_line_range_verified,open_evidence_gap,unchanged_not_reassessed
static-catalog/registration-provenance/unresolved-rows.jsonl,157,192cf184081dba4dd017a22009024bccdf867291eda9471480c8a6d1de594e49,c793ef60df2fc5696aeb29f6336ee82ba3f57c27edf81009e1bcab8226c708c0,static-catalog/argument-inventory-roots.jsonl,2794,77ab3512fc5bc771fdefa93c0751ab519e9885868520a5f45a1550c96dd865f5,32174578fa6be813d69fbb6a154bbc9f5b42b61258f078f978cc92ac5a2e045b,ext/re2/re2.cc,2842,static-catalog/files-scanned.csv,fe76976976e2a77c37581f7075f8f322d5207e396e52255257617abff0d99936,348f0f53feb9891f96d146eb51eea6e45aaf5bdadbc78baf38f2651bc5b63392,78f5334bd8e4077f4dedebcd6d2e5a7bf764cdaa1f75963c43573d61a5e9a5cd,source_bytes_and_line_range_verified,open_evidence_gap,unchanged_not_reassessed
static-catalog/registration-provenance/unresolved-rows.jsonl,158,192cf184081dba4dd017a22009024bccdf867291eda9471480c8a6d1de594e49,b02a15add1ac9d05059b22722c8712ada7a7c8cd4d40a4486b6baa331a618fdd,static-catalog/argument-inventory-roots.jsonl,2795,77ab3512fc5bc771fdefa93c0751ab519e9885868520a5f45a1550c96dd865f5,750a6341e5a6d4386ce2999969ed38d37a7b6402d56c36286dad74aac95848d8,ext/re2/re2.cc,2844,static-catalog/files-scanned.csv,fe76976976e2a77c37581f7075f8f322d5207e396e52255257617abff0d99936,348f0f53feb9891f96d146eb51eea6e45aaf5bdadbc78baf38f2651bc5b63392,034565d0dfda64e9fb06636fc71afe6232e832b6127b69217fb4859df0813f7b,source_bytes_and_line_range_verified,open_evidence_gap,unchanged_not_reassessed
static-catalog/registration-provenance/unresolved-rows.jsonl,159,192cf184081dba4dd017a22009024bccdf867291eda9471480c8a6d1de594e49,fcdc916b60d19f9493da4325003e12b7556a4fc98bd392fbe2d7f09d4f831062,static-catalog/argument-inventory-roots.jsonl,2796,77ab3512fc5bc771fdefa93c0751ab519e9885868520a5f45a1550c96dd865f5,cd4c1f186ad1cf799ac9ef2e5e7c4bc2c2430da45b7d173ac8b3be9c0adf0e63,ext/re2/re2.cc,2846,static-catalog/files-scanned.csv,fe76976976e2a77c37581f7075f8f322d5207e396e52255257617abff0d99936,348f0f53feb9891f96d146eb51eea6e45aaf5bdadbc78baf38f2651bc5b63392,6510f1eb97a2eafdcf25e19bb810359981b34fc71378b5d31f775cd7236b62d2,source_bytes_and_line_range_verified,open_evidence_gap,unchanged_not_reassessed
static-catalog/registration-provenance/unresolved-rows.jsonl,160,192cf184081dba4dd017a22009024bccdf867291eda9471480c8a6d1de594e49,e4fed3cd1188bb6e0417d9a4bc77d5203b0209733a30d813f073a741e5a5d886,static-catalog/argument-inventory-roots.jsonl,2797,77ab3512fc5bc771fdefa93c0751ab519e9885868520a5f45a1550c96dd865f5,b63bc87de016a0f04327108c40978c5f8d6d969609246559cbcb90057707e14d,ext/re2/re2.cc,2847,static-catalog/files-scanned.csv,fe76976976e2a77c37581f7075f8f322d5207e396e52255257617abff0d99936,348f0f53feb9891f96d146eb51eea6e45aaf5bdadbc78baf38f2651bc5b63392,05f3435204503540855249144aa164a8e4fc65f86577849a0c5ce630fc179a85,source_bytes_and_line_range_verified,open_evidence_gap,unchanged_not_reassessed
static-catalog/registration-provenance/unresolved-rows.jsonl,161,192cf184081dba4dd017a22009024bccdf867291eda9471480c8a6d1de594e49,2ec5046eb5ea711f40b7c55723672c918951800b14314bb29dd3fcd948f1d95f,static-catalog/argument-inventory-roots.jsonl,2798,77ab3512fc5bc771fdefa93c0751ab519e9885868520a5f45a1550c96dd865f5,d409fc9d0836aa0504e4157ffad56e8d7512382a574c8b3a17f7a8d7318694db,ext/re2/re2.cc,2849,static-catalog/files-scanned.csv,fe76976976e2a77c37581f7075f8f322d5207e396e52255257617abff0d99936,348f0f53feb9891f96d146eb51eea6e45aaf5bdadbc78baf38f2651bc5b63392,f3cf8b03112d1a76864d6a7628dd14137a3c973cbe3356d9d36311c6bfd57a9d,source_bytes_and_line_range_verified,open_evidence_gap,unchanged_not_reassessed
static-catalog/registration-provenance/unresolved-rows.jsonl,162,192cf184081dba4dd017a22009024bccdf867291eda9471480c8a6d1de594e49,80d1580a096c28afcb1b3980e6e5bffdf710aebac00ccdbd1519da6da8b2aba2,static-catalog/argument-inventory-roots.jsonl,2799,77ab3512fc5bc771fdefa93c0751ab519e9885868520a5f45a1550c96dd865f5,ca70ef96831536505a53743cf3ecec546105621268ea4c09d2e18bb077ebf574,ext/re2/re2.cc,2851,static-catalog/files-scanned.csv,fe76976976e2a77c37581f7075f8f322d5207e396e52255257617abff0d99936,348f0f53feb9891f96d146eb51eea6e45aaf5bdadbc78baf38f2651bc5b63392,a44f2bd4af0a1ef3d1c41428f9d23dc355c4e3e24fb49da67bcec5019b43778f,source_bytes_and_line_range_verified,open_evidence_gap,unchanged_not_reassessed
static-catalog/registration-provenance/unresolved-rows.jsonl,163,192cf184081dba4dd017a22009024bccdf867291eda9471480c8a6d1de594e49,27b6edf9ac5ad946ed94ffb9be22816e8a4dfa7b6565a906ef1d858bd5f62bdf,static-catalog/argument-inventory-roots.jsonl,2800,77ab3512fc5bc771fdefa93c0751ab519e9885868520a5f45a1550c96dd865f5,c61fb8f29ea26a9cb3b9f3cdd496b914402bd91bf4c3cb97b8e5b7213fd34cab,ext/re2/re2.cc,2853,static-catalog/files-scanned.csv,fe76976976e2a77c37581f7075f8f322d5207e396e52255257617abff0d99936,348f0f53feb9891f96d146eb51eea6e45aaf5bdadbc78baf38f2651bc5b63392,d69fd3725d535864e0fa7005e5e9e94c4d4d969ce81b7d0ff8d404e224b00bd2,source_bytes_and_line_range_verified,open_evidence_gap,unchanged_not_reassessed
static-catalog/registration-provenance/unresolved-rows.jsonl,164,192cf184081dba4dd017a22009024bccdf867291eda9471480c8a6d1de594e49,0487d9f631f7c8d0a45d842a34804777219c0992effc62bd5ce744aef5c7a29c,static-catalog/argument-inventory-roots.jsonl,2801,77ab3512fc5bc771fdefa93c0751ab519e9885868520a5f45a1550c96dd865f5,8141eb8b0dd5fe5ddc16244aea02495c0262f8e6aafddb527f2d2043669c280c,ext/re2/re2.cc,2855,static-catalog/files-scanned.csv,fe76976976e2a77c37581f7075f8f322d5207e396e52255257617abff0d99936,348f0f53feb9891f96d146eb51eea6e45aaf5bdadbc78baf38f2651bc5b63392,5f0b3a06a43b3fcbcdb71e616fd4970c35f71ef7a16af0364b9739b7b41776c7,source_bytes_and_line_range_verified,open_evidence_gap,unchanged_not_reassessed
static-catalog/registration-provenance/unresolved-rows.jsonl,165,192cf184081dba4dd017a22009024bccdf867291eda9471480c8a6d1de594e49,c13c6196de6f40eadf40932d0607cb0e7cccd63c5271ed41e4a696bdd0edda28,static-catalog/argument-inventory-roots.jsonl,2802,77ab3512fc5bc771fdefa93c0751ab519e9885868520a5f45a1550c96dd865f5,458d67783aa00df91f46fc1705629a5e3713c0231e7c6bb3763b97f94fd6120f,ext/re2/re2.cc,2857,static-catalog/files-scanned.csv,fe76976976e2a77c37581f7075f8f322d5207e396e52255257617abff0d99936,348f0f53feb9891f96d146eb51eea6e45aaf5bdadbc78baf38f2651bc5b63392,e270e95dbcb691ed4d15bc98bd5cc1bb21f6cf420600dacafee9eded893eca3e,source_bytes_and_line_range_verified,open_evidence_gap,unchanged_not_reassessed
static-catalog/registration-provenance/unresolved-rows.jsonl,166,192cf184081dba4dd017a22009024bccdf867291eda9471480c8a6d1de594e49,51f75fdbc85c5c89763366b69da3a8e898cc04605121cb4aed3e6ff1367df5e9,static-catalog/argument-inventory-roots.jsonl,2803,77ab3512fc5bc771fdefa93c0751ab519e9885868520a5f45a1550c96dd865f5,3f17859241700ad33927ee2dd681fd1f9b011fa61e4dcc518ae411c056a30eeb,ext/re2/re2.cc,2859,static-catalog/files-scanned.csv,fe76976976e2a77c37581f7075f8f322d5207e396e52255257617abff0d99936,348f0f53feb9891f96d146eb51eea6e45aaf5bdadbc78baf38f2651bc5b63392,e47f0bb450ee3c25be0121cc8b1a0feb207f600b776011dc0019fccb4bcea400,source_bytes_and_line_range_verified,open_evidence_gap,unchanged_not_reassessed
static-catalog/registration-provenance/unresolved-rows.jsonl,167,192cf184081dba4dd017a22009024bccdf867291eda9471480c8a6d1de594e49,282abb1a7cdd049afe51d083baa29336f0a57d6746516ef6455ee1a9152503bb,static-catalog/argument-inventory-roots.jsonl,2804,77ab3512fc5bc771fdefa93c0751ab519e9885868520a5f45a1550c96dd865f5,3535752bd7d4643fb5f37a930265dea1f696924aa8e686a1649f8b90c247ea4d,ext/re2/re2.cc,2861,static-catalog/files-scanned.csv,fe76976976e2a77c37581f7075f8f322d5207e396e52255257617abff0d99936,348f0f53feb9891f96d146eb51eea6e45aaf5bdadbc78baf38f2651bc5b63392,d168a818ab5bb75537fa333c363c9ee3e6d9d9e2b4adfc5b316a0f5de7fd1c06,source_bytes_and_line_range_verified,open_evidence_gap,unchanged_not_reassessed
static-catalog/registration-provenance/unresolved-rows.jsonl,168,192cf184081dba4dd017a22009024bccdf867291eda9471480c8a6d1de594e49,81c6263511efc913029ff6b7f71bf52cdd89768bfc1f12c66a3d0da384dd9bed,static-catalog/argument-inventory-roots.jsonl,2805,77ab3512fc5bc771fdefa93c0751ab519e9885868520a5f45a1550c96dd865f5,a8f8bc06bc5c7295c340558e45bb37a1d6b07a9501dd26fa8a4d4eb099834404,ext/re2/re2.cc,2863,static-catalog/files-scanned.csv,fe76976976e2a77c37581f7075f8f322d5207e396e52255257617abff0d99936,348f0f53feb9891f96d146eb51eea6e45aaf5bdadbc78baf38f2651bc5b63392,160a4bb4c0abcee13ef5fbf73527235f0639d85afcc735b0df997aacb90c4b7a,source_bytes_and_line_range_verified,open_evidence_gap,unchanged_not_reassessed
static-catalog/registration-provenance/unresolved-rows.jsonl,169,192cf184081dba4dd017a22009024bccdf867291eda9471480c8a6d1de594e49,304857b11b3526375b45928ab2d44e6d3575b0f140fd94927ed4c282b2abd656,static-catalog/argument-inventory-roots.jsonl,2806,77ab3512fc5bc771fdefa93c0751ab519e9885868520a5f45a1550c96dd865f5,87a17cd13e384f6b742ab630f0988dbc5bdb64cc7b8bdd2196b7f1fddd66c48a,ext/re2/re2.cc,2865,static-catalog/files-scanned.csv,fe76976976e2a77c37581f7075f8f322d5207e396e52255257617abff0d99936,348f0f53feb9891f96d146eb51eea6e45aaf5bdadbc78baf38f2651bc5b63392,fdee4f7f1fa719cda30efff6cc633223831cd7a4f425db28044896e2da4a1b66,source_bytes_and_line_range_verified,open_evidence_gap,unchanged_not_reassessed
static-catalog/registration-provenance/unresolved-rows.jsonl,170,192cf184081dba4dd017a22009024bccdf867291eda9471480c8a6d1de594e49,0a2f26a4bc6e0034d9cb34e66c62099048404cf037066a16fc16993d8c96b1bc,static-catalog/argument-inventory-roots.jsonl,2807,77ab3512fc5bc771fdefa93c0751ab519e9885868520a5f45a1550c96dd865f5,e44629e3d0ec2b963015677b48fd8ec544b06ec0d13670a0dd2a95baf1efd497,ext/re2/re2.cc,2867,static-catalog/files-scanned.csv,fe76976976e2a77c37581f7075f8f322d5207e396e52255257617abff0d99936,348f0f53feb9891f96d146eb51eea6e45aaf5bdadbc78baf38f2651bc5b63392,bcb510f501b50b61024f03c719a36be6088c44b5282a6afaef323879af2b9b90,source_bytes_and_line_range_verified,open_evidence_gap,unchanged_not_reassessed
static-catalog/registration-provenance/unresolved-rows.jsonl,171,192cf184081dba4dd017a22009024bccdf867291eda9471480c8a6d1de594e49,dd4f1132277d7e250069f1e704bb5f8dfae93f6b4b35a8e997429c06df378577,static-catalog/argument-inventory-roots.jsonl,2808,77ab3512fc5bc771fdefa93c0751ab519e9885868520a5f45a1550c96dd865f5,12daff9206a18a0f8eb29862b5c4ff557e71f05ebfe6b50338bed2e02050f8a1,ext/re2/re2.cc,2869,static-catalog/files-scanned.csv,fe76976976e2a77c37581f7075f8f322d5207e396e52255257617abff0d99936,348f0f53feb9891f96d146eb51eea6e45aaf5bdadbc78baf38f2651bc5b63392,826854d528c85f46785a41b075943d19d8fd1047568375fc92002bb8fe978f40,source_bytes_and_line_range_verified,open_evidence_gap,unchanged_not_reassessed
static-catalog/registration-provenance/unresolved-rows.jsonl,172,192cf184081dba4dd017a22009024bccdf867291eda9471480c8a6d1de594e49,103b99f52deeceda17234a21c51bb8be49d6dc6cbd1d0ea15edd16fcf54c8666,static-catalog/argument-inventory-roots.jsonl,2809,77ab3512fc5bc771fdefa93c0751ab519e9885868520a5f45a1550c96dd865f5,04d6899b29e067f981af8fff0a48e42345c51b25940e243654f12c91e2b0f75f,ext/re2/re2.cc,2870,static-catalog/files-scanned.csv,fe76976976e2a77c37581f7075f8f322d5207e396e52255257617abff0d99936,348f0f53feb9891f96d146eb51eea6e45aaf5bdadbc78baf38f2651bc5b63392,72d2760f33819471730118596982e7528c4a8931b519caa4fc7f4fa6c142c9f4,source_bytes_and_line_range_verified,open_evidence_gap,unchanged_not_reassessed
static-catalog/registration-provenance/unresolved-rows.jsonl,173,192cf184081dba4dd017a22009024bccdf867291eda9471480c8a6d1de594e49,3d707dc5a1c56cbe7f58c1eff075fbee0bff7d7859aacf46437b01bbce2cc9a8,static-catalog/argument-inventory-roots.jsonl,2810,77ab3512fc5bc771fdefa93c0751ab519e9885868520a5f45a1550c96dd865f5,f8092befea9ce3ea00222e341a0033f1eb51c7362d7b7a14e5ebe41e2bd47281,ext/re2/re2.cc,2871,static-catalog/files-scanned.csv,fe76976976e2a77c37581f7075f8f322d5207e396e52255257617abff0d99936,348f0f53feb9891f96d146eb51eea6e45aaf5bdadbc78baf38f2651bc5b63392,bca443beef1c84335708a4cf3dd7f8a7cebc45200588e5c82434cef203f54219,source_bytes_and_line_range_verified,open_evidence_gap,unchanged_not_reassessed
static-catalog/registration-provenance/unresolved-rows.jsonl,174,192cf184081dba4dd017a22009024bccdf867291eda9471480c8a6d1de594e49,2d71721b7edbd107b24373de7fbb5342fe3e13253ea194915191b2bac5443692,static-catalog/argument-inventory-roots.jsonl,2811,77ab3512fc5bc771fdefa93c0751ab519e9885868520a5f45a1550c96dd865f5,1ed986c766299d207fbc8b7bdefdd2c8c6bafcae6de1bae3fa23f2d7e0f8e480,ext/re2/re2.cc,2873,static-catalog/files-scanned.csv,fe76976976e2a77c37581f7075f8f322d5207e396e52255257617abff0d99936,348f0f53feb9891f96d146eb51eea6e45aaf5bdadbc78baf38f2651bc5b63392,20f10a5ef1b9f77d2feb4e78ea6eee17db2dda455789e63224080d68bcb199fb,source_bytes_and_line_range_verified,open_evidence_gap,unchanged_not_reassessed
static-catalog/registration-provenance/unresolved-rows.jsonl,175,192cf184081dba4dd017a22009024bccdf867291eda9471480c8a6d1de594e49,87cee509354ceeb385e5679ed51400d9e4c601dc072efefc54b403c0219e4655,static-catalog/argument-inventory-roots.jsonl,2812,77ab3512fc5bc771fdefa93c0751ab519e9885868520a5f45a1550c96dd865f5,c3e7a7bc9be05dbb439874b679cd41919eb1d13ffc19b36144c947f911cb2189,ext/re2/re2.cc,2875,static-catalog/files-scanned.csv,fe76976976e2a77c37581f7075f8f322d5207e396e52255257617abff0d99936,348f0f53feb9891f96d146eb51eea6e45aaf5bdadbc78baf38f2651bc5b63392,72de63e7582872b873c1873efa2cd4b64d12f93d8a7723092a2701dfbd1a4cfa,source_bytes_and_line_range_verified,open_evidence_gap,unchanged_not_reassessed
static-catalog/registration-provenance/unresolved-rows.jsonl,176,192cf184081dba4dd017a22009024bccdf867291eda9471480c8a6d1de594e49,35980390f28282a62746a3e6a57ce9bd71b627c001ebae4e7fd07074a925c066,static-catalog/argument-inventory-roots.jsonl,2813,77ab3512fc5bc771fdefa93c0751ab519e9885868520a5f45a1550c96dd865f5,6bdb8317932b71d854fe37ecb4a72b603a58165a5ceb1ee9f843da1b76ef94dd,ext/re2/re2.cc,2876,static-catalog/files-scanned.csv,fe76976976e2a77c37581f7075f8f322d5207e396e52255257617abff0d99936,348f0f53feb9891f96d146eb51eea6e45aaf5bdadbc78baf38f2651bc5b63392,43e4c1839c64ed72848458bd55c497ee0013643b6f10c464cbfe8ec07ab5bda9,source_bytes_and_line_range_verified,open_evidence_gap,unchanged_not_reassessed
static-catalog/registration-provenance/unresolved-rows.jsonl,177,192cf184081dba4dd017a22009024bccdf867291eda9471480c8a6d1de594e49,0216b8e67a6b9ccb1e3befa70ad576e33c57f5a5291ef744b3a6057d89d93644,static-catalog/argument-inventory-roots.jsonl,2814,77ab3512fc5bc771fdefa93c0751ab519e9885868520a5f45a1550c96dd865f5,8c22073b0a14d2666ff3b9f91ba703f70c755a9f80dae9ed3b703d5ac0e23ae5,ext/re2/re2.cc,2878,static-catalog/files-scanned.csv,fe76976976e2a77c37581f7075f8f322d5207e396e52255257617abff0d99936,348f0f53feb9891f96d146eb51eea6e45aaf5bdadbc78baf38f2651bc5b63392,21815d774568ce15b1fd49c94082bcb94eca350c7ff8c1d3fdd3ae71abf17dfd,source_bytes_and_line_range_verified,open_evidence_gap,unchanged_not_reassessed
static-catalog/registration-provenance/unresolved-rows.jsonl,178,192cf184081dba4dd017a22009024bccdf867291eda9471480c8a6d1de594e49,a33ddd2d0897d7550687fc75e368f6f0376eb0ccbf0f1aa38d0d1999422e2094,static-catalog/argument-inventory-roots.jsonl,2815,77ab3512fc5bc771fdefa93c0751ab519e9885868520a5f45a1550c96dd865f5,f8d2670b4772212b65161abb4dae3ea534e3cb6a742045f1268fd5c78b29b7d0,ext/re2/re2.cc,2880,static-catalog/files-scanned.csv,fe76976976e2a77c37581f7075f8f322d5207e396e52255257617abff0d99936,348f0f53feb9891f96d146eb51eea6e45aaf5bdadbc78baf38f2651bc5b63392,bf5e88f467419b90a0ae4f0ea53573fef3b70788728a024cbf499b934246977a,source_bytes_and_line_range_verified,open_evidence_gap,unchanged_not_reassessed
static-catalog/registration-provenance/unresolved-rows.jsonl,179,192cf184081dba4dd017a22009024bccdf867291eda9471480c8a6d1de594e49,d032e418e89fc1250dcc8ea716bba8d368890d6b136b81acdf136a0e29a5c66f,static-catalog/argument-inventory-roots.jsonl,2816,77ab3512fc5bc771fdefa93c0751ab519e9885868520a5f45a1550c96dd865f5,bfc8fa9a4977bbafc407f9f298da2bcbfbe8e7edd5b217e4e8ead1e83a1ad59a,ext/re2/re2.cc,2882,static-catalog/files-scanned.csv,fe76976976e2a77c37581f7075f8f322d5207e396e52255257617abff0d99936,348f0f53feb9891f96d146eb51eea6e45aaf5bdadbc78baf38f2651bc5b63392,d19f0e337b0cf80ac68f492a1834ba2d42ca8deaf90154ed53d3f8bb54f6553b,source_bytes_and_line_range_verified,open_evidence_gap,unchanged_not_reassessed
static-catalog/registration-provenance/unresolved-rows.jsonl,180,192cf184081dba4dd017a22009024bccdf867291eda9471480c8a6d1de594e49,68fb39a13e2393b58faf8c10645f4b6a586abd125573310f81145ef44329d2ed,static-catalog/argument-inventory-roots.jsonl,2817,77ab3512fc5bc771fdefa93c0751ab519e9885868520a5f45a1550c96dd865f5,4a53ccdc0c09d239ed5ff152eaf22e7969e8b3251c561e394d6ce009bfc5d7a7,ext/re2/re2.cc,2884,static-catalog/files-scanned.csv,fe76976976e2a77c37581f7075f8f322d5207e396e52255257617abff0d99936,348f0f53feb9891f96d146eb51eea6e45aaf5bdadbc78baf38f2651bc5b63392,4705819676b44c59e7896ab6107f467548a372f3712a4c25997fe916ee63b4b9,source_bytes_and_line_range_verified,open_evidence_gap,unchanged_not_reassessed
static-catalog/registration-provenance/unresolved-rows.jsonl,181,192cf184081dba4dd017a22009024bccdf867291eda9471480c8a6d1de594e49,d96a6e91cdf0aafa218987fff2a5cdd0cf0faa06dd3901fcd93dc74326da8a73,static-catalog/argument-inventory-roots.jsonl,2818,77ab3512fc5bc771fdefa93c0751ab519e9885868520a5f45a1550c96dd865f5,66379e7082b76607c2badbe80a6c2a5e1b63ab92590201c8f32e538ba81b6a5e,ext/re2/re2.cc,2886,static-catalog/files-scanned.csv,fe76976976e2a77c37581f7075f8f322d5207e396e52255257617abff0d99936,348f0f53feb9891f96d146eb51eea6e45aaf5bdadbc78baf38f2651bc5b63392,5bcb5d1371c00e258b2ee13e011942e6482c1013377af4db11ea70295f9d7e1c,source_bytes_and_line_range_verified,open_evidence_gap,unchanged_not_reassessed
static-catalog/registration-provenance/unresolved-rows.jsonl,182,192cf184081dba4dd017a22009024bccdf867291eda9471480c8a6d1de594e49,29a4734276877a6ed295924462cc51a7f05543207f24580fa027206c616f6ef2,static-catalog/argument-inventory-roots.jsonl,2819,77ab3512fc5bc771fdefa93c0751ab519e9885868520a5f45a1550c96dd865f5,abbb2166a11462c89a3857dbef538be21f79b47327034f4ba7d2e81dc6939897,ext/re2/re2.cc,2888,static-catalog/files-scanned.csv,fe76976976e2a77c37581f7075f8f322d5207e396e52255257617abff0d99936,348f0f53feb9891f96d146eb51eea6e45aaf5bdadbc78baf38f2651bc5b63392,47e053aa88710f21b6d578c125871e338a0e0ea09b5b53bb93ad2623e001f282,source_bytes_and_line_range_verified,open_evidence_gap,unchanged_not_reassessed
static-catalog/registration-provenance/unresolved-rows.jsonl,183,192cf184081dba4dd017a22009024bccdf867291eda9471480c8a6d1de594e49,2ab16fb4af8bfd29f3701689df5386692f997a1e70b0f42600ca567d078e6892,static-catalog/argument-inventory-roots.jsonl,2820,77ab3512fc5bc771fdefa93c0751ab519e9885868520a5f45a1550c96dd865f5,0effa6c4ae9e30149af49d4c3b3ec1a61ad44fe9ab8dd0acf043bb85aa2401db,ext/re2/re2.cc,2890,static-catalog/files-scanned.csv,fe76976976e2a77c37581f7075f8f322d5207e396e52255257617abff0d99936,348f0f53feb9891f96d146eb51eea6e45aaf5bdadbc78baf38f2651bc5b63392,707b725d5f9a80ab9296ba6734d9c06a74ec22ce9aded27389ade8df55e5b093,source_bytes_and_line_range_verified,open_evidence_gap,unchanged_not_reassessed
static-catalog/registration-provenance/unresolved-rows.jsonl,184,192cf184081dba4dd017a22009024bccdf867291eda9471480c8a6d1de594e49,01ef455b1ca111117c748c405cf4d1b1ebd81387fb148148c778aa17942f8f61,static-catalog/argument-inventory-roots.jsonl,2821,77ab3512fc5bc771fdefa93c0751ab519e9885868520a5f45a1550c96dd865f5,c484dda223660af54ef600d98e9bb6e25ff2e78155dfb65c78adb034b1a3c956,ext/re2/re2.cc,2892,static-catalog/files-scanned.csv,fe76976976e2a77c37581f7075f8f322d5207e396e52255257617abff0d99936,348f0f53feb9891f96d146eb51eea6e45aaf5bdadbc78baf38f2651bc5b63392,1aeeb84f892094c7a5c8ad2e5f84e7da029cc21c5cc23aa6d98c3375d64b8daf,source_bytes_and_line_range_verified,open_evidence_gap,unchanged_not_reassessed
static-catalog/registration-provenance/unresolved-rows.jsonl,185,192cf184081dba4dd017a22009024bccdf867291eda9471480c8a6d1de594e49,7219b73b916a7fdbfbb51f1dab1c4afd9ae20491df8205048cb85f9729d521d0,static-catalog/argument-inventory-roots.jsonl,2822,77ab3512fc5bc771fdefa93c0751ab519e9885868520a5f45a1550c96dd865f5,2380bcf84d12790cd4f5faead0d6f8fbeea9fcc091efacd5a957a1799deee130,ext/re2/re2.cc,2894,static-catalog/files-scanned.csv,fe76976976e2a77c37581f7075f8f322d5207e396e52255257617abff0d99936,348f0f53feb9891f96d146eb51eea6e45aaf5bdadbc78baf38f2651bc5b63392,f0a0786de9301050f8d956ad4ccb4b4d9963302dc14c046048e0ca98b6622c23,source_bytes_and_line_range_verified,open_evidence_gap,unchanged_not_reassessed
static-catalog/registration-provenance/unresolved-rows.jsonl,186,192cf184081dba4dd017a22009024bccdf867291eda9471480c8a6d1de594e49,0387b7467ac8aaf4e1347944b606f199a1d5102fb6e85fcaec0c5ea3bf2794e0,static-catalog/argument-inventory-roots.jsonl,2823,77ab3512fc5bc771fdefa93c0751ab519e9885868520a5f45a1550c96dd865f5,12e2acc6ec52950528d37fc1dae8735687803bc4f3fd826aebfba3bbdd378a0a,ext/re2/re2.cc,2896,static-catalog/files-scanned.csv,fe76976976e2a77c37581f7075f8f322d5207e396e52255257617abff0d99936,348f0f53feb9891f96d146eb51eea6e45aaf5bdadbc78baf38f2651bc5b63392,f12adeaa267c8a3dbe3ea66686c1f11fc4d8f9ffd3479b9f4633803e9b4240da,source_bytes_and_line_range_verified,open_evidence_gap,unchanged_not_reassessed
static-catalog/registration-provenance/unresolved-rows.jsonl,187,192cf184081dba4dd017a22009024bccdf867291eda9471480c8a6d1de594e49,c838e0ba5276b368faff73306f73ad13cc99f1bed1b5fc0c359facdcdbc0805d,static-catalog/argument-inventory-roots.jsonl,2824,77ab3512fc5bc771fdefa93c0751ab519e9885868520a5f45a1550c96dd865f5,d6484bf0b9c76c8dcc1c77dae29b047ccfb5856d7889591fcb68c647b07f8bca,ext/re2/re2.cc,2898,static-catalog/files-scanned.csv,fe76976976e2a77c37581f7075f8f322d5207e396e52255257617abff0d99936,348f0f53feb9891f96d146eb51eea6e45aaf5bdadbc78baf38f2651bc5b63392,fb47e76c459e3f62a348771197cc0c315d55cf6d58c3ebe109ff31d976bce9a5,source_bytes_and_line_range_verified,open_evidence_gap,unchanged_not_reassessed
static-catalog/registration-provenance/unresolved-rows.jsonl,188,192cf184081dba4dd017a22009024bccdf867291eda9471480c8a6d1de594e49,55fda55335633b8e7bacb2d3d0bc099851f22112937f59cde7a0a8ad269a3a38,static-catalog/argument-inventory-roots.jsonl,2825,77ab3512fc5bc771fdefa93c0751ab519e9885868520a5f45a1550c96dd865f5,dd7e68ee83971f1d56c293a3869495214652d6454da86d21f6485e38a13f9d30,ext/re2/re2.cc,2900,static-catalog/files-scanned.csv,fe76976976e2a77c37581f7075f8f322d5207e396e52255257617abff0d99936,348f0f53feb9891f96d146eb51eea6e45aaf5bdadbc78baf38f2651bc5b63392,8e247483972f16a1ce196ff7fadad10c405ae6f96007e467351717ebbcc04ed4,source_bytes_and_line_range_verified,open_evidence_gap,unchanged_not_reassessed
static-catalog/registration-provenance/unresolved-rows.jsonl,189,192cf184081dba4dd017a22009024bccdf867291eda9471480c8a6d1de594e49,e7ef8cbf2bedb1e0c4a997e98aa8574f1a999ca5da75732bd557bf63ad38fdc6,static-catalog/argument-inventory-roots.jsonl,2826,77ab3512fc5bc771fdefa93c0751ab519e9885868520a5f45a1550c96dd865f5,3cd9637ceef97cd4d5e96340da5b198b3835ca25121f29766732cbbe0e87e457,ext/re2/re2.cc,2902,static-catalog/files-scanned.csv,fe76976976e2a77c37581f7075f8f322d5207e396e52255257617abff0d99936,348f0f53feb9891f96d146eb51eea6e45aaf5bdadbc78baf38f2651bc5b63392,1dc6161121c1a64cb49e4e26bf03b3eddfd4b6ac790a5eac68e8d2890e30feb3,source_bytes_and_line_range_verified,open_evidence_gap,unchanged_not_reassessed
static-catalog/registration-provenance/unresolved-rows.jsonl,190,192cf184081dba4dd017a22009024bccdf867291eda9471480c8a6d1de594e49,7b04eb05fa750d0f81942f124f7faba35c91630919f943fc6543c973afaecefd,static-catalog/argument-inventory-roots.jsonl,2827,77ab3512fc5bc771fdefa93c0751ab519e9885868520a5f45a1550c96dd865f5,a3f3d2c3d4d5ce95624d58e8adf3598e74a898b34cd0a393febd14475650b465,ext/re2/re2.cc,2904,static-catalog/files-scanned.csv,fe76976976e2a77c37581f7075f8f322d5207e396e52255257617abff0d99936,348f0f53feb9891f96d146eb51eea6e45aaf5bdadbc78baf38f2651bc5b63392,9f32c30ce309d1e4443a1cfd9ec205d297e6689f7f3b2bd686859b1f752f4325,source_bytes_and_line_range_verified,open_evidence_gap,unchanged_not_reassessed
static-catalog/registration-provenance/unresolved-rows.jsonl,191,192cf184081dba4dd017a22009024bccdf867291eda9471480c8a6d1de594e49,3ffede42685d5c585ae4b515b08bd45381416cc66efaf80bfbb7a0db90c3e2d2,static-catalog/argument-inventory-roots.jsonl,2828,77ab3512fc5bc771fdefa93c0751ab519e9885868520a5f45a1550c96dd865f5,2abd79ce8891ed73198d29950682d4f70b61a40e0fd24140e8ae1658b5630bc2,ext/re2/re2.cc,2906,static-catalog/files-scanned.csv,fe76976976e2a77c37581f7075f8f322d5207e396e52255257617abff0d99936,348f0f53feb9891f96d146eb51eea6e45aaf5bdadbc78baf38f2651bc5b63392,966ab11e88c38a35659f86e32928849aa14c2f3f4400d6aeeaf6c58583f074ef,source_bytes_and_line_range_verified,open_evidence_gap,unchanged_not_reassessed
static-catalog/registration-provenance/unresolved-rows.jsonl,192,192cf184081dba4dd017a22009024bccdf867291eda9471480c8a6d1de594e49,19c24289326df91450024db4969cbe94af1da13eb94a73cc051d2795330e91a3,static-catalog/argument-inventory-roots.jsonl,2829,77ab3512fc5bc771fdefa93c0751ab519e9885868520a5f45a1550c96dd865f5,2c3c490883c2f9781c665d0e582a26634de0069244870b45d68b8621b29c961e,ext/re2/re2.cc,2908,static-catalog/files-scanned.csv,fe76976976e2a77c37581f7075f8f322d5207e396e52255257617abff0d99936,348f0f53feb9891f96d146eb51eea6e45aaf5bdadbc78baf38f2651bc5b63392,026d50faa41b7a57130ba8299f59a93ee92e87476959a2010c3d4410238fcb52,source_bytes_and_line_range_verified,open_evidence_gap,unchanged_not_reassessed
static-catalog/registration-provenance/unresolved-rows.jsonl,193,192cf184081dba4dd017a22009024bccdf867291eda9471480c8a6d1de594e49,3209396234301e64329c8e0d431a9189680233e6f8b57e2472e0e53342c0e121,static-catalog/argument-inventory-roots.jsonl,2830,77ab3512fc5bc771fdefa93c0751ab519e9885868520a5f45a1550c96dd865f5,9a1cb60a5cb0e38026224046f2d3869d84887dc0f4ec530a22984103453d312d,ext/re2/re2.cc,2911,static-catalog/files-scanned.csv,fe76976976e2a77c37581f7075f8f322d5207e396e52255257617abff0d99936,348f0f53feb9891f96d146eb51eea6e45aaf5bdadbc78baf38f2651bc5b63392,f70eae2c0330f25a45f1406d76f27d32682646239ad35ffd807c2fe10c66ce01,source_bytes_and_line_range_verified,open_evidence_gap,unchanged_not_reassessed
static-catalog/registration-provenance/unresolved-rows.jsonl,194,192cf184081dba4dd017a22009024bccdf867291eda9471480c8a6d1de594e49,b1e37e231e32ec32bf52224abee954585ff306762ebc03507af18d6037858450,static-catalog/argument-inventory-roots.jsonl,2831,77ab3512fc5bc771fdefa93c0751ab519e9885868520a5f45a1550c96dd865f5,e8c44967c5f34cd11b27fcfcb4d609fa9f84385c30af42392869fa4b0b87aec3,ext/re2/re2.cc,2913,static-catalog/files-scanned.csv,fe76976976e2a77c37581f7075f8f322d5207e396e52255257617abff0d99936,348f0f53feb9891f96d146eb51eea6e45aaf5bdadbc78baf38f2651bc5b63392,5798cc742b1e500bf001ec685c20aafe35e42b9b6678f1c29e3037936e1e4fdc,source_bytes_and_line_range_verified,open_evidence_gap,unchanged_not_reassessed
static-catalog/registration-provenance/unresolved-rows.jsonl,195,192cf184081dba4dd017a22009024bccdf867291eda9471480c8a6d1de594e49,791e6b4c76f228b995def28a3656db0e48201030c8c39f3679c3d6af35d336f3,static-catalog/argument-inventory-roots.jsonl,2832,77ab3512fc5bc771fdefa93c0751ab519e9885868520a5f45a1550c96dd865f5,2b420fd882b1895ce8cb1ab89f3c4a6e38dd7960c481beb18789ff8b81743865,ext/re2/re2.cc,2915,static-catalog/files-scanned.csv,fe76976976e2a77c37581f7075f8f322d5207e396e52255257617abff0d99936,348f0f53feb9891f96d146eb51eea6e45aaf5bdadbc78baf38f2651bc5b63392,8edd054729266035cdb2303dbedfc93549e1eff01f8bb13017d2859546fe7048,source_bytes_and_line_range_verified,open_evidence_gap,unchanged_not_reassessed
static-catalog/registration-provenance/unresolved-rows.jsonl,196,192cf184081dba4dd017a22009024bccdf867291eda9471480c8a6d1de594e49,636fd87c299537b0e1fb51394b71cefc87f246ea07b9f6778606d17236cb3cd5,static-catalog/argument-inventory-roots.jsonl,2833,77ab3512fc5bc771fdefa93c0751ab519e9885868520a5f45a1550c96dd865f5,e30949c9a474ef070e15d68734e1e5f26fb65510bd3f09aa7d2320a5317678c9,ext/re2/re2.cc,2917,static-catalog/files-scanned.csv,fe76976976e2a77c37581f7075f8f322d5207e396e52255257617abff0d99936,348f0f53feb9891f96d146eb51eea6e45aaf5bdadbc78baf38f2651bc5b63392,43406ae4bda10564b249d0d0721a2330acdbbe6cb352ad8ebe93ab21b7f933ed,source_bytes_and_line_range_verified,open_evidence_gap,unchanged_not_reassessed
static-catalog/registration-provenance/unresolved-rows.jsonl,197,192cf184081dba4dd017a22009024bccdf867291eda9471480c8a6d1de594e49,de80d4e5881793fddd2b841020bd1366cc3fdaf75e0b0cc63e9323bf2095c42e,static-catalog/argument-inventory-roots.jsonl,2834,77ab3512fc5bc771fdefa93c0751ab519e9885868520a5f45a1550c96dd865f5,a36564b08a3dac6568337cc658fcee8c9a95d75f9f4d40be615760d0a09685eb,ext/re2/re2.cc,2919,static-catalog/files-scanned.csv,fe76976976e2a77c37581f7075f8f322d5207e396e52255257617abff0d99936,348f0f53feb9891f96d146eb51eea6e45aaf5bdadbc78baf38f2651bc5b63392,a0cd7521ef45d967e8a10a0b03c2734da166dd3c96db1af7d39039b092a1bd6a,source_bytes_and_line_range_verified,open_evidence_gap,unchanged_not_reassessed
static-catalog/registration-provenance/unresolved-rows.jsonl,198,192cf184081dba4dd017a22009024bccdf867291eda9471480c8a6d1de594e49,75cc2aaffb81f69918a3073b1c8577f8e5ec6ea0d919c73b4cb855b890e206d1,static-catalog/argument-inventory-roots.jsonl,2835,77ab3512fc5bc771fdefa93c0751ab519e9885868520a5f45a1550c96dd865f5,dabaa7436b685d3a84bc5b0fd71e9ecc2355ad43dff73d858f65aea38c5204a4,ext/re2/re2.cc,2920,static-catalog/files-scanned.csv,fe76976976e2a77c37581f7075f8f322d5207e396e52255257617abff0d99936,348f0f53feb9891f96d146eb51eea6e45aaf5bdadbc78baf38f2651bc5b63392,15e70ffaedbd2d45016de0f9c5f83646f4bee91497c94a5ce19f863e6a4f8cea,source_bytes_and_line_range_verified,open_evidence_gap,unchanged_not_reassessed
static-catalog/registration-provenance/unresolved-rows.jsonl,199,192cf184081dba4dd017a22009024bccdf867291eda9471480c8a6d1de594e49,92e34511bd8ea9d99b291d3c3431e66380b8f3faa376c64a82c5cffe2ea19afe,static-catalog/argument-inventory-roots.jsonl,2836,77ab3512fc5bc771fdefa93c0751ab519e9885868520a5f45a1550c96dd865f5,be59b6c2e1ee7a43235fc9e21e17145666802aa64c5bfac08d0a83e3ce1760a8,ext/re2/re2.cc,2921,static-catalog/files-scanned.csv,fe76976976e2a77c37581f7075f8f322d5207e396e52255257617abff0d99936,348f0f53feb9891f96d146eb51eea6e45aaf5bdadbc78baf38f2651bc5b63392,cc56e9f13eb9114eaf27650988eba0b1c28a1091cb0f7529fcf2b7661840f3c7,source_bytes_and_line_range_verified,open_evidence_gap,unchanged_not_reassessed
static-catalog/registration-provenance/unresolved-rows.jsonl,200,192cf184081dba4dd017a22009024bccdf867291eda9471480c8a6d1de594e49,d24e88ca9e042d3b95cd10b8738ec24417df169ade76fdf06fc471df93acc007,static-catalog/argument-inventory-roots.jsonl,2837,77ab3512fc5bc771fdefa93c0751ab519e9885868520a5f45a1550c96dd865f5,d645de51f1265d6f1c27c6b5113f94f247514fe14d5a6ca3dbcb63e12a2f5563,ext/re2/re2.cc,2922,static-catalog/files-scanned.csv,fe76976976e2a77c37581f7075f8f322d5207e396e52255257617abff0d99936,348f0f53feb9891f96d146eb51eea6e45aaf5bdadbc78baf38f2651bc5b63392,1325c1196770715664953b0cfffae17ba0075d47606318a382a27b98acc3c484,source_bytes_and_line_range_verified,open_evidence_gap,unchanged_not_reassessed
static-catalog/registration-provenance/unresolved-rows.jsonl,201,192cf184081dba4dd017a22009024bccdf867291eda9471480c8a6d1de594e49,3c7eaf7189d5a76f872d1b589531e91d04d9a48d200050641625fdea692fb81d,static-catalog/argument-inventory-roots.jsonl,2838,77ab3512fc5bc771fdefa93c0751ab519e9885868520a5f45a1550c96dd865f5,87ddc37edd4f95d30abec3cf3e4ba0106bb583697392483a570e8fc2f2ee94bc,ext/re2/re2.cc,2923,static-catalog/files-scanned.csv,fe76976976e2a77c37581f7075f8f322d5207e396e52255257617abff0d99936,348f0f53feb9891f96d146eb51eea6e45aaf5bdadbc78baf38f2651bc5b63392,4af1cdc6328b5e17dd791445ed88544c71844edb47fde906fd7a15be9367adfa,source_bytes_and_line_range_verified,open_evidence_gap,unchanged_not_reassessed
static-catalog/registration-provenance/unresolved-rows.jsonl,202,192cf184081dba4dd017a22009024bccdf867291eda9471480c8a6d1de594e49,d1a82d266d90dbe391f3490bda2ec0e70aec3a41a7dc71df6fa437710ab056c6,static-catalog/argument-inventory-roots.jsonl,2839,77ab3512fc5bc771fdefa93c0751ab519e9885868520a5f45a1550c96dd865f5,197155c8a29f2676f67aca3382e99fe5ac49cb0f614e4944f91f3e36b39d1d01,ext/re2/re2.cc,2925,static-catalog/files-scanned.csv,fe76976976e2a77c37581f7075f8f322d5207e396e52255257617abff0d99936,348f0f53feb9891f96d146eb51eea6e45aaf5bdadbc78baf38f2651bc5b63392,6e856f5b7df65b1645e411dcbb46f6788f96f1008c81de11e0a0ff034d92ff89,source_bytes_and_line_range_verified,open_evidence_gap,unchanged_not_reassessed
static-catalog/registration-provenance/unresolved-rows.jsonl,203,192cf184081dba4dd017a22009024bccdf867291eda9471480c8a6d1de594e49,6b99e21cfb73a98b2b99e2d585acfa244b724ed07411a92d13ccf60c5cf33aac,static-catalog/argument-inventory-roots.jsonl,2840,77ab3512fc5bc771fdefa93c0751ab519e9885868520a5f45a1550c96dd865f5,a4a9b9a570afa0ac0e64d57dd932214bfa54bcae0bd00da47e920901bb8d6d4a,ext/re2/re2.cc,2927,static-catalog/files-scanned.csv,fe76976976e2a77c37581f7075f8f322d5207e396e52255257617abff0d99936,348f0f53feb9891f96d146eb51eea6e45aaf5bdadbc78baf38f2651bc5b63392,e7155f6d26c5e2c6d83c7f2ae946ae04b4d3f7955b166bd9cf17b2a01b0d8f77,source_bytes_and_line_range_verified,open_evidence_gap,unchanged_not_reassessed
static-catalog/registration-provenance/unresolved-rows.jsonl,204,192cf184081dba4dd017a22009024bccdf867291eda9471480c8a6d1de594e49,747dd0ff2fb536ebbf63cbbb74f1b97700c99d104099c43657d1625f4c6dbd1c,static-catalog/argument-inventory-roots.jsonl,2841,77ab3512fc5bc771fdefa93c0751ab519e9885868520a5f45a1550c96dd865f5,f64d78522424957563582a98100b40477d306cb0e2e5f163dfc7b548db0a4243,ext/re2/re2.cc,2929,static-catalog/files-scanned.csv,fe76976976e2a77c37581f7075f8f322d5207e396e52255257617abff0d99936,348f0f53feb9891f96d146eb51eea6e45aaf5bdadbc78baf38f2651bc5b63392,99694e10a932b8335216c9157af78329b41c0d50b70b5aa1bdeb4b6f61857917,source_bytes_and_line_range_verified,open_evidence_gap,unchanged_not_reassessed
static-catalog/registration-provenance/unresolved-rows.jsonl,205,192cf184081dba4dd017a22009024bccdf867291eda9471480c8a6d1de594e49,6ae740b3ab736ca4d47cbce2a8c1e472e5b5fc1dc1d0f683958e4ecdfc72e671,static-catalog/argument-inventory-roots.jsonl,2842,77ab3512fc5bc771fdefa93c0751ab519e9885868520a5f45a1550c96dd865f5,3d6f04d9e7333dc094af5e3dcb2a6a096d5682d0f53411c64b1ab82732f55fd4,ext/re2/re2.cc,2931,static-catalog/files-scanned.csv,fe76976976e2a77c37581f7075f8f322d5207e396e52255257617abff0d99936,348f0f53feb9891f96d146eb51eea6e45aaf5bdadbc78baf38f2651bc5b63392,f9e5fca1bec5216cdd2ea2b090a049436a426402a9753f91ce67b7d7073a0128,source_bytes_and_line_range_verified,open_evidence_gap,unchanged_not_reassessed
static-catalog/registration-provenance/unresolved-rows.jsonl,206,192cf184081dba4dd017a22009024bccdf867291eda9471480c8a6d1de594e49,6801a52937f0e232fe1a6de27bc8109a6c8f2744a1e8db5454eac8c441111b10,static-catalog/argument-inventory-roots.jsonl,2843,77ab3512fc5bc771fdefa93c0751ab519e9885868520a5f45a1550c96dd865f5,7cc309e202adc943e957b3dc807471f9ce44c42cc36f55c81605720b0780bd47,ext/re2/re2.cc,2933,static-catalog/files-scanned.csv,fe76976976e2a77c37581f7075f8f322d5207e396e52255257617abff0d99936,348f0f53feb9891f96d146eb51eea6e45aaf5bdadbc78baf38f2651bc5b63392,1cc37fa6bf6c885a6d2e79913e5c8e3fbd8746b4705c6081a03983152e3b8090,source_bytes_and_line_range_verified,open_evidence_gap,unchanged_not_reassessed
static-catalog/registration-provenance/unresolved-rows.jsonl,207,192cf184081dba4dd017a22009024bccdf867291eda9471480c8a6d1de594e49,12cfdbe4986be2e3a41f86b2fdf198e847ebbf5c2b3c4e2ab9da7f52c01ac53d,static-catalog/argument-inventory-roots.jsonl,2844,77ab3512fc5bc771fdefa93c0751ab519e9885868520a5f45a1550c96dd865f5,1430081a8d7d92dd591afee4f665d3600c603dcb15d9b98e3c01a90e70f7fb57,ext/re2/re2.cc,2935,static-catalog/files-scanned.csv,fe76976976e2a77c37581f7075f8f322d5207e396e52255257617abff0d99936,348f0f53feb9891f96d146eb51eea6e45aaf5bdadbc78baf38f2651bc5b63392,1fbd1bafe2671b4f4a4292324550ca57e4b67b7591812a12af0a10a73efce154,source_bytes_and_line_range_verified,open_evidence_gap,unchanged_not_reassessed
static-catalog/registration-provenance/unresolved-rows.jsonl,208,192cf184081dba4dd017a22009024bccdf867291eda9471480c8a6d1de594e49,a07b642c2dfc77f61405b828b7f674c184666c90228c0bba41a58b59e13538f9,static-catalog/argument-inventory-roots.jsonl,2845,77ab3512fc5bc771fdefa93c0751ab519e9885868520a5f45a1550c96dd865f5,9cf0091ac687156e544389d81beea668418d53137e30e9ef928c2ef10f99b23e,ext/re2/re2.cc,2937,static-catalog/files-scanned.csv,fe76976976e2a77c37581f7075f8f322d5207e396e52255257617abff0d99936,348f0f53feb9891f96d146eb51eea6e45aaf5bdadbc78baf38f2651bc5b63392,9c9034a5fca0846063bc2ca044aa811a4a5111b4b9602cef07b912672dfd5450,source_bytes_and_line_range_verified,open_evidence_gap,unchanged_not_reassessed
static-catalog/registration-provenance/unresolved-rows.jsonl,209,192cf184081dba4dd017a22009024bccdf867291eda9471480c8a6d1de594e49,c6d684a9321e93dedda34b5e3a025be5b2b1210887c8e6f5af33afa870c1a655,static-catalog/argument-inventory-roots.jsonl,2846,77ab3512fc5bc771fdefa93c0751ab519e9885868520a5f45a1550c96dd865f5,d15e0f301fd380cfb588477319478cf01d868ed67f2b0e0a9a1b69ce46dda46d,ext/re2/re2.cc,2939,static-catalog/files-scanned.csv,fe76976976e2a77c37581f7075f8f322d5207e396e52255257617abff0d99936,348f0f53feb9891f96d146eb51eea6e45aaf5bdadbc78baf38f2651bc5b63392,d758c22dd92f5ee6fa72c7d355fd47c0c299feedb5048106f28aee0a94eb1b42,source_bytes_and_line_range_verified,open_evidence_gap,unchanged_not_reassessed
static-catalog/registration-provenance/unresolved-rows.jsonl,210,192cf184081dba4dd017a22009024bccdf867291eda9471480c8a6d1de594e49,0949279319c563852ce5d37c14df82057e3f0df965aa986466c0caa14fb2cd84,static-catalog/argument-inventory-roots.jsonl,2847,77ab3512fc5bc771fdefa93c0751ab519e9885868520a5f45a1550c96dd865f5,5c4d85ff8222fa74f0b78ff8af509ba2595ec352beae22f61cff98200b0581ee,ext/re2/re2.cc,2941,static-catalog/files-scanned.csv,fe76976976e2a77c37581f7075f8f322d5207e396e52255257617abff0d99936,348f0f53feb9891f96d146eb51eea6e45aaf5bdadbc78baf38f2651bc5b63392,7090350c5f8cd4e479a3739d9a5ef94e3fe764583c8001e276abc8fb095bdb9d,source_bytes_and_line_range_verified,open_evidence_gap,unchanged_not_reassessed
static-catalog/registration-provenance/unresolved-rows.jsonl,211,192cf184081dba4dd017a22009024bccdf867291eda9471480c8a6d1de594e49,9d40735ed704551d2371efd72e7ab345b52020c1dfd6faf21753e606e7948ba3,static-catalog/argument-inventory-roots.jsonl,2848,77ab3512fc5bc771fdefa93c0751ab519e9885868520a5f45a1550c96dd865f5,36277d06f557fb6ce86f78ca5acad330ff3a52ee9de9e966bb91ef2e7d97cbe9,ext/re2/re2.cc,2943,static-catalog/files-scanned.csv,fe76976976e2a77c37581f7075f8f322d5207e396e52255257617abff0d99936,348f0f53feb9891f96d146eb51eea6e45aaf5bdadbc78baf38f2651bc5b63392,ad34117d7d4e240057402c767c7f0c0cbc1a1a0592eebcf2ef55a962ff85796e,source_bytes_and_line_range_verified,open_evidence_gap,unchanged_not_reassessed
static-catalog/registration-provenance/unresolved-rows.jsonl,212,192cf184081dba4dd017a22009024bccdf867291eda9471480c8a6d1de594e49,f2a8bdbd4ae3e1ccf5b414fedba8fe9a26297e51f3283ea89ab5bfb238f9b168,static-catalog/argument-inventory-roots.jsonl,2849,77ab3512fc5bc771fdefa93c0751ab519e9885868520a5f45a1550c96dd865f5,962a7afa74e6946c5f34ed2119928324eb3090b0d4840369285ca78be01a70ad,ext/re2/re2.cc,2947,static-catalog/files-scanned.csv,fe76976976e2a77c37581f7075f8f322d5207e396e52255257617abff0d99936,348f0f53feb9891f96d146eb51eea6e45aaf5bdadbc78baf38f2651bc5b63392,ddf3af2181616a2f5dc9e66d952f2a6ed887b5f221049080fb98295a08c1bf76,source_bytes_and_line_range_verified,open_evidence_gap,unchanged_not_reassessed
static-catalog/registration-provenance/unresolved-rows.jsonl,213,192cf184081dba4dd017a22009024bccdf867291eda9471480c8a6d1de594e49,1a37f28ae805a16ab9e6cc61901d176c048fea973cb2f071d895deff8b381519,static-catalog/argument-inventory-roots.jsonl,2850,77ab3512fc5bc771fdefa93c0751ab519e9885868520a5f45a1550c96dd865f5,6bf6dcec772dbf68fc0d0117d0f44b4c0a4db56098728cf2910d07a68dbb248e,ext/re2/re2.cc,2950,static-catalog/files-scanned.csv,fe76976976e2a77c37581f7075f8f322d5207e396e52255257617abff0d99936,348f0f53feb9891f96d146eb51eea6e45aaf5bdadbc78baf38f2651bc5b63392,0ed6cc0af35f360cbb35ec363b7b9d3d0c06a3ae5bb6a01b3c57915fb02234bb,source_bytes_and_line_range_verified,open_evidence_gap,unchanged_not_reassessed
static-catalog/registration-provenance/unresolved-rows.jsonl,214,192cf184081dba4dd017a22009024bccdf867291eda9471480c8a6d1de594e49,5ac51223dd1cb307210b06d6d2dd72f102a7291f60f86e713edff6744950a2f2,static-catalog/argument-inventory-roots.jsonl,2866,77ab3512fc5bc771fdefa93c0751ab519e9885868520a5f45a1550c96dd865f5,b1189bdfa2542cc10a3e9c373d0d8023bf7d315d64e98e27ae145fa870f95683,ext/magic/ruby-magic.c,1645,static-catalog/files-scanned.csv,fe76976976e2a77c37581f7075f8f322d5207e396e52255257617abff0d99936,2ee32c7a1cc5eac9f0a263b7998c53af1ee94efd1e069cb9a6055416cf929b96,e75de6397208e9f08e245d2adeb00a6f62f24abc84cd7501335976f7789edfb8,source_bytes_and_line_range_verified,open_evidence_gap,unchanged_not_reassessed
static-catalog/registration-provenance/unresolved-rows.jsonl,215,192cf184081dba4dd017a22009024bccdf867291eda9471480c8a6d1de594e49,70406636877a89c0e241dc747f45abbaaa3d77aa72e818402d1ab8ca729b5d5c,static-catalog/argument-inventory-roots.jsonl,2867,77ab3512fc5bc771fdefa93c0751ab519e9885868520a5f45a1550c96dd865f5,2f807dd2b92ede6f5f988747021414c7de50190dfe3df09aa154c03609db565f,ext/magic/ruby-magic.c,1646,static-catalog/files-scanned.csv,fe76976976e2a77c37581f7075f8f322d5207e396e52255257617abff0d99936,2ee32c7a1cc5eac9f0a263b7998c53af1ee94efd1e069cb9a6055416cf929b96,547da3eff215e955f10a40ce848f2d62e18bacf823dfaabea087e929d972dbdd,source_bytes_and_line_range_verified,open_evidence_gap,unchanged_not_reassessed
static-catalog/registration-provenance/unresolved-rows.jsonl,216,192cf184081dba4dd017a22009024bccdf867291eda9471480c8a6d1de594e49,1ba437145c4498d09992c5ea655a9a5d400614ce515731363fc17239a45b631a,static-catalog/argument-inventory-roots.jsonl,2868,77ab3512fc5bc771fdefa93c0751ab519e9885868520a5f45a1550c96dd865f5,1321aec407605474cc22628664a9c07a43c7354cfff92133f5413ba1c6761f8b,ext/magic/ruby-magic.c,1648,static-catalog/files-scanned.csv,fe76976976e2a77c37581f7075f8f322d5207e396e52255257617abff0d99936,2ee32c7a1cc5eac9f0a263b7998c53af1ee94efd1e069cb9a6055416cf929b96,1435eb9ba52a96762178fba2d826bb142f177680226671df0e531dfc38af1ac2,source_bytes_and_line_range_verified,open_evidence_gap,unchanged_not_reassessed
static-catalog/registration-provenance/unresolved-rows.jsonl,217,192cf184081dba4dd017a22009024bccdf867291eda9471480c8a6d1de594e49,3e1e4f9653444074802e7a4194ea6a3465d82422bf27ba1ea63b9965b0f3ed09,static-catalog/argument-inventory-roots.jsonl,2869,77ab3512fc5bc771fdefa93c0751ab519e9885868520a5f45a1550c96dd865f5,b2dbdb0dc0a139f814a7f56c28f6ef301ceaf8ad86b41012d925f27163b903c5,ext/magic/ruby-magic.c,1649,static-catalog/files-scanned.csv,fe76976976e2a77c37581f7075f8f322d5207e396e52255257617abff0d99936,2ee32c7a1cc5eac9f0a263b7998c53af1ee94efd1e069cb9a6055416cf929b96,33e95f0bfa80d8853d8e16d670f7d9fc82bce70fdda4424e7190fa49a6258e40,source_bytes_and_line_range_verified,open_evidence_gap,unchanged_not_reassessed
static-catalog/registration-provenance/unresolved-rows.jsonl,218,192cf184081dba4dd017a22009024bccdf867291eda9471480c8a6d1de594e49,dd64a861712bf4d7c0bda55ae45898ef2a69cd07d629929c450c2c53d3558f00,static-catalog/argument-inventory-roots.jsonl,2870,77ab3512fc5bc771fdefa93c0751ab519e9885868520a5f45a1550c96dd865f5,683b993f0f65f36e9269a27c5fb0d094589a21e328f09fcaaa74998726b67fd4,ext/magic/ruby-magic.c,1651,static-catalog/files-scanned.csv,fe76976976e2a77c37581f7075f8f322d5207e396e52255257617abff0d99936,2ee32c7a1cc5eac9f0a263b7998c53af1ee94efd1e069cb9a6055416cf929b96,ce17286f5769250e4af77cce0d53e6e1c832eb6bc6c3314b70c575b7b7a6a4fb,source_bytes_and_line_range_verified,open_evidence_gap,unchanged_not_reassessed
static-catalog/registration-provenance/unresolved-rows.jsonl,219,192cf184081dba4dd017a22009024bccdf867291eda9471480c8a6d1de594e49,7e910dc0a483d05f3422503867fa2273f620ad56c845a7d686add1ba6ce6ee94,static-catalog/argument-inventory-roots.jsonl,2871,77ab3512fc5bc771fdefa93c0751ab519e9885868520a5f45a1550c96dd865f5,1dfec638654bd4e399fe3138b136bef4138c577c85e119fffba2d2f2cf44799d,ext/magic/ruby-magic.c,1653,static-catalog/files-scanned.csv,fe76976976e2a77c37581f7075f8f322d5207e396e52255257617abff0d99936,2ee32c7a1cc5eac9f0a263b7998c53af1ee94efd1e069cb9a6055416cf929b96,08f4f66e8863598c4d5527308e189517eafcda381a8a88ce769cd9827cd2e247,source_bytes_and_line_range_verified,open_evidence_gap,unchanged_not_reassessed
static-catalog/registration-provenance/unresolved-rows.jsonl,220,192cf184081dba4dd017a22009024bccdf867291eda9471480c8a6d1de594e49,a1dd8bb4fa4580755e7d7d5333f57028047b661e61867f317dc3e230b71aa59f,static-catalog/argument-inventory-roots.jsonl,2872,77ab3512fc5bc771fdefa93c0751ab519e9885868520a5f45a1550c96dd865f5,290d10ed2ba6a2bbb21963549e75c6fda29a91118d4b8e2f0afa2c2d13021fc0,ext/magic/ruby-magic.c,1655,static-catalog/files-scanned.csv,fe76976976e2a77c37581f7075f8f322d5207e396e52255257617abff0d99936,2ee32c7a1cc5eac9f0a263b7998c53af1ee94efd1e069cb9a6055416cf929b96,2f216003c27145cf447723988e2beea8813748bec0a97d147bfe6e57659e7ea2,source_bytes_and_line_range_verified,open_evidence_gap,unchanged_not_reassessed
static-catalog/registration-provenance/unresolved-rows.jsonl,221,192cf184081dba4dd017a22009024bccdf867291eda9471480c8a6d1de594e49,838f168c32c563dbd578f36f7b6503691e009f0260e228223fa2aae640e1663b,static-catalog/argument-inventory-roots.jsonl,2873,77ab3512fc5bc771fdefa93c0751ab519e9885868520a5f45a1550c96dd865f5,7cd39a91c4ce608738ce369007df40fe30caa79f3022e83f1351ad7f9e5d1c5b,ext/magic/ruby-magic.c,1656,static-catalog/files-scanned.csv,fe76976976e2a77c37581f7075f8f322d5207e396e52255257617abff0d99936,2ee32c7a1cc5eac9f0a263b7998c53af1ee94efd1e069cb9a6055416cf929b96,73d693ceb841e6215fa71fa82fd2d44ea07b0b01bf5d02d01ab2433aee3ef106,source_bytes_and_line_range_verified,open_evidence_gap,unchanged_not_reassessed
static-catalog/registration-provenance/unresolved-rows.jsonl,222,192cf184081dba4dd017a22009024bccdf867291eda9471480c8a6d1de594e49,2f2fec804f2de5e4c585d29afb03b150fe2e9fcee026411ac64e0dc35a4ad3b0,static-catalog/argument-inventory-roots.jsonl,2874,77ab3512fc5bc771fdefa93c0751ab519e9885868520a5f45a1550c96dd865f5,6782e921b744dd513817070159725f0d1544861a6775784329f69750ea1a127d,ext/magic/ruby-magic.c,1658,static-catalog/files-scanned.csv,fe76976976e2a77c37581f7075f8f322d5207e396e52255257617abff0d99936,2ee32c7a1cc5eac9f0a263b7998c53af1ee94efd1e069cb9a6055416cf929b96,f41204154c6e1257937c27a421e3ccd82213b157d5a598f62755b11882545908,source_bytes_and_line_range_verified,open_evidence_gap,unchanged_not_reassessed
static-catalog/registration-provenance/unresolved-rows.jsonl,223,192cf184081dba4dd017a22009024bccdf867291eda9471480c8a6d1de594e49,386b8415a2edab9ed49a8573e52a64375162362be7f741a645329683fb67336b,static-catalog/argument-inventory-roots.jsonl,2875,77ab3512fc5bc771fdefa93c0751ab519e9885868520a5f45a1550c96dd865f5,a76e3ef3475f81af6fa432ba57e4862d5d8ffb67371b26c61facfdc43f950a81,ext/magic/ruby-magic.c,1659,static-catalog/files-scanned.csv,fe76976976e2a77c37581f7075f8f322d5207e396e52255257617abff0d99936,2ee32c7a1cc5eac9f0a263b7998c53af1ee94efd1e069cb9a6055416cf929b96,7eba0f052580e23130399dd59159f8e552e4e109420359e03d2d0f63f1a3883e,source_bytes_and_line_range_verified,open_evidence_gap,unchanged_not_reassessed
static-catalog/registration-provenance/unresolved-rows.jsonl,224,192cf184081dba4dd017a22009024bccdf867291eda9471480c8a6d1de594e49,cf17fcb994b7ff546e4df51d7d40e3383b07890a70ebb65fe3ba9106ca47d547,static-catalog/argument-inventory-roots.jsonl,2876,77ab3512fc5bc771fdefa93c0751ab519e9885868520a5f45a1550c96dd865f5,9b308d120b7924e1dd1e6fbcd9d7774859db65ce5abce954cdb2e93fd488baf8,ext/magic/ruby-magic.c,1660,static-catalog/files-scanned.csv,fe76976976e2a77c37581f7075f8f322d5207e396e52255257617abff0d99936,2ee32c7a1cc5eac9f0a263b7998c53af1ee94efd1e069cb9a6055416cf929b96,3f126476f8472205942db3e15aa428f2187b6fd79453a15c28985f400f0967ba,source_bytes_and_line_range_verified,open_evidence_gap,unchanged_not_reassessed
static-catalog/registration-provenance/unresolved-rows.jsonl,225,192cf184081dba4dd017a22009024bccdf867291eda9471480c8a6d1de594e49,6b1314b952f532b661b85aa6628275f0daa67c5684213a3f094ec63a49cd350c,static-catalog/argument-inventory-roots.jsonl,2877,77ab3512fc5bc771fdefa93c0751ab519e9885868520a5f45a1550c96dd865f5,61e65f12553886209d63d58c27c2fd9272bf0d10c8b7dd6f6fd381b339cb513b,ext/magic/ruby-magic.c,1662,static-catalog/files-scanned.csv,fe76976976e2a77c37581f7075f8f322d5207e396e52255257617abff0d99936,2ee32c7a1cc5eac9f0a263b7998c53af1ee94efd1e069cb9a6055416cf929b96,8e54e605dd18523c7a3dff4b902bc46d88af77407185c4b8297129c6d5bce6a4,source_bytes_and_line_range_verified,open_evidence_gap,unchanged_not_reassessed
static-catalog/registration-provenance/unresolved-rows.jsonl,226,192cf184081dba4dd017a22009024bccdf867291eda9471480c8a6d1de594e49,83dc64f37f36ed232726c54a54c5feb89dbba5de558890d1c526842bcdbca4c4,static-catalog/argument-inventory-roots.jsonl,2878,77ab3512fc5bc771fdefa93c0751ab519e9885868520a5f45a1550c96dd865f5,5f8f9aeb4ad9b87b30a0ba42a841ef7c39170f1eeef6b8df3df694c40e1f8aac,ext/magic/ruby-magic.c,1664,static-catalog/files-scanned.csv,fe76976976e2a77c37581f7075f8f322d5207e396e52255257617abff0d99936,2ee32c7a1cc5eac9f0a263b7998c53af1ee94efd1e069cb9a6055416cf929b96,915f83fa697316561d004a4d8c4ce48911db04f20ea281e9fc187aae0f3f1798,source_bytes_and_line_range_verified,open_evidence_gap,unchanged_not_reassessed
static-catalog/registration-provenance/unresolved-rows.jsonl,227,192cf184081dba4dd017a22009024bccdf867291eda9471480c8a6d1de594e49,3d4ae2e436ff5929da15f5e47d1439ca985ce4cdb7dc8e1d656b47d8c89bc93e,static-catalog/argument-inventory-roots.jsonl,2879,77ab3512fc5bc771fdefa93c0751ab519e9885868520a5f45a1550c96dd865f5,546dbf304979db947e720c3e905e26576b639f1dfd0d3822169424d5e4116b02,ext/magic/ruby-magic.c,1665,static-catalog/files-scanned.csv,fe76976976e2a77c37581f7075f8f322d5207e396e52255257617abff0d99936,2ee32c7a1cc5eac9f0a263b7998c53af1ee94efd1e069cb9a6055416cf929b96,347f3f3d561499ab1e6411814ff7f943e5dd1c6317bcd29a5f298fcb5ce65e70,source_bytes_and_line_range_verified,open_evidence_gap,unchanged_not_reassessed
static-catalog/registration-provenance/unresolved-rows.jsonl,228,192cf184081dba4dd017a22009024bccdf867291eda9471480c8a6d1de594e49,bd535d02202e0ecb9c2d71b72728d2b2dba8fa809bfd67a2cb780652d3109224,static-catalog/argument-inventory-roots.jsonl,2880,77ab3512fc5bc771fdefa93c0751ab519e9885868520a5f45a1550c96dd865f5,6536e63349f511dfaa1f6093f4753209dc46d9c60aeb5e6dba45cc98b31083b8,ext/magic/ruby-magic.c,1667,static-catalog/files-scanned.csv,fe76976976e2a77c37581f7075f8f322d5207e396e52255257617abff0d99936,2ee32c7a1cc5eac9f0a263b7998c53af1ee94efd1e069cb9a6055416cf929b96,f02be36e12a5460ecd01b6a1a6d9bff4a85ae4b980d53470489d3a819f787bb2,source_bytes_and_line_range_verified,open_evidence_gap,unchanged_not_reassessed
static-catalog/registration-provenance/unresolved-rows.jsonl,229,192cf184081dba4dd017a22009024bccdf867291eda9471480c8a6d1de594e49,baae392847a316235bac9ac4e72344c7fa3221808a581d5cd4ff042ca6ab6119,static-catalog/argument-inventory-roots.jsonl,2881,77ab3512fc5bc771fdefa93c0751ab519e9885868520a5f45a1550c96dd865f5,b9bc6db90b5d2e17a33183ee9506fee72f8ebb1c549d56a18a291cb3c66fd7ea,ext/magic/ruby-magic.c,1668,static-catalog/files-scanned.csv,fe76976976e2a77c37581f7075f8f322d5207e396e52255257617abff0d99936,2ee32c7a1cc5eac9f0a263b7998c53af1ee94efd1e069cb9a6055416cf929b96,7c4d8e6c65e27c82f9cbda5252af775196099218f22e3ef77363b27789756ea3,source_bytes_and_line_range_verified,open_evidence_gap,unchanged_not_reassessed
static-catalog/registration-provenance/unresolved-rows.jsonl,230,192cf184081dba4dd017a22009024bccdf867291eda9471480c8a6d1de594e49,28f7ed888f1653d6887d238a3c6c4687784045f8ff088c8bf75a4e769dba0acc,static-catalog/argument-inventory-roots.jsonl,2882,77ab3512fc5bc771fdefa93c0751ab519e9885868520a5f45a1550c96dd865f5,2696be71f62650505d55cf9fb5a4342a6baef19b4ab37f91c9b94febf9b1db8c,ext/magic/ruby-magic.c,1670,static-catalog/files-scanned.csv,fe76976976e2a77c37581f7075f8f322d5207e396e52255257617abff0d99936,2ee32c7a1cc5eac9f0a263b7998c53af1ee94efd1e069cb9a6055416cf929b96,948354ed4c1df8e718b811aeb132390b7e00cc1fe741a6879d37dc8677baa7f1,source_bytes_and_line_range_verified,open_evidence_gap,unchanged_not_reassessed
static-catalog/registration-provenance/unresolved-rows.jsonl,231,192cf184081dba4dd017a22009024bccdf867291eda9471480c8a6d1de594e49,20925510602f41a8d9c43c8fe9103086063fcb33d9f8b0d3bc3f13196d63fe46,static-catalog/argument-inventory-roots.jsonl,2883,77ab3512fc5bc771fdefa93c0751ab519e9885868520a5f45a1550c96dd865f5,4c928d452d3cf9cc023c6a317f1a4361979b97c618151987b85e8a6b2d64f039,ext/magic/ruby-magic.c,1671,static-catalog/files-scanned.csv,fe76976976e2a77c37581f7075f8f322d5207e396e52255257617abff0d99936,2ee32c7a1cc5eac9f0a263b7998c53af1ee94efd1e069cb9a6055416cf929b96,bce7f610c56f10eaf84914b4466de631ffeb7c3bc4b6d9b7499add99114d0b31,source_bytes_and_line_range_verified,open_evidence_gap,unchanged_not_reassessed
static-catalog/registration-provenance/unresolved-rows.jsonl,232,192cf184081dba4dd017a22009024bccdf867291eda9471480c8a6d1de594e49,ead5bc4f21454005feab0db5a87cf320712be3981d3af915373ecedbabd5f306,static-catalog/argument-inventory-roots.jsonl,2884,77ab3512fc5bc771fdefa93c0751ab519e9885868520a5f45a1550c96dd865f5,850da14c87617b9ef400cf871ace4a018788a8b7b07e1ed780ebaab7d3f5a03e,ext/magic/ruby-magic.c,1672,static-catalog/files-scanned.csv,fe76976976e2a77c37581f7075f8f322d5207e396e52255257617abff0d99936,2ee32c7a1cc5eac9f0a263b7998c53af1ee94efd1e069cb9a6055416cf929b96,951e84035afd9776f3133868154d834a9233f9312548e535e152565f178ba159,source_bytes_and_line_range_verified,open_evidence_gap,unchanged_not_reassessed
static-catalog/registration-provenance/unresolved-rows.jsonl,233,192cf184081dba4dd017a22009024bccdf867291eda9471480c8a6d1de594e49,0ab0ac183789840a6b448b3e9b5c69c38a093d731beef59fa85f9a2d00c7ec0f,static-catalog/argument-inventory-roots.jsonl,2885,77ab3512fc5bc771fdefa93c0751ab519e9885868520a5f45a1550c96dd865f5,d54826a75dcc4bad51782c4f7ba368c70ae3968a73ad63be6bcf2578fffe7bdd,ext/magic/ruby-magic.c,1676,static-catalog/files-scanned.csv,fe76976976e2a77c37581f7075f8f322d5207e396e52255257617abff0d99936,2ee32c7a1cc5eac9f0a263b7998c53af1ee94efd1e069cb9a6055416cf929b96,55209fa3a07ff040b39fc1c88b4ed8188ea0cc702500ab17c799fdcf9083bfe5,source_bytes_and_line_range_verified,open_evidence_gap,unchanged_not_reassessed
static-catalog/registration-provenance/unresolved-rows.jsonl,234,192cf184081dba4dd017a22009024bccdf867291eda9471480c8a6d1de594e49,a3f8418083b62ac5e748be3ae107d7aa75e675519ee44b0be4945ff934124fe8,static-catalog/argument-inventory-roots.jsonl,2886,77ab3512fc5bc771fdefa93c0751ab519e9885868520a5f45a1550c96dd865f5,725e02a0a66317f74332284cd13c79e4c9c0e7a7f575db2bded89c5a869718dc,ext/magic/ruby-magic.c,1677,static-catalog/files-scanned.csv,fe76976976e2a77c37581f7075f8f322d5207e396e52255257617abff0d99936,2ee32c7a1cc5eac9f0a263b7998c53af1ee94efd1e069cb9a6055416cf929b96,0b25b95bbe4c90697fe8f6ab739c4667fe32fb35ba9301786459c1ce21bc94fd,source_bytes_and_line_range_verified,open_evidence_gap,unchanged_not_reassessed
static-catalog/registration-provenance/unresolved-rows.jsonl,235,192cf184081dba4dd017a22009024bccdf867291eda9471480c8a6d1de594e49,20b43b50b3403431e085fa1d6cbd011dade98613ff5ceae78ae42e2c607d4dcf,static-catalog/argument-inventory-roots.jsonl,2887,77ab3512fc5bc771fdefa93c0751ab519e9885868520a5f45a1550c96dd865f5,5c17d06b8951739a5a9836b5656c65eff88aeba6437566d1a4cb0c4decbfd81e,ext/magic/ruby-magic.c,1678,static-catalog/files-scanned.csv,fe76976976e2a77c37581f7075f8f322d5207e396e52255257617abff0d99936,2ee32c7a1cc5eac9f0a263b7998c53af1ee94efd1e069cb9a6055416cf929b96,46d056509de8b9b141702d6bb2e00814fd46e3be1a0c63c9d94d331e09d60e41,source_bytes_and_line_range_verified,open_evidence_gap,unchanged_not_reassessed
static-catalog/registration-provenance/unresolved-rows.jsonl,236,192cf184081dba4dd017a22009024bccdf867291eda9471480c8a6d1de594e49,cc903803a1bb194415793d1092193fb888b4ebd017a9dc5747ae5ba78ac42bc5,static-catalog/argument-inventory-roots.jsonl,2888,77ab3512fc5bc771fdefa93c0751ab519e9885868520a5f45a1550c96dd865f5,dddd8a27e11000eac64670598a448f5b932f5bfe61569dcd54a93e5ea7e7301a,ext/magic/ruby-magic.c,1682,static-catalog/files-scanned.csv,fe76976976e2a77c37581f7075f8f322d5207e396e52255257617abff0d99936,2ee32c7a1cc5eac9f0a263b7998c53af1ee94efd1e069cb9a6055416cf929b96,acebcbecd7bc8b68105175bd460fbf688e48369c44184ef55777a3f514598645,source_bytes_and_line_range_verified,open_evidence_gap,unchanged_not_reassessed
static-catalog/registration-provenance/unresolved-rows.jsonl,237,192cf184081dba4dd017a22009024bccdf867291eda9471480c8a6d1de594e49,fb8c83e701b4546ae18671c535445b079a572321e5ac6e1b7cf2908c941b8142,static-catalog/argument-inventory-roots.jsonl,2889,77ab3512fc5bc771fdefa93c0751ab519e9885868520a5f45a1550c96dd865f5,27d5e0440e8e1bc3479861ed68fb80210b9765a48c1bab60c8433c9c1a1dc474,ext/magic/ruby-magic.c,1683,static-catalog/files-scanned.csv,fe76976976e2a77c37581f7075f8f322d5207e396e52255257617abff0d99936,2ee32c7a1cc5eac9f0a263b7998c53af1ee94efd1e069cb9a6055416cf929b96,2b6d13a95b13b8f6f966e0fb79b74a8be01dfcdd3dab160ae70446650983658a,source_bytes_and_line_range_verified,open_evidence_gap,unchanged_not_reassessed
static-catalog/registration-provenance/unresolved-rows.jsonl,238,192cf184081dba4dd017a22009024bccdf867291eda9471480c8a6d1de594e49,64940f14c06f4774f7e770f90ebe40e8c5eeef85ddbbe7939eeba7d68f5d21ca,static-catalog/argument-inventory-roots.jsonl,3264,77ab3512fc5bc771fdefa93c0751ab519e9885868520a5f45a1550c96dd865f5,100606209992ec99344cbace64edd86d83c1be4d2a5013a3ca7ad79fe40daaaa,ext/stringio/stringio.c,2030,static-catalog/files-scanned.csv,fe76976976e2a77c37581f7075f8f322d5207e396e52255257617abff0d99936,d8d29c2e1d571e9b0b137de0616eaab2761e55a11b04119e295693a33f05e3a1,565332a27c64ee5e2df6130e30807d077baa8a5235e8c6e9394bcfea1f7a65f1,source_bytes_and_line_range_verified,open_evidence_gap,unchanged_not_reassessed
static-catalog/registration-provenance/unresolved-rows.jsonl,239,192cf184081dba4dd017a22009024bccdf867291eda9471480c8a6d1de594e49,f95c5afd5eb4abd128577ed4c034427cea785f7dc3cd12a718d86a0b40abdd09,static-catalog/argument-inventory-roots.jsonl,3265,77ab3512fc5bc771fdefa93c0751ab519e9885868520a5f45a1550c96dd865f5,c05ee84465dce03952c289c28a4012714d758624884e8f4da959b338e5fcadd2,ext/stringio/stringio.c,2032,static-catalog/files-scanned.csv,fe76976976e2a77c37581f7075f8f322d5207e396e52255257617abff0d99936,d8d29c2e1d571e9b0b137de0616eaab2761e55a11b04119e295693a33f05e3a1,5821785818bf3836aad74f268256e6c114faf1dd148847c4506dac0959fd29b1,source_bytes_and_line_range_verified,open_evidence_gap,unchanged_not_reassessed
static-catalog/registration-provenance/unresolved-rows.jsonl,240,192cf184081dba4dd017a22009024bccdf867291eda9471480c8a6d1de594e49,61b363f671f7a482b5007538eb1f3a957a8147d9f48d7c0b7820bffeb71e5ef8,static-catalog/argument-inventory-roots.jsonl,3266,77ab3512fc5bc771fdefa93c0751ab519e9885868520a5f45a1550c96dd865f5,11b91551bdd8f07743c5711242c63f48ef8d772e8b21ddf3e838abd56b0fd68b,ext/stringio/stringio.c,2034,static-catalog/files-scanned.csv,fe76976976e2a77c37581f7075f8f322d5207e396e52255257617abff0d99936,d8d29c2e1d571e9b0b137de0616eaab2761e55a11b04119e295693a33f05e3a1,00679f3828de3ea461950a3a2146b46408ea6556441139ed5c31a7ef09c9f8b5,source_bytes_and_line_range_verified,open_evidence_gap,unchanged_not_reassessed
static-catalog/registration-provenance/unresolved-rows.jsonl,241,192cf184081dba4dd017a22009024bccdf867291eda9471480c8a6d1de594e49,11e7077957271ad47c225f07be15e1d27f7b92b1e856496fe06b94bc2220f26e,static-catalog/argument-inventory-roots.jsonl,3272,77ab3512fc5bc771fdefa93c0751ab519e9885868520a5f45a1550c96dd865f5,090d03edea82d6c5e748c70cbc16ef891ed7935badfd2a3ca4e5935d3c3e8e28,ext/stringio/stringio.c,2041,static-catalog/files-scanned.csv,fe76976976e2a77c37581f7075f8f322d5207e396e52255257617abff0d99936,d8d29c2e1d571e9b0b137de0616eaab2761e55a11b04119e295693a33f05e3a1,e7404cca00200144575672b318d029de0dafc796d453478cec6004f2e8af16ba,source_bytes_and_line_range_verified,open_evidence_gap,unchanged_not_reassessed
static-catalog/registration-provenance/unresolved-rows.jsonl,242,192cf184081dba4dd017a22009024bccdf867291eda9471480c8a6d1de594e49,d4bae51e6f65dfdc271e28390b2054f7e389f4351aa45f0c596260fa245b726b,static-catalog/argument-inventory-roots.jsonl,3273,77ab3512fc5bc771fdefa93c0751ab519e9885868520a5f45a1550c96dd865f5,21853465766db20cc37e9dc22d97a6e876b4b5e961a35f0f9ce4bcbf7d5ea87e,ext/stringio/stringio.c,2042,static-catalog/files-scanned.csv,fe76976976e2a77c37581f7075f8f322d5207e396e52255257617abff0d99936,d8d29c2e1d571e9b0b137de0616eaab2761e55a11b04119e295693a33f05e3a1,2676c148a0a405c052544c5670cddacfe4b730f7ae17ce0dae116624a0ed39b4,source_bytes_and_line_range_verified,open_evidence_gap,unchanged_not_reassessed
static-catalog/registration-provenance/unresolved-rows.jsonl,243,192cf184081dba4dd017a22009024bccdf867291eda9471480c8a6d1de594e49,31cab02d711bce6b11333ebe6fc340d2ffc3ca606151405609d9be129e99dad1,static-catalog/argument-inventory-roots.jsonl,3289,77ab3512fc5bc771fdefa93c0751ab519e9885868520a5f45a1550c96dd865f5,78332fd0b3fcc061947a4d351ada8f2cc2c8630d3d785956a0e3a25befda68d5,ext/stringio/stringio.c,2067,static-catalog/files-scanned.csv,fe76976976e2a77c37581f7075f8f322d5207e396e52255257617abff0d99936,d8d29c2e1d571e9b0b137de0616eaab2761e55a11b04119e295693a33f05e3a1,df21e91288506f972ac91445ba3313857631b7d5187ce7eaaab5122b5466bde1,source_bytes_and_line_range_verified,open_evidence_gap,unchanged_not_reassessed
static-catalog/registration-provenance/unresolved-rows.jsonl,244,192cf184081dba4dd017a22009024bccdf867291eda9471480c8a6d1de594e49,fac875e8eaec15064b8585d2b28a1d332a253fa5895d1cf9e0a40461ad2e8008,static-catalog/argument-inventory-roots.jsonl,3290,77ab3512fc5bc771fdefa93c0751ab519e9885868520a5f45a1550c96dd865f5,df7421656d16a83926b8c983302d44ad1d404686133e4ec77b73ce50878f9746,ext/stringio/stringio.c,2068,static-catalog/files-scanned.csv,fe76976976e2a77c37581f7075f8f322d5207e396e52255257617abff0d99936,d8d29c2e1d571e9b0b137de0616eaab2761e55a11b04119e295693a33f05e3a1,d61da78a37c22c8e5a7348209ba1bb6a1c7d64772cd9224373c061b22d9ae78f,source_bytes_and_line_range_verified,open_evidence_gap,unchanged_not_reassessed
static-catalog/registration-provenance/unresolved-rows.jsonl,245,192cf184081dba4dd017a22009024bccdf867291eda9471480c8a6d1de594e49,c2edf87b8c375e25f72a085569002e4e638ca121c73e2b2ea1f4ebc72909e45b,static-catalog/argument-inventory-roots.jsonl,3291,77ab3512fc5bc771fdefa93c0751ab519e9885868520a5f45a1550c96dd865f5,237ee6d7745e31319d1bc53bb9afcf0197835b584524f48bc49c958133112d1d,ext/stringio/stringio.c,2071,static-catalog/files-scanned.csv,fe76976976e2a77c37581f7075f8f322d5207e396e52255257617abff0d99936,d8d29c2e1d571e9b0b137de0616eaab2761e55a11b04119e295693a33f05e3a1,b7a6c2d4bfff970160670b80818a9965c9912bf2a1eb6608c5e58cfa7f2fb0e6,source_bytes_and_line_range_verified,open_evidence_gap,unchanged_not_reassessed
static-catalog/registration-provenance/unresolved-rows.jsonl,246,192cf184081dba4dd017a22009024bccdf867291eda9471480c8a6d1de594e49,d71f7e3a602e2b2461286f13a888bdcf49a9fd274f52f2484e9c267b82f13464,static-catalog/argument-inventory-roots.jsonl,3292,77ab3512fc5bc771fdefa93c0751ab519e9885868520a5f45a1550c96dd865f5,5817c1cab742d95e990812a4944dd61c17ad3a991216140e673b67b4c1d8e2e8,ext/stringio/stringio.c,2074,static-catalog/files-scanned.csv,fe76976976e2a77c37581f7075f8f322d5207e396e52255257617abff0d99936,d8d29c2e1d571e9b0b137de0616eaab2761e55a11b04119e295693a33f05e3a1,72abf95dadb535246c09300a95b50c787c77943f65eec90a7b8ffc0d9687ad2d,source_bytes_and_line_range_verified,open_evidence_gap,unchanged_not_reassessed
static-catalog/registration-provenance/unresolved-rows.jsonl,247,192cf184081dba4dd017a22009024bccdf867291eda9471480c8a6d1de594e49,95f3ec69a33ac48c540a80987bd83c95331a78ae95ba89bba611b9b52f6ad203,static-catalog/argument-inventory-roots.jsonl,3306,77ab3512fc5bc771fdefa93c0751ab519e9885868520a5f45a1550c96dd865f5,b7b945fdf7be7bb53e3d4bf78c36178adf52ab35fd9dfe76a23be5400bf2354d,ext/stringio/stringio.c,2100,static-catalog/files-scanned.csv,fe76976976e2a77c37581f7075f8f322d5207e396e52255257617abff0d99936,d8d29c2e1d571e9b0b137de0616eaab2761e55a11b04119e295693a33f05e3a1,2581e0460db4919fb77f7f2f9cb6306ce8b378123e0441e4893244525f71d30b,source_bytes_and_line_range_verified,open_evidence_gap,unchanged_not_reassessed
static-catalog/registration-provenance/unresolved-rows.jsonl,248,192cf184081dba4dd017a22009024bccdf867291eda9471480c8a6d1de594e49,fa7475463deb602501fb1c0976565114e6d6508e7bd3cee627d7eab7e2c89d75,static-catalog/argument-inventory-roots.jsonl,3307,77ab3512fc5bc771fdefa93c0751ab519e9885868520a5f45a1550c96dd865f5,8ed4d33bf7a0ecd32a062a1d611c50197bfc57e2467f5ffd0cb68cc8d9536072,ext/stringio/stringio.c,2101,static-catalog/files-scanned.csv,fe76976976e2a77c37581f7075f8f322d5207e396e52255257617abff0d99936,d8d29c2e1d571e9b0b137de0616eaab2761e55a11b04119e295693a33f05e3a1,00d362d0b17cd6e74f0ba71f3b548cde054177792134fab2885b1f02bd4e18c2,source_bytes_and_line_range_verified,open_evidence_gap,unchanged_not_reassessed
static-catalog/registration-provenance/unresolved-rows.jsonl,249,192cf184081dba4dd017a22009024bccdf867291eda9471480c8a6d1de594e49,9c86ad4e14a8d3f012f559e9d91647a97320062025366192baacd284c18cd6f0,static-catalog/argument-inventory-roots.jsonl,3308,77ab3512fc5bc771fdefa93c0751ab519e9885868520a5f45a1550c96dd865f5,3e92fbcaf160238400a29f58e877b615a32f6ef021d06d5ed050eccfdca7903e,ext/stringio/stringio.c,2102,static-catalog/files-scanned.csv,fe76976976e2a77c37581f7075f8f322d5207e396e52255257617abff0d99936,d8d29c2e1d571e9b0b137de0616eaab2761e55a11b04119e295693a33f05e3a1,21f42538d00467cf0ddf0fa80e264b3f9a98626750485394dd388da931e23620,source_bytes_and_line_range_verified,open_evidence_gap,unchanged_not_reassessed
static-catalog/registration-provenance/unresolved-rows.jsonl,250,192cf184081dba4dd017a22009024bccdf867291eda9471480c8a6d1de594e49,1e8af024f589528be4e00c49645aa62bfc2527938cdd5e1764fd57b838aa2c70,static-catalog/argument-inventory-roots.jsonl,3309,77ab3512fc5bc771fdefa93c0751ab519e9885868520a5f45a1550c96dd865f5,c420e45a9048cfbff105a1f49eb3d11db01c256c3993be3a72c6d5a1cd529e3e,ext/stringio/stringio.c,2103,static-catalog/files-scanned.csv,fe76976976e2a77c37581f7075f8f322d5207e396e52255257617abff0d99936,d8d29c2e1d571e9b0b137de0616eaab2761e55a11b04119e295693a33f05e3a1,066f5fdc20b9bd961c99f87579a1fe608b5e36eb59b7035b561ca1a2de24cecb,source_bytes_and_line_range_verified,open_evidence_gap,unchanged_not_reassessed
static-catalog/registration-provenance/unresolved-rows.jsonl,251,192cf184081dba4dd017a22009024bccdf867291eda9471480c8a6d1de594e49,7b2ecf17981ddf7f1c079907c0a62f941cfaeddfead9f024b5a58bf66c56d9aa,static-catalog/argument-inventory-roots.jsonl,3310,77ab3512fc5bc771fdefa93c0751ab519e9885868520a5f45a1550c96dd865f5,827a3e512c2167b3eb6accf2765d0205cf29fde874ea1ee73b8f580a9a5b3729,ext/stringio/stringio.c,2104,static-catalog/files-scanned.csv,fe76976976e2a77c37581f7075f8f322d5207e396e52255257617abff0d99936,d8d29c2e1d571e9b0b137de0616eaab2761e55a11b04119e295693a33f05e3a1,cd8d2d91cadca2c94f70e91a185a86414cb72a8751629d68d485b18f37df7334,source_bytes_and_line_range_verified,open_evidence_gap,unchanged_not_reassessed
static-catalog/registration-provenance/unresolved-rows.jsonl,252,192cf184081dba4dd017a22009024bccdf867291eda9471480c8a6d1de594e49,1032d245f8619b84b15aaf7b6432d55061744e87be848bc22a6b284ad0581f7e,static-catalog/argument-inventory-roots.jsonl,3499,77ab3512fc5bc771fdefa93c0751ab519e9885868520a5f45a1550c96dd865f5,07a20596031e4940585734f7433ec785c5fce306f8e06b00618861859a38a3d2,ext/vmstat/vmstat.c,23,static-catalog/files-scanned.csv,fe76976976e2a77c37581f7075f8f322d5207e396e52255257617abff0d99936,6f11b5c629a10dca67d7c9b713eee60e85c1bbaabc4ec5b553dbc81517aa1ed7,5ce3125a6f01279a323083447b946f65306af083bd0d54b2c8099950d9f0ed08,source_bytes_and_line_range_verified,open_evidence_gap,unchanged_not_reassessed
static-catalog/registration-provenance/unresolved-rows.jsonl,253,192cf184081dba4dd017a22009024bccdf867291eda9471480c8a6d1de594e49,3729b885ba0f4822fbf560dd1c9de07a806093840913866c2834b920d9410d63,static-catalog/argument-inventory-roots.jsonl,3500,77ab3512fc5bc771fdefa93c0751ab519e9885868520a5f45a1550c96dd865f5,1c0066d6ef5b75ad40f64f92691acb151067b0061b7489dad34d3bc12ed9c581,ext/vmstat/vmstat.c,28,static-catalog/files-scanned.csv,fe76976976e2a77c37581f7075f8f322d5207e396e52255257617abff0d99936,6f11b5c629a10dca67d7c9b713eee60e85c1bbaabc4ec5b553dbc81517aa1ed7,d23dc289eda9ab44c83716a9b9798191b1d009d8cbd04f6e841cf3b6bbe9aa82,source_bytes_and_line_range_verified,open_evidence_gap,unchanged_not_reassessed
static-catalog/registration-provenance/unresolved-rows.jsonl,254,192cf184081dba4dd017a22009024bccdf867291eda9471480c8a6d1de594e49,9794d4abe41038f46cac89f03779d7b2ea1418a585d27fb5686587bd3eac6bbb,static-catalog/argument-inventory-roots.jsonl,3501,77ab3512fc5bc771fdefa93c0751ab519e9885868520a5f45a1550c96dd865f5,709b318068b40823957e6173a704e5e060cc923a1a453ecc5f331dee8bdcb09e,ext/vmstat/vmstat.c,33,static-catalog/files-scanned.csv,fe76976976e2a77c37581f7075f8f322d5207e396e52255257617abff0d99936,6f11b5c629a10dca67d7c9b713eee60e85c1bbaabc4ec5b553dbc81517aa1ed7,e7caafc17c2e3d5089c66838853328fc854987d9c14945815cd934b2c21d43b5,source_bytes_and_line_range_verified,open_evidence_gap,unchanged_not_reassessed
static-catalog/registration-provenance/unresolved-rows.jsonl,255,192cf184081dba4dd017a22009024bccdf867291eda9471480c8a6d1de594e49,663ec07b2b9edca715e91ea44b7d979dde2c1a23be8481ff670925c987922dff,static-catalog/argument-inventory-roots.jsonl,3603,77ab3512fc5bc771fdefa93c0751ab519e9885868520a5f45a1550c96dd865f5,ae9013312f249b7be11b9a5a8c8cb81333b56f100c93ba82eb99401ed5a015c4,ext/zlib/zlib.c,4949,static-catalog/files-scanned.csv,fe76976976e2a77c37581f7075f8f322d5207e396e52255257617abff0d99936,44d03d339a90425c8320a20f066a697f145a5ab0acbd5f63ae37479065087656,15a7068a8a67f8c6079e85aa934ae8a31084543088e40372357ddefdd6a6ab98,source_bytes_and_line_range_verified,open_evidence_gap,unchanged_not_reassessed
static-catalog/registration-provenance/unresolved-rows.jsonl,256,192cf184081dba4dd017a22009024bccdf867291eda9471480c8a6d1de594e49,a6611b09e9d793c74c3dc40a4ac14d9435ed107aef0ba278c092c8e66f440a21,static-catalog/argument-inventory-roots.jsonl,3604,77ab3512fc5bc771fdefa93c0751ab519e9885868520a5f45a1550c96dd865f5,56c0323c5306cf0ac6a48ac2fb075818017bee6d05ed84072d54ee1281493924,ext/zlib/zlib.c,4950,static-catalog/files-scanned.csv,fe76976976e2a77c37581f7075f8f322d5207e396e52255257617abff0d99936,44d03d339a90425c8320a20f066a697f145a5ab0acbd5f63ae37479065087656,8644734055e1c51a7eed7df05e01a46d8a8f7abe77f0450faa9e4612f35c984a,source_bytes_and_line_range_verified,open_evidence_gap,unchanged_not_reassessed
static-catalog/registration-provenance/unresolved-rows.jsonl,257,192cf184081dba4dd017a22009024bccdf867291eda9471480c8a6d1de594e49,cd548096b57ba6a68e309331a763541790dc84138f1a5d60a0b85edd02df28a3,static-catalog/argument-inventory-roots.jsonl,3605,77ab3512fc5bc771fdefa93c0751ab519e9885868520a5f45a1550c96dd865f5,e738602456294a215ecbe789c4efa8dead79d5c39056eeffaf70feb2ee09fb14,ext/zlib/zlib.c,4951,static-catalog/files-scanned.csv,fe76976976e2a77c37581f7075f8f322d5207e396e52255257617abff0d99936,44d03d339a90425c8320a20f066a697f145a5ab0acbd5f63ae37479065087656,e5f7fbdb7f77d0b31311aefe5035f60e5ecb3f6316a2fd6179d8381b1907d42c,source_bytes_and_line_range_verified,open_evidence_gap,unchanged_not_reassessed
static-catalog/registration-provenance/unresolved-rows.jsonl,258,192cf184081dba4dd017a22009024bccdf867291eda9471480c8a6d1de594e49,e451037715f31127da3d53957857e5ce40149aa7a5b746a945ab6b2c5b5ae898,static-catalog/argument-inventory-roots.jsonl,3606,77ab3512fc5bc771fdefa93c0751ab519e9885868520a5f45a1550c96dd865f5,951a994f94515e8bfa9d07eb3c65f0ced15b72e3b3254cc64d4230af4a56aa93,ext/zlib/zlib.c,4952,static-catalog/files-scanned.csv,fe76976976e2a77c37581f7075f8f322d5207e396e52255257617abff0d99936,44d03d339a90425c8320a20f066a697f145a5ab0acbd5f63ae37479065087656,42328f5096acee73d4887f677898a117b373026bc27fee96bc889d943da2ee21,source_bytes_and_line_range_verified,open_evidence_gap,unchanged_not_reassessed
static-catalog/registration-provenance/unresolved-rows.jsonl,259,192cf184081dba4dd017a22009024bccdf867291eda9471480c8a6d1de594e49,b4f7339dc3183494f6a00e04cb201e834d4768a41303ca79175daa618a11872e,static-catalog/argument-inventory-roots.jsonl,3637,77ab3512fc5bc771fdefa93c0751ab519e9885868520a5f45a1550c96dd865f5,6f7faa7d1305272b48946e9ff4dd362bd346c60a8b350c13e48a193b8ec78001,ext/zstdruby/streaming_compress.c,233,static-catalog/files-scanned.csv,fe76976976e2a77c37581f7075f8f322d5207e396e52255257617abff0d99936,2da84ee62474bcb03ca30d2af92657ac93ab71aa0b516beae07aae2d2a3c0e4f,7730b8ccaec1b76cddb372dd62dc54465a18e31ee7c32291b81cbd39f5514167,source_bytes_and_line_range_verified,open_evidence_gap,unchanged_not_reassessed
static-catalog/registration-provenance/unresolved-rows.jsonl,260,192cf184081dba4dd017a22009024bccdf867291eda9471480c8a6d1de594e49,6b0aa8acae55be1fa30c2a6effb5ea2e37c8dce16d8e699c8130be71b0042f11,static-catalog/argument-inventory-roots.jsonl,3638,77ab3512fc5bc771fdefa93c0751ab519e9885868520a5f45a1550c96dd865f5,c0336aee85477da074554873909c157f602471d94f56f9969debed3b32a1d18a,ext/zstdruby/streaming_compress.c,234,static-catalog/files-scanned.csv,fe76976976e2a77c37581f7075f8f322d5207e396e52255257617abff0d99936,2da84ee62474bcb03ca30d2af92657ac93ab71aa0b516beae07aae2d2a3c0e4f,075526b6fba064a9a556c8ad48590cd697e2d804131899db0a7463ca712e7d7d,source_bytes_and_line_range_verified,open_evidence_gap,unchanged_not_reassessed
static-catalog/registration-provenance/unresolved-rows.jsonl,261,192cf184081dba4dd017a22009024bccdf867291eda9471480c8a6d1de594e49,ae794e8c2ebe48f1b092ed7a02003eaf78d65366209b774b5230f5dd0b308d56,static-catalog/argument-inventory-roots.jsonl,3639,77ab3512fc5bc771fdefa93c0751ab519e9885868520a5f45a1550c96dd865f5,f8f1611f83dbc839aed93c6000e9b4e0745997296e94627f7fa67030b207f74c,ext/zstdruby/streaming_compress.c,235,static-catalog/files-scanned.csv,fe76976976e2a77c37581f7075f8f322d5207e396e52255257617abff0d99936,2da84ee62474bcb03ca30d2af92657ac93ab71aa0b516beae07aae2d2a3c0e4f,ea721dabff402f4d8019e1612e558119da79aa3a5c4f6d5f9fef7f6b1512e5f4,source_bytes_and_line_range_verified,open_evidence_gap,unchanged_not_reassessed
static-catalog/registration-provenance/unresolved-rows.jsonl,262,192cf184081dba4dd017a22009024bccdf867291eda9471480c8a6d1de594e49,3c1add3f22e6682dcf4a54a1414a71765c904a0ee0fa76e56b929a8f13f414f6,static-catalog/argument-inventory-roots.jsonl,3640,77ab3512fc5bc771fdefa93c0751ab519e9885868520a5f45a1550c96dd865f5,05c862962287f4b47c0ecf615b0d5a2f06b8be4a7ce8c59f3ef93891b6dc7271,ext/zstdruby/streaming_compress.c,236,static-catalog/files-scanned.csv,fe76976976e2a77c37581f7075f8f322d5207e396e52255257617abff0d99936,2da84ee62474bcb03ca30d2af92657ac93ab71aa0b516beae07aae2d2a3c0e4f,497a529b352c64f08fcb3ee120dee8ee55019da9d98f87a30066a64e18ba698c,source_bytes_and_line_range_verified,open_evidence_gap,unchanged_not_reassessed
