inventory_line,inventory_row_sha256,inventory_evidence,root_evidence,argument_origin,origin_scope,call_depth,call_depth_basis,parameter_identity,parameter_name_semantics,nested_parameter_identity,value_preservation,local_checks,local_checks_evidence,source_reinspection
1,783eabe77d08848562d15bcbc1d2c24a0473aa36ade5331adf52cef2321fcfe7,../entry-argument-sites.jsonl:1,../argument-inventory-roots.jsonl:48,positional_binding_exact_extraction_not_serialized,ruby_positional_identity_only,0,saved_shortest_syntactic_helper_context,amatch:ext/amatch_ext.c:1837:pair_distance_similar#ruby_argument[0],origin_binding_label_not_value_identity,no_helper_hops,not_established,not_assessed_by_saved_inventory,../scripts/call_argument_inventory.py:345-398,not_performed_source_cache_absent
2,ac0546e22aac7ee6c17d7e5fb984898cb33e4ff1ea4dbae160c6a966cf1f96dd,../entry-argument-sites.jsonl:2,../argument-inventory-roots.jsonl:48,positional_binding_exact_extraction_not_serialized,ruby_positional_identity_only,0,saved_shortest_syntactic_helper_context,amatch:ext/amatch_ext.c:1837:pair_distance_similar#ruby_argument[1],origin_binding_label_not_value_identity,no_helper_hops,not_established,not_assessed_by_saved_inventory,../scripts/call_argument_inventory.py:345-398,not_performed_source_cache_absent
3,3e49f8052e9d8b9fc088fd43039563aec6fd1d930807cfb5cbaf4b5ed58a42b0,../entry-argument-sites.jsonl:3,../argument-inventory-roots.jsonl:115,fixed_arity_root_formal,ruby_positional_identity_only,4,saved_shortest_syntactic_helper_context,bigdecimal:ext/bigdecimal/bigdecimal.c:3619:%#ruby_argument[0],origin_binding_label_not_value_identity,per_hop_formal_bindings_not_serialized,not_established,not_assessed_by_saved_inventory,../scripts/call_argument_inventory.py:345-398,not_performed_source_cache_absent
4,47003a25749ea0533fc2d842405b00d241be0c78276398dfc7632b0f08b0e27f,../entry-argument-sites.jsonl:4,../argument-inventory-roots.jsonl:112,fixed_arity_root_formal,ruby_positional_identity_only,4,saved_shortest_syntactic_helper_context,bigdecimal:ext/bigdecimal/bigdecimal.c:3616:*#ruby_argument[0],origin_binding_label_not_value_identity,per_hop_formal_bindings_not_serialized,not_established,not_assessed_by_saved_inventory,../scripts/call_argument_inventory.py:345-398,not_performed_source_cache_absent
5,edb665a50b2f2d498901308be2aba38145dd4d2566a51d5c971a15f266dbe579,../entry-argument-sites.jsonl:5,../argument-inventory-roots.jsonl:108,fixed_arity_root_formal,ruby_positional_identity_only,4,saved_shortest_syntactic_helper_context,bigdecimal:ext/bigdecimal/bigdecimal.c:3612:+#ruby_argument[0],origin_binding_label_not_value_identity,per_hop_formal_bindings_not_serialized,not_established,not_assessed_by_saved_inventory,../scripts/call_argument_inventory.py:345-398,not_performed_source_cache_absent
6,7d2ab59fb2b8a639c29c2205d098fb09bcff7d9a88a14fe2305ad9277c23172f,../entry-argument-sites.jsonl:6,../argument-inventory-roots.jsonl:109,fixed_arity_root_formal,ruby_positional_identity_only,4,saved_shortest_syntactic_helper_context,bigdecimal:ext/bigdecimal/bigdecimal.c:3613:-#ruby_argument[0],origin_binding_label_not_value_identity,per_hop_formal_bindings_not_serialized,not_established,not_assessed_by_saved_inventory,../scripts/call_argument_inventory.py:345-398,not_performed_source_cache_absent
7,e6f1d3fe3f20ccf70d2e0fe75309630dc606731bb9a2b52d71bbbfbd24037bc0,../entry-argument-sites.jsonl:7,../argument-inventory-roots.jsonl:113,fixed_arity_root_formal,ruby_positional_identity_only,4,saved_shortest_syntactic_helper_context,bigdecimal:ext/bigdecimal/bigdecimal.c:3617:/#ruby_argument[0],origin_binding_label_not_value_identity,per_hop_formal_bindings_not_serialized,not_established,not_assessed_by_saved_inventory,../scripts/call_argument_inventory.py:345-398,not_performed_source_cache_absent
8,025d32f9a0fc18274ec29e21c186f2b0cda58f867e7824e048cc237cee977cdf,../entry-argument-sites.jsonl:8,../argument-inventory-roots.jsonl:132,fixed_arity_root_formal,ruby_positional_identity_only,4,saved_shortest_syntactic_helper_context,bigdecimal:ext/bigdecimal/bigdecimal.c:3636:<#ruby_argument[0],origin_binding_label_not_value_identity,per_hop_formal_bindings_not_serialized,not_established,not_assessed_by_saved_inventory,../scripts/call_argument_inventory.py:345-398,not_performed_source_cache_absent
9,277eafd6c8533032cf59c93c4a4f91c281499ede2a386a68fa151b483cde6b40,../entry-argument-sites.jsonl:9,../argument-inventory-roots.jsonl:133,fixed_arity_root_formal,ruby_positional_identity_only,4,saved_shortest_syntactic_helper_context,bigdecimal:ext/bigdecimal/bigdecimal.c:3637:<=#ruby_argument[0],origin_binding_label_not_value_identity,per_hop_formal_bindings_not_serialized,not_established,not_assessed_by_saved_inventory,../scripts/call_argument_inventory.py:345-398,not_performed_source_cache_absent
10,41efaed81855669d4fbc256f59c4bd654305719ec691f5ff9f6869e0514d99cf,../entry-argument-sites.jsonl:10,../argument-inventory-roots.jsonl:128,fixed_arity_root_formal,ruby_positional_identity_only,4,saved_shortest_syntactic_helper_context,bigdecimal:ext/bigdecimal/bigdecimal.c:3632:<=>#ruby_argument[0],origin_binding_label_not_value_identity,per_hop_formal_bindings_not_serialized,not_established,not_assessed_by_saved_inventory,../scripts/call_argument_inventory.py:345-398,not_performed_source_cache_absent
11,7beb34846ddfb4dd218fc695b7d79fa01c67e659b881233e1ad9f408ae5f289a,../entry-argument-sites.jsonl:11,../argument-inventory-roots.jsonl:129,fixed_arity_root_formal,ruby_positional_identity_only,4,saved_shortest_syntactic_helper_context,bigdecimal:ext/bigdecimal/bigdecimal.c:3633:==#ruby_argument[0],origin_binding_label_not_value_identity,per_hop_formal_bindings_not_serialized,not_established,not_assessed_by_saved_inventory,../scripts/call_argument_inventory.py:345-398,not_performed_source_cache_absent
12,f4f6a9d202186846e3f8fe4fe3fefe02a72294e408fb91ef7a9252b14da09c10,../entry-argument-sites.jsonl:12,../argument-inventory-roots.jsonl:130,fixed_arity_root_formal,ruby_positional_identity_only,4,saved_shortest_syntactic_helper_context,bigdecimal:ext/bigdecimal/bigdecimal.c:3634:===#ruby_argument[0],origin_binding_label_not_value_identity,per_hop_formal_bindings_not_serialized,not_established,not_assessed_by_saved_inventory,../scripts/call_argument_inventory.py:345-398,not_performed_source_cache_absent
13,e814d925f7bd7350ea407c70c6ea7d2bf5d7cd6c9cf44250f7f9d759e8461611,../entry-argument-sites.jsonl:13,../argument-inventory-roots.jsonl:134,fixed_arity_root_formal,ruby_positional_identity_only,4,saved_shortest_syntactic_helper_context,bigdecimal:ext/bigdecimal/bigdecimal.c:3638:>#ruby_argument[0],origin_binding_label_not_value_identity,per_hop_formal_bindings_not_serialized,not_established,not_assessed_by_saved_inventory,../scripts/call_argument_inventory.py:345-398,not_performed_source_cache_absent
14,2feebf82741029d47d00442b5705d2b8fa657a2c2082ca48272a92385f13f75e,../entry-argument-sites.jsonl:14,../argument-inventory-roots.jsonl:135,fixed_arity_root_formal,ruby_positional_identity_only,4,saved_shortest_syntactic_helper_context,bigdecimal:ext/bigdecimal/bigdecimal.c:3639:>=#ruby_argument[0],origin_binding_label_not_value_identity,per_hop_formal_bindings_not_serialized,not_established,not_assessed_by_saved_inventory,../scripts/call_argument_inventory.py:345-398,not_performed_source_cache_absent
15,149b540197c607d89f79672ad40dba3d55d5b25aef52bffa6272c4215586c0ed,../entry-argument-sites.jsonl:15,../argument-inventory-roots.jsonl:146,fixed_arity_root_formal,ruby_positional_identity_only,0,saved_shortest_syntactic_helper_context,bigdecimal:ext/bigdecimal/bigdecimal.c:3650:_decimal_shift#ruby_argument[0],origin_binding_label_not_value_identity,no_helper_hops,not_established,not_assessed_by_saved_inventory,../scripts/call_argument_inventory.py:345-398,not_performed_source_cache_absent
16,9cb2967e3f95e3a0a555148d2f577415c02e230bd25523e916d2f5abe513ecb5,../entry-argument-sites.jsonl:16,../argument-inventory-roots.jsonl:146,fixed_arity_root_formal,ruby_positional_identity_only,0,saved_shortest_syntactic_helper_context,bigdecimal:ext/bigdecimal/bigdecimal.c:3650:_decimal_shift#ruby_argument[0],origin_binding_label_not_value_identity,no_helper_hops,not_established,not_assessed_by_saved_inventory,../scripts/call_argument_inventory.py:345-398,not_performed_source_cache_absent
17,0debd1532541991ed8f05bcfe1577c61232d84232a7d6f19829288c626010c37,../entry-argument-sites.jsonl:17,../argument-inventory-roots.jsonl:98,fixed_arity_root_formal,ruby_positional_identity_only,4,saved_shortest_syntactic_helper_context,bigdecimal:ext/bigdecimal/bigdecimal.c:3602:add#ruby_argument[0],origin_binding_label_not_value_identity,per_hop_formal_bindings_not_serialized,not_established,not_assessed_by_saved_inventory,../scripts/call_argument_inventory.py:345-398,not_performed_source_cache_absent
18,6102fa7c3327aff6ad3b9581e192636fc2201f5045bea9c31a586bccf5244f11,../entry-argument-sites.jsonl:18,../argument-inventory-roots.jsonl:138,fixed_arity_root_formal,ruby_positional_identity_only,3,saved_shortest_syntactic_helper_context,bigdecimal:ext/bigdecimal/bigdecimal.c:3642:coerce#ruby_argument[0],origin_binding_label_not_value_identity,per_hop_formal_bindings_not_serialized,not_established,not_assessed_by_saved_inventory,../scripts/call_argument_inventory.py:345-398,not_performed_source_cache_absent
19,a6e43c324fd8590bd4a8081dc1241105fed20abc47efdb93179dab607019fc58,../entry-argument-sites.jsonl:19,../argument-inventory-roots.jsonl:101,positional_binding_exact_extraction_not_serialized,ruby_positional_identity_only,4,saved_shortest_syntactic_helper_context,bigdecimal:ext/bigdecimal/bigdecimal.c:3605:div#ruby_argument[0],origin_binding_label_not_value_identity,per_hop_formal_bindings_not_serialized,not_established,not_assessed_by_saved_inventory,../scripts/call_argument_inventory.py:345-398,not_performed_source_cache_absent
20,673c120da8aa9ff148252deccb156ad3f90b11e266e7facd159cf300418f66aa,../entry-argument-sites.jsonl:20,../argument-inventory-roots.jsonl:118,fixed_arity_root_formal,ruby_positional_identity_only,4,saved_shortest_syntactic_helper_context,bigdecimal:ext/bigdecimal/bigdecimal.c:3622:divmod#ruby_argument[0],origin_binding_label_not_value_identity,per_hop_formal_bindings_not_serialized,not_established,not_assessed_by_saved_inventory,../scripts/call_argument_inventory.py:345-398,not_performed_source_cache_absent
21,183542ac6cb011a8286ff23519c93573012e19bbf1ff357eb7d809bce5a9b6cd,../entry-argument-sites.jsonl:21,../argument-inventory-roots.jsonl:131,fixed_arity_root_formal,ruby_positional_identity_only,4,saved_shortest_syntactic_helper_context,bigdecimal:ext/bigdecimal/bigdecimal.c:3635:eql?#ruby_argument[0],origin_binding_label_not_value_identity,per_hop_formal_bindings_not_serialized,not_established,not_assessed_by_saved_inventory,../scripts/call_argument_inventory.py:345-398,not_performed_source_cache_absent
22,1ce3410aebbf3ab0da7b9d7e1b0afe680098fba3793b6d3b2fa9267a6ba375cb,../entry-argument-sites.jsonl:22,../argument-inventory-roots.jsonl:86,positional_binding_exact_extraction_not_serialized,ruby_positional_identity_only,1,saved_shortest_syntactic_helper_context,bigdecimal:ext/bigdecimal/bigdecimal.c:3462:mode#ruby_argument[1],origin_binding_label_not_value_identity,per_hop_formal_bindings_not_serialized,not_established,not_assessed_by_saved_inventory,../scripts/call_argument_inventory.py:345-398,not_performed_source_cache_absent
23,02568f39b2b3231a62a8e6f0c79cea770b81776274a894538a0c7bf41f98d78c,../entry-argument-sites.jsonl:23,../argument-inventory-roots.jsonl:86,positional_binding_exact_extraction_not_serialized,ruby_positional_identity_only,1,saved_shortest_syntactic_helper_context,bigdecimal:ext/bigdecimal/bigdecimal.c:3462:mode#ruby_argument[1],origin_binding_label_not_value_identity,per_hop_formal_bindings_not_serialized,not_established,not_assessed_by_saved_inventory,../scripts/call_argument_inventory.py:345-398,not_performed_source_cache_absent
24,c5af132689cd489cfbb9eeefa4758fb67d9b465910190531ce106a43c498025b,../entry-argument-sites.jsonl:24,../argument-inventory-roots.jsonl:116,fixed_arity_root_formal,ruby_positional_identity_only,4,saved_shortest_syntactic_helper_context,bigdecimal:ext/bigdecimal/bigdecimal.c:3620:modulo#ruby_argument[0],origin_binding_label_not_value_identity,per_hop_formal_bindings_not_serialized,not_established,not_assessed_by_saved_inventory,../scripts/call_argument_inventory.py:345-398,not_performed_source_cache_absent
25,f0297c8beca259be93b33e33ba5eb168c7f3e36a21c28f41353ac7db04d49c0b,../entry-argument-sites.jsonl:25,../argument-inventory-roots.jsonl:100,fixed_arity_root_formal,ruby_positional_identity_only,4,saved_shortest_syntactic_helper_context,bigdecimal:ext/bigdecimal/bigdecimal.c:3604:mult#ruby_argument[0],origin_binding_label_not_value_identity,per_hop_formal_bindings_not_serialized,not_established,not_assessed_by_saved_inventory,../scripts/call_argument_inventory.py:345-398,not_performed_source_cache_absent
26,4865cb9f8a264bb21a66465f79369cedb925c916194b0d496456c2186af08f35,../entry-argument-sites.jsonl:26,../argument-inventory-roots.jsonl:114,positional_binding_exact_extraction_not_serialized,ruby_positional_identity_only,4,saved_shortest_syntactic_helper_context,bigdecimal:ext/bigdecimal/bigdecimal.c:3618:quo#ruby_argument[0],origin_binding_label_not_value_identity,per_hop_formal_bindings_not_serialized,not_established,not_assessed_by_saved_inventory,../scripts/call_argument_inventory.py:345-398,not_performed_source_cache_absent
27,d06f716a137f4523f0bb8f5ce137c4662a578cb24dd72456e80a0ddcda0a41b0,../entry-argument-sites.jsonl:27,../argument-inventory-roots.jsonl:117,fixed_arity_root_formal,ruby_positional_identity_only,4,saved_shortest_syntactic_helper_context,bigdecimal:ext/bigdecimal/bigdecimal.c:3621:remainder#ruby_argument[0],origin_binding_label_not_value_identity,per_hop_formal_bindings_not_serialized,not_established,not_assessed_by_saved_inventory,../scripts/call_argument_inventory.py:345-398,not_performed_source_cache_absent
28,229e5ae3588647b36bf7d21ace553f98465f6394e13a1dd821d74746ccdcf9a3,../entry-argument-sites.jsonl:28,../argument-inventory-roots.jsonl:124,positional_binding_exact_extraction_not_serialized,ruby_positional_identity_only,1,saved_shortest_syntactic_helper_context,bigdecimal:ext/bigdecimal/bigdecimal.c:3628:round#ruby_argument[1],origin_binding_label_not_value_identity,per_hop_formal_bindings_not_serialized,not_established,not_assessed_by_saved_inventory,../scripts/call_argument_inventory.py:345-398,not_performed_source_cache_absent
29,01cb157dd38d5bda7c5873394b6c59e700f42fd689149e9b6a1b7340ce22ef4d,../entry-argument-sites.jsonl:29,../argument-inventory-roots.jsonl:124,positional_binding_exact_extraction_not_serialized,ruby_positional_identity_only,1,saved_shortest_syntactic_helper_context,bigdecimal:ext/bigdecimal/bigdecimal.c:3628:round#ruby_argument[1],origin_binding_label_not_value_identity,per_hop_formal_bindings_not_serialized,not_established,not_assessed_by_saved_inventory,../scripts/call_argument_inventory.py:345-398,not_performed_source_cache_absent
30,cfdd762e52b7bf36211e33f9a991c4194f67d22bc8c46d4be3e96a86cb50fe02,../entry-argument-sites.jsonl:30,../argument-inventory-roots.jsonl:99,fixed_arity_root_formal,ruby_positional_identity_only,4,saved_shortest_syntactic_helper_context,bigdecimal:ext/bigdecimal/bigdecimal.c:3603:sub#ruby_argument[0],origin_binding_label_not_value_identity,per_hop_formal_bindings_not_serialized,not_established,not_assessed_by_saved_inventory,../scripts/call_argument_inventory.py:345-398,not_performed_source_cache_absent
31,02c33a34ab42d643540d190b5f98ab75ca9f3b45e89180402576d885a69ab107,../entry-argument-sites.jsonl:31,../argument-inventory-roots.jsonl:148,fixed_arity_root_formal,ruby_positional_identity_only,4,saved_shortest_syntactic_helper_context,bigdecimal:ext/bigdecimal/bigdecimal.c:3654:vpdivd#ruby_argument[0],origin_binding_label_not_value_identity,per_hop_formal_bindings_not_serialized,not_established,not_assessed_by_saved_inventory,../scripts/call_argument_inventory.py:345-398,not_performed_source_cache_absent
32,b72d02f55c2827e9e6e5db99725f1196dacc3560e27dbe1776e40ae5c5f98f13,../entry-argument-sites.jsonl:32,../argument-inventory-roots.jsonl:149,fixed_arity_root_formal,ruby_positional_identity_only,4,saved_shortest_syntactic_helper_context,bigdecimal:ext/bigdecimal/bigdecimal.c:3655:vpmult#ruby_argument[0],origin_binding_label_not_value_identity,per_hop_formal_bindings_not_serialized,not_established,not_assessed_by_saved_inventory,../scripts/call_argument_inventory.py:345-398,not_performed_source_cache_absent
33,8f768098763eb97b4187e7e479bdff6a5293a5bf6b524603c671220a4840831b,../entry-argument-sites.jsonl:33,../argument-inventory-roots.jsonl:248,positional_binding_exact_extraction_not_serialized,ruby_positional_identity_only,0,saved_shortest_syntactic_helper_context,cbor:ext/cbor/packer_class.c:275:initialize#ruby_argument[0],origin_binding_label_not_value_identity,no_helper_hops,not_established,not_assessed_by_saved_inventory,../scripts/call_argument_inventory.py:345-398,not_performed_source_cache_absent
34,df8c17ded49276ed211eb0e81f2d73352c36dec33ef773531d3193c7bb81424d,../entry-argument-sites.jsonl:34,../argument-inventory-roots.jsonl:215,positional_binding_exact_extraction_not_serialized,ruby_positional_identity_only,0,saved_shortest_syntactic_helper_context,cbor:ext/cbor/buffer_class.c:499:initialize#ruby_argument[0],origin_binding_label_not_value_identity,no_helper_hops,not_established,not_assessed_by_saved_inventory,../scripts/call_argument_inventory.py:345-398,not_performed_source_cache_absent
35,d818b3c02657191390029c88e9b326700db16a13026bab6ab955ab8dc30ebec3,../entry-argument-sites.jsonl:35,../argument-inventory-roots.jsonl:265,positional_binding_exact_extraction_not_serialized,ruby_positional_identity_only,0,saved_shortest_syntactic_helper_context,cbor:ext/cbor/unpacker_class.c:404:initialize#ruby_argument[1],origin_binding_label_not_value_identity,no_helper_hops,not_established,not_assessed_by_saved_inventory,../scripts/call_argument_inventory.py:345-398,not_performed_source_cache_absent
36,58899e70a8011f31064ff3a38e7695e283f261aab5adec4a80ae29168e8ad0bd,../entry-argument-sites.jsonl:36,../argument-inventory-roots.jsonl:279,fixed_arity_root_formal,ruby_positional_identity_only,1,saved_shortest_syntactic_helper_context,cgi:ext/cgi/escape/escape.c:477:escapeHTML#ruby_argument[0],origin_binding_label_not_value_identity,per_hop_formal_bindings_not_serialized,not_established,not_assessed_by_saved_inventory,../scripts/call_argument_inventory.py:345-398,not_performed_source_cache_absent
37,fe5b8f279b7e6ced73a75939febbf9ba05c9628b38ac4ae003f82556d8ae90da,../entry-argument-sites.jsonl:37,../argument-inventory-roots.jsonl:410,positional_binding_exact_extraction_not_serialized,ruby_positional_identity_only,0,saved_shortest_syntactic_helper_context,date:ext/date/date_core.c:9644:_valid_civil?#ruby_argument[0],origin_binding_label_not_value_identity,no_helper_hops,not_established,not_assessed_by_saved_inventory,../scripts/call_argument_inventory.py:345-398,not_performed_source_cache_absent
38,d4b67780b7d42c290dd032b333aa9fe46336a479040e8893668d59ad0d979899,../entry-argument-sites.jsonl:38,../argument-inventory-roots.jsonl:410,positional_binding_exact_extraction_not_serialized,ruby_positional_identity_only,0,saved_shortest_syntactic_helper_context,date:ext/date/date_core.c:9644:_valid_civil?#ruby_argument[1],origin_binding_label_not_value_identity,no_helper_hops,not_established,not_assessed_by_saved_inventory,../scripts/call_argument_inventory.py:345-398,not_performed_source_cache_absent
39,951c0b89c4275ff888f822d0ec2a9581a536c8944458b440d056f689e6f5b6b6,../entry-argument-sites.jsonl:39,../argument-inventory-roots.jsonl:410,positional_binding_exact_extraction_not_serialized,ruby_positional_identity_only,0,saved_shortest_syntactic_helper_context,date:ext/date/date_core.c:9644:_valid_civil?#ruby_argument[2],origin_binding_label_not_value_identity,no_helper_hops,not_established,not_assessed_by_saved_inventory,../scripts/call_argument_inventory.py:345-398,not_performed_source_cache_absent
40,3a7548c94d4b204eab73870e0a41f0bbbc826d75bd08a29b1102ef8d85444857,../entry-argument-sites.jsonl:40,../argument-inventory-roots.jsonl:410,positional_binding_exact_extraction_not_serialized,ruby_positional_identity_only,0,saved_shortest_syntactic_helper_context,date:ext/date/date_core.c:9644:_valid_civil?#ruby_argument[3],origin_binding_label_not_value_identity,no_helper_hops,not_established,not_assessed_by_saved_inventory,../scripts/call_argument_inventory.py:345-398,not_performed_source_cache_absent
41,ebf62a4d293b2a5c95daa2d1629c53296951be0bc35208a6addcf990df8640f9,../entry-argument-sites.jsonl:41,../argument-inventory-roots.jsonl:412,positional_binding_exact_extraction_not_serialized,ruby_positional_identity_only,0,saved_shortest_syntactic_helper_context,date:ext/date/date_core.c:9648:_valid_commercial?#ruby_argument[0],origin_binding_label_not_value_identity,no_helper_hops,not_established,not_assessed_by_saved_inventory,../scripts/call_argument_inventory.py:345-398,not_performed_source_cache_absent
42,f1bc3be6e02cc6a631c6fe2aa329274ea96447b95fad041be40d98723b07c240,../entry-argument-sites.jsonl:42,../argument-inventory-roots.jsonl:412,positional_binding_exact_extraction_not_serialized,ruby_positional_identity_only,0,saved_shortest_syntactic_helper_context,date:ext/date/date_core.c:9648:_valid_commercial?#ruby_argument[1],origin_binding_label_not_value_identity,no_helper_hops,not_established,not_assessed_by_saved_inventory,../scripts/call_argument_inventory.py:345-398,not_performed_source_cache_absent
43,277ae26580faaa02b5e45fceae7cb41d36b4b5fd68ecb3c0c86163bdb6309cc8,../entry-argument-sites.jsonl:43,../argument-inventory-roots.jsonl:412,positional_binding_exact_extraction_not_serialized,ruby_positional_identity_only,0,saved_shortest_syntactic_helper_context,date:ext/date/date_core.c:9648:_valid_commercial?#ruby_argument[2],origin_binding_label_not_value_identity,no_helper_hops,not_established,not_assessed_by_saved_inventory,../scripts/call_argument_inventory.py:345-398,not_performed_source_cache_absent
44,62337a2fb2c84c61abc23b856be88e83f14e9b64dde903af4dbdfc94d4d6d2b7,../entry-argument-sites.jsonl:44,../argument-inventory-roots.jsonl:412,positional_binding_exact_extraction_not_serialized,ruby_positional_identity_only,0,saved_shortest_syntactic_helper_context,date:ext/date/date_core.c:9648:_valid_commercial?#ruby_argument[3],origin_binding_label_not_value_identity,no_helper_hops,not_established,not_assessed_by_saved_inventory,../scripts/call_argument_inventory.py:345-398,not_performed_source_cache_absent
45,956e71ddb0450a83b0152750d490db37b8197f7fc7e8caca2b5258d47cab1849,../entry-argument-sites.jsonl:45,../argument-inventory-roots.jsonl:411,positional_binding_exact_extraction_not_serialized,ruby_positional_identity_only,0,saved_shortest_syntactic_helper_context,date:ext/date/date_core.c:9646:_valid_date?#ruby_argument[0],origin_binding_label_not_value_identity,no_helper_hops,not_established,not_assessed_by_saved_inventory,../scripts/call_argument_inventory.py:345-398,not_performed_source_cache_absent
46,7dbe3e880aa6cd10e6d34529cc36169780e8726dfcf712615a9fb59b0f89c556,../entry-argument-sites.jsonl:46,../argument-inventory-roots.jsonl:411,positional_binding_exact_extraction_not_serialized,ruby_positional_identity_only,0,saved_shortest_syntactic_helper_context,date:ext/date/date_core.c:9646:_valid_date?#ruby_argument[1],origin_binding_label_not_value_identity,no_helper_hops,not_established,not_assessed_by_saved_inventory,../scripts/call_argument_inventory.py:345-398,not_performed_source_cache_absent
47,f9007930601e871bf01bb610cfb9d42d10184bd7781a0fbb91c4aea4f7a13e48,../entry-argument-sites.jsonl:47,../argument-inventory-roots.jsonl:411,positional_binding_exact_extraction_not_serialized,ruby_positional_identity_only,0,saved_shortest_syntactic_helper_context,date:ext/date/date_core.c:9646:_valid_date?#ruby_argument[2],origin_binding_label_not_value_identity,no_helper_hops,not_established,not_assessed_by_saved_inventory,../scripts/call_argument_inventory.py:345-398,not_performed_source_cache_absent
48,8e34aaee0d7acd3f4af16ed391ecc396e87b4c09039f5ff1b24c551062026cbe,../entry-argument-sites.jsonl:48,../argument-inventory-roots.jsonl:411,positional_binding_exact_extraction_not_serialized,ruby_positional_identity_only,0,saved_shortest_syntactic_helper_context,date:ext/date/date_core.c:9646:_valid_date?#ruby_argument[3],origin_binding_label_not_value_identity,no_helper_hops,not_established,not_assessed_by_saved_inventory,../scripts/call_argument_inventory.py:345-398,not_performed_source_cache_absent
49,e62cfc6d5bdccb11cb67a890bb1b12375be493503139fab23e3a7894c3c541ca,../entry-argument-sites.jsonl:49,../argument-inventory-roots.jsonl:408,positional_binding_exact_extraction_not_serialized,ruby_positional_identity_only,0,saved_shortest_syntactic_helper_context,date:ext/date/date_core.c:9640:_valid_jd?#ruby_argument[0],origin_binding_label_not_value_identity,no_helper_hops,not_established,not_assessed_by_saved_inventory,../scripts/call_argument_inventory.py:345-398,not_performed_source_cache_absent
50,7b6e1a923d1902fb15f8d774660d9ca9cb533b5f7759456540332dfd354b9962,../entry-argument-sites.jsonl:50,../argument-inventory-roots.jsonl:408,positional_binding_exact_extraction_not_serialized,ruby_positional_identity_only,0,saved_shortest_syntactic_helper_context,date:ext/date/date_core.c:9640:_valid_jd?#ruby_argument[1],origin_binding_label_not_value_identity,no_helper_hops,not_established,not_assessed_by_saved_inventory,../scripts/call_argument_inventory.py:345-398,not_performed_source_cache_absent
51,527c3493219709e541ced2ad05175309c7726320de218e9176b8f1bd79b31eac,../entry-argument-sites.jsonl:51,../argument-inventory-roots.jsonl:414,positional_binding_exact_extraction_not_serialized,ruby_positional_identity_only,0,saved_shortest_syntactic_helper_context,date:ext/date/date_core.c:9652:_valid_nth_kday?#ruby_argument[0],origin_binding_label_not_value_identity,no_helper_hops,not_established,not_assessed_by_saved_inventory,../scripts/call_argument_inventory.py:345-398,not_performed_source_cache_absent
52,36faa198b6d3f2d2b575729f93c89cde9d53657fa148cc9b38e213f9a639c919,../entry-argument-sites.jsonl:52,../argument-inventory-roots.jsonl:414,positional_binding_exact_extraction_not_serialized,ruby_positional_identity_only,0,saved_shortest_syntactic_helper_context,date:ext/date/date_core.c:9652:_valid_nth_kday?#ruby_argument[1],origin_binding_label_not_value_identity,no_helper_hops,not_established,not_assessed_by_saved_inventory,../scripts/call_argument_inventory.py:345-398,not_performed_source_cache_absent
53,56885daddcd6ac2612c8ee6ab2d47c06babb452d744401fc47dce692a50515b8,../entry-argument-sites.jsonl:53,../argument-inventory-roots.jsonl:414,positional_binding_exact_extraction_not_serialized,ruby_positional_identity_only,0,saved_shortest_syntactic_helper_context,date:ext/date/date_core.c:9652:_valid_nth_kday?#ruby_argument[2],origin_binding_label_not_value_identity,no_helper_hops,not_established,not_assessed_by_saved_inventory,../scripts/call_argument_inventory.py:345-398,not_performed_source_cache_absent
54,9341f61926b40cf3b134f4a1a5ff6ff30feadd0a65a2947c4cfa4f461ade35b0,../entry-argument-sites.jsonl:54,../argument-inventory-roots.jsonl:414,positional_binding_exact_extraction_not_serialized,ruby_positional_identity_only,0,saved_shortest_syntactic_helper_context,date:ext/date/date_core.c:9652:_valid_nth_kday?#ruby_argument[3],origin_binding_label_not_value_identity,no_helper_hops,not_established,not_assessed_by_saved_inventory,../scripts/call_argument_inventory.py:345-398,not_performed_source_cache_absent
55,e34a13f600608263a85a1db188ee9b9fdb968e25db181000a3bc26ba73cb43cd,../entry-argument-sites.jsonl:55,../argument-inventory-roots.jsonl:414,positional_binding_exact_extraction_not_serialized,ruby_positional_identity_only,0,saved_shortest_syntactic_helper_context,date:ext/date/date_core.c:9652:_valid_nth_kday?#ruby_argument[4],origin_binding_label_not_value_identity,no_helper_hops,not_established,not_assessed_by_saved_inventory,../scripts/call_argument_inventory.py:345-398,not_performed_source_cache_absent
56,82d57f607843e74c7e8b7e7de44735671a6b573788608a85e65bf55a5df91e46,../entry-argument-sites.jsonl:56,../argument-inventory-roots.jsonl:409,positional_binding_exact_extraction_not_serialized,ruby_positional_identity_only,0,saved_shortest_syntactic_helper_context,date:ext/date/date_core.c:9642:_valid_ordinal?#ruby_argument[0],origin_binding_label_not_value_identity,no_helper_hops,not_established,not_assessed_by_saved_inventory,../scripts/call_argument_inventory.py:345-398,not_performed_source_cache_absent
57,72a5024d1da665205c9ba9c73afab226c1b14d0f293ef039af5f91f145cd69a0,../entry-argument-sites.jsonl:57,../argument-inventory-roots.jsonl:409,positional_binding_exact_extraction_not_serialized,ruby_positional_identity_only,0,saved_shortest_syntactic_helper_context,date:ext/date/date_core.c:9642:_valid_ordinal?#ruby_argument[1],origin_binding_label_not_value_identity,no_helper_hops,not_established,not_assessed_by_saved_inventory,../scripts/call_argument_inventory.py:345-398,not_performed_source_cache_absent
58,135bd03d0a69533ad62cf8af6039c8242d02d56710f3107e27149fef4f06dc5b,../entry-argument-sites.jsonl:58,../argument-inventory-roots.jsonl:409,positional_binding_exact_extraction_not_serialized,ruby_positional_identity_only,0,saved_shortest_syntactic_helper_context,date:ext/date/date_core.c:9642:_valid_ordinal?#ruby_argument[2],origin_binding_label_not_value_identity,no_helper_hops,not_established,not_assessed_by_saved_inventory,../scripts/call_argument_inventory.py:345-398,not_performed_source_cache_absent
59,b7afc6115b161804dd5f89ad9f4309c81fc1440118eb694ffd0da71fca45af52,../entry-argument-sites.jsonl:59,../argument-inventory-roots.jsonl:413,positional_binding_exact_extraction_not_serialized,ruby_positional_identity_only,0,saved_shortest_syntactic_helper_context,date:ext/date/date_core.c:9650:_valid_weeknum?#ruby_argument[0],origin_binding_label_not_value_identity,no_helper_hops,not_established,not_assessed_by_saved_inventory,../scripts/call_argument_inventory.py:345-398,not_performed_source_cache_absent
60,8bf6f62d3773dd2b927edef8f7f0314842b51bed2ea6d24bcaa94d478be5a7a6,../entry-argument-sites.jsonl:60,../argument-inventory-roots.jsonl:413,positional_binding_exact_extraction_not_serialized,ruby_positional_identity_only,0,saved_shortest_syntactic_helper_context,date:ext/date/date_core.c:9650:_valid_weeknum?#ruby_argument[1],origin_binding_label_not_value_identity,no_helper_hops,not_established,not_assessed_by_saved_inventory,../scripts/call_argument_inventory.py:345-398,not_performed_source_cache_absent
61,7a388769179736a7ec478eb7a2e79bf8cfdbe10ed4859a005ca7e40dc11fb365,../entry-argument-sites.jsonl:61,../argument-inventory-roots.jsonl:413,positional_binding_exact_extraction_not_serialized,ruby_positional_identity_only,0,saved_shortest_syntactic_helper_context,date:ext/date/date_core.c:9650:_valid_weeknum?#ruby_argument[2],origin_binding_label_not_value_identity,no_helper_hops,not_established,not_assessed_by_saved_inventory,../scripts/call_argument_inventory.py:345-398,not_performed_source_cache_absent
62,7b07d90961bf806305c6d0dd0bc8b29113a22b8a5600d4be9bcd5cf148e39760,../entry-argument-sites.jsonl:62,../argument-inventory-roots.jsonl:413,positional_binding_exact_extraction_not_serialized,ruby_positional_identity_only,0,saved_shortest_syntactic_helper_context,date:ext/date/date_core.c:9650:_valid_weeknum?#ruby_argument[3],origin_binding_label_not_value_identity,no_helper_hops,not_established,not_assessed_by_saved_inventory,../scripts/call_argument_inventory.py:345-398,not_performed_source_cache_absent
63,dac353a317d713a72fde8ad240f862dcfdf3070a0faa05989ca1590667a3d13d,../entry-argument-sites.jsonl:63,../argument-inventory-roots.jsonl:413,positional_binding_exact_extraction_not_serialized,ruby_positional_identity_only,0,saved_shortest_syntactic_helper_context,date:ext/date/date_core.c:9650:_valid_weeknum?#ruby_argument[4],origin_binding_label_not_value_identity,no_helper_hops,not_established,not_assessed_by_saved_inventory,../scripts/call_argument_inventory.py:345-398,not_performed_source_cache_absent
64,7a1fcfce193a2c17113419278976874f17ec13a935fa98365d6e9fe30a53e95b,../entry-argument-sites.jsonl:64,../argument-inventory-roots.jsonl:567,fixed_arity_root_formal,ruby_positional_identity_only,1,saved_shortest_syntactic_helper_context,date:ext/date/date_core.c:10030:deconstruct_keys#ruby_argument[0],origin_binding_label_not_value_identity,per_hop_formal_bindings_not_serialized,not_established,not_assessed_by_saved_inventory,../scripts/call_argument_inventory.py:345-398,not_performed_source_cache_absent
65,8133b020a266d653f6b44b059cb2b30209cdefe1293212c9cc61a31acb74e237,../entry-argument-sites.jsonl:65,../argument-inventory-roots.jsonl:449,positional_binding_exact_extraction_not_serialized,ruby_positional_identity_only,0,saved_shortest_syntactic_helper_context,date:ext/date/date_core.c:9710:httpdate#ruby_argument[0],origin_binding_label_not_value_identity,no_helper_hops,not_established,not_assessed_by_saved_inventory,../scripts/call_argument_inventory.py:345-398,not_performed_source_cache_absent
66,ce3025e6ce1502de1f9eec4bc5563236121c3eaf56bdb5baaed072f97a76de87,../entry-argument-sites.jsonl:66,../argument-inventory-roots.jsonl:549,positional_binding_exact_extraction_not_serialized,ruby_positional_identity_only,0,saved_shortest_syntactic_helper_context,date:ext/date/date_core.c:10005:httpdate#ruby_argument[0],origin_binding_label_not_value_identity,no_helper_hops,not_established,not_assessed_by_saved_inventory,../scripts/call_argument_inventory.py:345-398,not_performed_source_cache_absent
67,c24d1ea729eedf470e56d4bf82bee26cca3241a3160512fd8fdf014de7b931e8,../entry-argument-sites.jsonl:67,../argument-inventory-roots.jsonl:439,positional_binding_exact_extraction_not_serialized,ruby_positional_identity_only,0,saved_shortest_syntactic_helper_context,date:ext/date/date_core.c:9700:iso8601#ruby_argument[0],origin_binding_label_not_value_identity,no_helper_hops,not_established,not_assessed_by_saved_inventory,../scripts/call_argument_inventory.py:345-398,not_performed_source_cache_absent
68,2005c21f0da476b568d93c25e9bf59df8479ae4d659d72d0ed9608176c57026a,../entry-argument-sites.jsonl:68,../argument-inventory-roots.jsonl:544,positional_binding_exact_extraction_not_serialized,ruby_positional_identity_only,0,saved_shortest_syntactic_helper_context,date:ext/date/date_core.c:9995:iso8601#ruby_argument[0],origin_binding_label_not_value_identity,no_helper_hops,not_established,not_assessed_by_saved_inventory,../scripts/call_argument_inventory.py:345-398,not_performed_source_cache_absent
69,16146ea25060c00fb1e7176675aacb715711ff524696bbc63656784b1e829d6f,../entry-argument-sites.jsonl:69,../argument-inventory-roots.jsonl:451,positional_binding_exact_extraction_not_serialized,ruby_positional_identity_only,0,saved_shortest_syntactic_helper_context,date:ext/date/date_core.c:9712:jisx0301#ruby_argument[0],origin_binding_label_not_value_identity,no_helper_hops,not_established,not_assessed_by_saved_inventory,../scripts/call_argument_inventory.py:345-398,not_performed_source_cache_absent
70,3d23145b7773e7e8c81f46b1221b1920b5cdb494fdcb5ad610696a03a74cc673,../entry-argument-sites.jsonl:70,../argument-inventory-roots.jsonl:550,positional_binding_exact_extraction_not_serialized,ruby_positional_identity_only,0,saved_shortest_syntactic_helper_context,date:ext/date/date_core.c:10007:jisx0301#ruby_argument[0],origin_binding_label_not_value_identity,no_helper_hops,not_established,not_assessed_by_saved_inventory,../scripts/call_argument_inventory.py:345-398,not_performed_source_cache_absent
71,9fffac7fd35d304da96d8abd9a098145370062560aff91846c113e10e5fb2491,../entry-argument-sites.jsonl:71,../argument-inventory-roots.jsonl:437,positional_binding_exact_extraction_not_serialized,ruby_positional_identity_only,0,saved_shortest_syntactic_helper_context,date:ext/date/date_core.c:9698:parse#ruby_argument[0],origin_binding_label_not_value_identity,no_helper_hops,not_established,not_assessed_by_saved_inventory,../scripts/call_argument_inventory.py:345-398,not_performed_source_cache_absent
72,e657b9397d4ac3ed9c2fc1413e7ded9e05ac17fc7323d930a60756a3e00b8eb0,../entry-argument-sites.jsonl:72,../argument-inventory-roots.jsonl:543,positional_binding_exact_extraction_not_serialized,ruby_positional_identity_only,0,saved_shortest_syntactic_helper_context,date:ext/date/date_core.c:9993:parse#ruby_argument[0],origin_binding_label_not_value_identity,no_helper_hops,not_established,not_assessed_by_saved_inventory,../scripts/call_argument_inventory.py:345-398,not_performed_source_cache_absent
73,8fb96e48ec9d1d373bafb77ab439542ccda391897d3940cc8dc110d4ce696e30,../entry-argument-sites.jsonl:73,../argument-inventory-roots.jsonl:437,positional_binding_exact_extraction_not_serialized,ruby_positional_identity_only,0,saved_shortest_syntactic_helper_context,date:ext/date/date_core.c:9698:parse#ruby_argument[1],origin_binding_label_not_value_identity,no_helper_hops,not_established,not_assessed_by_saved_inventory,../scripts/call_argument_inventory.py:345-398,not_performed_source_cache_absent
74,acb9068ebfb198b33969ccf905b4e045095bbba41f6a900b7c797a7f59380ce0,../entry-argument-sites.jsonl:74,../argument-inventory-roots.jsonl:543,positional_binding_exact_extraction_not_serialized,ruby_positional_identity_only,0,saved_shortest_syntactic_helper_context,date:ext/date/date_core.c:9993:parse#ruby_argument[1],origin_binding_label_not_value_identity,no_helper_hops,not_established,not_assessed_by_saved_inventory,../scripts/call_argument_inventory.py:345-398,not_performed_source_cache_absent
75,c824846137d044ea55169a642b30d7d8a015907480f2765aa4963dd29835319f,../entry-argument-sites.jsonl:75,../argument-inventory-roots.jsonl:446,positional_binding_exact_extraction_not_serialized,ruby_positional_identity_only,0,saved_shortest_syntactic_helper_context,date:ext/date/date_core.c:9707:rfc2822#ruby_argument[0],origin_binding_label_not_value_identity,no_helper_hops,not_established,not_assessed_by_saved_inventory,../scripts/call_argument_inventory.py:345-398,not_performed_source_cache_absent
76,55a219eb2d6796f27a47ce4e049e4693be77c18e6a9b82e8167ba9d44dd02d18,../entry-argument-sites.jsonl:76,../argument-inventory-roots.jsonl:547,positional_binding_exact_extraction_not_serialized,ruby_positional_identity_only,0,saved_shortest_syntactic_helper_context,date:ext/date/date_core.c:10001:rfc2822#ruby_argument[0],origin_binding_label_not_value_identity,no_helper_hops,not_established,not_assessed_by_saved_inventory,../scripts/call_argument_inventory.py:345-398,not_performed_source_cache_absent
77,ccf5e814b026bdfafe90d088c88069572f242163df333db4457098218e985ef5,../entry-argument-sites.jsonl:77,../argument-inventory-roots.jsonl:441,positional_binding_exact_extraction_not_serialized,ruby_positional_identity_only,0,saved_shortest_syntactic_helper_context,date:ext/date/date_core.c:9702:rfc3339#ruby_argument[0],origin_binding_label_not_value_identity,no_helper_hops,not_established,not_assessed_by_saved_inventory,../scripts/call_argument_inventory.py:345-398,not_performed_source_cache_absent
78,bc733837912dac2c3df81d4280f6824950fae0fddcf03786b0d8f45c22d8f2c3,../entry-argument-sites.jsonl:78,../argument-inventory-roots.jsonl:545,positional_binding_exact_extraction_not_serialized,ruby_positional_identity_only,0,saved_shortest_syntactic_helper_context,date:ext/date/date_core.c:9997:rfc3339#ruby_argument[0],origin_binding_label_not_value_identity,no_helper_hops,not_established,not_assessed_by_saved_inventory,../scripts/call_argument_inventory.py:345-398,not_performed_source_cache_absent
79,b21b8ab0f518558877dfe0220ca229f77f51ccb7dc4dce6695a74b5610456419,../entry-argument-sites.jsonl:79,../argument-inventory-roots.jsonl:447,positional_binding_exact_extraction_not_serialized,ruby_positional_identity_only,0,saved_shortest_syntactic_helper_context,date:ext/date/date_core.c:9708:rfc822#ruby_argument[0],origin_binding_label_not_value_identity,no_helper_hops,not_established,not_assessed_by_saved_inventory,../scripts/call_argument_inventory.py:345-398,not_performed_source_cache_absent
80,cead50d5fefb911d53a0689d4278ef86c0153c8646a01a07f631dd532c54a980,../entry-argument-sites.jsonl:80,../argument-inventory-roots.jsonl:548,positional_binding_exact_extraction_not_serialized,ruby_positional_identity_only,0,saved_shortest_syntactic_helper_context,date:ext/date/date_core.c:10003:rfc822#ruby_argument[0],origin_binding_label_not_value_identity,no_helper_hops,not_established,not_assessed_by_saved_inventory,../scripts/call_argument_inventory.py:345-398,not_performed_source_cache_absent
81,151f6a46e2e22ef43733beffafd3222e568abc44e7580c0fd80476897553273b,../entry-argument-sites.jsonl:81,../argument-inventory-roots.jsonl:435,positional_binding_exact_extraction_not_serialized,ruby_positional_identity_only,0,saved_shortest_syntactic_helper_context,date:ext/date/date_core.c:9696:strptime#ruby_argument[0],origin_binding_label_not_value_identity,no_helper_hops,not_established,not_assessed_by_saved_inventory,../scripts/call_argument_inventory.py:345-398,not_performed_source_cache_absent
82,a8e37a038118ac1ccd3d0a83b9b4e0fc36ee747db73be75330959d6165b21a7f,../entry-argument-sites.jsonl:82,../argument-inventory-roots.jsonl:542,positional_binding_exact_extraction_not_serialized,ruby_positional_identity_only,0,saved_shortest_syntactic_helper_context,date:ext/date/date_core.c:9991:strptime#ruby_argument[0],origin_binding_label_not_value_identity,no_helper_hops,not_established,not_assessed_by_saved_inventory,../scripts/call_argument_inventory.py:345-398,not_performed_source_cache_absent
83,8098fc15d32bf919fdbad197d9e76f509339165209d51ec2810690ed2f6a7d6e,../entry-argument-sites.jsonl:83,../argument-inventory-roots.jsonl:435,positional_binding_exact_extraction_not_serialized,ruby_positional_identity_only,0,saved_shortest_syntactic_helper_context,date:ext/date/date_core.c:9696:strptime#ruby_argument[1],origin_binding_label_not_value_identity,no_helper_hops,not_established,not_assessed_by_saved_inventory,../scripts/call_argument_inventory.py:345-398,not_performed_source_cache_absent
84,1bdea7ab1d0da672c8c34ee12459f01d1a3df64852fb2a6f24e6f90b7d31126a,../entry-argument-sites.jsonl:84,../argument-inventory-roots.jsonl:542,positional_binding_exact_extraction_not_serialized,ruby_positional_identity_only,0,saved_shortest_syntactic_helper_context,date:ext/date/date_core.c:9991:strptime#ruby_argument[1],origin_binding_label_not_value_identity,no_helper_hops,not_established,not_assessed_by_saved_inventory,../scripts/call_argument_inventory.py:345-398,not_performed_source_cache_absent
85,234f68d2b89654fb496831c337aad036ca224b6514ff558a5bb0e2431545ac80,../entry-argument-sites.jsonl:85,../argument-inventory-roots.jsonl:417,positional_binding_exact_extraction_not_serialized,ruby_positional_identity_only,0,saved_shortest_syntactic_helper_context,date:ext/date/date_core.c:9659:valid_civil?#ruby_argument[0],origin_binding_label_not_value_identity,no_helper_hops,not_established,not_assessed_by_saved_inventory,../scripts/call_argument_inventory.py:345-398,not_performed_source_cache_absent
86,be3e5d1cb3d19e6abe91a2ac862ca3cca5f3aaf03d3655d89ca3fca858661c99,../entry-argument-sites.jsonl:86,../argument-inventory-roots.jsonl:417,positional_binding_exact_extraction_not_serialized,ruby_positional_identity_only,0,saved_shortest_syntactic_helper_context,date:ext/date/date_core.c:9659:valid_civil?#ruby_argument[1],origin_binding_label_not_value_identity,no_helper_hops,not_established,not_assessed_by_saved_inventory,../scripts/call_argument_inventory.py:345-398,not_performed_source_cache_absent
87,a465f4a4a864ab0445d3aec017ad195bcf84077fc957b8e4bc7f4713c0c3445c,../entry-argument-sites.jsonl:87,../argument-inventory-roots.jsonl:417,positional_binding_exact_extraction_not_serialized,ruby_positional_identity_only,0,saved_shortest_syntactic_helper_context,date:ext/date/date_core.c:9659:valid_civil?#ruby_argument[2],origin_binding_label_not_value_identity,no_helper_hops,not_established,not_assessed_by_saved_inventory,../scripts/call_argument_inventory.py:345-398,not_performed_source_cache_absent
88,6ea098efcc372aa276e08164fc044ba69df3e3c6dbbf1a157c7a3072cc215d62,../entry-argument-sites.jsonl:88,../argument-inventory-roots.jsonl:417,positional_binding_exact_extraction_not_serialized,ruby_positional_identity_only,0,saved_shortest_syntactic_helper_context,date:ext/date/date_core.c:9659:valid_civil?#ruby_argument[3],origin_binding_label_not_value_identity,no_helper_hops,not_established,not_assessed_by_saved_inventory,../scripts/call_argument_inventory.py:345-398,not_performed_source_cache_absent
89,e4ce685ade6369b51ea318112ce861bc65f3cfe55236d90c4f4a572f91f73b24,../entry-argument-sites.jsonl:89,../argument-inventory-roots.jsonl:419,positional_binding_exact_extraction_not_serialized,ruby_positional_identity_only,0,saved_shortest_syntactic_helper_context,date:ext/date/date_core.c:9661:valid_commercial?#ruby_argument[0],origin_binding_label_not_value_identity,no_helper_hops,not_established,not_assessed_by_saved_inventory,../scripts/call_argument_inventory.py:345-398,not_performed_source_cache_absent
90,78536e632430639070123ceebdb23309ee3bfd42c672389377af0a330a5eb96b,../entry-argument-sites.jsonl:90,../argument-inventory-roots.jsonl:419,positional_binding_exact_extraction_not_serialized,ruby_positional_identity_only,0,saved_shortest_syntactic_helper_context,date:ext/date/date_core.c:9661:valid_commercial?#ruby_argument[1],origin_binding_label_not_value_identity,no_helper_hops,not_established,not_assessed_by_saved_inventory,../scripts/call_argument_inventory.py:345-398,not_performed_source_cache_absent
91,afc8a8f28bd36c45492a998f5af5033ac908d01e597498f7448d991422b25557,../entry-argument-sites.jsonl:91,../argument-inventory-roots.jsonl:419,positional_binding_exact_extraction_not_serialized,ruby_positional_identity_only,0,saved_shortest_syntactic_helper_context,date:ext/date/date_core.c:9661:valid_commercial?#ruby_argument[2],origin_binding_label_not_value_identity,no_helper_hops,not_established,not_assessed_by_saved_inventory,../scripts/call_argument_inventory.py:345-398,not_performed_source_cache_absent
92,9737f81553002d05eaa19e7fbaea17ed1083b13afd5367539994522ce9dcf23d,../entry-argument-sites.jsonl:92,../argument-inventory-roots.jsonl:419,positional_binding_exact_extraction_not_serialized,ruby_positional_identity_only,0,saved_shortest_syntactic_helper_context,date:ext/date/date_core.c:9661:valid_commercial?#ruby_argument[3],origin_binding_label_not_value_identity,no_helper_hops,not_established,not_assessed_by_saved_inventory,../scripts/call_argument_inventory.py:345-398,not_performed_source_cache_absent
93,09267f59b2a72afd18def8102d08fbf49bcb9b65053fddf3b8e312c13a0fa589,../entry-argument-sites.jsonl:93,../argument-inventory-roots.jsonl:418,positional_binding_exact_extraction_not_serialized,ruby_positional_identity_only,0,saved_shortest_syntactic_helper_context,date:ext/date/date_core.c:9660:valid_date?#ruby_argument[0],origin_binding_label_not_value_identity,no_helper_hops,not_established,not_assessed_by_saved_inventory,../scripts/call_argument_inventory.py:345-398,not_performed_source_cache_absent
94,0d10a9efac4709ee304836f44166b808199a508c14e5d1b289879374f0d8d2cb,../entry-argument-sites.jsonl:94,../argument-inventory-roots.jsonl:418,positional_binding_exact_extraction_not_serialized,ruby_positional_identity_only,0,saved_shortest_syntactic_helper_context,date:ext/date/date_core.c:9660:valid_date?#ruby_argument[1],origin_binding_label_not_value_identity,no_helper_hops,not_established,not_assessed_by_saved_inventory,../scripts/call_argument_inventory.py:345-398,not_performed_source_cache_absent
95,c0ba9219b30d9664a1f134eddc73fde56fe8133ba6680a4169e0cb8f6338f2f0,../entry-argument-sites.jsonl:95,../argument-inventory-roots.jsonl:418,positional_binding_exact_extraction_not_serialized,ruby_positional_identity_only,0,saved_shortest_syntactic_helper_context,date:ext/date/date_core.c:9660:valid_date?#ruby_argument[2],origin_binding_label_not_value_identity,no_helper_hops,not_established,not_assessed_by_saved_inventory,../scripts/call_argument_inventory.py:345-398,not_performed_source_cache_absent
96,7b99f008d5a3ce57b3923e635832fa225f3b8c3953eb43609914ab18cc480ed8,../entry-argument-sites.jsonl:96,../argument-inventory-roots.jsonl:418,positional_binding_exact_extraction_not_serialized,ruby_positional_identity_only,0,saved_shortest_syntactic_helper_context,date:ext/date/date_core.c:9660:valid_date?#ruby_argument[3],origin_binding_label_not_value_identity,no_helper_hops,not_established,not_assessed_by_saved_inventory,../scripts/call_argument_inventory.py:345-398,not_performed_source_cache_absent
97,357925a94c25ce6bb04874752d71aaae8abca661614e5af43a241500dda06089,../entry-argument-sites.jsonl:97,../argument-inventory-roots.jsonl:415,positional_binding_exact_extraction_not_serialized,ruby_positional_identity_only,0,saved_shortest_syntactic_helper_context,date:ext/date/date_core.c:9656:valid_jd?#ruby_argument[0],origin_binding_label_not_value_identity,no_helper_hops,not_established,not_assessed_by_saved_inventory,../scripts/call_argument_inventory.py:345-398,not_performed_source_cache_absent
98,203bbdd07453109ac9376e570c5899db7d2c99d478f01c12d24028fb3db0515e,../entry-argument-sites.jsonl:98,../argument-inventory-roots.jsonl:415,positional_binding_exact_extraction_not_serialized,ruby_positional_identity_only,0,saved_shortest_syntactic_helper_context,date:ext/date/date_core.c:9656:valid_jd?#ruby_argument[1],origin_binding_label_not_value_identity,no_helper_hops,not_established,not_assessed_by_saved_inventory,../scripts/call_argument_inventory.py:345-398,not_performed_source_cache_absent
99,f29f5720adf7c4fca907056cfcb4e739736312fc05b4d01350a42b16110fb874,../entry-argument-sites.jsonl:99,../argument-inventory-roots.jsonl:421,positional_binding_exact_extraction_not_serialized,ruby_positional_identity_only,0,saved_shortest_syntactic_helper_context,date:ext/date/date_core.c:9667:valid_nth_kday?#ruby_argument[0],origin_binding_label_not_value_identity,no_helper_hops,not_established,not_assessed_by_saved_inventory,../scripts/call_argument_inventory.py:345-398,not_performed_source_cache_absent
100,18e3050c1cd15d5be6b71fb500ad3b84bbfb93086f8d12634e3be3f384feb89f,../entry-argument-sites.jsonl:100,../argument-inventory-roots.jsonl:421,positional_binding_exact_extraction_not_serialized,ruby_positional_identity_only,0,saved_shortest_syntactic_helper_context,date:ext/date/date_core.c:9667:valid_nth_kday?#ruby_argument[1],origin_binding_label_not_value_identity,no_helper_hops,not_established,not_assessed_by_saved_inventory,../scripts/call_argument_inventory.py:345-398,not_performed_source_cache_absent
101,36f04c7314049d71931164c09dbdfbfb507861497177e0ad65245ffb503d2d37,../entry-argument-sites.jsonl:101,../argument-inventory-roots.jsonl:421,positional_binding_exact_extraction_not_serialized,ruby_positional_identity_only,0,saved_shortest_syntactic_helper_context,date:ext/date/date_core.c:9667:valid_nth_kday?#ruby_argument[2],origin_binding_label_not_value_identity,no_helper_hops,not_established,not_assessed_by_saved_inventory,../scripts/call_argument_inventory.py:345-398,not_performed_source_cache_absent
102,1f8718bd1495702ab1a822061e756b3cf32fcc495215a185938a0d0cb5dbdc4b,../entry-argument-sites.jsonl:102,../argument-inventory-roots.jsonl:421,positional_binding_exact_extraction_not_serialized,ruby_positional_identity_only,0,saved_shortest_syntactic_helper_context,date:ext/date/date_core.c:9667:valid_nth_kday?#ruby_argument[3],origin_binding_label_not_value_identity,no_helper_hops,not_established,not_assessed_by_saved_inventory,../scripts/call_argument_inventory.py:345-398,not_performed_source_cache_absent
103,05ca88bd4e9de9340b7e37a5661eb2c47ec2c74e5b3dde032a03ad95d0ef590a,../entry-argument-sites.jsonl:103,../argument-inventory-roots.jsonl:421,positional_binding_exact_extraction_not_serialized,ruby_positional_identity_only,0,saved_shortest_syntactic_helper_context,date:ext/date/date_core.c:9667:valid_nth_kday?#ruby_argument[4],origin_binding_label_not_value_identity,no_helper_hops,not_established,not_assessed_by_saved_inventory,../scripts/call_argument_inventory.py:345-398,not_performed_source_cache_absent
104,a5b72acbbf4a1977a74a84ea19c2834b30e868a49d2ac7bc970c2a4419300d98,../entry-argument-sites.jsonl:104,../argument-inventory-roots.jsonl:416,positional_binding_exact_extraction_not_serialized,ruby_positional_identity_only,0,saved_shortest_syntactic_helper_context,date:ext/date/date_core.c:9657:valid_ordinal?#ruby_argument[0],origin_binding_label_not_value_identity,no_helper_hops,not_established,not_assessed_by_saved_inventory,../scripts/call_argument_inventory.py:345-398,not_performed_source_cache_absent
105,586b0c9fe2e1d5003bcaa061d86747310120cc21afab4cbcf13317018ff44880,../entry-argument-sites.jsonl:105,../argument-inventory-roots.jsonl:416,positional_binding_exact_extraction_not_serialized,ruby_positional_identity_only,0,saved_shortest_syntactic_helper_context,date:ext/date/date_core.c:9657:valid_ordinal?#ruby_argument[1],origin_binding_label_not_value_identity,no_helper_hops,not_established,not_assessed_by_saved_inventory,../scripts/call_argument_inventory.py:345-398,not_performed_source_cache_absent
106,71a7ba120af8f6761ff6723764a516bb81885b9e65d28a6eeefbf63145e5256f,../entry-argument-sites.jsonl:106,../argument-inventory-roots.jsonl:416,positional_binding_exact_extraction_not_serialized,ruby_positional_identity_only,0,saved_shortest_syntactic_helper_context,date:ext/date/date_core.c:9657:valid_ordinal?#ruby_argument[2],origin_binding_label_not_value_identity,no_helper_hops,not_established,not_assessed_by_saved_inventory,../scripts/call_argument_inventory.py:345-398,not_performed_source_cache_absent
107,95a2ea89bbe07c8e29a0b437e7567aa2d1e265b6b59adacda3c076a348245a34,../entry-argument-sites.jsonl:107,../argument-inventory-roots.jsonl:420,positional_binding_exact_extraction_not_serialized,ruby_positional_identity_only,0,saved_shortest_syntactic_helper_context,date:ext/date/date_core.c:9665:valid_weeknum?#ruby_argument[0],origin_binding_label_not_value_identity,no_helper_hops,not_established,not_assessed_by_saved_inventory,../scripts/call_argument_inventory.py:345-398,not_performed_source_cache_absent
108,7063dc5b61ff3fc5503549ada4ad3c57f40e1078e97c0ae9e6127ff03610e0b9,../entry-argument-sites.jsonl:108,../argument-inventory-roots.jsonl:420,positional_binding_exact_extraction_not_serialized,ruby_positional_identity_only,0,saved_shortest_syntactic_helper_context,date:ext/date/date_core.c:9665:valid_weeknum?#ruby_argument[1],origin_binding_label_not_value_identity,no_helper_hops,not_established,not_assessed_by_saved_inventory,../scripts/call_argument_inventory.py:345-398,not_performed_source_cache_absent
109,ac630211d3c1fb9d6a3fc0a41ff5e79be665a43313c069f1e3da826a9f8f0e0e,../entry-argument-sites.jsonl:109,../argument-inventory-roots.jsonl:420,positional_binding_exact_extraction_not_serialized,ruby_positional_identity_only,0,saved_shortest_syntactic_helper_context,date:ext/date/date_core.c:9665:valid_weeknum?#ruby_argument[2],origin_binding_label_not_value_identity,no_helper_hops,not_established,not_assessed_by_saved_inventory,../scripts/call_argument_inventory.py:345-398,not_performed_source_cache_absent
110,bb73608e1dc2cb64527a7625710fab211dd50138d8c29021e25434d1c11df7b1,../entry-argument-sites.jsonl:110,../argument-inventory-roots.jsonl:420,positional_binding_exact_extraction_not_serialized,ruby_positional_identity_only,0,saved_shortest_syntactic_helper_context,date:ext/date/date_core.c:9665:valid_weeknum?#ruby_argument[3],origin_binding_label_not_value_identity,no_helper_hops,not_established,not_assessed_by_saved_inventory,../scripts/call_argument_inventory.py:345-398,not_performed_source_cache_absent
111,3f3080f34b1d6939648913b2d8d70225da8c9e2f6bcb880850ea1ed5001075cd,../entry-argument-sites.jsonl:111,../argument-inventory-roots.jsonl:420,positional_binding_exact_extraction_not_serialized,ruby_positional_identity_only,0,saved_shortest_syntactic_helper_context,date:ext/date/date_core.c:9665:valid_weeknum?#ruby_argument[4],origin_binding_label_not_value_identity,no_helper_hops,not_established,not_assessed_by_saved_inventory,../scripts/call_argument_inventory.py:345-398,not_performed_source_cache_absent
112,5cc915dd779e5ced04867127b1cbe2fa1031ef94d21ca2b270d592683b24aa25,../entry-argument-sites.jsonl:112,../argument-inventory-roots.jsonl:443,positional_binding_exact_extraction_not_serialized,ruby_positional_identity_only,0,saved_shortest_syntactic_helper_context,date:ext/date/date_core.c:9704:xmlschema#ruby_argument[0],origin_binding_label_not_value_identity,no_helper_hops,not_established,not_assessed_by_saved_inventory,../scripts/call_argument_inventory.py:345-398,not_performed_source_cache_absent
113,3a03d8debd7fb7805870114fec0e8390620448a2caf77681b531daeec1a34812,../entry-argument-sites.jsonl:113,../argument-inventory-roots.jsonl:546,positional_binding_exact_extraction_not_serialized,ruby_positional_identity_only,0,saved_shortest_syntactic_helper_context,date:ext/date/date_core.c:9999:xmlschema#ruby_argument[0],origin_binding_label_not_value_identity,no_helper_hops,not_established,not_assessed_by_saved_inventory,../scripts/call_argument_inventory.py:345-398,not_performed_source_cache_absent
114,0126786d4247c6457ba7814db031bc2d35c444d0ea4fdfe9dfda18d9700ec00c,../entry-argument-sites.jsonl:114,../argument-inventory-roots.jsonl:625,fixed_arity_root_formal,ruby_positional_identity_only,0,saved_shortest_syntactic_helper_context,ed25519:ext/ed25519_ref10/ed25519_ref10.c:19:sign#ruby_argument[1],origin_binding_label_not_value_identity,no_helper_hops,not_established,not_assessed_by_saved_inventory,../scripts/call_argument_inventory.py:345-398,not_performed_source_cache_absent
115,de0056c61cf97543d3ee8d374c57c08f1bdd060af8572c8c93b6e87d2f8d7dfc,../entry-argument-sites.jsonl:115,../argument-inventory-roots.jsonl:626,fixed_arity_root_formal,ruby_positional_identity_only,0,saved_shortest_syntactic_helper_context,ed25519:ext/ed25519_ref10/ed25519_ref10.c:20:verify#ruby_argument[1],origin_binding_label_not_value_identity,no_helper_hops,not_established,not_assessed_by_saved_inventory,../scripts/call_argument_inventory.py:345-398,not_performed_source_cache_absent
116,06631a1fc1d2837a1e0632d26d54c5b4ae55e1fd5aea506b52dbfe8a3679fc3c,../entry-argument-sites.jsonl:116,../argument-inventory-roots.jsonl:626,fixed_arity_root_formal,ruby_positional_identity_only,0,saved_shortest_syntactic_helper_context,ed25519:ext/ed25519_ref10/ed25519_ref10.c:20:verify#ruby_argument[2],origin_binding_label_not_value_identity,no_helper_hops,not_established,not_assessed_by_saved_inventory,../scripts/call_argument_inventory.py:345-398,not_performed_source_cache_absent
117,b7eb561dbf85ce6a35857c1178dae608bdb2a3acbe80abd9cf8cac6917654f3c,../entry-argument-sites.jsonl:117,../argument-inventory-roots.jsonl:627,fixed_arity_root_formal,ruby_positional_identity_only,1,saved_shortest_syntactic_helper_context,erb:ext/erb/escape/escape.c:110:html_escape#ruby_argument[0],origin_binding_label_not_value_identity,per_hop_formal_bindings_not_serialized,not_established,not_assessed_by_saved_inventory,../scripts/call_argument_inventory.py:345-398,not_performed_source_cache_absent
118,b3154b4c6222a04d756348691dd2473670478fe3f85453a0c225b82f3f6d8bc8,../entry-argument-sites.jsonl:118,../argument-inventory-roots.jsonl:758,fixed_arity_root_formal,ruby_positional_identity_only,0,saved_shortest_syntactic_helper_context,ffi:ext/ffi_c/Struct.c:879:[]=#ruby_argument[1],origin_binding_label_not_value_identity,no_helper_hops,not_established,not_assessed_by_saved_inventory,../scripts/call_argument_inventory.py:345-398,not_performed_source_cache_absent
119,8f09d0f9e1d89bfaa8ec31768a02efec8681b5141e62d6ccc38bf83c11904b62,../entry-argument-sites.jsonl:119,../argument-inventory-roots.jsonl:676,fixed_arity_root_formal,ruby_positional_identity_only,0,saved_shortest_syntactic_helper_context,ffi:ext/ffi_c/AbstractMemory.c:1122:__copy_from__#ruby_argument[0],origin_binding_label_not_value_identity,no_helper_hops,not_established,not_assessed_by_saved_inventory,../scripts/call_argument_inventory.py:345-398,not_performed_source_cache_absent
120,4924373430de331f3d6bc5163d3aa845ffebb6971924cd2aedccdc75a3650432,../entry-argument-sites.jsonl:120,../argument-inventory-roots.jsonl:676,fixed_arity_root_formal,ruby_positional_identity_only,0,saved_shortest_syntactic_helper_context,ffi:ext/ffi_c/AbstractMemory.c:1122:__copy_from__#ruby_argument[1],origin_binding_label_not_value_identity,no_helper_hops,not_established,not_assessed_by_saved_inventory,../scripts/call_argument_inventory.py:345-398,not_performed_source_cache_absent
121,34c1abb0f39c21a6d877195574fe267ba4d877a8c9d994ee7ec99eb55acdf8d7,../entry-argument-sites.jsonl:121,../argument-inventory-roots.jsonl:670,fixed_arity_root_formal,ruby_positional_identity_only,0,saved_shortest_syntactic_helper_context,ffi:ext/ffi_c/AbstractMemory.c:1114:get#ruby_argument[0],origin_binding_label_not_value_identity,no_helper_hops,not_established,not_assessed_by_saved_inventory,../scripts/call_argument_inventory.py:345-398,not_performed_source_cache_absent
122,8cbcb9d7717e9c7d2473d86d10f624e6da1a0dcb11bbb354daf3827dd71a9342,../entry-argument-sites.jsonl:122,../argument-inventory-roots.jsonl:695,fixed_arity_root_formal,ruby_positional_identity_only,0,saved_shortest_syntactic_helper_context,ffi:ext/ffi_c/DynamicLibrary.c:352:initialize#ruby_argument[0],origin_binding_label_not_value_identity,no_helper_hops,not_established,not_assessed_by_saved_inventory,../scripts/call_argument_inventory.py:345-398,not_performed_source_cache_absent
123,d9b6fef8902ca759c94bfa3e2d504af50e6a19ec2d7090b62eaf08c755f47396,../entry-argument-sites.jsonl:123,../argument-inventory-roots.jsonl:774,positional_binding_exact_extraction_not_serialized,ruby_positional_identity_only,0,saved_shortest_syntactic_helper_context,ffi:ext/ffi_c/StructLayout.c:863:initialize#ruby_argument[0],origin_binding_label_not_value_identity,no_helper_hops,not_established,not_assessed_by_saved_inventory,../scripts/call_argument_inventory.py:345-398,not_performed_source_cache_absent
124,2c9cfcc8f9a2e60ad1787fe3fe110b0a26a75d18dfc0e674297be3b0c8598f58,../entry-argument-sites.jsonl:124,../argument-inventory-roots.jsonl:706,positional_binding_exact_extraction_not_serialized,ruby_positional_identity_only,0,saved_shortest_syntactic_helper_context,ffi:ext/ffi_c/Function.c:1049:initialize#ruby_argument[0],origin_binding_label_not_value_identity,no_helper_hops,not_established,not_assessed_by_saved_inventory,../scripts/call_argument_inventory.py:345-398,not_performed_source_cache_absent
125,644092799b608b1ac669d5ce93d2671331e0600b5c01e84acc224d9cba876a97,../entry-argument-sites.jsonl:125,../argument-inventory-roots.jsonl:706,positional_binding_exact_extraction_not_serialized,ruby_positional_identity_only,0,saved_shortest_syntactic_helper_context,ffi:ext/ffi_c/Function.c:1049:initialize#ruby_argument[1],origin_binding_label_not_value_identity,no_helper_hops,not_established,not_assessed_by_saved_inventory,../scripts/call_argument_inventory.py:345-398,not_performed_source_cache_absent
126,1d709a1406b22caad1050e228ac34db6abf7bb042e60781c4a31387430bd5a4f,../entry-argument-sites.jsonl:126,../argument-inventory-roots.jsonl:774,positional_binding_exact_extraction_not_serialized,ruby_positional_identity_only,0,saved_shortest_syntactic_helper_context,ffi:ext/ffi_c/StructLayout.c:863:initialize#ruby_argument[2],origin_binding_label_not_value_identity,no_helper_hops,not_established,not_assessed_by_saved_inventory,../scripts/call_argument_inventory.py:345-398,not_performed_source_cache_absent
127,5bf120b0a1c6cd2f02878fa5cc4ac8f94f093b1dbad6611cfb69ee13ef13d6e1,../entry-argument-sites.jsonl:127,../argument-inventory-roots.jsonl:706,positional_binding_exact_extraction_not_serialized,ruby_positional_identity_only,1,saved_shortest_syntactic_helper_context,ffi:ext/ffi_c/Function.c:1049:initialize#ruby_argument[2],origin_binding_label_not_value_identity,per_hop_formal_bindings_not_serialized,not_established,not_assessed_by_saved_inventory,../scripts/call_argument_inventory.py:345-398,not_performed_source_cache_absent
128,678206918e31c0a316a0468bec0b874590eb6b8e39c7c158eb3300e197e2c4db,../entry-argument-sites.jsonl:128,../argument-inventory-roots.jsonl:706,positional_binding_exact_extraction_not_serialized,ruby_positional_identity_only,0,saved_shortest_syntactic_helper_context,ffi:ext/ffi_c/Function.c:1049:initialize#ruby_argument[3],origin_binding_label_not_value_identity,no_helper_hops,not_established,not_assessed_by_saved_inventory,../scripts/call_argument_inventory.py:345-398,not_performed_source_cache_absent
129,b14aed74feeb16068ea8b0b62ef1ae39562a342209a5d00f7a79b2c6a4f791ca,../entry-argument-sites.jsonl:129,../argument-inventory-roots.jsonl:756,fixed_arity_root_formal,ruby_positional_identity_only,0,saved_shortest_syntactic_helper_context,ffi:ext/ffi_c/Struct.c:876:layout=#ruby_argument[0],origin_binding_label_not_value_identity,no_helper_hops,not_established,not_assessed_by_saved_inventory,../scripts/call_argument_inventory.py:345-398,not_performed_source_cache_absent
130,f3dd98ab32d94565976cb584335e0b94da375e06d4360f041042ecfdd37390ff,../entry-argument-sites.jsonl:130,../argument-inventory-roots.jsonl:693,fixed_arity_root_formal,ruby_positional_identity_only,1,saved_shortest_syntactic_helper_context,ffi:ext/ffi_c/DynamicLibrary.c:350:open#ruby_argument[0],origin_binding_label_not_value_identity,per_hop_formal_bindings_not_serialized,not_established,not_assessed_by_saved_inventory,../scripts/call_argument_inventory.py:345-398,not_performed_source_cache_absent
131,d9a00496f27ba186d52c3875ec8d1781384692278b3bc70604b916f0fba362e2,../entry-argument-sites.jsonl:131,../argument-inventory-roots.jsonl:754,fixed_arity_root_formal,ruby_positional_identity_only,0,saved_shortest_syntactic_helper_context,ffi:ext/ffi_c/Struct.c:873:pointer=#ruby_argument[0],origin_binding_label_not_value_identity,no_helper_hops,not_established,not_assessed_by_saved_inventory,../scripts/call_argument_inventory.py:345-398,not_performed_source_cache_absent
132,3bdc8bc6b531434c7eb0f4d4b07726ccd65264c748265b88c5457bf39a128108,../entry-argument-sites.jsonl:132,../argument-inventory-roots.jsonl:671,fixed_arity_root_formal,ruby_positional_identity_only,0,saved_shortest_syntactic_helper_context,ffi:ext/ffi_c/AbstractMemory.c:1115:put#ruby_argument[0],origin_binding_label_not_value_identity,no_helper_hops,not_established,not_assessed_by_saved_inventory,../scripts/call_argument_inventory.py:345-398,not_performed_source_cache_absent
133,b4dd0053b046cd4f83dba634a5cd2e98663e6f0ee9e48d158d9254b441be97f3,../entry-argument-sites.jsonl:133,../argument-inventory-roots.jsonl:785,fixed_arity_root_formal,ruby_positional_identity_only,0,saved_shortest_syntactic_helper_context,ffi:ext/ffi_c/StructLayout.c:876:put#ruby_argument[1],origin_binding_label_not_value_identity,no_helper_hops,not_established,not_assessed_by_saved_inventory,../scripts/call_argument_inventory.py:345-398,not_performed_source_cache_absent
134,803ff107a7a093241818e920756d8d153c01abd792fcf1b623b9a4cd189293df,../entry-argument-sites.jsonl:134,../argument-inventory-roots.jsonl:785,fixed_arity_root_formal,ruby_positional_identity_only,0,saved_shortest_syntactic_helper_context,ffi:ext/ffi_c/StructLayout.c:876:put#ruby_argument[1],origin_binding_label_not_value_identity,no_helper_hops,not_established,not_assessed_by_saved_inventory,../scripts/call_argument_inventory.py:345-398,not_performed_source_cache_absent
135,58cf1ca5cf10a308d88477525a4e3e8e9116dc904324e87c309897eb506229bd,../entry-argument-sites.jsonl:135,../argument-inventory-roots.jsonl:782,fixed_arity_root_formal,ruby_positional_identity_only,3,saved_shortest_syntactic_helper_context,ffi:ext/ffi_c/StructLayout.c:872:put#ruby_argument[1],origin_binding_label_not_value_identity,per_hop_formal_bindings_not_serialized,not_established,not_assessed_by_saved_inventory,../scripts/call_argument_inventory.py:345-398,not_performed_source_cache_absent
136,2afcb464dafbc2f4f998f8f11047a16dbcc20a14c606a2a9d1d0ce0bc35730cb,../entry-argument-sites.jsonl:136,../argument-inventory-roots.jsonl:665,positional_binding_exact_extraction_not_serialized,ruby_positional_identity_only,0,saved_shortest_syntactic_helper_context,ffi:ext/ffi_c/AbstractMemory.c:1108:put_bytes#ruby_argument[1],origin_binding_label_not_value_identity,no_helper_hops,not_established,not_assessed_by_saved_inventory,../scripts/call_argument_inventory.py:345-398,not_performed_source_cache_absent
137,d27d2081dc4d3918e60afd611518f4c65bcb0234626c0543c383eb3ef7628670,../entry-argument-sites.jsonl:137,../argument-inventory-roots.jsonl:663,fixed_arity_root_formal,ruby_positional_identity_only,0,saved_shortest_syntactic_helper_context,ffi:ext/ffi_c/AbstractMemory.c:1106:put_string#ruby_argument[1],origin_binding_label_not_value_identity,no_helper_hops,not_established,not_assessed_by_saved_inventory,../scripts/call_argument_inventory.py:345-398,not_performed_source_cache_absent
138,724e95d04720fe0c6dcfc7d918654e601a5283a9bfa357ec16e377e24914c6f0,../entry-argument-sites.jsonl:138,../argument-inventory-roots.jsonl:951,fixed_arity_root_formal,ruby_positional_identity_only,2,saved_shortest_syntactic_helper_context,google-protobuf:ext/google/protobuf_c/repeated_field.c:718:<<#ruby_argument[0],origin_binding_label_not_value_identity,per_hop_formal_bindings_not_serialized,not_established,not_assessed_by_saved_inventory,../scripts/call_argument_inventory.py:345-398,not_performed_source_cache_absent
139,a20a18652e050b6859209989fd03693e822358f89f3a991d5432ca915f6f45fe,../entry-argument-sites.jsonl:139,../argument-inventory-roots.jsonl:951,fixed_arity_root_formal,ruby_positional_identity_only,2,saved_shortest_syntactic_helper_context,google-protobuf:ext/google/protobuf_c/repeated_field.c:718:<<#ruby_argument[0],origin_binding_label_not_value_identity,per_hop_formal_bindings_not_serialized,not_established,not_assessed_by_saved_inventory,../scripts/call_argument_inventory.py:345-398,not_performed_source_cache_absent
140,f5b8de19aa5bbb14d86fa1c1a5a376917797a9b61330254df2f95bf81ba40b98,../entry-argument-sites.jsonl:140,../argument-inventory-roots.jsonl:951,fixed_arity_root_formal,ruby_positional_identity_only,2,saved_shortest_syntactic_helper_context,google-protobuf:ext/google/protobuf_c/repeated_field.c:718:<<#ruby_argument[0],origin_binding_label_not_value_identity,per_hop_formal_bindings_not_serialized,not_established,not_assessed_by_saved_inventory,../scripts/call_argument_inventory.py:345-398,not_performed_source_cache_absent
141,d1b71a4ecca610af6432aef147e672b07832afcbf83b70a85c3f3255ee084258,../entry-argument-sites.jsonl:141,../argument-inventory-roots.jsonl:951,fixed_arity_root_formal,ruby_positional_identity_only,2,saved_shortest_syntactic_helper_context,google-protobuf:ext/google/protobuf_c/repeated_field.c:718:<<#ruby_argument[0],origin_binding_label_not_value_identity,per_hop_formal_bindings_not_serialized,not_established,not_assessed_by_saved_inventory,../scripts/call_argument_inventory.py:345-398,not_performed_source_cache_absent
142,ace6854db5f50d5c2dac89dd5956bab9bf7dcc3f09276d81b8b29918644cc379,../entry-argument-sites.jsonl:142,../argument-inventory-roots.jsonl:951,fixed_arity_root_formal,ruby_positional_identity_only,1,saved_shortest_syntactic_helper_context,google-protobuf:ext/google/protobuf_c/repeated_field.c:718:<<#ruby_argument[0],origin_binding_label_not_value_identity,per_hop_formal_bindings_not_serialized,not_established,not_assessed_by_saved_inventory,../scripts/call_argument_inventory.py:345-398,not_performed_source_cache_absent
143,297ada2999fc7b3c71086e5ad4e3cf5a6d36fe4b0e40f98238818cb7a416fe0d,../entry-argument-sites.jsonl:143,../argument-inventory-roots.jsonl:951,fixed_arity_root_formal,ruby_positional_identity_only,1,saved_shortest_syntactic_helper_context,google-protobuf:ext/google/protobuf_c/repeated_field.c:718:<<#ruby_argument[0],origin_binding_label_not_value_identity,per_hop_formal_bindings_not_serialized,not_established,not_assessed_by_saved_inventory,../scripts/call_argument_inventory.py:345-398,not_performed_source_cache_absent
144,7548a1a4b195262d4a01617c5174a95f8ffc3bd02279298a59054318ad9d5e24,../entry-argument-sites.jsonl:144,../argument-inventory-roots.jsonl:951,fixed_arity_root_formal,ruby_positional_identity_only,1,saved_shortest_syntactic_helper_context,google-protobuf:ext/google/protobuf_c/repeated_field.c:718:<<#ruby_argument[0],origin_binding_label_not_value_identity,per_hop_formal_bindings_not_serialized,not_established,not_assessed_by_saved_inventory,../scripts/call_argument_inventory.py:345-398,not_performed_source_cache_absent
145,33502a7edfabd57f03f6a0c01f18661576e7bf0fb7c267133b07d7760eca5b88,../entry-argument-sites.jsonl:145,../argument-inventory-roots.jsonl:951,fixed_arity_root_formal,ruby_positional_identity_only,1,saved_shortest_syntactic_helper_context,google-protobuf:ext/google/protobuf_c/repeated_field.c:718:<<#ruby_argument[0],origin_binding_label_not_value_identity,per_hop_formal_bindings_not_serialized,not_established,not_assessed_by_saved_inventory,../scripts/call_argument_inventory.py:345-398,not_performed_source_cache_absent
146,f4fe7b71211233a09221a88aceacb20ad41eb0073c365d1d292d5fa6e84bdc4e,../entry-argument-sites.jsonl:146,../argument-inventory-roots.jsonl:951,fixed_arity_root_formal,ruby_positional_identity_only,1,saved_shortest_syntactic_helper_context,google-protobuf:ext/google/protobuf_c/repeated_field.c:718:<<#ruby_argument[0],origin_binding_label_not_value_identity,per_hop_formal_bindings_not_serialized,not_established,not_assessed_by_saved_inventory,../scripts/call_argument_inventory.py:345-398,not_performed_source_cache_absent
147,d3a559fd26c720af9d0dfd347ac93d5254e31cd5674d058c0e29aed72bd2f467,../entry-argument-sites.jsonl:147,../argument-inventory-roots.jsonl:951,fixed_arity_root_formal,ruby_positional_identity_only,2,saved_shortest_syntactic_helper_context,google-protobuf:ext/google/protobuf_c/repeated_field.c:718:<<#ruby_argument[0],origin_binding_label_not_value_identity,per_hop_formal_bindings_not_serialized,not_established,not_assessed_by_saved_inventory,../scripts/call_argument_inventory.py:345-398,not_performed_source_cache_absent
148,163fe1cdceb61848955b8d6e059d159a29293a9f5ce4e17aca731c8637b22b0b,../entry-argument-sites.jsonl:148,../argument-inventory-roots.jsonl:901,fixed_arity_root_formal,ruby_positional_identity_only,2,saved_shortest_syntactic_helper_context,google-protobuf:ext/google/protobuf_c/map.c:750:[]#ruby_argument[0],origin_binding_label_not_value_identity,per_hop_formal_bindings_not_serialized,not_established,not_assessed_by_saved_inventory,../scripts/call_argument_inventory.py:345-398,not_performed_source_cache_absent
149,e7d2d89156fc84c4f120db794591fb7813fe6be65544c6170a80763dbf7834b6,../entry-argument-sites.jsonl:149,../argument-inventory-roots.jsonl:901,fixed_arity_root_formal,ruby_positional_identity_only,2,saved_shortest_syntactic_helper_context,google-protobuf:ext/google/protobuf_c/map.c:750:[]#ruby_argument[0],origin_binding_label_not_value_identity,per_hop_formal_bindings_not_serialized,not_established,not_assessed_by_saved_inventory,../scripts/call_argument_inventory.py:345-398,not_performed_source_cache_absent
150,44ec7862dc6acd377b2a25597d3337617263433af2315fa680d77105788922ee,../entry-argument-sites.jsonl:150,../argument-inventory-roots.jsonl:901,fixed_arity_root_formal,ruby_positional_identity_only,2,saved_shortest_syntactic_helper_context,google-protobuf:ext/google/protobuf_c/map.c:750:[]#ruby_argument[0],origin_binding_label_not_value_identity,per_hop_formal_bindings_not_serialized,not_established,not_assessed_by_saved_inventory,../scripts/call_argument_inventory.py:345-398,not_performed_source_cache_absent
151,cefdeb864015dc06f2220cde3a28fb7c0a5c63bdf4a1bbb1b1ed2c1ac0d793a5,../entry-argument-sites.jsonl:151,../argument-inventory-roots.jsonl:901,fixed_arity_root_formal,ruby_positional_identity_only,2,saved_shortest_syntactic_helper_context,google-protobuf:ext/google/protobuf_c/map.c:750:[]#ruby_argument[0],origin_binding_label_not_value_identity,per_hop_formal_bindings_not_serialized,not_established,not_assessed_by_saved_inventory,../scripts/call_argument_inventory.py:345-398,not_performed_source_cache_absent
152,44ec1d045703eb727e7f0c63fcd7f35f429f5250b138c0e5108f04d18f5dc4a1,../entry-argument-sites.jsonl:152,../argument-inventory-roots.jsonl:901,fixed_arity_root_formal,ruby_positional_identity_only,1,saved_shortest_syntactic_helper_context,google-protobuf:ext/google/protobuf_c/map.c:750:[]#ruby_argument[0],origin_binding_label_not_value_identity,per_hop_formal_bindings_not_serialized,not_established,not_assessed_by_saved_inventory,../scripts/call_argument_inventory.py:345-398,not_performed_source_cache_absent
153,415a2ca2c46862abae149625a21b9dd7893e5175a39bac3bef5ae5aee1152727,../entry-argument-sites.jsonl:153,../argument-inventory-roots.jsonl:901,fixed_arity_root_formal,ruby_positional_identity_only,1,saved_shortest_syntactic_helper_context,google-protobuf:ext/google/protobuf_c/map.c:750:[]#ruby_argument[0],origin_binding_label_not_value_identity,per_hop_formal_bindings_not_serialized,not_established,not_assessed_by_saved_inventory,../scripts/call_argument_inventory.py:345-398,not_performed_source_cache_absent
154,3c85e475ceb44ffd96139852319087f7d8b83ded583296c042463621f92b2022,../entry-argument-sites.jsonl:154,../argument-inventory-roots.jsonl:901,fixed_arity_root_formal,ruby_positional_identity_only,1,saved_shortest_syntactic_helper_context,google-protobuf:ext/google/protobuf_c/map.c:750:[]#ruby_argument[0],origin_binding_label_not_value_identity,per_hop_formal_bindings_not_serialized,not_established,not_assessed_by_saved_inventory,../scripts/call_argument_inventory.py:345-398,not_performed_source_cache_absent
155,a2c275b0a32865787cc311a3a52e6b62b633e95694856833b770da31284b9e31,../entry-argument-sites.jsonl:155,../argument-inventory-roots.jsonl:901,fixed_arity_root_formal,ruby_positional_identity_only,1,saved_shortest_syntactic_helper_context,google-protobuf:ext/google/protobuf_c/map.c:750:[]#ruby_argument[0],origin_binding_label_not_value_identity,per_hop_formal_bindings_not_serialized,not_established,not_assessed_by_saved_inventory,../scripts/call_argument_inventory.py:345-398,not_performed_source_cache_absent
156,9547aba8160c3261996db43c3010166f3d8b71793fd914e7309734cac0becd79,../entry-argument-sites.jsonl:156,../argument-inventory-roots.jsonl:901,fixed_arity_root_formal,ruby_positional_identity_only,1,saved_shortest_syntactic_helper_context,google-protobuf:ext/google/protobuf_c/map.c:750:[]#ruby_argument[0],origin_binding_label_not_value_identity,per_hop_formal_bindings_not_serialized,not_established,not_assessed_by_saved_inventory,../scripts/call_argument_inventory.py:345-398,not_performed_source_cache_absent
157,8024558f7f84714ebbbfa6d5ab563fdc10a61d8f8df2dc868948b5bac2c49364,../entry-argument-sites.jsonl:157,../argument-inventory-roots.jsonl:901,fixed_arity_root_formal,ruby_positional_identity_only,2,saved_shortest_syntactic_helper_context,google-protobuf:ext/google/protobuf_c/map.c:750:[]#ruby_argument[0],origin_binding_label_not_value_identity,per_hop_formal_bindings_not_serialized,not_established,not_assessed_by_saved_inventory,../scripts/call_argument_inventory.py:345-398,not_performed_source_cache_absent
158,96cf4fb1744758cfe08e3958d4e3c902e99b38fda5dfc0d3f065f21601264914,../entry-argument-sites.jsonl:158,../argument-inventory-roots.jsonl:902,fixed_arity_root_formal,ruby_positional_identity_only,2,saved_shortest_syntactic_helper_context,google-protobuf:ext/google/protobuf_c/map.c:751:[]=#ruby_argument[0],origin_binding_label_not_value_identity,per_hop_formal_bindings_not_serialized,not_established,not_assessed_by_saved_inventory,../scripts/call_argument_inventory.py:345-398,not_performed_source_cache_absent
159,66fb65103e3a40fc18fe4945df71c1fe600e9e25851d337207cd99e620a6413d,../entry-argument-sites.jsonl:159,../argument-inventory-roots.jsonl:902,fixed_arity_root_formal,ruby_positional_identity_only,2,saved_shortest_syntactic_helper_context,google-protobuf:ext/google/protobuf_c/map.c:751:[]=#ruby_argument[0],origin_binding_label_not_value_identity,per_hop_formal_bindings_not_serialized,not_established,not_assessed_by_saved_inventory,../scripts/call_argument_inventory.py:345-398,not_performed_source_cache_absent
160,c815c697cc1ba4ae0cf834365ac821a8b3a4c93b9f92b4ca2ba523694d8e927f,../entry-argument-sites.jsonl:160,../argument-inventory-roots.jsonl:902,fixed_arity_root_formal,ruby_positional_identity_only,2,saved_shortest_syntactic_helper_context,google-protobuf:ext/google/protobuf_c/map.c:751:[]=#ruby_argument[0],origin_binding_label_not_value_identity,per_hop_formal_bindings_not_serialized,not_established,not_assessed_by_saved_inventory,../scripts/call_argument_inventory.py:345-398,not_performed_source_cache_absent
161,425056eb0fb92424b686cad3983d3f97dc1612d9b01354caab79470e12e265cc,../entry-argument-sites.jsonl:161,../argument-inventory-roots.jsonl:902,fixed_arity_root_formal,ruby_positional_identity_only,2,saved_shortest_syntactic_helper_context,google-protobuf:ext/google/protobuf_c/map.c:751:[]=#ruby_argument[0],origin_binding_label_not_value_identity,per_hop_formal_bindings_not_serialized,not_established,not_assessed_by_saved_inventory,../scripts/call_argument_inventory.py:345-398,not_performed_source_cache_absent
162,720bb0553be844a7c3c1ee96068bf35fbae763df90b78d8aa9b14fc2983d3714,../entry-argument-sites.jsonl:162,../argument-inventory-roots.jsonl:902,fixed_arity_root_formal,ruby_positional_identity_only,1,saved_shortest_syntactic_helper_context,google-protobuf:ext/google/protobuf_c/map.c:751:[]=#ruby_argument[0],origin_binding_label_not_value_identity,per_hop_formal_bindings_not_serialized,not_established,not_assessed_by_saved_inventory,../scripts/call_argument_inventory.py:345-398,not_performed_source_cache_absent
163,90f5e5292791329ebbef2a052efa2b89d9afb2f73ff8fdd1c1991ca5c2667e32,../entry-argument-sites.jsonl:163,../argument-inventory-roots.jsonl:902,fixed_arity_root_formal,ruby_positional_identity_only,1,saved_shortest_syntactic_helper_context,google-protobuf:ext/google/protobuf_c/map.c:751:[]=#ruby_argument[0],origin_binding_label_not_value_identity,per_hop_formal_bindings_not_serialized,not_established,not_assessed_by_saved_inventory,../scripts/call_argument_inventory.py:345-398,not_performed_source_cache_absent
164,0b15ac9b1b189ae6e31d40a4325312a9ea00fd5ecb1f832b721ed9f030a40dfd,../entry-argument-sites.jsonl:164,../argument-inventory-roots.jsonl:902,fixed_arity_root_formal,ruby_positional_identity_only,1,saved_shortest_syntactic_helper_context,google-protobuf:ext/google/protobuf_c/map.c:751:[]=#ruby_argument[0],origin_binding_label_not_value_identity,per_hop_formal_bindings_not_serialized,not_established,not_assessed_by_saved_inventory,../scripts/call_argument_inventory.py:345-398,not_performed_source_cache_absent
165,eed36f4c689c4f266c1e7f79cba59bed458e6a78130d1e37e87e9c3c32669b6b,../entry-argument-sites.jsonl:165,../argument-inventory-roots.jsonl:902,fixed_arity_root_formal,ruby_positional_identity_only,1,saved_shortest_syntactic_helper_context,google-protobuf:ext/google/protobuf_c/map.c:751:[]=#ruby_argument[0],origin_binding_label_not_value_identity,per_hop_formal_bindings_not_serialized,not_established,not_assessed_by_saved_inventory,../scripts/call_argument_inventory.py:345-398,not_performed_source_cache_absent
166,561e5fad01adea851219d04957fee7069b4a8853b6e0fd0824bcc89d68890b76,../entry-argument-sites.jsonl:166,../argument-inventory-roots.jsonl:902,fixed_arity_root_formal,ruby_positional_identity_only,1,saved_shortest_syntactic_helper_context,google-protobuf:ext/google/protobuf_c/map.c:751:[]=#ruby_argument[0],origin_binding_label_not_value_identity,per_hop_formal_bindings_not_serialized,not_established,not_assessed_by_saved_inventory,../scripts/call_argument_inventory.py:345-398,not_performed_source_cache_absent
167,d569860076097cb818c189f0a0f7ab2031ced0b3cbaf2255f4fab547b9298be7,../entry-argument-sites.jsonl:167,../argument-inventory-roots.jsonl:935,fixed_arity_root_formal,ruby_positional_identity_only,0,saved_shortest_syntactic_helper_context,google-protobuf:ext/google/protobuf_c/message.c:1449:[]=#ruby_argument[0],origin_binding_label_not_value_identity,no_helper_hops,not_established,not_assessed_by_saved_inventory,../scripts/call_argument_inventory.py:345-398,not_performed_source_cache_absent
168,1936dfaebd5c60aa20944a69896884fcfb43748150c72dc17b98925041271ba3,../entry-argument-sites.jsonl:168,../argument-inventory-roots.jsonl:902,fixed_arity_root_formal,ruby_positional_identity_only,2,saved_shortest_syntactic_helper_context,google-protobuf:ext/google/protobuf_c/map.c:751:[]=#ruby_argument[0],origin_binding_label_not_value_identity,per_hop_formal_bindings_not_serialized,not_established,not_assessed_by_saved_inventory,../scripts/call_argument_inventory.py:345-398,not_performed_source_cache_absent
169,ad7fbd7e51cf75db848305a3895c9e53bc8b6937233031fba0bc8afbd2976080,../entry-argument-sites.jsonl:169,../argument-inventory-roots.jsonl:902,fixed_arity_root_formal,ruby_positional_identity_only,2,saved_shortest_syntactic_helper_context,google-protobuf:ext/google/protobuf_c/map.c:751:[]=#ruby_argument[1],origin_binding_label_not_value_identity,per_hop_formal_bindings_not_serialized,not_established,not_assessed_by_saved_inventory,../scripts/call_argument_inventory.py:345-398,not_performed_source_cache_absent
170,fd8e38eb54428ea027283e9a854ec75f0dd0be0d9cf60f08ef139dfa939ab78d,../entry-argument-sites.jsonl:170,../argument-inventory-roots.jsonl:902,fixed_arity_root_formal,ruby_positional_identity_only,2,saved_shortest_syntactic_helper_context,google-protobuf:ext/google/protobuf_c/map.c:751:[]=#ruby_argument[1],origin_binding_label_not_value_identity,per_hop_formal_bindings_not_serialized,not_established,not_assessed_by_saved_inventory,../scripts/call_argument_inventory.py:345-398,not_performed_source_cache_absent
171,2becc0553d12c70060fef264fe1e9fe5294d80c51bc3c6f6bd9cac99f01916da,../entry-argument-sites.jsonl:171,../argument-inventory-roots.jsonl:902,fixed_arity_root_formal,ruby_positional_identity_only,2,saved_shortest_syntactic_helper_context,google-protobuf:ext/google/protobuf_c/map.c:751:[]=#ruby_argument[1],origin_binding_label_not_value_identity,per_hop_formal_bindings_not_serialized,not_established,not_assessed_by_saved_inventory,../scripts/call_argument_inventory.py:345-398,not_performed_source_cache_absent
172,16ee2481e1abdc328c73bfa3cfd2476589246cb9f15d60f18e6cf049ace24efe,../entry-argument-sites.jsonl:172,../argument-inventory-roots.jsonl:902,fixed_arity_root_formal,ruby_positional_identity_only,2,saved_shortest_syntactic_helper_context,google-protobuf:ext/google/protobuf_c/map.c:751:[]=#ruby_argument[1],origin_binding_label_not_value_identity,per_hop_formal_bindings_not_serialized,not_established,not_assessed_by_saved_inventory,../scripts/call_argument_inventory.py:345-398,not_performed_source_cache_absent
173,6edc8a4bb716cb8f1449aaf3ad6772e94d971b024d59960018a36f2f0c06767e,../entry-argument-sites.jsonl:173,../argument-inventory-roots.jsonl:902,fixed_arity_root_formal,ruby_positional_identity_only,1,saved_shortest_syntactic_helper_context,google-protobuf:ext/google/protobuf_c/map.c:751:[]=#ruby_argument[1],origin_binding_label_not_value_identity,per_hop_formal_bindings_not_serialized,not_established,not_assessed_by_saved_inventory,../scripts/call_argument_inventory.py:345-398,not_performed_source_cache_absent
174,e38cd7b34e4fd1610a2dc1c6370d306520fee74f375754561d762b93abe6d407,../entry-argument-sites.jsonl:174,../argument-inventory-roots.jsonl:902,fixed_arity_root_formal,ruby_positional_identity_only,1,saved_shortest_syntactic_helper_context,google-protobuf:ext/google/protobuf_c/map.c:751:[]=#ruby_argument[1],origin_binding_label_not_value_identity,per_hop_formal_bindings_not_serialized,not_established,not_assessed_by_saved_inventory,../scripts/call_argument_inventory.py:345-398,not_performed_source_cache_absent
175,684c2f296cc8c2780d8c47af5655e22f20474a9c584e584481e2c52abfdeadef,../entry-argument-sites.jsonl:175,../argument-inventory-roots.jsonl:902,fixed_arity_root_formal,ruby_positional_identity_only,1,saved_shortest_syntactic_helper_context,google-protobuf:ext/google/protobuf_c/map.c:751:[]=#ruby_argument[1],origin_binding_label_not_value_identity,per_hop_formal_bindings_not_serialized,not_established,not_assessed_by_saved_inventory,../scripts/call_argument_inventory.py:345-398,not_performed_source_cache_absent
176,c4af2f3a6ac23dd96ff241ac874a66be8253ffb8d1ae02be9b471c81861b8da1,../entry-argument-sites.jsonl:176,../argument-inventory-roots.jsonl:902,fixed_arity_root_formal,ruby_positional_identity_only,1,saved_shortest_syntactic_helper_context,google-protobuf:ext/google/protobuf_c/map.c:751:[]=#ruby_argument[1],origin_binding_label_not_value_identity,per_hop_formal_bindings_not_serialized,not_established,not_assessed_by_saved_inventory,../scripts/call_argument_inventory.py:345-398,not_performed_source_cache_absent
177,e454340c3a79de6a1352cc117891e8f3c68a38aecda457e614e00e7373ac02c9,../entry-argument-sites.jsonl:177,../argument-inventory-roots.jsonl:902,fixed_arity_root_formal,ruby_positional_identity_only,1,saved_shortest_syntactic_helper_context,google-protobuf:ext/google/protobuf_c/map.c:751:[]=#ruby_argument[1],origin_binding_label_not_value_identity,per_hop_formal_bindings_not_serialized,not_established,not_assessed_by_saved_inventory,../scripts/call_argument_inventory.py:345-398,not_performed_source_cache_absent
178,1fb59a039a639dff1800a93300eda538dbcddca8ec9d0732471df8db9d9f63d1,../entry-argument-sites.jsonl:178,../argument-inventory-roots.jsonl:902,fixed_arity_root_formal,ruby_positional_identity_only,2,saved_shortest_syntactic_helper_context,google-protobuf:ext/google/protobuf_c/map.c:751:[]=#ruby_argument[1],origin_binding_label_not_value_identity,per_hop_formal_bindings_not_serialized,not_established,not_assessed_by_saved_inventory,../scripts/call_argument_inventory.py:345-398,not_performed_source_cache_absent
179,8c3e088c09aeb9308845a4460127d96a0c135722d45e3ef5913c7172be60e8c7,../entry-argument-sites.jsonl:179,../argument-inventory-roots.jsonl:904,fixed_arity_root_formal,ruby_positional_identity_only,2,saved_shortest_syntactic_helper_context,google-protobuf:ext/google/protobuf_c/map.c:753:delete#ruby_argument[0],origin_binding_label_not_value_identity,per_hop_formal_bindings_not_serialized,not_established,not_assessed_by_saved_inventory,../scripts/call_argument_inventory.py:345-398,not_performed_source_cache_absent
180,1839722147a6b62c2f1ed8ccedd2e7fe2a79a27f5717078cd812d5433392c39a,../entry-argument-sites.jsonl:180,../argument-inventory-roots.jsonl:904,fixed_arity_root_formal,ruby_positional_identity_only,2,saved_shortest_syntactic_helper_context,google-protobuf:ext/google/protobuf_c/map.c:753:delete#ruby_argument[0],origin_binding_label_not_value_identity,per_hop_formal_bindings_not_serialized,not_established,not_assessed_by_saved_inventory,../scripts/call_argument_inventory.py:345-398,not_performed_source_cache_absent
181,e844f917a8e0f21f5e9d4ea6ff2ff20e6748ccf5cb7a54de6efa19de5bc6dcb6,../entry-argument-sites.jsonl:181,../argument-inventory-roots.jsonl:904,fixed_arity_root_formal,ruby_positional_identity_only,2,saved_shortest_syntactic_helper_context,google-protobuf:ext/google/protobuf_c/map.c:753:delete#ruby_argument[0],origin_binding_label_not_value_identity,per_hop_formal_bindings_not_serialized,not_established,not_assessed_by_saved_inventory,../scripts/call_argument_inventory.py:345-398,not_performed_source_cache_absent
182,997d481cb56aebf55b890e8cb860b5eaf0938efbfa66e575cb35ba2093142307,../entry-argument-sites.jsonl:182,../argument-inventory-roots.jsonl:904,fixed_arity_root_formal,ruby_positional_identity_only,2,saved_shortest_syntactic_helper_context,google-protobuf:ext/google/protobuf_c/map.c:753:delete#ruby_argument[0],origin_binding_label_not_value_identity,per_hop_formal_bindings_not_serialized,not_established,not_assessed_by_saved_inventory,../scripts/call_argument_inventory.py:345-398,not_performed_source_cache_absent
183,c23340e400d17ff556f22a67c0677c88d69eddecfa6c2f1b36569d8e99abd70a,../entry-argument-sites.jsonl:183,../argument-inventory-roots.jsonl:904,fixed_arity_root_formal,ruby_positional_identity_only,1,saved_shortest_syntactic_helper_context,google-protobuf:ext/google/protobuf_c/map.c:753:delete#ruby_argument[0],origin_binding_label_not_value_identity,per_hop_formal_bindings_not_serialized,not_established,not_assessed_by_saved_inventory,../scripts/call_argument_inventory.py:345-398,not_performed_source_cache_absent
184,6d61e47607af202a2a13bdf1b8c7a84a98799ffafc2ed882894181ad8a0b8ce5,../entry-argument-sites.jsonl:184,../argument-inventory-roots.jsonl:904,fixed_arity_root_formal,ruby_positional_identity_only,1,saved_shortest_syntactic_helper_context,google-protobuf:ext/google/protobuf_c/map.c:753:delete#ruby_argument[0],origin_binding_label_not_value_identity,per_hop_formal_bindings_not_serialized,not_established,not_assessed_by_saved_inventory,../scripts/call_argument_inventory.py:345-398,not_performed_source_cache_absent
185,17e6e15ad1448a3faa88101014a23d479b64311319cd37753eeaaf0876ff2dfa,../entry-argument-sites.jsonl:185,../argument-inventory-roots.jsonl:904,fixed_arity_root_formal,ruby_positional_identity_only,1,saved_shortest_syntactic_helper_context,google-protobuf:ext/google/protobuf_c/map.c:753:delete#ruby_argument[0],origin_binding_label_not_value_identity,per_hop_formal_bindings_not_serialized,not_established,not_assessed_by_saved_inventory,../scripts/call_argument_inventory.py:345-398,not_performed_source_cache_absent
186,dea11541e980b3a78b6368eaea24fd760f7f8e8f6fafa288e06cc5e75d6c1f1d,../entry-argument-sites.jsonl:186,../argument-inventory-roots.jsonl:904,fixed_arity_root_formal,ruby_positional_identity_only,1,saved_shortest_syntactic_helper_context,google-protobuf:ext/google/protobuf_c/map.c:753:delete#ruby_argument[0],origin_binding_label_not_value_identity,per_hop_formal_bindings_not_serialized,not_established,not_assessed_by_saved_inventory,../scripts/call_argument_inventory.py:345-398,not_performed_source_cache_absent
187,f9357e0e85ff425858856692a43175aefeae65d4d005083df0508ddd91cf5d66,../entry-argument-sites.jsonl:187,../argument-inventory-roots.jsonl:904,fixed_arity_root_formal,ruby_positional_identity_only,1,saved_shortest_syntactic_helper_context,google-protobuf:ext/google/protobuf_c/map.c:753:delete#ruby_argument[0],origin_binding_label_not_value_identity,per_hop_formal_bindings_not_serialized,not_established,not_assessed_by_saved_inventory,../scripts/call_argument_inventory.py:345-398,not_performed_source_cache_absent
188,c3992dfbf1361c9eeeb02956d630ab4db5502c0f451b19c093a4dc0640684957,../entry-argument-sites.jsonl:188,../argument-inventory-roots.jsonl:904,fixed_arity_root_formal,ruby_positional_identity_only,2,saved_shortest_syntactic_helper_context,google-protobuf:ext/google/protobuf_c/map.c:753:delete#ruby_argument[0],origin_binding_label_not_value_identity,per_hop_formal_bindings_not_serialized,not_established,not_assessed_by_saved_inventory,../scripts/call_argument_inventory.py:345-398,not_performed_source_cache_absent
189,25f634ffa88af7c1e665e817e9cff93eff23b799d858b99e9aaec7400170ba08,../entry-argument-sites.jsonl:189,../argument-inventory-roots.jsonl:903,fixed_arity_root_formal,ruby_positional_identity_only,2,saved_shortest_syntactic_helper_context,google-protobuf:ext/google/protobuf_c/map.c:752:has_key?#ruby_argument[0],origin_binding_label_not_value_identity,per_hop_formal_bindings_not_serialized,not_established,not_assessed_by_saved_inventory,../scripts/call_argument_inventory.py:345-398,not_performed_source_cache_absent
190,7fe3aee3b868d9b1b367e4eb7811b2507b1392f2fa89cf8d98001bab3ff3dd24,../entry-argument-sites.jsonl:190,../argument-inventory-roots.jsonl:903,fixed_arity_root_formal,ruby_positional_identity_only,2,saved_shortest_syntactic_helper_context,google-protobuf:ext/google/protobuf_c/map.c:752:has_key?#ruby_argument[0],origin_binding_label_not_value_identity,per_hop_formal_bindings_not_serialized,not_established,not_assessed_by_saved_inventory,../scripts/call_argument_inventory.py:345-398,not_performed_source_cache_absent
191,9e9f0709d704e8149384f448bc15a44b4d68325f0a71eb1975033797fe613eb7,../entry-argument-sites.jsonl:191,../argument-inventory-roots.jsonl:903,fixed_arity_root_formal,ruby_positional_identity_only,2,saved_shortest_syntactic_helper_context,google-protobuf:ext/google/protobuf_c/map.c:752:has_key?#ruby_argument[0],origin_binding_label_not_value_identity,per_hop_formal_bindings_not_serialized,not_established,not_assessed_by_saved_inventory,../scripts/call_argument_inventory.py:345-398,not_performed_source_cache_absent
192,593c326c3bb0a7759398b1b969986e0cbeee4fd903e9b2ef3ef5d996888469ba,../entry-argument-sites.jsonl:192,../argument-inventory-roots.jsonl:903,fixed_arity_root_formal,ruby_positional_identity_only,2,saved_shortest_syntactic_helper_context,google-protobuf:ext/google/protobuf_c/map.c:752:has_key?#ruby_argument[0],origin_binding_label_not_value_identity,per_hop_formal_bindings_not_serialized,not_established,not_assessed_by_saved_inventory,../scripts/call_argument_inventory.py:345-398,not_performed_source_cache_absent
193,2c2606944f0df82b4881fb66f2dd35ab0e8070be50e0bfdc80c81422baadbbce,../entry-argument-sites.jsonl:193,../argument-inventory-roots.jsonl:903,fixed_arity_root_formal,ruby_positional_identity_only,1,saved_shortest_syntactic_helper_context,google-protobuf:ext/google/protobuf_c/map.c:752:has_key?#ruby_argument[0],origin_binding_label_not_value_identity,per_hop_formal_bindings_not_serialized,not_established,not_assessed_by_saved_inventory,../scripts/call_argument_inventory.py:345-398,not_performed_source_cache_absent
194,266f760765b03f989da258dd501d699561e329277e025a9aff09c52d1aec6b1a,../entry-argument-sites.jsonl:194,../argument-inventory-roots.jsonl:903,fixed_arity_root_formal,ruby_positional_identity_only,1,saved_shortest_syntactic_helper_context,google-protobuf:ext/google/protobuf_c/map.c:752:has_key?#ruby_argument[0],origin_binding_label_not_value_identity,per_hop_formal_bindings_not_serialized,not_established,not_assessed_by_saved_inventory,../scripts/call_argument_inventory.py:345-398,not_performed_source_cache_absent
195,1c7b608d2374e75b55d5a3a756681a7db8258200556dd46c97447bd7b827f6bd,../entry-argument-sites.jsonl:195,../argument-inventory-roots.jsonl:903,fixed_arity_root_formal,ruby_positional_identity_only,1,saved_shortest_syntactic_helper_context,google-protobuf:ext/google/protobuf_c/map.c:752:has_key?#ruby_argument[0],origin_binding_label_not_value_identity,per_hop_formal_bindings_not_serialized,not_established,not_assessed_by_saved_inventory,../scripts/call_argument_inventory.py:345-398,not_performed_source_cache_absent
196,b23232b339d704f43b6dedfc99853b9c7dbe759f9ec1e4abe0847e855d38c998,../entry-argument-sites.jsonl:196,../argument-inventory-roots.jsonl:903,fixed_arity_root_formal,ruby_positional_identity_only,1,saved_shortest_syntactic_helper_context,google-protobuf:ext/google/protobuf_c/map.c:752:has_key?#ruby_argument[0],origin_binding_label_not_value_identity,per_hop_formal_bindings_not_serialized,not_established,not_assessed_by_saved_inventory,../scripts/call_argument_inventory.py:345-398,not_performed_source_cache_absent
197,1b09c683538132c712b8c8b3e851b3198e5f267048271054bf914e843a44f7cd,../entry-argument-sites.jsonl:197,../argument-inventory-roots.jsonl:903,fixed_arity_root_formal,ruby_positional_identity_only,1,saved_shortest_syntactic_helper_context,google-protobuf:ext/google/protobuf_c/map.c:752:has_key?#ruby_argument[0],origin_binding_label_not_value_identity,per_hop_formal_bindings_not_serialized,not_established,not_assessed_by_saved_inventory,../scripts/call_argument_inventory.py:345-398,not_performed_source_cache_absent
198,5a503774f1bd84557d76158c57627354dc0eb7b72e2879d615f9f993f57202c0,../entry-argument-sites.jsonl:198,../argument-inventory-roots.jsonl:903,fixed_arity_root_formal,ruby_positional_identity_only,2,saved_shortest_syntactic_helper_context,google-protobuf:ext/google/protobuf_c/map.c:752:has_key?#ruby_argument[0],origin_binding_label_not_value_identity,per_hop_formal_bindings_not_serialized,not_established,not_assessed_by_saved_inventory,../scripts/call_argument_inventory.py:345-398,not_performed_source_cache_absent
199,cf245cf705a724c2399ee7cab145eb0fb15f7a483c896aa8ef8693b71006f493,../entry-argument-sites.jsonl:199,../argument-inventory-roots.jsonl:923,positional_binding_exact_extraction_not_serialized,ruby_positional_identity_only,1,saved_shortest_syntactic_helper_context,google-protobuf:ext/google/protobuf_c/message.c:1436:initialize#ruby_argument[0],origin_binding_label_not_value_identity,per_hop_formal_bindings_not_serialized,not_established,not_assessed_by_saved_inventory,../scripts/call_argument_inventory.py:345-398,not_performed_source_cache_absent
200,d7c7c598d0c7e99316e5ff8a7c2cb0bd7c7d21b053ca661ee87ec9cfa524c2bd,../entry-argument-sites.jsonl:200,../argument-inventory-roots.jsonl:921,positional_binding_exact_extraction_not_serialized,ruby_positional_identity_only,3,saved_shortest_syntactic_helper_context,google-protobuf:ext/google/protobuf_c/message.c:1433:method_missing#ruby_argument[1],origin_binding_label_not_value_identity,per_hop_formal_bindings_not_serialized,not_established,not_assessed_by_saved_inventory,../scripts/call_argument_inventory.py:345-398,not_performed_source_cache_absent
201,e89df0e06378351990671a68860b8e7663c63e7fe3bd9e7b180cc7a83083515a,../entry-argument-sites.jsonl:201,../argument-inventory-roots.jsonl:921,positional_binding_exact_extraction_not_serialized,ruby_positional_identity_only,3,saved_shortest_syntactic_helper_context,google-protobuf:ext/google/protobuf_c/message.c:1433:method_missing#ruby_argument[1],origin_binding_label_not_value_identity,per_hop_formal_bindings_not_serialized,not_established,not_assessed_by_saved_inventory,../scripts/call_argument_inventory.py:345-398,not_performed_source_cache_absent
202,029bb7226deff14f6998adb09fa6f412f28a10541ad89705e3a47b31235dbf13,../entry-argument-sites.jsonl:202,../argument-inventory-roots.jsonl:921,positional_binding_exact_extraction_not_serialized,ruby_positional_identity_only,3,saved_shortest_syntactic_helper_context,google-protobuf:ext/google/protobuf_c/message.c:1433:method_missing#ruby_argument[1],origin_binding_label_not_value_identity,per_hop_formal_bindings_not_serialized,not_established,not_assessed_by_saved_inventory,../scripts/call_argument_inventory.py:345-398,not_performed_source_cache_absent
203,5492685de0e9e6afb04dde3d29ad195ab710247efd2bb404732f515ab62b288b,../entry-argument-sites.jsonl:203,../argument-inventory-roots.jsonl:921,positional_binding_exact_extraction_not_serialized,ruby_positional_identity_only,3,saved_shortest_syntactic_helper_context,google-protobuf:ext/google/protobuf_c/message.c:1433:method_missing#ruby_argument[1],origin_binding_label_not_value_identity,per_hop_formal_bindings_not_serialized,not_established,not_assessed_by_saved_inventory,../scripts/call_argument_inventory.py:345-398,not_performed_source_cache_absent
204,c673255457e563bad8f12c1b1ae84093b167a04b1614f2abcf73dd7bc2f67d59,../entry-argument-sites.jsonl:204,../argument-inventory-roots.jsonl:921,positional_binding_exact_extraction_not_serialized,ruby_positional_identity_only,2,saved_shortest_syntactic_helper_context,google-protobuf:ext/google/protobuf_c/message.c:1433:method_missing#ruby_argument[1],origin_binding_label_not_value_identity,per_hop_formal_bindings_not_serialized,not_established,not_assessed_by_saved_inventory,../scripts/call_argument_inventory.py:345-398,not_performed_source_cache_absent
205,52391a8dc97ee033bf3a6886691413eae702e99597cf6387998b342f002847fe,../entry-argument-sites.jsonl:205,../argument-inventory-roots.jsonl:921,positional_binding_exact_extraction_not_serialized,ruby_positional_identity_only,2,saved_shortest_syntactic_helper_context,google-protobuf:ext/google/protobuf_c/message.c:1433:method_missing#ruby_argument[1],origin_binding_label_not_value_identity,per_hop_formal_bindings_not_serialized,not_established,not_assessed_by_saved_inventory,../scripts/call_argument_inventory.py:345-398,not_performed_source_cache_absent
206,ca359bd40af356354a94716f23db349410a72b7614529f1b51cdc1d19acb60df,../entry-argument-sites.jsonl:206,../argument-inventory-roots.jsonl:921,positional_binding_exact_extraction_not_serialized,ruby_positional_identity_only,2,saved_shortest_syntactic_helper_context,google-protobuf:ext/google/protobuf_c/message.c:1433:method_missing#ruby_argument[1],origin_binding_label_not_value_identity,per_hop_formal_bindings_not_serialized,not_established,not_assessed_by_saved_inventory,../scripts/call_argument_inventory.py:345-398,not_performed_source_cache_absent
207,768735b41dfd33bf70dfa74ecfa1bdedb03addec01620c6ee6aebde4c590215a,../entry-argument-sites.jsonl:207,../argument-inventory-roots.jsonl:921,positional_binding_exact_extraction_not_serialized,ruby_positional_identity_only,2,saved_shortest_syntactic_helper_context,google-protobuf:ext/google/protobuf_c/message.c:1433:method_missing#ruby_argument[1],origin_binding_label_not_value_identity,per_hop_formal_bindings_not_serialized,not_established,not_assessed_by_saved_inventory,../scripts/call_argument_inventory.py:345-398,not_performed_source_cache_absent
208,207e5fbf52869ca392ab678c1786a0081681305f7034f49e2fd6f41ca60e1ec2,../entry-argument-sites.jsonl:208,../argument-inventory-roots.jsonl:921,positional_binding_exact_extraction_not_serialized,ruby_positional_identity_only,2,saved_shortest_syntactic_helper_context,google-protobuf:ext/google/protobuf_c/message.c:1433:method_missing#ruby_argument[1],origin_binding_label_not_value_identity,per_hop_formal_bindings_not_serialized,not_established,not_assessed_by_saved_inventory,../scripts/call_argument_inventory.py:345-398,not_performed_source_cache_absent
209,b12b876d41349245ff1020722d29a2d10bf269535e82ae454a3cdc0e613d38b9,../entry-argument-sites.jsonl:209,../argument-inventory-roots.jsonl:921,positional_binding_exact_extraction_not_serialized,ruby_positional_identity_only,3,saved_shortest_syntactic_helper_context,google-protobuf:ext/google/protobuf_c/message.c:1433:method_missing#ruby_argument[1],origin_binding_label_not_value_identity,per_hop_formal_bindings_not_serialized,not_established,not_assessed_by_saved_inventory,../scripts/call_argument_inventory.py:345-398,not_performed_source_cache_absent
210,f9f19cc69bf9efc234d97c5e92bb8858e3e566116f00089abd6ce152c6447cd6,../entry-argument-sites.jsonl:210,../argument-inventory-roots.jsonl:860,fixed_arity_root_formal,ruby_positional_identity_only,2,saved_shortest_syntactic_helper_context,google-protobuf:ext/google/protobuf_c/defs.c:1157:set#ruby_argument[1],origin_binding_label_not_value_identity,per_hop_formal_bindings_not_serialized,not_established,not_assessed_by_saved_inventory,../scripts/call_argument_inventory.py:345-398,not_performed_source_cache_absent
211,5cd2a16e7650754097eb5fa4eb8d01152385098015ee34527be3e7e423a96778,../entry-argument-sites.jsonl:211,../argument-inventory-roots.jsonl:860,fixed_arity_root_formal,ruby_positional_identity_only,2,saved_shortest_syntactic_helper_context,google-protobuf:ext/google/protobuf_c/defs.c:1157:set#ruby_argument[1],origin_binding_label_not_value_identity,per_hop_formal_bindings_not_serialized,not_established,not_assessed_by_saved_inventory,../scripts/call_argument_inventory.py:345-398,not_performed_source_cache_absent
212,0db96929031cd054793d09436c40d299a71d6073ddf4065f3b857660978a86f2,../entry-argument-sites.jsonl:212,../argument-inventory-roots.jsonl:860,fixed_arity_root_formal,ruby_positional_identity_only,2,saved_shortest_syntactic_helper_context,google-protobuf:ext/google/protobuf_c/defs.c:1157:set#ruby_argument[1],origin_binding_label_not_value_identity,per_hop_formal_bindings_not_serialized,not_established,not_assessed_by_saved_inventory,../scripts/call_argument_inventory.py:345-398,not_performed_source_cache_absent
213,3d2c4ba1b9967f806d8b82b9069c20b29db49e321b693448b53a69bd5bf87c27,../entry-argument-sites.jsonl:213,../argument-inventory-roots.jsonl:860,fixed_arity_root_formal,ruby_positional_identity_only,2,saved_shortest_syntactic_helper_context,google-protobuf:ext/google/protobuf_c/defs.c:1157:set#ruby_argument[1],origin_binding_label_not_value_identity,per_hop_formal_bindings_not_serialized,not_established,not_assessed_by_saved_inventory,../scripts/call_argument_inventory.py:345-398,not_performed_source_cache_absent
214,621fcdc52e2d77f6a05bea9d800e88ddc77ef35b85141f34f0d02a605bead53f,../entry-argument-sites.jsonl:214,../argument-inventory-roots.jsonl:860,fixed_arity_root_formal,ruby_positional_identity_only,1,saved_shortest_syntactic_helper_context,google-protobuf:ext/google/protobuf_c/defs.c:1157:set#ruby_argument[1],origin_binding_label_not_value_identity,per_hop_formal_bindings_not_serialized,not_established,not_assessed_by_saved_inventory,../scripts/call_argument_inventory.py:345-398,not_performed_source_cache_absent
215,cbe4e74af60ef7c5c24b66e4545c2f35df0a7bd67cbe8884bc81821f8bd1b95b,../entry-argument-sites.jsonl:215,../argument-inventory-roots.jsonl:860,fixed_arity_root_formal,ruby_positional_identity_only,1,saved_shortest_syntactic_helper_context,google-protobuf:ext/google/protobuf_c/defs.c:1157:set#ruby_argument[1],origin_binding_label_not_value_identity,per_hop_formal_bindings_not_serialized,not_established,not_assessed_by_saved_inventory,../scripts/call_argument_inventory.py:345-398,not_performed_source_cache_absent
216,fbbf59807d6c8ad64213b352d1dfcbae87fb1d5f770301191e37f5f1af0f678e,../entry-argument-sites.jsonl:216,../argument-inventory-roots.jsonl:860,fixed_arity_root_formal,ruby_positional_identity_only,1,saved_shortest_syntactic_helper_context,google-protobuf:ext/google/protobuf_c/defs.c:1157:set#ruby_argument[1],origin_binding_label_not_value_identity,per_hop_formal_bindings_not_serialized,not_established,not_assessed_by_saved_inventory,../scripts/call_argument_inventory.py:345-398,not_performed_source_cache_absent
217,5a2ebe774a757dadeae5ec30859074c643ccf0680b6a3dbfcdffe6a2a79fb8a5,../entry-argument-sites.jsonl:217,../argument-inventory-roots.jsonl:860,fixed_arity_root_formal,ruby_positional_identity_only,1,saved_shortest_syntactic_helper_context,google-protobuf:ext/google/protobuf_c/defs.c:1157:set#ruby_argument[1],origin_binding_label_not_value_identity,per_hop_formal_bindings_not_serialized,not_established,not_assessed_by_saved_inventory,../scripts/call_argument_inventory.py:345-398,not_performed_source_cache_absent
218,757d7f2576bb8bd1486d1c2bca21efd3c5daeaeb5c1675e494c9fb79b8896728,../entry-argument-sites.jsonl:218,../argument-inventory-roots.jsonl:860,fixed_arity_root_formal,ruby_positional_identity_only,1,saved_shortest_syntactic_helper_context,google-protobuf:ext/google/protobuf_c/defs.c:1157:set#ruby_argument[1],origin_binding_label_not_value_identity,per_hop_formal_bindings_not_serialized,not_established,not_assessed_by_saved_inventory,../scripts/call_argument_inventory.py:345-398,not_performed_source_cache_absent
219,72f71a5360bc1a51dbb0b1a897669d4d58c49003be268aa87c424ca60778eb69,../entry-argument-sites.jsonl:219,../argument-inventory-roots.jsonl:860,fixed_arity_root_formal,ruby_positional_identity_only,2,saved_shortest_syntactic_helper_context,google-protobuf:ext/google/protobuf_c/defs.c:1157:set#ruby_argument[1],origin_binding_label_not_value_identity,per_hop_formal_bindings_not_serialized,not_established,not_assessed_by_saved_inventory,../scripts/call_argument_inventory.py:345-398,not_performed_source_cache_absent
220,f14c274bfdcbf4f3e618f6e3639baf9fe83404673880c4c0bf615df65c893fcc,../entry-argument-sites.jsonl:220,../argument-inventory-roots.jsonl:1058,fixed_arity_root_formal,ruby_positional_identity_only,0,saved_shortest_syntactic_helper_context,gpgme:ext/gpgme/gpgme_n.c:3133:gpgme_op_encrypt#ruby_argument[1],origin_binding_label_not_value_identity,no_helper_hops,not_established,not_assessed_by_saved_inventory,../scripts/call_argument_inventory.py:345-398,not_performed_source_cache_absent
221,bfe643e57a3c2a93d200e8b78462dff39f4d319dd0c547afae36d2ce306b0625,../entry-argument-sites.jsonl:221,../argument-inventory-roots.jsonl:1061,fixed_arity_root_formal,ruby_positional_identity_only,0,saved_shortest_syntactic_helper_context,gpgme:ext/gpgme/gpgme_n.c:3139:gpgme_op_encrypt_sign#ruby_argument[1],origin_binding_label_not_value_identity,no_helper_hops,not_established,not_assessed_by_saved_inventory,../scripts/call_argument_inventory.py:345-398,not_performed_source_cache_absent
222,f5962d3b5b476745129a53c28932ce2ff4576a4b8edde5f16533be61350bfe45,../entry-argument-sites.jsonl:222,../argument-inventory-roots.jsonl:1062,fixed_arity_root_formal,ruby_positional_identity_only,0,saved_shortest_syntactic_helper_context,gpgme:ext/gpgme/gpgme_n.c:3141:gpgme_op_encrypt_sign_start#ruby_argument[1],origin_binding_label_not_value_identity,no_helper_hops,not_established,not_assessed_by_saved_inventory,../scripts/call_argument_inventory.py:345-398,not_performed_source_cache_absent
223,e07ad5e3558a33899e89bb20cf59ef01c86a43a2c5c62ef518bc086782a23389,../entry-argument-sites.jsonl:223,../argument-inventory-roots.jsonl:1059,fixed_arity_root_formal,ruby_positional_identity_only,0,saved_shortest_syntactic_helper_context,gpgme:ext/gpgme/gpgme_n.c:3135:gpgme_op_encrypt_start#ruby_argument[1],origin_binding_label_not_value_identity,no_helper_hops,not_established,not_assessed_by_saved_inventory,../scripts/call_argument_inventory.py:345-398,not_performed_source_cache_absent
224,522cf0f57efb44c9316181bd1065fe92aea72f647558469483d8b2200eb9bede,../entry-argument-sites.jsonl:224,../argument-inventory-roots.jsonl:1027,fixed_arity_root_formal,ruby_positional_identity_only,0,saved_shortest_syntactic_helper_context,gpgme:ext/gpgme/gpgme_n.c:3049:gpgme_op_export_keys#ruby_argument[1],origin_binding_label_not_value_identity,no_helper_hops,not_established,not_assessed_by_saved_inventory,../scripts/call_argument_inventory.py:345-398,not_performed_source_cache_absent
225,0b01b5789cbdbaaa9c8f0f7189505080fb763882bc7b4354a074426af5c53011,../entry-argument-sites.jsonl:225,../argument-inventory-roots.jsonl:1028,fixed_arity_root_formal,ruby_positional_identity_only,0,saved_shortest_syntactic_helper_context,gpgme:ext/gpgme/gpgme_n.c:3051:gpgme_op_export_keys_start#ruby_argument[1],origin_binding_label_not_value_identity,no_helper_hops,not_established,not_assessed_by_saved_inventory,../scripts/call_argument_inventory.py:345-398,not_performed_source_cache_absent
226,bba1bbcbd9c839849e9848b05da2cc7caca8a16a2c71046ed7bb86c8ce2eb3a1,../entry-argument-sites.jsonl:226,../argument-inventory-roots.jsonl:1031,fixed_arity_root_formal,ruby_positional_identity_only,0,saved_shortest_syntactic_helper_context,gpgme:ext/gpgme/gpgme_n.c:3059:gpgme_op_import_keys#ruby_argument[1],origin_binding_label_not_value_identity,no_helper_hops,not_established,not_assessed_by_saved_inventory,../scripts/call_argument_inventory.py:345-398,not_performed_source_cache_absent
227,79c8ca07c81aa53173c79725fb35bf58855eb7e574e72352a375c1dc78ae9a4f,../entry-argument-sites.jsonl:227,../argument-inventory-roots.jsonl:1032,fixed_arity_root_formal,ruby_positional_identity_only,0,saved_shortest_syntactic_helper_context,gpgme:ext/gpgme/gpgme_n.c:3061:gpgme_op_import_keys_start#ruby_argument[1],origin_binding_label_not_value_identity,no_helper_hops,not_established,not_assessed_by_saved_inventory,../scripts/call_argument_inventory.py:345-398,not_performed_source_cache_absent
228,02a947ec641be859d423088c2c7f93d590e2f1d39faab237edec21020ec0eb54,../entry-argument-sites.jsonl:228,../argument-inventory-roots.jsonl:1125,fixed_arity_root_formal,ruby_positional_identity_only,0,saved_shortest_syntactic_helper_context,grpc:src/ruby/ext/grpc/rb_server.c:395:add_http2_port#ruby_argument[0],origin_binding_label_not_value_identity,no_helper_hops,not_established,not_assessed_by_saved_inventory,../scripts/call_argument_inventory.py:345-398,not_performed_source_cache_absent
229,8a861e23a11b1306061550d2e1f294d4f62c1df8df67937faf1b697dc85fffd2,../entry-argument-sites.jsonl:229,../argument-inventory-roots.jsonl:1125,fixed_arity_root_formal,ruby_positional_identity_only,0,saved_shortest_syntactic_helper_context,grpc:src/ruby/ext/grpc/rb_server.c:395:add_http2_port#ruby_argument[0],origin_binding_label_not_value_identity,no_helper_hops,not_established,not_assessed_by_saved_inventory,../scripts/call_argument_inventory.py:345-398,not_performed_source_cache_absent
230,45c8012b09807741d414f7afd5472a49e2c577ad3407ac81bb54e983af0fc379,../entry-argument-sites.jsonl:230,../argument-inventory-roots.jsonl:1095,fixed_arity_root_formal,ruby_positional_identity_only,1,saved_shortest_syntactic_helper_context,grpc:src/ruby/ext/grpc/rb_channel.c:373:create_call#ruby_argument[4],origin_binding_label_not_value_identity,per_hop_formal_bindings_not_serialized,not_established,not_assessed_by_saved_inventory,../scripts/call_argument_inventory.py:345-398,not_performed_source_cache_absent
231,3855138805772127b6bdfae5370800cea3806685070fd19db0ba4b5499546517,../entry-argument-sites.jsonl:231,../argument-inventory-roots.jsonl:1095,fixed_arity_root_formal,ruby_positional_identity_only,1,saved_shortest_syntactic_helper_context,grpc:src/ruby/ext/grpc/rb_channel.c:373:create_call#ruby_argument[4],origin_binding_label_not_value_identity,per_hop_formal_bindings_not_serialized,not_established,not_assessed_by_saved_inventory,../scripts/call_argument_inventory.py:345-398,not_performed_source_cache_absent
232,b087e7c23b27a610c6e8764762f5f71a1f51700164db797bf80a4deddea7e6bb,../entry-argument-sites.jsonl:232,../argument-inventory-roots.jsonl:1095,fixed_arity_root_formal,ruby_positional_identity_only,1,saved_shortest_syntactic_helper_context,grpc:src/ruby/ext/grpc/rb_channel.c:373:create_call#ruby_argument[4],origin_binding_label_not_value_identity,per_hop_formal_bindings_not_serialized,not_established,not_assessed_by_saved_inventory,../scripts/call_argument_inventory.py:345-398,not_performed_source_cache_absent
233,af8e75679ceccb22876b5806c256c3d2e6ab242755eb6f109ec78119574b8fe1,../entry-argument-sites.jsonl:233,../argument-inventory-roots.jsonl:1127,fixed_arity_root_formal,ruby_positional_identity_only,0,saved_shortest_syntactic_helper_context,grpc:src/ruby/ext/grpc/rb_server_credentials.c:235:initialize#ruby_argument[1],origin_binding_label_not_value_identity,no_helper_hops,not_established,not_assessed_by_saved_inventory,../scripts/call_argument_inventory.py:345-398,not_performed_source_cache_absent
234,0df0094a7cb14bc15e52596d94ca8215754e348ae150d59292ed5d71148e0546,../entry-argument-sites.jsonl:234,../argument-inventory-roots.jsonl:1127,fixed_arity_root_formal,ruby_positional_identity_only,0,saved_shortest_syntactic_helper_context,grpc:src/ruby/ext/grpc/rb_server_credentials.c:235:initialize#ruby_argument[2],origin_binding_label_not_value_identity,no_helper_hops,not_established,not_assessed_by_saved_inventory,../scripts/call_argument_inventory.py:345-398,not_performed_source_cache_absent
235,b072d1dce4e4fc378cda27c9562b26f144ed9a79efb79fd6c46d24f4b37b4827,../entry-argument-sites.jsonl:235,../argument-inventory-roots.jsonl:1080,fixed_arity_root_formal,ruby_positional_identity_only,0,saved_shortest_syntactic_helper_context,grpc:src/ruby/ext/grpc/rb_call.c:1017:metadata=#ruby_argument[0],origin_binding_label_not_value_identity,no_helper_hops,not_established,not_assessed_by_saved_inventory,../scripts/call_argument_inventory.py:345-398,not_performed_source_cache_absent
236,0670d66156c796eed1d4cc20c6008e64ef4063280f1ac21b91c84be31bc86ca3,../entry-argument-sites.jsonl:236,../argument-inventory-roots.jsonl:1123,fixed_arity_root_formal,ruby_positional_identity_only,1,saved_shortest_syntactic_helper_context,grpc:src/ruby/ext/grpc/rb_server.c:391:shutdown_and_notify#ruby_argument[0],origin_binding_label_not_value_identity,per_hop_formal_bindings_not_serialized,not_established,not_assessed_by_saved_inventory,../scripts/call_argument_inventory.py:345-398,not_performed_source_cache_absent
237,0dbba3819070a41b0b5960e4689cb717e6b5a1ddc316705923b188866d136c34,../entry-argument-sites.jsonl:237,../argument-inventory-roots.jsonl:1123,fixed_arity_root_formal,ruby_positional_identity_only,1,saved_shortest_syntactic_helper_context,grpc:src/ruby/ext/grpc/rb_server.c:391:shutdown_and_notify#ruby_argument[0],origin_binding_label_not_value_identity,per_hop_formal_bindings_not_serialized,not_established,not_assessed_by_saved_inventory,../scripts/call_argument_inventory.py:345-398,not_performed_source_cache_absent
238,aa1209192b14d2761c0870ad76ce1a067d66e40811e3751e427f312c180b86a7,../entry-argument-sites.jsonl:238,../argument-inventory-roots.jsonl:1123,fixed_arity_root_formal,ruby_positional_identity_only,1,saved_shortest_syntactic_helper_context,grpc:src/ruby/ext/grpc/rb_server.c:391:shutdown_and_notify#ruby_argument[0],origin_binding_label_not_value_identity,per_hop_formal_bindings_not_serialized,not_established,not_assessed_by_saved_inventory,../scripts/call_argument_inventory.py:345-398,not_performed_source_cache_absent
239,438044873a0a1346823075626e996ede1ba3075cc362ad56bac07884c62009c9,../entry-argument-sites.jsonl:239,../argument-inventory-roots.jsonl:1078,fixed_arity_root_formal,ruby_positional_identity_only,0,saved_shortest_syntactic_helper_context,grpc:src/ruby/ext/grpc/rb_call.c:1015:status=#ruby_argument[0],origin_binding_label_not_value_identity,no_helper_hops,not_established,not_assessed_by_saved_inventory,../scripts/call_argument_inventory.py:345-398,not_performed_source_cache_absent
240,a5fb40806febf1ef79bf0bcd936c2ca0c2661d7f94fbe3161d960dc1210f8945,../entry-argument-sites.jsonl:240,../argument-inventory-roots.jsonl:1082,fixed_arity_root_formal,ruby_positional_identity_only,0,saved_shortest_syntactic_helper_context,grpc:src/ruby/ext/grpc/rb_call.c:1020:trailing_metadata=#ruby_argument[0],origin_binding_label_not_value_identity,no_helper_hops,not_established,not_assessed_by_saved_inventory,../scripts/call_argument_inventory.py:345-398,not_performed_source_cache_absent
241,b88a7bf58c6b63ca7759dfb6d8595f055b85e5d98a34d373448f354e11210d18,../entry-argument-sites.jsonl:241,../argument-inventory-roots.jsonl:1094,fixed_arity_root_formal,ruby_positional_identity_only,1,saved_shortest_syntactic_helper_context,grpc:src/ruby/ext/grpc/rb_channel.c:371:watch_connectivity_state#ruby_argument[1],origin_binding_label_not_value_identity,per_hop_formal_bindings_not_serialized,not_established,not_assessed_by_saved_inventory,../scripts/call_argument_inventory.py:345-398,not_performed_source_cache_absent
242,74033591c5a8db78ac7b9839ef91365c92ce65e1e3164c38e7cec024abf1678c,../entry-argument-sites.jsonl:242,../argument-inventory-roots.jsonl:1094,fixed_arity_root_formal,ruby_positional_identity_only,1,saved_shortest_syntactic_helper_context,grpc:src/ruby/ext/grpc/rb_channel.c:371:watch_connectivity_state#ruby_argument[1],origin_binding_label_not_value_identity,per_hop_formal_bindings_not_serialized,not_established,not_assessed_by_saved_inventory,../scripts/call_argument_inventory.py:345-398,not_performed_source_cache_absent
243,1c04b21b0fe1fab1b688e2bc00f6c053960b63672087f4a0090b931d1f4b512e,../entry-argument-sites.jsonl:243,../argument-inventory-roots.jsonl:1094,fixed_arity_root_formal,ruby_positional_identity_only,1,saved_shortest_syntactic_helper_context,grpc:src/ruby/ext/grpc/rb_channel.c:371:watch_connectivity_state#ruby_argument[1],origin_binding_label_not_value_identity,per_hop_formal_bindings_not_serialized,not_established,not_assessed_by_saved_inventory,../scripts/call_argument_inventory.py:345-398,not_performed_source_cache_absent
244,355819398a09df030056e293df3f52bb6028c1632faa7a9f1e92503c17e0dd6d,../entry-argument-sites.jsonl:244,../argument-inventory-roots.jsonl:1084,fixed_arity_root_formal,ruby_positional_identity_only,0,saved_shortest_syntactic_helper_context,grpc:src/ruby/ext/grpc/rb_call.c:1023:write_flag=#ruby_argument[0],origin_binding_label_not_value_identity,no_helper_hops,not_established,not_assessed_by_saved_inventory,../scripts/call_argument_inventory.py:345-398,not_performed_source_cache_absent
245,95ee1cb3b05dd51a78666d9222032c2d373951a06a3843d80e1dfb0cf9987475,../entry-argument-sites.jsonl:245,../argument-inventory-roots.jsonl:1178,fixed_arity_root_formal,ruby_positional_identity_only,1,saved_shortest_syntactic_helper_context,io-console:ext/io/console/console.c:1993:erase_line#ruby_argument[0],origin_binding_label_not_value_identity,per_hop_formal_bindings_not_serialized,not_established,not_assessed_by_saved_inventory,../scripts/call_argument_inventory.py:345-398,not_performed_source_cache_absent
246,670ef1734415a85e553d868373f4b90b366e2ce8a4820b8b381579e5ef6be58f,../entry-argument-sites.jsonl:246,../argument-inventory-roots.jsonl:1179,fixed_arity_root_formal,ruby_positional_identity_only,1,saved_shortest_syntactic_helper_context,io-console:ext/io/console/console.c:1994:erase_screen#ruby_argument[0],origin_binding_label_not_value_identity,per_hop_formal_bindings_not_serialized,not_established,not_assessed_by_saved_inventory,../scripts/call_argument_inventory.py:345-398,not_performed_source_cache_absent
247,0f96a1d3c2d0c7747b97e2bf1bad14ee9ea7f019df819aa427bd641001c5184f,../entry-argument-sites.jsonl:247,../argument-inventory-roots.jsonl:1170,fixed_arity_root_formal,ruby_positional_identity_only,0,saved_shortest_syntactic_helper_context,io-console:ext/io/console/console.c:1985:goto#ruby_argument[0],origin_binding_label_not_value_identity,no_helper_hops,not_established,not_assessed_by_saved_inventory,../scripts/call_argument_inventory.py:345-398,not_performed_source_cache_absent
248,8c2e79475cb0c7ed7ae57bb43734fb87f42a8a765392903380cef6bae5854a96,../entry-argument-sites.jsonl:248,../argument-inventory-roots.jsonl:1170,fixed_arity_root_formal,ruby_positional_identity_only,0,saved_shortest_syntactic_helper_context,io-console:ext/io/console/console.c:1985:goto#ruby_argument[1],origin_binding_label_not_value_identity,no_helper_hops,not_established,not_assessed_by_saved_inventory,../scripts/call_argument_inventory.py:345-398,not_performed_source_cache_absent
249,67ab27ac12fac9b24047cd90e521b91d39f320ef4bcaeaa8a28b58d7231da635,../entry-argument-sites.jsonl:249,../argument-inventory-roots.jsonl:1177,fixed_arity_root_formal,ruby_positional_identity_only,0,saved_shortest_syntactic_helper_context,io-console:ext/io/console/console.c:1992:goto_column#ruby_argument[0],origin_binding_label_not_value_identity,no_helper_hops,not_established,not_assessed_by_saved_inventory,../scripts/call_argument_inventory.py:345-398,not_performed_source_cache_absent
250,c3e4b36121b229f6bc21cd6c0b8eb286482a929bea2b228c321c23b6026c0f4b,../entry-argument-sites.jsonl:250,../argument-inventory-roots.jsonl:1183,fixed_arity_root_formal,ruby_positional_identity_only,0,saved_shortest_syntactic_helper_context,io-console:ext/io/console/console.c:1998:pressed?#ruby_argument[0],origin_binding_label_not_value_identity,no_helper_hops,not_established,not_assessed_by_saved_inventory,../scripts/call_argument_inventory.py:345-398,not_performed_source_cache_absent
251,4c0792e74609da54733bcfcbb970fdca2204fe61cc65eafb8f4241ce244591e5,../entry-argument-sites.jsonl:251,../argument-inventory-roots.jsonl:1328,positional_binding_exact_extraction_not_serialized,ruby_positional_identity_only,0,saved_shortest_syntactic_helper_context,msgpack:ext/msgpack/buffer_class.c:598:initialize#ruby_argument[0],origin_binding_label_not_value_identity,no_helper_hops,not_established,not_assessed_by_saved_inventory,../scripts/call_argument_inventory.py:345-398,not_performed_source_cache_absent
252,2ca3bf819d0adcd4505622768c043de2ce8131d0b787ecb65b6be2ac833647f9,../entry-argument-sites.jsonl:252,../argument-inventory-roots.jsonl:1384,positional_binding_exact_extraction_not_serialized,ruby_positional_identity_only,0,saved_shortest_syntactic_helper_context,msgpack:ext/msgpack/unpacker_class.c:426:initialize#ruby_argument[1],origin_binding_label_not_value_identity,no_helper_hops,not_established,not_assessed_by_saved_inventory,../scripts/call_argument_inventory.py:345-398,not_performed_source_cache_absent
253,b7bf4cfd0a18165294884f6d2dbe4b83c1d61a4060c38ee8bd6c907b080d73ac,../entry-argument-sites.jsonl:253,../argument-inventory-roots.jsonl:1351,fixed_arity_root_formal,ruby_positional_identity_only,0,saved_shortest_syntactic_helper_context,msgpack:ext/msgpack/factory_class.c:275:register_type_internal#ruby_argument[1],origin_binding_label_not_value_identity,no_helper_hops,not_established,not_assessed_by_saved_inventory,../scripts/call_argument_inventory.py:345-398,not_performed_source_cache_absent
254,47173047bffe8392bfa154466e82a4d138ef5a816c4ed28a22a8e37369b2959a,../entry-argument-sites.jsonl:254,../argument-inventory-roots.jsonl:1349,positional_binding_exact_extraction_not_serialized,ruby_positional_identity_only,1,saved_shortest_syntactic_helper_context,msgpack:ext/msgpack/factory_class.c:272:unpacker#ruby_argument[1],origin_binding_label_not_value_identity,per_hop_formal_bindings_not_serialized,not_established,not_assessed_by_saved_inventory,../scripts/call_argument_inventory.py:345-398,not_performed_source_cache_absent
255,2247be5ed1bf410b3373f293b06219ef85029725e20d6a4ad76a88bb23cf6e3c,../entry-argument-sites.jsonl:255,../argument-inventory-roots.jsonl:1430,fixed_arity_root_formal,ruby_positional_identity_only,1,saved_shortest_syntactic_helper_context,nio4r:ext/nio4r/monitor.c:61:interests=#ruby_argument[0],origin_binding_label_not_value_identity,per_hop_formal_bindings_not_serialized,not_established,not_assessed_by_saved_inventory,../scripts/call_argument_inventory.py:345-398,not_performed_source_cache_absent
256,cded14631528c6ec5e2716613eccf56dbcfb4636ed6dcced2eb622915363d278,../entry-argument-sites.jsonl:256,../argument-inventory-roots.jsonl:1576,fixed_arity_root_formal,ruby_positional_identity_only,1,saved_shortest_syntactic_helper_context,nokogiri:ext/nokogiri/xml_node.c:2506:add_child_node#ruby_argument[0],origin_binding_label_not_value_identity,per_hop_formal_bindings_not_serialized,not_established,not_assessed_by_saved_inventory,../scripts/call_argument_inventory.py:345-398,not_performed_source_cache_absent
257,14bdd29a804aeba5bbd1ae376d03c5ce3d4faf71f221761c0045efb79e15ffe5,../entry-argument-sites.jsonl:257,../argument-inventory-roots.jsonl:1577,fixed_arity_root_formal,ruby_positional_identity_only,1,saved_shortest_syntactic_helper_context,nokogiri:ext/nokogiri/xml_node.c:2507:add_next_sibling_node#ruby_argument[0],origin_binding_label_not_value_identity,per_hop_formal_bindings_not_serialized,not_established,not_assessed_by_saved_inventory,../scripts/call_argument_inventory.py:345-398,not_performed_source_cache_absent
258,2ad4c385035c85c5cdbc5545006efb3b2d9928d6da0f4854b345343515eebaaa,../entry-argument-sites.jsonl:258,../argument-inventory-roots.jsonl:1578,fixed_arity_root_formal,ruby_positional_identity_only,1,saved_shortest_syntactic_helper_context,nokogiri:ext/nokogiri/xml_node.c:2508:add_previous_sibling_node#ruby_argument[0],origin_binding_label_not_value_identity,per_hop_formal_bindings_not_serialized,not_established,not_assessed_by_saved_inventory,../scripts/call_argument_inventory.py:345-398,not_performed_source_cache_absent
259,0a4327ea3077bf5632b0b807187a5e94d718f9df872038db7d38f2d5b9b71688,../entry-argument-sites.jsonl:259,../argument-inventory-roots.jsonl:1651,positional_binding_exact_extraction_not_serialized,ruby_positional_identity_only,0,saved_shortest_syntactic_helper_context,nokogiri:ext/nokogiri/xml_schema.c:222:from_document#ruby_argument[0],origin_binding_label_not_value_identity,no_helper_hops,not_established,not_assessed_by_saved_inventory,../scripts/call_argument_inventory.py:345-398,not_performed_source_cache_absent
260,3c1119853debc54d1348b943870cfedb72033c5cb6c9c7f3cecf9618454cc942,../entry-argument-sites.jsonl:260,../argument-inventory-roots.jsonl:1630,positional_binding_exact_extraction_not_serialized,ruby_positional_identity_only,1,saved_shortest_syntactic_helper_context,nokogiri:ext/nokogiri/xml_relax_ng.c:146:from_document#ruby_argument[0],origin_binding_label_not_value_identity,per_hop_formal_bindings_not_serialized,not_established,not_assessed_by_saved_inventory,../scripts/call_argument_inventory.py:345-398,not_performed_source_cache_absent
261,5228771a55fd4c84719a7f32d15869eb833c85b67082b1f5cecc583e734a2cd0,../entry-argument-sites.jsonl:261,../argument-inventory-roots.jsonl:1605,positional_binding_exact_extraction_not_serialized,ruby_positional_identity_only,0,saved_shortest_syntactic_helper_context,nokogiri:ext/nokogiri/xml_reader.c:751:from_io#ruby_argument[0],origin_binding_label_not_value_identity,no_helper_hops,not_established,not_assessed_by_saved_inventory,../scripts/call_argument_inventory.py:345-398,not_performed_source_cache_absent
262,7ece1461764987fac57cd3643d3e294c74bd4dd096c8905eff0cf21f123a6e1b,../entry-argument-sites.jsonl:262,../argument-inventory-roots.jsonl:1605,positional_binding_exact_extraction_not_serialized,ruby_positional_identity_only,0,saved_shortest_syntactic_helper_context,nokogiri:ext/nokogiri/xml_reader.c:751:from_io#ruby_argument[1],origin_binding_label_not_value_identity,no_helper_hops,not_established,not_assessed_by_saved_inventory,../scripts/call_argument_inventory.py:345-398,not_performed_source_cache_absent
263,ad7c20e7579c0521cb58ee97ccad958359d54ed6ba6e8bf023b8f2b5ae203b22,../entry-argument-sites.jsonl:263,../argument-inventory-roots.jsonl:1605,positional_binding_exact_extraction_not_serialized,ruby_positional_identity_only,0,saved_shortest_syntactic_helper_context,nokogiri:ext/nokogiri/xml_reader.c:751:from_io#ruby_argument[2],origin_binding_label_not_value_identity,no_helper_hops,not_established,not_assessed_by_saved_inventory,../scripts/call_argument_inventory.py:345-398,not_performed_source_cache_absent
264,13aa8a0d698ae69aa04218347bee50f121e4de3c95fa439911a6837bbc9938fb,../entry-argument-sites.jsonl:264,../argument-inventory-roots.jsonl:1604,positional_binding_exact_extraction_not_serialized,ruby_positional_identity_only,0,saved_shortest_syntactic_helper_context,nokogiri:ext/nokogiri/xml_reader.c:750:from_memory#ruby_argument[0],origin_binding_label_not_value_identity,no_helper_hops,not_established,not_assessed_by_saved_inventory,../scripts/call_argument_inventory.py:345-398,not_performed_source_cache_absent
265,75f953b41f14b4f1ca5ad7369870794d9532a2528a75a7eb6fb379740615a519,../entry-argument-sites.jsonl:265,../argument-inventory-roots.jsonl:1604,positional_binding_exact_extraction_not_serialized,ruby_positional_identity_only,0,saved_shortest_syntactic_helper_context,nokogiri:ext/nokogiri/xml_reader.c:750:from_memory#ruby_argument[1],origin_binding_label_not_value_identity,no_helper_hops,not_established,not_assessed_by_saved_inventory,../scripts/call_argument_inventory.py:345-398,not_performed_source_cache_absent
266,9124210cc9eb5c7879cdefa555502c7a769f2d50c7a465d8862374051c6e0bd6,../entry-argument-sites.jsonl:266,../argument-inventory-roots.jsonl:1604,positional_binding_exact_extraction_not_serialized,ruby_positional_identity_only,0,saved_shortest_syntactic_helper_context,nokogiri:ext/nokogiri/xml_reader.c:750:from_memory#ruby_argument[2],origin_binding_label_not_value_identity,no_helper_hops,not_established,not_assessed_by_saved_inventory,../scripts/call_argument_inventory.py:345-398,not_performed_source_cache_absent
267,3fa8b9eb6ee0819426aec56b5967e882717695fbe9d889df18a551ce9c7fae59,../entry-argument-sites.jsonl:267,../argument-inventory-roots.jsonl:1502,fixed_arity_root_formal,ruby_positional_identity_only,1,saved_shortest_syntactic_helper_context,nokogiri:ext/nokogiri/xml_document.c:794:initialize_copy_with_args#ruby_argument[0],origin_binding_label_not_value_identity,per_hop_formal_bindings_not_serialized,not_established,not_assessed_by_saved_inventory,../scripts/call_argument_inventory.py:345-398,not_performed_source_cache_absent
268,ec0bd11f8061e86cc44b0c270370af515cb0186ab1191db054dbc2bd809e2c7d,../entry-argument-sites.jsonl:268,../argument-inventory-roots.jsonl:1574,fixed_arity_root_formal,ruby_positional_identity_only,1,saved_shortest_syntactic_helper_context,nokogiri:ext/nokogiri/xml_node.c:2503:initialize_copy_with_args#ruby_argument[2],origin_binding_label_not_value_identity,per_hop_formal_bindings_not_serialized,not_established,not_assessed_by_saved_inventory,../scripts/call_argument_inventory.py:345-398,not_performed_source_cache_absent
269,be0e2a6099b117dff831e7b59595f2fa02dde4e5445b7c1fd3b39231b037fb54,../entry-argument-sites.jsonl:269,../argument-inventory-roots.jsonl:1503,fixed_arity_root_formal,ruby_positional_identity_only,1,saved_shortest_syntactic_helper_context,nokogiri:ext/nokogiri/xml_document_fragment.c:28:native_new#ruby_argument[0],origin_binding_label_not_value_identity,per_hop_formal_bindings_not_serialized,not_established,not_assessed_by_saved_inventory,../scripts/call_argument_inventory.py:345-398,not_performed_source_cache_absent
270,c2727bf22b0726c29cb459c60b206e1f477896abc94ba818bf9668e464121da4,../entry-argument-sites.jsonl:270,../argument-inventory-roots.jsonl:1487,positional_binding_exact_extraction_not_serialized,ruby_positional_identity_only,0,saved_shortest_syntactic_helper_context,nokogiri:ext/nokogiri/xml_cdata.c:61:new#ruby_argument[0],origin_binding_label_not_value_identity,no_helper_hops,not_established,not_assessed_by_saved_inventory,../scripts/call_argument_inventory.py:345-398,not_performed_source_cache_absent
271,b91a5607e1626ebaefa6e01b3db4bc738228875522cd210ca8ebf97285684c94,../entry-argument-sites.jsonl:271,../argument-inventory-roots.jsonl:1482,positional_binding_exact_extraction_not_serialized,ruby_positional_identity_only,1,saved_shortest_syntactic_helper_context,nokogiri:ext/nokogiri/xml_attr.c:105:new#ruby_argument[0],origin_binding_label_not_value_identity,per_hop_formal_bindings_not_serialized,not_established,not_assessed_by_saved_inventory,../scripts/call_argument_inventory.py:345-398,not_performed_source_cache_absent
272,f9bc887bc7d792063f6d92a9b08e19151c63f99de0905644f002e94f57eec5da,../entry-argument-sites.jsonl:272,../argument-inventory-roots.jsonl:1654,positional_binding_exact_extraction_not_serialized,ruby_positional_identity_only,0,saved_shortest_syntactic_helper_context,nokogiri:ext/nokogiri/xml_text.c:58:new#ruby_argument[1],origin_binding_label_not_value_identity,no_helper_hops,not_established,not_assessed_by_saved_inventory,../scripts/call_argument_inventory.py:345-398,not_performed_source_cache_absent
273,c50be5f83c7ae0a7fbcfb20e6c5ae80dd6d142eca13c8a42a7575a4e34f16ef8,../entry-argument-sites.jsonl:273,../argument-inventory-roots.jsonl:1654,positional_binding_exact_extraction_not_serialized,ruby_positional_identity_only,1,saved_shortest_syntactic_helper_context,nokogiri:ext/nokogiri/xml_text.c:58:new#ruby_argument[1],origin_binding_label_not_value_identity,per_hop_formal_bindings_not_serialized,not_established,not_assessed_by_saved_inventory,../scripts/call_argument_inventory.py:345-398,not_performed_source_cache_absent
274,6f05cc44c3041d721a306905bae722b4cf37bf9473dd74eec630ecb154508106,../entry-argument-sites.jsonl:274,../argument-inventory-roots.jsonl:1661,fixed_arity_root_formal,ruby_positional_identity_only,1,saved_shortest_syntactic_helper_context,nokogiri:ext/nokogiri/xslt_stylesheet.c:454:parse_stylesheet_doc#ruby_argument[0],origin_binding_label_not_value_identity,per_hop_formal_bindings_not_serialized,not_established,not_assessed_by_saved_inventory,../scripts/call_argument_inventory.py:345-398,not_performed_source_cache_absent
275,3793e12da8852c458b9d3edf72c07fc94f8431638fc97861f24f9ee066907490,../entry-argument-sites.jsonl:275,../argument-inventory-roots.jsonl:1587,fixed_arity_root_formal,ruby_positional_identity_only,1,saved_shortest_syntactic_helper_context,nokogiri:ext/nokogiri/xml_node.c:2517:replace_node#ruby_argument[0],origin_binding_label_not_value_identity,per_hop_formal_bindings_not_serialized,not_established,not_assessed_by_saved_inventory,../scripts/call_argument_inventory.py:345-398,not_performed_source_cache_absent
276,c2f05f979becb173e23d1fa6685024c5ccaf540ec4e0426167777c5de83c06c8,../entry-argument-sites.jsonl:276,../argument-inventory-roots.jsonl:1494,fixed_arity_root_formal,ruby_positional_identity_only,0,saved_shortest_syntactic_helper_context,nokogiri:ext/nokogiri/xml_document.c:785:root=#ruby_argument[0],origin_binding_label_not_value_identity,no_helper_hops,not_established,not_assessed_by_saved_inventory,../scripts/call_argument_inventory.py:345-398,not_performed_source_cache_absent
277,6f2c4b4b764f5530381ef74e31abdb9a6f404e5565f7a2b7c4b6b4ec28f27a31,../entry-argument-sites.jsonl:277,../argument-inventory-roots.jsonl:1662,fixed_arity_root_formal,ruby_positional_identity_only,1,saved_shortest_syntactic_helper_context,nokogiri:ext/nokogiri/xslt_stylesheet.c:455:serialize#ruby_argument[0],origin_binding_label_not_value_identity,per_hop_formal_bindings_not_serialized,not_established,not_assessed_by_saved_inventory,../scripts/call_argument_inventory.py:345-398,not_performed_source_cache_absent
278,55f2a3b12c67116e4f9685e2a08825c67ccb56296f59e4f457ad7369adfa36d1,../entry-argument-sites.jsonl:278,../argument-inventory-roots.jsonl:1663,positional_binding_exact_extraction_not_serialized,ruby_positional_identity_only,1,saved_shortest_syntactic_helper_context,nokogiri:ext/nokogiri/xslt_stylesheet.c:456:transform#ruby_argument[0],origin_binding_label_not_value_identity,per_hop_formal_bindings_not_serialized,not_established,not_assessed_by_saved_inventory,../scripts/call_argument_inventory.py:345-398,not_performed_source_cache_absent
279,a1b5b42da55f4a9f199fb78340af9a3855518f284d23032225f591c5be20d9f4,../entry-argument-sites.jsonl:279,../argument-inventory-roots.jsonl:1507,fixed_arity_root_formal,ruby_positional_identity_only,1,saved_shortest_syntactic_helper_context,nokogiri:ext/nokogiri/xml_dtd.c:204:validate#ruby_argument[0],origin_binding_label_not_value_identity,per_hop_formal_bindings_not_serialized,not_established,not_assessed_by_saved_inventory,../scripts/call_argument_inventory.py:345-398,not_performed_source_cache_absent
280,b9b29648e9a930d8bd8526126224c7d9e21a9c7f1bc79d9bcdf634eaecb74e50,../entry-argument-sites.jsonl:280,../argument-inventory-roots.jsonl:1631,fixed_arity_root_formal,ruby_positional_identity_only,1,saved_shortest_syntactic_helper_context,nokogiri:ext/nokogiri/xml_relax_ng.c:148:validate_document#ruby_argument[0],origin_binding_label_not_value_identity,per_hop_formal_bindings_not_serialized,not_established,not_assessed_by_saved_inventory,../scripts/call_argument_inventory.py:345-398,not_performed_source_cache_absent
281,34f31ad6b2251bf49f8d3e0fe0e5bcf7bbcae47726653734c621e189f29ea178,../entry-argument-sites.jsonl:281,../argument-inventory-roots.jsonl:1664,fixed_arity_root_formal,ruby_positional_identity_only,0,saved_shortest_syntactic_helper_context,oj:ext/oj/fast.c:1752:open#ruby_argument[0],origin_binding_label_not_value_identity,no_helper_hops,not_established,not_assessed_by_saved_inventory,../scripts/call_argument_inventory.py:345-398,not_performed_source_cache_absent
282,078ff81d9e884ecf151a0bd1b214dec291f56ad80117dd8ea5570f024abfeb98,../entry-argument-sites.jsonl:282,../argument-inventory-roots.jsonl:1666,fixed_arity_root_formal,ruby_positional_identity_only,0,saved_shortest_syntactic_helper_context,oj:ext/oj/fast.c:1754:parse#ruby_argument[0],origin_binding_label_not_value_identity,no_helper_hops,not_established,not_assessed_by_saved_inventory,../scripts/call_argument_inventory.py:345-398,not_performed_source_cache_absent
283,993ba44bec08e55e86be328ea60552e2a9786876a371551d9ebc64d3590b62c2,../entry-argument-sites.jsonl:283,../argument-inventory-roots.jsonl:1693,positional_binding_exact_extraction_not_serialized,ruby_positional_identity_only,0,saved_shortest_syntactic_helper_context,oj:ext/oj/mimic_json.c:819:pretty_generate#ruby_argument[1],origin_binding_label_not_value_identity,no_helper_hops,not_established,not_assessed_by_saved_inventory,../scripts/call_argument_inventory.py:345-398,not_performed_source_cache_absent
284,c28b40f3c91e2b77c8332ba33d8cc9598c95b4bd2b9bdc5800f598aecfff8765,../entry-argument-sites.jsonl:284,../argument-inventory-roots.jsonl:1696,positional_binding_exact_extraction_not_serialized,ruby_positional_identity_only,0,saved_shortest_syntactic_helper_context,oj:ext/oj/mimic_json.c:824:pretty_unparse#ruby_argument[1],origin_binding_label_not_value_identity,no_helper_hops,not_established,not_assessed_by_saved_inventory,../scripts/call_argument_inventory.py:345-398,not_performed_source_cache_absent
285,39a64cb4114289691ac1ab7b53638db66deb652952167d46a233ea13d4277da5,../entry-argument-sites.jsonl:285,../argument-inventory-roots.jsonl:1714,positional_binding_exact_extraction_not_serialized,ruby_positional_identity_only,5,saved_shortest_syntactic_helper_context,oj:ext/oj/oj.c:2299:to_file#ruby_argument[1],origin_binding_label_not_value_identity,per_hop_formal_bindings_not_serialized,not_established,not_assessed_by_saved_inventory,../scripts/call_argument_inventory.py:345-398,not_performed_source_cache_absent
286,c5f38f41da449801969d4d447c9950c2646bfa72beae505f00647fdc8e8f78ea,../entry-argument-sites.jsonl:286,../argument-inventory-roots.jsonl:1714,positional_binding_exact_extraction_not_serialized,ruby_positional_identity_only,5,saved_shortest_syntactic_helper_context,oj:ext/oj/oj.c:2299:to_file#ruby_argument[1],origin_binding_label_not_value_identity,per_hop_formal_bindings_not_serialized,not_established,not_assessed_by_saved_inventory,../scripts/call_argument_inventory.py:345-398,not_performed_source_cache_absent
287,4e84ade23a5adebec43cecb938e0f342a0b83c9323539f93c4898da97a91feb1,../entry-argument-sites.jsonl:287,../argument-inventory-roots.jsonl:1855,positional_binding_exact_extraction_not_serialized,ruby_positional_identity_only,1,saved_shortest_syntactic_helper_context,openssl:ext/openssl/ossl_cipher.c:1067:decrypt#ruby_argument[1],origin_binding_label_not_value_identity,per_hop_formal_bindings_not_serialized,not_established,not_assessed_by_saved_inventory,../scripts/call_argument_inventory.py:345-398,not_performed_source_cache_absent
288,31a036cb810fedef383de6c65b8a6d3b2b2fa02c22f97de731453c6a059b21ce,../entry-argument-sites.jsonl:288,../argument-inventory-roots.jsonl:1855,positional_binding_exact_extraction_not_serialized,ruby_positional_identity_only,1,saved_shortest_syntactic_helper_context,openssl:ext/openssl/ossl_cipher.c:1067:decrypt#ruby_argument[1],origin_binding_label_not_value_identity,per_hop_formal_bindings_not_serialized,not_established,not_assessed_by_saved_inventory,../scripts/call_argument_inventory.py:345-398,not_performed_source_cache_absent
289,ee1e84cd6859330688fe8a96d0d61afccc8a2d639c26becabff4668529207d71,../entry-argument-sites.jsonl:289,../argument-inventory-roots.jsonl:2054,positional_binding_exact_extraction_not_serialized,ruby_positional_identity_only,1,saved_shortest_syntactic_helper_context,openssl:ext/openssl/ossl_pkey.c:1827:decrypt#ruby_argument[1],origin_binding_label_not_value_identity,per_hop_formal_bindings_not_serialized,not_established,not_assessed_by_saved_inventory,../scripts/call_argument_inventory.py:345-398,not_performed_source_cache_absent
290,4c55c703d1140e41cef53f544283e9daaf0c1de4b9838baadb5f23d08bdd61b3,../entry-argument-sites.jsonl:290,../argument-inventory-roots.jsonl:1854,positional_binding_exact_extraction_not_serialized,ruby_positional_identity_only,1,saved_shortest_syntactic_helper_context,openssl:ext/openssl/ossl_cipher.c:1066:encrypt#ruby_argument[1],origin_binding_label_not_value_identity,per_hop_formal_bindings_not_serialized,not_established,not_assessed_by_saved_inventory,../scripts/call_argument_inventory.py:345-398,not_performed_source_cache_absent
291,308c352d8d0fe0610593949f3dc52a46a29bd76dca8a2a388da97c7faeee05ac,../entry-argument-sites.jsonl:291,../argument-inventory-roots.jsonl:1854,positional_binding_exact_extraction_not_serialized,ruby_positional_identity_only,1,saved_shortest_syntactic_helper_context,openssl:ext/openssl/ossl_cipher.c:1066:encrypt#ruby_argument[1],origin_binding_label_not_value_identity,per_hop_formal_bindings_not_serialized,not_established,not_assessed_by_saved_inventory,../scripts/call_argument_inventory.py:345-398,not_performed_source_cache_absent
292,ab8a96cb3ae3469124922d013878bc09cafe680cffb5caea727dbe08e1432c17,../entry-argument-sites.jsonl:292,../argument-inventory-roots.jsonl:2053,positional_binding_exact_extraction_not_serialized,ruby_positional_identity_only,1,saved_shortest_syntactic_helper_context,openssl:ext/openssl/ossl_pkey.c:1826:encrypt#ruby_argument[1],origin_binding_label_not_value_identity,per_hop_formal_bindings_not_serialized,not_established,not_assessed_by_saved_inventory,../scripts/call_argument_inventory.py:345-398,not_performed_source_cache_absent
293,d90bf9c5771092d967ce07eabb2407a962e7eac3eff2e3fd5920af3b0b518312,../entry-argument-sites.jsonl:293,../argument-inventory-roots.jsonl:2031,positional_binding_exact_extraction_not_serialized,ruby_positional_identity_only,2,saved_shortest_syntactic_helper_context,openssl:ext/openssl/ossl_pkey.c:1794:generate_key#ruby_argument[1],origin_binding_label_not_value_identity,per_hop_formal_bindings_not_serialized,not_established,not_assessed_by_saved_inventory,../scripts/call_argument_inventory.py:345-398,not_performed_source_cache_absent
294,a7370670880fb004de4b3c1b53150b375db769913bba7858a331e35d29ac20db,../entry-argument-sites.jsonl:294,../argument-inventory-roots.jsonl:2030,positional_binding_exact_extraction_not_serialized,ruby_positional_identity_only,2,saved_shortest_syntactic_helper_context,openssl:ext/openssl/ossl_pkey.c:1793:generate_parameters#ruby_argument[1],origin_binding_label_not_value_identity,per_hop_formal_bindings_not_serialized,not_established,not_assessed_by_saved_inventory,../scripts/call_argument_inventory.py:345-398,not_performed_source_cache_absent
295,22f4e331787dd04a50b37fb09375cc203ab39b54d6b39f83eef20543a214c3ff,../entry-argument-sites.jsonl:295,../argument-inventory-roots.jsonl:2047,positional_binding_exact_extraction_not_serialized,ruby_positional_identity_only,1,saved_shortest_syntactic_helper_context,openssl:ext/openssl/ossl_pkey.c:1820:sign#ruby_argument[2],origin_binding_label_not_value_identity,per_hop_formal_bindings_not_serialized,not_established,not_assessed_by_saved_inventory,../scripts/call_argument_inventory.py:345-398,not_performed_source_cache_absent
296,879ca89b64dec85020168878203d94fd532bd4c11b91cde42bae92b37b752624,../entry-argument-sites.jsonl:296,../argument-inventory-roots.jsonl:2049,positional_binding_exact_extraction_not_serialized,ruby_positional_identity_only,1,saved_shortest_syntactic_helper_context,openssl:ext/openssl/ossl_pkey.c:1822:sign_raw#ruby_argument[2],origin_binding_label_not_value_identity,per_hop_formal_bindings_not_serialized,not_established,not_assessed_by_saved_inventory,../scripts/call_argument_inventory.py:345-398,not_performed_source_cache_absent
297,8f2c0e66570dbb67bd36523921d95aa30d9a18e0296c27c80ed78f35ccbaf0e2,../entry-argument-sites.jsonl:297,../argument-inventory-roots.jsonl:2048,positional_binding_exact_extraction_not_serialized,ruby_positional_identity_only,1,saved_shortest_syntactic_helper_context,openssl:ext/openssl/ossl_pkey.c:1821:verify#ruby_argument[3],origin_binding_label_not_value_identity,per_hop_formal_bindings_not_serialized,not_established,not_assessed_by_saved_inventory,../scripts/call_argument_inventory.py:345-398,not_performed_source_cache_absent
298,51a00cdcf1310ecf8035efbb5e0de60044510ea60f045336cb455c989397cfed,../entry-argument-sites.jsonl:298,../argument-inventory-roots.jsonl:2050,positional_binding_exact_extraction_not_serialized,ruby_positional_identity_only,1,saved_shortest_syntactic_helper_context,openssl:ext/openssl/ossl_pkey.c:1823:verify_raw#ruby_argument[3],origin_binding_label_not_value_identity,per_hop_formal_bindings_not_serialized,not_established,not_assessed_by_saved_inventory,../scripts/call_argument_inventory.py:345-398,not_performed_source_cache_absent
299,aaeb335850ba756962f0de4bd1a75d341c937fc59930f2f8d24f975fb34494ae,../entry-argument-sites.jsonl:299,../argument-inventory-roots.jsonl:2051,positional_binding_exact_extraction_not_serialized,ruby_positional_identity_only,1,saved_shortest_syntactic_helper_context,openssl:ext/openssl/ossl_pkey.c:1824:verify_recover#ruby_argument[2],origin_binding_label_not_value_identity,per_hop_formal_bindings_not_serialized,not_established,not_assessed_by_saved_inventory,../scripts/call_argument_inventory.py:345-398,not_performed_source_cache_absent
300,5dc20eaeb12295b075e05217d088add0faf59bd2f38656abaa5192b761c9e4dd,../entry-argument-sites.jsonl:300,../argument-inventory-roots.jsonl:2661,fixed_arity_root_formal,ruby_positional_identity_only,0,saved_shortest_syntactic_helper_context,pg:ext/pg_type_map_by_oid.c:387:build_column_map#ruby_argument[0],origin_binding_label_not_value_identity,no_helper_hops,not_established,not_assessed_by_saved_inventory,../scripts/call_argument_inventory.py:345-398,not_performed_source_cache_absent
301,4859fd411ac9eadb42fa7a392ba1a7c6d8756da66e3bc3081b5698a8f5691ae2,../entry-argument-sites.jsonl:301,../argument-inventory-roots.jsonl:2424,fixed_arity_root_formal,ruby_positional_identity_only,0,saved_shortest_syntactic_helper_context,pg:ext/pg_coder.c:656:elements_type=#ruby_argument[0],origin_binding_label_not_value_identity,no_helper_hops,not_established,not_assessed_by_saved_inventory,../scripts/call_argument_inventory.py:345-398,not_performed_source_cache_absent
302,011291443f076d944130297ffa5fbc3dae5c9320e071ba02e375c3d3526c6a27,../entry-argument-sites.jsonl:302,../argument-inventory-roots.jsonl:2622,fixed_arity_root_formal,ruby_positional_identity_only,0,saved_shortest_syntactic_helper_context,pg:ext/pg_result.c:1816:field_name_type=#ruby_argument[0],origin_binding_label_not_value_identity,no_helper_hops,not_established,not_assessed_by_saved_inventory,../scripts/call_argument_inventory.py:345-398,not_performed_source_cache_absent
303,1ac60df042d87972caf6400cad47d6287189cac9de3333163277b9e64b1e4110,../entry-argument-sites.jsonl:303,../argument-inventory-roots.jsonl:2564,fixed_arity_root_formal,ruby_positional_identity_only,0,saved_shortest_syntactic_helper_context,pg:ext/pg_connection.c:4908:field_name_type=#ruby_argument[0],origin_binding_label_not_value_identity,no_helper_hops,not_established,not_assessed_by_saved_inventory,../scripts/call_argument_inventory.py:345-398,not_performed_source_cache_absent
304,7428159997739b357c7ec73bd5bc1b541116bc3b1c60e9aef0f8c66d76470237,../entry-argument-sites.jsonl:304,../argument-inventory-roots.jsonl:2591,fixed_arity_root_formal,ruby_positional_identity_only,0,saved_shortest_syntactic_helper_context,pg:ext/pg_result.c:1778:fnumber#ruby_argument[0],origin_binding_label_not_value_identity,no_helper_hops,not_established,not_assessed_by_saved_inventory,../scripts/call_argument_inventory.py:345-398,not_performed_source_cache_absent
305,621c23939ab8a39225e3310dc6f8b626788a85c81345249f36493d50b044d614,../entry-argument-sites.jsonl:305,../argument-inventory-roots.jsonl:2574,fixed_arity_root_formal,ruby_positional_identity_only,0,saved_shortest_syntactic_helper_context,pg:ext/pg_record_coder.c:505:type_map=#ruby_argument[0],origin_binding_label_not_value_identity,no_helper_hops,not_established,not_assessed_by_saved_inventory,../scripts/call_argument_inventory.py:345-398,not_performed_source_cache_absent
306,215f1f72857cc15799b390cf97d2a39e2fb28caed90b274979abcf49ac0e814c,../entry-argument-sites.jsonl:306,../argument-inventory-roots.jsonl:2566,fixed_arity_root_formal,ruby_positional_identity_only,0,saved_shortest_syntactic_helper_context,pg:ext/pg_copy_coder.c:889:type_map=#ruby_argument[0],origin_binding_label_not_value_identity,no_helper_hops,not_established,not_assessed_by_saved_inventory,../scripts/call_argument_inventory.py:345-398,not_performed_source_cache_absent
307,28ab221606d59ca5be105b8eab2756c4f1fa7bff9bbf14f974e592294376f38c,../entry-argument-sites.jsonl:307,../argument-inventory-roots.jsonl:2668,fixed_arity_root_formal,ruby_positional_identity_only,0,saved_shortest_syntactic_helper_context,pg_query:ext/pg_query/pg_query_ruby.c:30:deparse_protobuf_opts#ruby_argument[2],origin_binding_label_not_value_identity,no_helper_hops,not_established,not_assessed_by_saved_inventory,../scripts/call_argument_inventory.py:345-398,not_performed_source_cache_absent
308,76d56c863c79f3a5d391b78b5ba14b5b67b847c18375748538dd5212ca2fb417,../entry-argument-sites.jsonl:308,../argument-inventory-roots.jsonl:2694,fixed_arity_root_formal,ruby_positional_identity_only,1,saved_shortest_syntactic_helper_context,prism:ext/prism/extension.c:1421:constant?#ruby_argument[0],origin_binding_label_not_value_identity,per_hop_formal_bindings_not_serialized,not_established,not_assessed_by_saved_inventory,../scripts/call_argument_inventory.py:345-398,not_performed_source_cache_absent
309,ed86a739257b4fa207cb09fa1990aec1c520f9749930150515b814031981873d,../entry-argument-sites.jsonl:309,../argument-inventory-roots.jsonl:2691,positional_binding_exact_extraction_not_serialized,ruby_positional_identity_only,2,saved_shortest_syntactic_helper_context,prism:ext/prism/extension.c:1416:dump#ruby_argument[0],origin_binding_label_not_value_identity,per_hop_formal_bindings_not_serialized,not_established,not_assessed_by_saved_inventory,../scripts/call_argument_inventory.py:345-398,not_performed_source_cache_absent
310,4faafef92aaa2b10b2c5281c3972acf512a272e013a8d43b605c935ff92cb688,../entry-argument-sites.jsonl:310,../argument-inventory-roots.jsonl:2676,positional_binding_exact_extraction_not_serialized,ruby_positional_identity_only,2,saved_shortest_syntactic_helper_context,prism:ext/prism/extension.c:1399:lex#ruby_argument[0],origin_binding_label_not_value_identity,per_hop_formal_bindings_not_serialized,not_established,not_assessed_by_saved_inventory,../scripts/call_argument_inventory.py:345-398,not_performed_source_cache_absent
311,ead99db3f4f1101f6c219393a9c4e965f6cd25c59b00b38e6536bcf684700758,../entry-argument-sites.jsonl:311,../argument-inventory-roots.jsonl:2693,fixed_arity_root_formal,ruby_positional_identity_only,1,saved_shortest_syntactic_helper_context,prism:ext/prism/extension.c:1420:local?#ruby_argument[0],origin_binding_label_not_value_identity,per_hop_formal_bindings_not_serialized,not_established,not_assessed_by_saved_inventory,../scripts/call_argument_inventory.py:345-398,not_performed_source_cache_absent
312,b5e99008049d09498a2d15b00923253c53ad8e4c3431df1c1ed04f8178ab55c2,../entry-argument-sites.jsonl:312,../argument-inventory-roots.jsonl:2695,fixed_arity_root_formal,ruby_positional_identity_only,1,saved_shortest_syntactic_helper_context,prism:ext/prism/extension.c:1422:method_name?#ruby_argument[0],origin_binding_label_not_value_identity,per_hop_formal_bindings_not_serialized,not_established,not_assessed_by_saved_inventory,../scripts/call_argument_inventory.py:345-398,not_performed_source_cache_absent
313,fa41443cb3e2e25346e3ab495969e0cef6e174f0ad9eb211838d630a7fa3731a,../entry-argument-sites.jsonl:313,../argument-inventory-roots.jsonl:2678,positional_binding_exact_extraction_not_serialized,ruby_positional_identity_only,2,saved_shortest_syntactic_helper_context,prism:ext/prism/extension.c:1401:parse#ruby_argument[0],origin_binding_label_not_value_identity,per_hop_formal_bindings_not_serialized,not_established,not_assessed_by_saved_inventory,../scripts/call_argument_inventory.py:345-398,not_performed_source_cache_absent
314,0ca7ec52a89df847eccdcf79f3ae27d11841e739ae0d91ba46b5b031674cd285,../entry-argument-sites.jsonl:314,../argument-inventory-roots.jsonl:2683,positional_binding_exact_extraction_not_serialized,ruby_positional_identity_only,2,saved_shortest_syntactic_helper_context,prism:ext/prism/extension.c:1406:parse_comments#ruby_argument[0],origin_binding_label_not_value_identity,per_hop_formal_bindings_not_serialized,not_established,not_assessed_by_saved_inventory,../scripts/call_argument_inventory.py:345-398,not_performed_source_cache_absent
315,bd64fc87301ae5d10ae45326202c306b4a1f96c34ef60cbc53ee7bfa06e4b175,../entry-argument-sites.jsonl:315,../argument-inventory-roots.jsonl:2688,positional_binding_exact_extraction_not_serialized,ruby_positional_identity_only,3,saved_shortest_syntactic_helper_context,prism:ext/prism/extension.c:1411:parse_failure?#ruby_argument[0],origin_binding_label_not_value_identity,per_hop_formal_bindings_not_serialized,not_established,not_assessed_by_saved_inventory,../scripts/call_argument_inventory.py:345-398,not_performed_source_cache_absent
316,47edc46f6f06c064f45979a08901d12659cabec9653d927318ace46c16f4ce96,../entry-argument-sites.jsonl:316,../argument-inventory-roots.jsonl:2685,positional_binding_exact_extraction_not_serialized,ruby_positional_identity_only,2,saved_shortest_syntactic_helper_context,prism:ext/prism/extension.c:1408:parse_lex#ruby_argument[0],origin_binding_label_not_value_identity,per_hop_formal_bindings_not_serialized,not_established,not_assessed_by_saved_inventory,../scripts/call_argument_inventory.py:345-398,not_performed_source_cache_absent
317,2b8ec09a0b1f67fc861774e924f94b824114e3bb1bacbc4512f2a85317c6e28b,../entry-argument-sites.jsonl:317,../argument-inventory-roots.jsonl:2687,positional_binding_exact_extraction_not_serialized,ruby_positional_identity_only,2,saved_shortest_syntactic_helper_context,prism:ext/prism/extension.c:1410:parse_success?#ruby_argument[0],origin_binding_label_not_value_identity,per_hop_formal_bindings_not_serialized,not_established,not_assessed_by_saved_inventory,../scripts/call_argument_inventory.py:345-398,not_performed_source_cache_absent
318,b19149a5aab060db40e36e3a62420cbeace34139b196d02f4cbcd0acd600fbb0,../entry-argument-sites.jsonl:318,../argument-inventory-roots.jsonl:2680,positional_binding_exact_extraction_not_serialized,ruby_positional_identity_only,2,saved_shortest_syntactic_helper_context,prism:ext/prism/extension.c:1403:profile#ruby_argument[0],origin_binding_label_not_value_identity,per_hop_formal_bindings_not_serialized,not_established,not_assessed_by_saved_inventory,../scripts/call_argument_inventory.py:345-398,not_performed_source_cache_absent
319,d812815469fbabde3068925dd85c724ffe25e4d58937345133e7102a91b83c65,../entry-argument-sites.jsonl:319,../argument-inventory-roots.jsonl:2716,fixed_arity_root_formal,ruby_positional_identity_only,0,saved_shortest_syntactic_helper_context,psych:ext/psych/psych_parser.c:547:_native_parse#ruby_argument[0],origin_binding_label_not_value_identity,no_helper_hops,not_established,not_assessed_by_saved_inventory,../scripts/call_argument_inventory.py:345-398,not_performed_source_cache_absent
320,747dc326ee00a8762b7a19eab7f117869c6b5be91435c1a277f7ae192f363a16,../entry-argument-sites.jsonl:320,../argument-inventory-roots.jsonl:2716,fixed_arity_root_formal,ruby_positional_identity_only,0,saved_shortest_syntactic_helper_context,psych:ext/psych/psych_parser.c:547:_native_parse#ruby_argument[0],origin_binding_label_not_value_identity,no_helper_hops,not_established,not_assessed_by_saved_inventory,../scripts/call_argument_inventory.py:345-398,not_performed_source_cache_absent
321,facb3c4b36ce33bd07b6bcdbd0edf58ea0a7ebb257c2831d371ec1233eef84ee,../entry-argument-sites.jsonl:321,../argument-inventory-roots.jsonl:2716,fixed_arity_root_formal,ruby_positional_identity_only,0,saved_shortest_syntactic_helper_context,psych:ext/psych/psych_parser.c:547:_native_parse#ruby_argument[0],origin_binding_label_not_value_identity,no_helper_hops,not_established,not_assessed_by_saved_inventory,../scripts/call_argument_inventory.py:345-398,not_performed_source_cache_absent
322,05e6fea92799da08699cb1a32c55954efbf934c4b12fd98b07c67e39eb2077d8,../entry-argument-sites.jsonl:322,../argument-inventory-roots.jsonl:2716,fixed_arity_root_formal,ruby_positional_identity_only,0,saved_shortest_syntactic_helper_context,psych:ext/psych/psych_parser.c:547:_native_parse#ruby_argument[0],origin_binding_label_not_value_identity,no_helper_hops,not_established,not_assessed_by_saved_inventory,../scripts/call_argument_inventory.py:345-398,not_performed_source_cache_absent
323,0581db0233a927099143e68dcffdb598f70e68b3c729e312b620038d1eb024e8,../entry-argument-sites.jsonl:323,../argument-inventory-roots.jsonl:2716,fixed_arity_root_formal,ruby_positional_identity_only,0,saved_shortest_syntactic_helper_context,psych:ext/psych/psych_parser.c:547:_native_parse#ruby_argument[0],origin_binding_label_not_value_identity,no_helper_hops,not_established,not_assessed_by_saved_inventory,../scripts/call_argument_inventory.py:345-398,not_performed_source_cache_absent
324,9ff6f47d21ec8687252c35eb7508f2b389cc0a5c09bb1cad1183674f1e1262ff,../entry-argument-sites.jsonl:324,../argument-inventory-roots.jsonl:2716,fixed_arity_root_formal,ruby_positional_identity_only,0,saved_shortest_syntactic_helper_context,psych:ext/psych/psych_parser.c:547:_native_parse#ruby_argument[0],origin_binding_label_not_value_identity,no_helper_hops,not_established,not_assessed_by_saved_inventory,../scripts/call_argument_inventory.py:345-398,not_performed_source_cache_absent
325,2bef33ad4d048ac5ecfc7e78f68c80ffad6706ea5c105751bdbdeafa3ff74964,../entry-argument-sites.jsonl:325,../argument-inventory-roots.jsonl:2716,fixed_arity_root_formal,ruby_positional_identity_only,0,saved_shortest_syntactic_helper_context,psych:ext/psych/psych_parser.c:547:_native_parse#ruby_argument[0],origin_binding_label_not_value_identity,no_helper_hops,not_established,not_assessed_by_saved_inventory,../scripts/call_argument_inventory.py:345-398,not_performed_source_cache_absent
326,d5fa51f896e024e01a4c693fc19900e450a0474644334f22bc46f3170daabc40,../entry-argument-sites.jsonl:326,../argument-inventory-roots.jsonl:2716,fixed_arity_root_formal,ruby_positional_identity_only,0,saved_shortest_syntactic_helper_context,psych:ext/psych/psych_parser.c:547:_native_parse#ruby_argument[0],origin_binding_label_not_value_identity,no_helper_hops,not_established,not_assessed_by_saved_inventory,../scripts/call_argument_inventory.py:345-398,not_performed_source_cache_absent
327,f5f91b8aee944e0e0886267e8ed963095a58bcd045f10201db25fea9fea60e1a,../entry-argument-sites.jsonl:327,../argument-inventory-roots.jsonl:2758,fixed_arity_root_formal,ruby_positional_identity_only,1,saved_shortest_syntactic_helper_context,rbs:ext/rbs_extension/parser.c:2979:_parse_method_type#ruby_argument[3],origin_binding_label_not_value_identity,per_hop_formal_bindings_not_serialized,not_established,not_assessed_by_saved_inventory,../scripts/call_argument_inventory.py:345-398,not_performed_source_cache_absent
328,b95e7d06768fa3f8712fb051c52a8709ff9d7bddb75e9028cc4676f3caa1db41,../entry-argument-sites.jsonl:328,../argument-inventory-roots.jsonl:2757,fixed_arity_root_formal,ruby_positional_identity_only,1,saved_shortest_syntactic_helper_context,rbs:ext/rbs_extension/parser.c:2978:_parse_type#ruby_argument[3],origin_binding_label_not_value_identity,per_hop_formal_bindings_not_serialized,not_established,not_assessed_by_saved_inventory,../scripts/call_argument_inventory.py:345-398,not_performed_source_cache_absent
329,5b36e976b3d91777ff96e0f9e58b4f59a6b9708a0feb9bc9d41590d4d771cd3f,../entry-argument-sites.jsonl:329,../argument-inventory-roots.jsonl:3211,fixed_arity_root_formal,ruby_positional_identity_only,0,saved_shortest_syntactic_helper_context,rugged:ext/rugged/rugged_tag_collection.c:322:[]#ruby_argument[0],origin_binding_label_not_value_identity,no_helper_hops,not_established,not_assessed_by_saved_inventory,../scripts/call_argument_inventory.py:345-398,not_performed_source_cache_absent
330,2ec454d9ef518fc7e2e91032cfa481d658cd6cdc3c25aeee48eded54e2861879,../entry-argument-sites.jsonl:330,../argument-inventory-roots.jsonl:3008,positional_binding_exact_extraction_not_serialized,ruby_positional_identity_only,1,saved_shortest_syntactic_helper_context,rugged:ext/rugged/rugged_index.c:1072:add_all#ruby_argument[0],origin_binding_label_not_value_identity,per_hop_formal_bindings_not_serialized,not_established,not_assessed_by_saved_inventory,../scripts/call_argument_inventory.py:345-398,not_performed_source_cache_absent
331,01fc72d7e6f97634b57ddca1f7ecce6cd99d3242ff6aba5e6ac5bbb9d94f0544,../entry-argument-sites.jsonl:331,../argument-inventory-roots.jsonl:3209,positional_binding_exact_extraction_not_serialized,ruby_positional_identity_only,1,saved_shortest_syntactic_helper_context,rugged:ext/rugged/rugged_tag_collection.c:320:create#ruby_argument[0],origin_binding_label_not_value_identity,per_hop_formal_bindings_not_serialized,not_established,not_assessed_by_saved_inventory,../scripts/call_argument_inventory.py:345-398,not_performed_source_cache_absent
332,3c1543d2261d22f22df457229e49bf1d3676af6987ddfe77c2c167eb344f5545,../entry-argument-sites.jsonl:332,../argument-inventory-roots.jsonl:2915,positional_binding_exact_extraction_not_serialized,ruby_positional_identity_only,0,saved_shortest_syntactic_helper_context,rugged:ext/rugged/rugged_blob.c:720:diff#ruby_argument[0],origin_binding_label_not_value_identity,no_helper_hops,not_established,not_assessed_by_saved_inventory,../scripts/call_argument_inventory.py:345-398,not_performed_source_cache_absent
333,a7bc772693202a800ea83a0d3c8c83256f8d1d35895f5b3b2f5e1c2ba70727bb,../entry-argument-sites.jsonl:333,../argument-inventory-roots.jsonl:3073,positional_binding_exact_extraction_not_serialized,ruby_positional_identity_only,1,saved_shortest_syntactic_helper_context,rugged:ext/rugged/rugged_remote.c:767:fetch#ruby_argument[0],origin_binding_label_not_value_identity,per_hop_formal_bindings_not_serialized,not_established,not_assessed_by_saved_inventory,../scripts/call_argument_inventory.py:345-398,not_performed_source_cache_absent
334,443b4255fcc6c936650724aa7a0497788a5635157379736a565d769040714774,../entry-argument-sites.jsonl:334,../argument-inventory-roots.jsonl:2919,positional_binding_exact_extraction_not_serialized,ruby_positional_identity_only,0,saved_shortest_syntactic_helper_context,rugged:ext/rugged/rugged_blob.c:725:from_io#ruby_argument[1],origin_binding_label_not_value_identity,no_helper_hops,not_established,not_assessed_by_saved_inventory,../scripts/call_argument_inventory.py:345-398,not_performed_source_cache_absent
335,eb808d14f25760b637f20243368554b399c5ce7a370350f60eac9c90bf7469ba,../entry-argument-sites.jsonl:335,../argument-inventory-roots.jsonl:3074,positional_binding_exact_extraction_not_serialized,ruby_positional_identity_only,1,saved_shortest_syntactic_helper_context,rugged:ext/rugged/rugged_remote.c:768:push#ruby_argument[0],origin_binding_label_not_value_identity,per_hop_formal_bindings_not_serialized,not_established,not_assessed_by_saved_inventory,../scripts/call_argument_inventory.py:345-398,not_performed_source_cache_absent
336,ae6803548af2eafaf6fac4e348cd2d1d757333638b3cc35bd7d378304b654ac4,../entry-argument-sites.jsonl:336,../argument-inventory-roots.jsonl:3130,positional_binding_exact_extraction_not_serialized,ruby_positional_identity_only,1,saved_shortest_syntactic_helper_context,rugged:ext/rugged/rugged_repo.c:2842:reset_path#ruby_argument[0],origin_binding_label_not_value_identity,per_hop_formal_bindings_not_serialized,not_established,not_assessed_by_saved_inventory,../scripts/call_argument_inventory.py:345-398,not_performed_source_cache_absent
337,7b618898582c3cf8cd8470867869e8e740444a425d8ad9d1e5504b9405c67d56,../entry-argument-sites.jsonl:337,../argument-inventory-roots.jsonl:3009,positional_binding_exact_extraction_not_serialized,ruby_positional_identity_only,1,saved_shortest_syntactic_helper_context,rugged:ext/rugged/rugged_index.c:1073:update_all#ruby_argument[0],origin_binding_label_not_value_identity,per_hop_formal_bindings_not_serialized,not_established,not_assessed_by_saved_inventory,../scripts/call_argument_inventory.py:345-398,not_performed_source_cache_absent
338,2aa2177951976ce71a336800a22deb4b3ce7a541245cad0da1c6a1b64b9b7759,../entry-argument-sites.jsonl:338,../argument-inventory-roots.jsonl:3286,positional_binding_exact_extraction_not_serialized,ruby_positional_identity_only,0,saved_shortest_syntactic_helper_context,stringio:ext/stringio/stringio.c:2056:pread#ruby_argument[0],origin_binding_label_not_value_identity,no_helper_hops,not_established,not_assessed_by_saved_inventory,../scripts/call_argument_inventory.py:345-398,not_performed_source_cache_absent
339,d500b17ed053f89adc3f836200767acaebe067a2040e9eccbff5dc5a69e0bf6a,../entry-argument-sites.jsonl:339,../argument-inventory-roots.jsonl:3286,positional_binding_exact_extraction_not_serialized,ruby_positional_identity_only,0,saved_shortest_syntactic_helper_context,stringio:ext/stringio/stringio.c:2056:pread#ruby_argument[1],origin_binding_label_not_value_identity,no_helper_hops,not_established,not_assessed_by_saved_inventory,../scripts/call_argument_inventory.py:345-398,not_performed_source_cache_absent
340,890fdd7a38bedea5564a61c5e8e0bfd21e4922bbc4495083d04a49ccc2a1c1e4,../entry-argument-sites.jsonl:340,../argument-inventory-roots.jsonl:3286,positional_binding_exact_extraction_not_serialized,ruby_positional_identity_only,0,saved_shortest_syntactic_helper_context,stringio:ext/stringio/stringio.c:2056:pread#ruby_argument[2],origin_binding_label_not_value_identity,no_helper_hops,not_established,not_assessed_by_saved_inventory,../scripts/call_argument_inventory.py:345-398,not_performed_source_cache_absent
341,24c8d24f1e2e6991d06c4b33a35f36ca4dd492ae34f2b6452e3b3901c3757b23,../entry-argument-sites.jsonl:341,../argument-inventory-roots.jsonl:3285,positional_binding_exact_extraction_not_serialized,ruby_positional_identity_only,0,saved_shortest_syntactic_helper_context,stringio:ext/stringio/stringio.c:2055:read#ruby_argument[1],origin_binding_label_not_value_identity,no_helper_hops,not_established,not_assessed_by_saved_inventory,../scripts/call_argument_inventory.py:345-398,not_performed_source_cache_absent
342,93b434e4f45f282b4072fd5dd2e3d5a06174de3c5ef3b9d78d42b8254f73d7a9,../entry-argument-sites.jsonl:342,../argument-inventory-roots.jsonl:3305,positional_binding_exact_extraction_not_serialized,ruby_positional_identity_only,1,saved_shortest_syntactic_helper_context,stringio:ext/stringio/stringio.c:2093:read_nonblock#ruby_argument[1],origin_binding_label_not_value_identity,per_hop_formal_bindings_not_serialized,not_established,not_assessed_by_saved_inventory,../scripts/call_argument_inventory.py:345-398,not_performed_source_cache_absent
343,8192f51a6de3b79cef4539ca77304072c00d13d7a5a8c8b33ab7af2df8e18d7e,../entry-argument-sites.jsonl:343,../argument-inventory-roots.jsonl:3449,fixed_arity_root_formal,ruby_positional_identity_only,0,saved_shortest_syntactic_helper_context,thrift:ext/memory_buffer.c:126:read_into_buffer#ruby_argument[0],origin_binding_label_not_value_identity,no_helper_hops,not_established,not_assessed_by_saved_inventory,../scripts/call_argument_inventory.py:345-398,not_performed_source_cache_absent
344,13b4e8eb360afec83f418a9ecc9fd47730736800b3251fc4e58c137af221bbe5,../entry-argument-sites.jsonl:344,../argument-inventory-roots.jsonl:3522,fixed_arity_root_formal,ruby_positional_identity_only,0,saved_shortest_syntactic_helper_context,yajl-ruby:ext/yajl/yajl_ext.c:1391:project#ruby_argument[0],origin_binding_label_not_value_identity,no_helper_hops,not_established,not_assessed_by_saved_inventory,../scripts/call_argument_inventory.py:345-398,not_performed_source_cache_absent
345,c61bc68349b40af5698fc5ccca2dd872e089433f743b388b0c6fed062e851d35,../entry-argument-sites.jsonl:345,../argument-inventory-roots.jsonl:3566,fixed_arity_root_formal,ruby_positional_identity_only,1,saved_shortest_syntactic_helper_context,zlib:ext/zlib/zlib.c:4805:add_dictionary#ruby_argument[0],origin_binding_label_not_value_identity,per_hop_formal_bindings_not_serialized,not_established,not_assessed_by_saved_inventory,../scripts/call_argument_inventory.py:345-398,not_performed_source_cache_absent
346,6e03ba677ef9ba8c64036b7e672ee28569644737c2716f94e026692d600ea0ef,../entry-argument-sites.jsonl:346,../argument-inventory-roots.jsonl:3552,positional_binding_exact_extraction_not_serialized,ruby_positional_identity_only,0,saved_shortest_syntactic_helper_context,zlib:ext/zlib/zlib.c:4789:deflate#ruby_argument[0],origin_binding_label_not_value_identity,no_helper_hops,not_established,not_assessed_by_saved_inventory,../scripts/call_argument_inventory.py:345-398,not_performed_source_cache_absent
347,889459705800419c914c0706a608a3f7b41c87354b0f2f8e6dfb12dfa326d9c0,../entry-argument-sites.jsonl:347,../argument-inventory-roots.jsonl:3629,positional_binding_exact_extraction_not_serialized,ruby_positional_identity_only,0,saved_shortest_syntactic_helper_context,zlib:ext/zlib/zlib.c:4977:gzip#ruby_argument[0],origin_binding_label_not_value_identity,no_helper_hops,not_established,not_assessed_by_saved_inventory,../scripts/call_argument_inventory.py:345-398,not_performed_source_cache_absent
348,5defa94222cf5f170fd6cbbbf24fd6929bc9c8e28c06e7d3285a5f70dc914b64,../entry-argument-sites.jsonl:348,../argument-inventory-roots.jsonl:3562,fixed_arity_root_formal,ruby_positional_identity_only,0,saved_shortest_syntactic_helper_context,zlib:ext/zlib/zlib.c:4801:inflate#ruby_argument[0],origin_binding_label_not_value_identity,no_helper_hops,not_established,not_assessed_by_saved_inventory,../scripts/call_argument_inventory.py:345-398,not_performed_source_cache_absent
349,3c77870e6940406a98a12bcfeb7cb906df41122040d9be57350d4a13de7a37d8,../entry-argument-sites.jsonl:349,../argument-inventory-roots.jsonl:3597,positional_binding_exact_extraction_not_serialized,ruby_positional_identity_only,1,saved_shortest_syntactic_helper_context,zlib:ext/zlib/zlib.c:4943:open#ruby_argument[0],origin_binding_label_not_value_identity,per_hop_formal_bindings_not_serialized,not_established,not_assessed_by_saved_inventory,../scripts/call_argument_inventory.py:345-398,not_performed_source_cache_absent
350,5414aa18c5a0618aeef62824bf75c926f070641e28592f4c1b0dcd4d51b61f3a,../entry-argument-sites.jsonl:350,../argument-inventory-roots.jsonl:3613,positional_binding_exact_extraction_not_serialized,ruby_positional_identity_only,2,saved_shortest_syntactic_helper_context,zlib:ext/zlib/zlib.c:4960:read#ruby_argument[1],origin_binding_label_not_value_identity,per_hop_formal_bindings_not_serialized,not_established,not_assessed_by_saved_inventory,../scripts/call_argument_inventory.py:345-398,not_performed_source_cache_absent
351,08fb3d96757af9b39054786f109ba7d120708332fe2208ef7f7aa55fb1c77dbd,../entry-argument-sites.jsonl:351,../argument-inventory-roots.jsonl:3613,positional_binding_exact_extraction_not_serialized,ruby_positional_identity_only,2,saved_shortest_syntactic_helper_context,zlib:ext/zlib/zlib.c:4960:read#ruby_argument[1],origin_binding_label_not_value_identity,per_hop_formal_bindings_not_serialized,not_established,not_assessed_by_saved_inventory,../scripts/call_argument_inventory.py:345-398,not_performed_source_cache_absent
352,b23ba8dbf87448089cedcb0bc4fe86491fc2ea4e7f320e138821ecc6d45cbca0,../entry-argument-sites.jsonl:352,../argument-inventory-roots.jsonl:3614,positional_binding_exact_extraction_not_serialized,ruby_positional_identity_only,2,saved_shortest_syntactic_helper_context,zlib:ext/zlib/zlib.c:4961:readpartial#ruby_argument[1],origin_binding_label_not_value_identity,per_hop_formal_bindings_not_serialized,not_established,not_assessed_by_saved_inventory,../scripts/call_argument_inventory.py:345-398,not_performed_source_cache_absent
353,76f867aeeb4acd13182c9766b5ac8ec9cb5f163665b6212beb1c6175d683b2aa,../entry-argument-sites.jsonl:353,../argument-inventory-roots.jsonl:3614,positional_binding_exact_extraction_not_serialized,ruby_positional_identity_only,2,saved_shortest_syntactic_helper_context,zlib:ext/zlib/zlib.c:4961:readpartial#ruby_argument[1],origin_binding_label_not_value_identity,per_hop_formal_bindings_not_serialized,not_established,not_assessed_by_saved_inventory,../scripts/call_argument_inventory.py:345-398,not_performed_source_cache_absent
